state,crop_type,farm_size_ha,avg_rainfall_mm,avg_temperature_c,soil_ph,soil_type,fertilizer_kg_per_ha,pesticide_used,irrigation_used,seed_variety,yield_tonnes_per_ha
Jigawa,Sorghum,0.46,475.6,36.6,4.63,Clay,65.1,No,Yes,Local,1.6
Anambra,Sorghum,0.63,2322.8,25.5,6.26,Clay,95.1,No,No,Local,1.24
Lagos,Sorghum,2.2,1694.6,25.7,6.29,Clay,145.7,No,No,Local,0.94
Adamawa,Maize,2.43,1237.9,25.8,6.52,Clay,93.4,No,No,Local,2.36
Imo,Maize,1.12,1507.4,28.3,4.98,Loamy,101.2,No,Yes,Local,2.02
Abia,Rice,3.05,2265,27.1,6.5,Loamy,96.1,No,No,Local,2.42
Imo,Maize,1.72,1781.4,24.3,5.7,Loamy,145,No,No,Local,1.9
Anambra,Sorghum,2.23,1961.9,23.3,6.34,Loamy,86.6,Yes,No,Improved,1.19
Kwara,Maize,4.8,1480.9,31.3,5.74,Clay,105.7,No,No,Local,1.78
Katsina,Rice,0.41,380.9,31.1,5.58,Sandy,112.9,No,No,Improved,4.01
Ondo,Maize,2.06,1915.8,22.3,6.58,Loamy,178.5,No,No,Improved,2.16
Ogun,Rice,3.17,1522.8,29.7,6.22,Loamy,189.9,No,No,Improved,2.44
Akwa Ibom,Cassava,1.72,2020.7,25.5,6.75,Clay,83.7,No,Yes,Improved,12.04
Cross River,Sorghum,0.78,1607.7,29.3,5.32,Clay,145.1,No,No,Local,0.98
Ondo,Rice,0.5,1756,29.5,5.68,Clay,58.9,No,No,Improved,3.5
Adamawa,Cassava,5.94,1386,29.3,6.3,Loamy,97.3,No,No,Local,10.63
Delta,Maize,2.66,2099.4,29,5.37,Clay,104.2,No,Yes,Local,2.56
Borno,Sorghum,0.68,348.7,33.1,5.15,Clay,46.6,No,No,Local,1.25
Katsina,Rice,1.22,565.1,37.6,5.51,Sandy,119.7,No,Yes,Local,2.94
Kebbi,Rice,1.98,973.2,33.2,5.59,Clay,158.2,No,No,Local,2.56
Cross River,Yam,1.37,2103.1,25.3,6.79,Clay,29.7,No,No,Local,5.65
Akwa Ibom,Maize,0.61,1566.6,26.8,7.21,Clay,110.2,No,No,Local,1.99
FCT,Maize,3.71,1027.7,25.4,6.33,Loamy,126.2,Yes,No,Improved,2.67
Benue,Maize,0.75,1118.4,26,6.27,Clay,75.5,No,Yes,Improved,2.41
Enugu,Yam,1.15,2479.6,28.4,6.04,Loamy,95.9,No,No,Improved,6.34
Lagos,Sorghum,7.06,1766.5,23.1,6.23,Loamy,0,Yes,No,Local,0.89
Enugu,Yam,7.17,2416.3,25.8,6.31,Clay,117.6,No,No,Improved,8.27
Yobe,Cassava,2.93,577.9,36.6,6.82,Sandy,162.8,Yes,No,Local,6.13
Nasarawa,Rice,0.5,1391.3,30.4,6.02,Sandy,83.2,No,No,Improved,3.92
Lagos,Rice,0.88,2263.9,28.4,4.56,Loamy,133.6,Yes,Yes,Improved,4.38
Zamfara,Sorghum,0.69,733.5,34.1,6.19,Loamy,54.1,Yes,Yes,Improved,1.88
Katsina,Sorghum,1.51,521.2,37.4,6.59,Clay,113.2,No,No,Local,1.44
Katsina,Maize,0.35,535.3,34.9,6.92,Sandy,69.9,No,No,Local,2.05
Oyo,Maize,2.81,2497,29,6.32,Clay,125.5,Yes,No,Local,1.86
Abia,Sorghum,1.34,1698.2,29.3,5.81,Loamy,93.2,No,No,Local,0.83
Ekiti,Yam,1.4,2427.8,28.2,6.93,Loamy,154.1,No,No,Local,5.28
Borno,Cassava,0.58,584,37.8,6.27,Clay,109,No,No,Local,7.24
Kogi,Yam,2.07,1229.3,30.3,6.23,Clay,152.8,Yes,No,Improved,9.54
Kano,Maize,1.59,803.3,29.6,7.45,Clay,126.4,Yes,No,Improved,2.8
Kano,Rice,1.15,687.1,31.3,5.68,Sandy,187.5,Yes,No,Improved,3.15
Osun,Sorghum,1.5,1816.2,28.3,5.2,Loamy,163.9,No,No,Improved,1.05
Delta,Rice,3.96,2299.9,24.5,6.47,Loamy,124.7,Yes,No,Local,3.41
Bayelsa,Maize,0.78,2327.2,28.9,6.63,Clay,59.9,Yes,No,Improved,2.57
Anambra,Sorghum,3.04,2205.4,25.1,5.94,Loamy,73.8,Yes,No,Improved,1.85
Zamfara,Yam,5.53,996.1,27.3,5.69,Sandy,105.3,No,No,Local,6.86
Cross River,Maize,0.2,1732.9,24.3,6.8,Loamy,88.5,Yes,No,Improved,2.65
Enugu,Sorghum,2.11,1558.1,24.9,6.46,Loamy,82.3,No,No,Local,1.15
Katsina,Yam,1.4,436.2,33,5.38,Sandy,113.4,No,No,Local,4.21
Lagos,Rice,0.66,1807.5,26.8,6.18,Clay,117.6,No,No,Local,2.89
FCT,Sorghum,9,1481.6,30.3,6.5,Sandy,12.9,No,No,Improved,1.16
Imo,Sorghum,1.02,2250,24.8,5.1,Clay,39.2,No,No,Improved,1.44
Ekiti,Maize,2.23,2055.5,28.4,6.53,Sandy,52.6,Yes,Yes,Improved,2.34
Borno,Yam,5.51,595.8,36,5.57,Sandy,82.4,Yes,No,Improved,9.41
Lagos,Yam,14.8,2171.6,23.9,7.13,Sandy,83.8,No,No,Local,6.42
Lagos,Maize,1.74,1841.9,27.7,7.44,Loamy,106.5,Yes,No,Improved,2.17
Sokoto,Cassava,0.55,666.1,33,7.17,Sandy,113.5,Yes,No,Improved,12.05
Rivers,Yam,0.32,2252,26.3,5.94,Clay,35.4,No,No,Improved,9.37
Borno,Cassava,2.18,396.5,31.2,7.67,Sandy,105.5,No,No,Local,8.59
Gombe,Yam,5.75,961,33.1,6.55,Sandy,81.6,No,No,Local,7.92
Delta,Maize,1.24,1541.1,24,5.36,Clay,164.5,Yes,Yes,Local,2.76
Taraba,Cassava,2.81,1151,27.2,5.99,Loamy,48.6,Yes,No,Local,7.41
Oyo,Sorghum,0.39,2341.2,24.1,4.4,Clay,23.1,Yes,No,Improved,1.12
Abia,Sorghum,1.72,1650.5,22.4,6.19,Clay,91.1,Yes,Yes,Improved,1.92
Bauchi,Rice,2.37,939.8,26,7.26,Loamy,95.1,No,No,Improved,2.85
Bayelsa,Yam,2.22,1861.5,28.5,6.45,Clay,150,No,No,Local,7.69
Plateau,Maize,5.07,1082.7,29.8,7.21,Clay,130.2,No,Yes,Local,2.1
Enugu,Rice,3.34,2491.8,22,7.26,Clay,110.5,No,No,Local,2.11
Edo,Maize,1.34,2094.6,24.4,4.75,Loamy,159.8,Yes,No,Local,1.71
FCT,Cassava,0.49,1338.8,29.8,5.91,Clay,77.2,No,Yes,Improved,13.21
Cross River,Maize,0.54,2389.7,25.2,6.19,Loamy,100.8,Yes,No,Improved,2.21
Rivers,Sorghum,0.2,2378.4,25,6.85,Loamy,75.8,No,Yes,Improved,1.49
Benue,Maize,1.54,1102.2,29.9,7.33,Loamy,190.1,No,No,Local,2.69
Plateau,Rice,1.53,1300.9,31.5,6.64,Clay,121.1,Yes,No,Improved,2.92
Edo,Cassava,3.15,1598.9,28,5.51,Sandy,36.3,No,No,Local,8.45
Jigawa,Yam,1.22,561,33,5.99,Sandy,95.9,No,No,Improved,7.55
Osun,Maize,0.32,1637.8,24.4,4.25,Loamy,86.7,No,No,Local,1.75
Kogi,Rice,1.64,1367.6,26.4,6.27,Loamy,104.1,Yes,No,Local,3.12
Plateau,Cassava,0.85,1423.2,25.4,6.39,Loamy,129.5,No,No,Local,9.09
Kwara,Cassava,1.28,1080.6,31.5,5.6,Sandy,165.3,No,No,Local,7.74
Kebbi,Yam,0.53,792.8,34.6,6.41,Sandy,96.5,Yes,Yes,Improved,12.07
Sokoto,Rice,2.11,460.2,33.3,4,Sandy,0,No,No,Improved,1.95
Cross River,Cassava,6.39,2294.5,27,6.29,Loamy,95.2,No,No,Local,6.98
Rivers,Maize,1.82,1958.3,23,5.93,Clay,144.7,Yes,No,Local,1.96
Sokoto,Rice,2.09,680,31.4,6.51,Sandy,135.3,No,No,Improved,3.6
Delta,Sorghum,1.35,1802.5,29.6,6.92,Clay,74.1,No,No,Improved,1.66
Plateau,Cassava,2.73,1204.1,27.5,6.24,Loamy,75,No,Yes,Local,11.9
Cross River,Yam,1.1,1746.7,27.3,5.81,Clay,124.8,No,No,Local,8.4
Anambra,Yam,4.34,2110.1,24,6.73,Loamy,108.1,No,Yes,Local,8.14
Kogi,Rice,2.8,1468,30.8,6.68,Loamy,114.1,Yes,No,Improved,4.07
Cross River,Yam,0.43,2245,28.1,7.71,Loamy,158.9,No,No,Local,6.44
Kaduna,Cassava,0.57,926.4,33.7,5.96,Sandy,108.2,No,Yes,Improved,10.65
Taraba,Yam,0.88,1096.3,25.2,7.97,Loamy,157.4,Yes,Yes,Improved,10.08
Bauchi,Sorghum,0.87,644.7,33.5,5.81,Sandy,60.3,No,No,Improved,1.99
Lagos,Sorghum,2.56,2476.7,24.5,6.43,Loamy,80.8,Yes,No,Improved,1.35
Plateau,Cassava,1.64,1374.4,30.4,5.83,Clay,93.2,Yes,No,Local,8.48
Bauchi,Maize,7.35,774.5,33,5.81,Sandy,116.1,Yes,No,Improved,2.68
Yobe,Maize,1.38,457.8,35.4,6.03,Sandy,120.2,No,No,Local,1.84
Akwa Ibom,Maize,1.76,1586,23.4,6.72,Clay,158.5,Yes,No,Local,2.17
Akwa Ibom,Yam,1.19,2372.9,23.5,5.75,Clay,39.7,No,No,Improved,3.15
Cross River,Sorghum,0.35,1986.2,24.1,5.94,Clay,29.5,Yes,No,Local,1
Ondo,Sorghum,2.07,1566.1,22,5.78,Clay,84.5,No,No,Local,1.1
Kwara,Cassava,0.58,1292.9,25.6,7.04,Clay,37.1,No,No,Local,7.22
Kwara,Cassava,0.96,1027.6,26.9,6.62,Loamy,82.6,No,Yes,Local,7.92
Nasarawa,Maize,3.02,1426.2,30,6.29,Sandy,84,No,No,Improved,2.73
Cross River,Maize,1.61,2478.6,26,4.4,Loamy,133.1,No,Yes,Local,2.1
Enugu,Yam,1.59,2089.3,24.9,6.73,Clay,83.5,No,No,Local,8.12
Plateau,Rice,1.44,1329.4,28.4,6.54,Loamy,179.6,Yes,No,Local,3.19
Anambra,Sorghum,2.55,1757.4,28.6,6.46,Sandy,121.5,No,No,Improved,0.36
Cross River,Sorghum,0.24,2062.7,22.2,4.48,Loamy,91.8,Yes,No,Local,1.05
Abia,Rice,1.88,1770.3,23.3,4.51,Loamy,143.8,No,No,Local,2.26
Osun,Cassava,0.2,1601.1,28.5,5.82,Loamy,50.1,No,No,Local,7.36
Bauchi,Yam,2.09,713.8,28.7,5.86,Loamy,40.6,No,No,Improved,8.65
Kano,Maize,2.91,784.7,30.7,5.91,Sandy,44.9,Yes,No,Local,2.22
Gombe,Maize,2.19,860.7,33.8,5.44,Clay,137.6,No,No,Improved,2.62
Oyo,Cassava,2.05,2403,22.4,5.1,Sandy,166.5,Yes,No,Improved,8.79
Enugu,Rice,2.09,1563.1,29.8,5.73,Clay,64.9,Yes,No,Improved,3.15
Ogun,Yam,1.75,2443.4,23,6.39,Loamy,111.6,No,No,Local,6.72
Kaduna,Cassava,0.65,756.6,26.8,6.24,Sandy,63.1,No,Yes,Local,7.59
Imo,Cassava,1.11,2015.8,29.5,6.83,Sandy,81.8,Yes,No,Improved,11.66
Ekiti,Sorghum,4.64,1701.9,28.4,4.9,Loamy,114.7,Yes,No,Local,1.18
Kwara,Sorghum,0.66,1270.2,25.5,6.13,Loamy,93,Yes,No,Local,1.26
Imo,Maize,0.2,1997.6,26.2,5.69,Loamy,70.1,No,No,Local,1.58
Edo,Sorghum,0.87,1550.8,29.9,5.79,Loamy,47,No,No,Improved,1.83
Zamfara,Yam,0.78,852.4,29.1,6.67,Clay,65.8,No,No,Local,6.15
FCT,Cassava,0.2,1372.6,25,5.99,Loamy,82.4,Yes,Yes,Improved,13.27
Plateau,Cassava,0.72,1264.7,31.1,6.54,Sandy,125.1,No,Yes,Local,9.15
Edo,Rice,0.53,2205,22.6,6.23,Loamy,138.5,No,No,Local,3.24
Bauchi,Rice,1.68,756.8,28.2,7.4,Loamy,112.7,No,No,Local,2.02
Sokoto,Yam,0.2,499.2,34.4,5.11,Loamy,90.6,No,No,Local,3.22
Adamawa,Rice,9.1,1203.7,28.5,5.18,Clay,71.6,No,No,Improved,4
Kano,Cassava,0.3,760.7,28.4,5.83,Clay,57.9,Yes,No,Local,8.35
Anambra,Rice,3.09,2334.1,27.5,6.54,Clay,104.2,No,Yes,Improved,3.5
Akwa Ibom,Cassava,1.53,2464.5,24.1,4.89,Clay,81.2,No,No,Improved,4.02
Kogi,Yam,0.79,1019.3,25.7,6.39,Clay,95.2,No,No,Local,6.93
Taraba,Rice,2.24,1430.9,29.1,6.26,Clay,122.8,No,No,Improved,3.67
Nasarawa,Rice,1.78,1100.3,25.5,6.36,Clay,101.3,No,No,Local,2.91
Borno,Yam,0.75,460.8,30.2,6.23,Loamy,123.1,No,No,Local,7.41
Gombe,Yam,0.71,691.1,26.5,5.15,Loamy,105.8,Yes,No,Improved,7.6
Sokoto,Yam,2.67,511,35.4,4.31,Loamy,40.3,No,No,Improved,6.5
Akwa Ibom,Yam,0.36,1746.7,27.9,5.83,Loamy,115.5,No,No,Improved,12.75
Kogi,Sorghum,1.49,1237,31.9,6.16,Loamy,71.3,No,No,Improved,1.65
Gombe,Sorghum,1.16,734.7,31.5,5.49,Clay,0,No,No,Local,1.05
Imo,Yam,0.36,1530.9,25.2,5.63,Sandy,44.7,No,No,Local,7.79
Enugu,Cassava,1.69,1730.7,22.2,5.65,Sandy,0,No,No,Local,7.19
Borno,Yam,0.6,624.7,31.5,5.92,Sandy,105.1,No,No,Local,6.08
Kebbi,Maize,0.64,628.5,34.9,6.07,Sandy,98.8,No,No,Improved,2.51
Cross River,Sorghum,0.71,1947.4,24.8,5.87,Loamy,64.5,Yes,No,Improved,1.35
Ondo,Yam,0.74,1577.7,28.1,6.62,Clay,75.2,Yes,No,Local,8.92
Taraba,Sorghum,0.85,1311.8,25.1,5.46,Clay,17.7,No,No,Local,1.26
Imo,Sorghum,0.46,1737.1,28.6,6.05,Loamy,128.2,No,No,Local,0.99
Ebonyi,Sorghum,2.77,1571.9,26.1,5.31,Loamy,108.5,No,No,Local,1.19
Osun,Maize,1.11,1931.9,28.2,5.77,Loamy,114.1,No,No,Improved,2.61
Niger,Rice,1.55,1379.8,25.8,6,Sandy,148.4,No,No,Local,2.88
Ondo,Rice,0.22,2493.5,29.9,5.82,Loamy,140.8,Yes,No,Improved,4.06
Bauchi,Yam,0.55,994,34.2,6.04,Loamy,116.6,No,No,Improved,8.74
Enugu,Cassava,0.46,1830.7,23,4.95,Clay,8.5,No,No,Local,7.81
Gombe,Sorghum,1.28,710,26.6,5.52,Sandy,101.7,Yes,No,Local,1.17
Taraba,Yam,1.07,1446.5,24.1,6.47,Loamy,109.4,Yes,No,Improved,8.98
Rivers,Rice,2.86,1800.3,25.8,4.86,Clay,166.9,No,Yes,Local,3.03
Ondo,Sorghum,0.54,2310.5,27.7,5.45,Clay,0,Yes,No,Local,1.09
Kano,Yam,2.6,970.3,27.8,5.91,Loamy,53.6,Yes,No,Improved,10.47
Zamfara,Rice,0.86,631.3,33.6,4,Clay,151,Yes,No,Local,2.65
FCT,Rice,3.25,1254.9,26.5,5.29,Sandy,139.3,Yes,No,Improved,4.38
Akwa Ibom,Yam,0.47,1878.2,28.8,5.44,Clay,103.8,No,No,Local,6.11
Abia,Cassava,0.3,1571.2,25.8,6.17,Loamy,63.8,No,No,Local,7.52
Zamfara,Maize,0.77,954,30.4,5.83,Sandy,139.4,Yes,Yes,Local,2.93
Gombe,Cassava,0.27,612.8,31.5,6.54,Sandy,98.7,Yes,No,Local,8.59
Abia,Rice,0.72,2093.5,22.2,5.46,Loamy,55.6,No,No,Local,2.98
Bayelsa,Cassava,0.99,2287.6,27.1,7.55,Sandy,63.4,No,Yes,Local,4.29
Jigawa,Yam,1.48,429.6,32.8,6.46,Loamy,163.6,Yes,No,Local,7.26
Delta,Rice,0.4,2471.1,24.1,5.07,Loamy,132.6,No,No,Local,3.04
Edo,Cassava,3.66,1531.1,25.1,5.68,Clay,50.3,Yes,No,Local,11.24
Ekiti,Cassava,0.54,2352.6,26.6,6.07,Clay,120.7,No,Yes,Local,9.85
Bayelsa,Yam,7.03,2106.5,27.7,4.99,Loamy,110.9,No,No,Local,4.5
Ogun,Cassava,1.57,1539.6,22.9,5.82,Clay,38.6,Yes,No,Local,7.69
Ogun,Maize,1.37,1702.1,28.1,6.54,Sandy,101.3,Yes,No,Improved,2.93
Kebbi,Rice,0.29,906.8,33.3,5.44,Sandy,171.7,No,Yes,Improved,3.94
Delta,Sorghum,2.12,2102.4,28.9,6.15,Clay,79.9,No,No,Local,1.12
Kebbi,Cassava,0.72,957.5,29.8,6.03,Sandy,92.7,No,No,Local,8.34
Adamawa,Yam,0.73,1128.4,31.8,6.23,Sandy,85.9,No,No,Improved,10.96
Kebbi,Yam,0.64,646.1,31.1,5.51,Loamy,137.5,Yes,No,Local,8.32
Plateau,Yam,2.74,1447.4,25.5,5.43,Loamy,70.2,Yes,Yes,Improved,12.67
Gombe,Rice,0.77,968.9,26.8,4.8,Sandy,85.4,Yes,No,Local,2.41
Abia,Cassava,10.06,2205.3,22.5,5.74,Clay,99.4,Yes,No,Improved,10.88
Abia,Cassava,0.61,1868.3,26.3,5.35,Clay,91.5,Yes,No,Local,9.61
Gombe,Cassava,3.95,813.6,32.9,6.42,Sandy,78.2,No,No,Local,8.05
FCT,Yam,1.51,1229.2,24.7,6.01,Clay,96.1,No,No,Improved,8.93
Osun,Yam,10.67,2369.1,22.3,6.41,Loamy,111.1,No,No,Local,8.15
Lagos,Maize,4.51,2388,28.1,5.79,Clay,87.8,No,No,Local,1.72
Ogun,Maize,2.74,1504.9,27.8,5.94,Sandy,24.7,No,No,Local,1.86
Ondo,Yam,2.29,2495,22.6,5.86,Clay,131.6,Yes,No,Local,6.88
Akwa Ibom,Maize,0.47,1903.3,22.6,4,Clay,195.4,No,No,Improved,1.96
Niger,Maize,3.57,1214.2,29.5,7.59,Sandy,56.8,Yes,Yes,Improved,2.81
Borno,Maize,0.96,645,36.4,5.79,Sandy,84.4,Yes,No,Local,1.99
Yobe,Rice,5.11,695.6,29.5,6.2,Loamy,112.2,No,No,Local,2.92
Kwara,Rice,0.2,1231.1,26.6,6.01,Loamy,130.7,No,No,Local,3.32
Jigawa,Cassava,18.01,360.2,28.1,6.06,Sandy,123.4,No,Yes,Improved,11.09
Oyo,Maize,5.77,2095.2,29.9,5.52,Clay,150,No,No,Improved,2.43
Zamfara,Cassava,6.13,822.4,28.7,7.1,Sandy,50.1,No,No,Local,9.14
Ebonyi,Rice,1.35,1567.4,29.5,5.83,Clay,173.7,No,No,Local,2.52
Gombe,Sorghum,2.76,931.3,32.5,5.64,Clay,35.4,No,No,Local,1.31
Benue,Maize,1,1101.2,28.3,5.19,Clay,112.7,No,No,Improved,2.95
Kaduna,Sorghum,1.94,849.9,30.8,4.85,Clay,45.8,No,No,Local,1.55
Borno,Sorghum,2.6,631,33.9,5.56,Sandy,0,No,No,Local,1.07
Kogi,Maize,0.38,1186.7,31.6,7.28,Clay,161.1,No,No,Improved,2.22
Cross River,Sorghum,1.59,2459.1,25.2,5.91,Clay,82.8,No,No,Improved,1.82
Ondo,Sorghum,2.43,2450.5,28.6,5.72,Clay,26.9,No,No,Local,1.01
Gombe,Maize,0.79,693.1,33.5,5.17,Sandy,89,Yes,No,Local,2.12
Taraba,Maize,0.24,1456.7,31.2,6.03,Sandy,128.5,No,Yes,Improved,2.65
Kano,Cassava,5.15,605,30.6,6.59,Clay,89.9,No,No,Local,7.59
Bauchi,Rice,2.45,857.5,34.6,6.86,Sandy,120,No,Yes,Improved,3.96
Gombe,Rice,1.81,841.6,29.6,7.19,Sandy,142.2,Yes,No,Improved,4.03
Kano,Sorghum,1.23,878.7,33.7,6.38,Sandy,0,Yes,No,Local,1.17
Zamfara,Maize,1.27,780.4,29.6,6.1,Loamy,161.8,No,Yes,Local,2.62
Taraba,Rice,1.13,1333.7,27.7,5.66,Sandy,190.8,Yes,No,Local,2.81
FCT,Rice,5.43,1386.4,26.2,6.59,Clay,169.6,No,No,Improved,4.07
Bayelsa,Rice,11.54,1922.5,26.5,6.33,Clay,135.6,No,No,Improved,3.77
Bauchi,Rice,1.38,683.7,33.4,6.68,Sandy,123.6,No,No,Improved,3.73
Borno,Sorghum,0.35,638.5,37.9,6.5,Sandy,27.1,No,No,Improved,1.74
Niger,Yam,0.61,1198.3,27.2,5.37,Loamy,92.1,Yes,No,Local,9.23
Kaduna,Cassava,0.75,788.8,31.2,6.65,Clay,156.3,Yes,No,Improved,10.52
Ekiti,Cassava,1.62,2239.2,23.9,5.97,Loamy,50.6,Yes,No,Improved,12.3
Cross River,Cassava,0.62,2370.7,27.5,5.94,Loamy,51.7,No,No,Local,7.57
Enugu,Yam,0.71,1747.3,24,6.9,Clay,99.2,No,Yes,Improved,10.3
Gombe,Cassava,1.66,764.1,27.5,5.7,Loamy,74,No,Yes,Local,10.71
Oyo,Cassava,2.36,1960,23.5,7.1,Loamy,19.1,No,No,Improved,9.77
Kebbi,Cassava,0.27,674.7,30.5,6.9,Sandy,38.8,Yes,No,Improved,12.11
FCT,Sorghum,0.55,1262.5,29.2,6.6,Sandy,93.4,No,No,Improved,1.6
Kaduna,Maize,0.53,919.8,34,5.95,Sandy,114.3,No,No,Local,2.31
Jigawa,Sorghum,1.07,440.6,30.2,5.59,Clay,23.8,Yes,No,Local,1.19
Enugu,Yam,1.21,2079.7,27,5.34,Clay,198.3,No,Yes,Improved,7.9
Ondo,Cassava,2.93,2231,23.5,5.88,Clay,105.7,Yes,No,Local,9.99
Katsina,Yam,0.35,415.1,34.8,5.51,Sandy,78.7,No,No,Improved,6.49
Abia,Rice,1.29,1962.8,28.6,5.83,Loamy,92.9,Yes,Yes,Improved,4.85
Anambra,Cassava,1.62,1709.4,26.7,6.27,Clay,90.4,Yes,No,Improved,14.17
Kaduna,Yam,2.47,864.3,29.9,5.6,Loamy,89.7,Yes,Yes,Local,10.59
Ekiti,Rice,1.92,2430.7,22.3,4.66,Loamy,55,Yes,No,Local,0.82
Zamfara,Maize,1.95,819.9,29,4.92,Clay,147,Yes,Yes,Local,3.08
Ondo,Sorghum,0.61,2486.7,22.7,6.68,Sandy,79.7,Yes,No,Local,1.34
Ekiti,Sorghum,0.58,2467.9,22.5,5.53,Sandy,37.3,No,No,Local,1.05
Gombe,Yam,1.67,613.8,32.4,5.96,Loamy,86.4,Yes,No,Improved,8.62
Kwara,Sorghum,2.5,1297.1,25.7,6.05,Clay,0,Yes,Yes,Local,1.32
Imo,Cassava,3.33,2314.9,23.3,6.21,Clay,120.1,No,No,Local,8.41
Adamawa,Yam,0.82,1258.9,26.7,5.93,Loamy,73.5,Yes,No,Local,7.57
Abia,Cassava,1.55,2073.8,23.5,5.71,Loamy,135.7,No,No,Improved,9.33
Ogun,Yam,7.75,2113.6,24.2,7.1,Clay,59.2,Yes,No,Local,5.95
Cross River,Yam,1.13,1809.5,26.4,5.05,Loamy,70.2,No,Yes,Improved,9.51
Kaduna,Sorghum,4.66,633.8,33,7.15,Clay,61,Yes,No,Improved,2.21
Rivers,Sorghum,0.2,2448.1,22.7,5.79,Clay,0,No,No,Local,0.93
Borno,Sorghum,0.35,451.2,35.9,6.02,Sandy,116.4,No,No,Local,1.27
Bayelsa,Cassava,1.33,2424.3,28.1,5.45,Clay,65.6,Yes,No,Local,8.65
Ogun,Sorghum,1.82,1995.5,26.9,7.11,Clay,115.3,No,No,Improved,1.62
Bayelsa,Rice,4.59,1681.9,27.9,5.77,Clay,137.5,No,No,Improved,3.43
Jigawa,Sorghum,1.02,406.9,30.2,5.75,Sandy,64.7,Yes,No,Local,1.69
Plateau,Yam,2.14,1458,30.8,7.05,Sandy,69.5,Yes,No,Local,8.27
Sokoto,Yam,2.06,604.3,34.4,5.14,Clay,143.7,No,No,Local,5.52
Borno,Rice,1.07,553,29.6,6.14,Clay,129.4,Yes,No,Local,3.34
Kaduna,Rice,0.97,651.6,32.2,5.69,Loamy,83.1,Yes,No,Improved,4.65
Sokoto,Sorghum,0.7,450.6,31,7.45,Sandy,94.4,No,No,Improved,1.86
Kwara,Maize,0.55,1299.3,26.8,5.67,Loamy,129.2,Yes,No,Local,2
Cross River,Maize,0.74,2214.9,26.8,6.66,Loamy,193,No,No,Improved,2.76
Adamawa,Sorghum,1.55,1020.1,30.9,5.95,Loamy,90.3,Yes,No,Local,1.42
Cross River,Sorghum,1.3,2364.1,23.1,5.53,Clay,27,No,No,Local,1.13
Oyo,Maize,2.08,2431.8,28.1,5.49,Sandy,146.7,No,Yes,Local,2.02
Ondo,Cassava,22.84,2201.3,28.3,5.87,Loamy,80.9,Yes,No,Local,9.87
Kaduna,Sorghum,1.32,655.6,33.3,6.29,Clay,35.7,No,Yes,Local,1.27
Borno,Maize,2.03,681.6,30.8,5.55,Sandy,85,No,No,Local,2.37
Kaduna,Yam,1.75,951.8,30.3,6.6,Loamy,125.1,Yes,No,Local,7.36
Zamfara,Maize,0.44,631.7,32.3,5.75,Sandy,63.1,Yes,No,Improved,2.66
Niger,Rice,4.25,1320.8,29.7,5.6,Clay,97.8,Yes,Yes,Improved,4.83
Jigawa,Maize,0.59,376.3,34.4,6.49,Clay,160.7,Yes,No,Improved,3.28
Borno,Yam,0.88,602.5,33,6.18,Sandy,63.4,Yes,No,Improved,9.85
Zamfara,Maize,2.44,839.8,26.6,5.66,Loamy,163.9,Yes,Yes,Improved,3.7
Enugu,Cassava,0.44,1512.5,25.5,5.41,Loamy,124.9,No,No,Local,7.19
Adamawa,Cassava,1.1,1013.1,25.9,5.39,Loamy,94.3,Yes,No,Local,9.07
Zamfara,Maize,1.11,801.2,32,6.76,Loamy,112.9,Yes,Yes,Local,2.92
Niger,Cassava,4.83,1280.3,27.8,5.61,Clay,60.4,No,No,Local,8.19
Kwara,Sorghum,2.61,1067.5,27.5,5.59,Sandy,77.7,No,No,Local,1.4
Kaduna,Yam,2.81,714.7,33.8,6.34,Loamy,59.6,No,No,Local,6.57
Plateau,Sorghum,2.99,1487.1,24.2,6.79,Clay,0,No,No,Local,1.11
Benue,Yam,1.45,1439,30.5,6.01,Clay,24.6,No,Yes,Local,7.71
Ogun,Cassava,3.02,2120,28.3,7.18,Clay,31.3,No,No,Local,7.73
Rivers,Yam,0.2,2424.3,28.6,5.76,Loamy,75.1,No,No,Local,7.25
Niger,Cassava,1.16,1093.9,24.3,6.02,Loamy,102.1,No,No,Improved,9.04
Ondo,Maize,1.16,1535.1,29.9,5.32,Loamy,129,No,No,Improved,2.52
Delta,Sorghum,0.32,2293,27,5.25,Clay,28.2,No,No,Local,0.97
Enugu,Yam,3.84,2409.1,29.5,5.5,Loamy,39.4,No,No,Improved,8.04
Enugu,Cassava,0.24,1998.4,26.7,4.46,Clay,95.2,No,No,Improved,10.51
Bayelsa,Rice,0.62,2070.5,22,6.75,Loamy,222.6,No,No,Local,2.72
Katsina,Yam,2.4,688.5,37.2,5.1,Clay,73.9,No,No,Improved,9.49
Enugu,Rice,3.6,1932.3,22.9,5.71,Clay,88.5,Yes,No,Local,3.82
Ogun,Cassava,2.99,2092.2,23.2,5.84,Clay,94.1,Yes,No,Local,9.52
Kano,Maize,1.14,940.8,33.8,4.92,Clay,163.8,No,No,Improved,1.74
FCT,Sorghum,4.85,1252,31.2,6.68,Loamy,95,No,No,Local,1.21
Bauchi,Cassava,1.44,778.3,28.9,7.01,Sandy,130.1,Yes,No,Improved,10.3
Plateau,Yam,2.23,1400.4,27.1,5.87,Clay,121.8,Yes,No,Local,7.81
Oyo,Yam,1.41,2382.8,29.6,6.31,Clay,100.5,Yes,No,Local,7.68
Ogun,Maize,1.35,1725.8,27.2,4.92,Clay,182.4,No,No,Local,1.89
Benue,Sorghum,2.05,1138.8,27.6,6.12,Sandy,53.8,No,No,Local,1.58
FCT,Rice,0.32,1207.8,28.7,6.72,Loamy,147.1,No,No,Local,3.01
Taraba,Maize,6.75,1377.9,26.8,6.97,Loamy,148.7,Yes,No,Local,2.43
Benue,Maize,2.03,1208.5,31,4.67,Loamy,127.4,No,No,Local,2.46
Akwa Ibom,Cassava,0.73,2075.8,24.9,6.14,Loamy,68.1,No,No,Improved,11.23
Sokoto,Sorghum,3.57,368.4,32.3,6.98,Sandy,156.7,No,No,Local,1.02
Ondo,Maize,0.89,2042.5,28,5.46,Clay,101.5,No,No,Local,2.14
FCT,Maize,0.67,1076.6,26.7,5.56,Clay,162.1,No,No,Improved,2.36
Plateau,Sorghum,1.28,1400.9,31.5,5.91,Clay,8.4,No,No,Improved,1.14
Oyo,Sorghum,5.37,2256.9,29.5,4.97,Sandy,44.3,No,No,Improved,1.41
Ondo,Cassava,0.66,1689,28.9,7.34,Loamy,90.2,No,No,Local,8.61
Anambra,Rice,2.31,2251.3,25.7,6.1,Clay,131.1,Yes,No,Local,3.81
Enugu,Maize,1.69,2290,26.1,6.39,Clay,102.1,No,No,Improved,2.51
Benue,Sorghum,4.73,1039.1,30.1,5.07,Sandy,28.4,Yes,No,Improved,1.39
Cross River,Cassava,1.27,2198.1,23.8,5.84,Clay,113.9,No,No,Improved,11.1
Katsina,Maize,2.25,382.7,31.1,6.31,Sandy,131.2,No,No,Improved,2.85
Rivers,Rice,0.77,1561.6,25.4,6.17,Clay,138.1,No,No,Improved,3.47
Oyo,Sorghum,0.32,2045,24.2,5.47,Clay,85.3,No,No,Local,1.24
Edo,Sorghum,1.22,1539.9,28.4,6.53,Clay,40.1,No,No,Local,1.04
FCT,Cassava,1.41,1141.7,27.4,6.41,Loamy,136.8,Yes,No,Local,9.86
Borno,Rice,0.66,311.3,34.8,5.34,Sandy,128.4,Yes,No,Local,2.04
Kebbi,Maize,7.41,648,35,6.03,Sandy,100.3,No,No,Improved,2.69
Kaduna,Yam,1.43,615.7,34.9,6.59,Loamy,87.2,No,No,Local,7.46
Delta,Cassava,1.13,1900.1,23.1,6.19,Clay,68.9,No,No,Improved,9.63
FCT,Rice,1.41,1409.9,28.1,6.86,Clay,101.6,Yes,No,Local,3.12
Benue,Cassava,5.41,1433.4,26.8,5.46,Sandy,101.3,No,Yes,Improved,12.39
Bauchi,Rice,1.37,614.4,30.5,4.37,Sandy,219.6,Yes,Yes,Local,2.25
Imo,Maize,1.03,2381.7,23.7,6.01,Clay,135.8,No,No,Improved,2.83
Zamfara,Yam,1.52,978.8,27,6.39,Sandy,58.9,Yes,No,Local,8.47
Sokoto,Maize,2,681.5,29.4,6.98,Sandy,169.4,Yes,Yes,Local,2.47
Ogun,Rice,2.62,2081.2,23.9,5.26,Clay,46.1,No,No,Improved,3.38
Abia,Cassava,0.36,1737.7,22.1,7.71,Clay,48.1,No,No,Improved,11.89
Oyo,Maize,1.82,1995.3,23.2,5.54,Clay,135.8,No,Yes,Improved,2.99
Imo,Rice,0.58,1587.7,27.8,5.47,Clay,140.2,No,No,Improved,3.74
Ondo,Yam,0.7,2010.9,24.8,5.79,Loamy,128.1,No,No,Improved,7.21
Lagos,Maize,1.53,2424.7,25.8,5.71,Clay,39.9,No,No,Local,1.55
Niger,Yam,0.61,1146.5,31.6,5.44,Loamy,58.2,Yes,No,Local,8.09
Delta,Sorghum,2.92,2410.1,23.4,5.82,Clay,91,Yes,No,Improved,1.19
Cross River,Rice,1.93,1869.5,24.2,5.36,Loamy,68.6,No,No,Local,2.57
Delta,Sorghum,1.91,2335.9,23.5,6.63,Clay,149.6,No,No,Local,0.84
Adamawa,Cassava,1.74,1453.7,24.8,7.21,Clay,85.5,Yes,No,Improved,11.21
Niger,Cassava,0.84,1294.8,30.9,5.32,Loamy,115.4,No,No,Improved,10.36
Enugu,Rice,0.8,2298.4,29.3,5.99,Loamy,103,No,Yes,Local,2.74
Kebbi,Sorghum,3.32,756.2,30.8,6.04,Sandy,56,Yes,No,Local,1.56
Benue,Rice,1.86,1219,27.8,5.93,Clay,152.5,No,No,Local,3.01
Niger,Cassava,1.29,1319.4,26,5.89,Loamy,146.6,No,No,Improved,9.6
Katsina,Rice,3.76,544.7,37.9,5.74,Clay,109.2,No,No,Improved,3.36
Bayelsa,Maize,2.45,1569.6,25.9,4.76,Clay,152.7,Yes,No,Local,2.07
Bayelsa,Maize,5.6,1705.1,28.4,6.89,Clay,121.2,Yes,Yes,Local,2.66
Bauchi,Cassava,0.83,779.7,27,5.49,Clay,119.3,No,No,Local,8.4
Benue,Maize,2.04,1109.2,31,5.46,Clay,117.1,No,Yes,Improved,3.13
Oyo,Maize,1.06,1884.3,28.9,6.2,Loamy,176.8,No,No,Improved,2.33
Niger,Maize,0.9,1097.9,30.4,5.52,Loamy,134.4,No,Yes,Local,2.09
Cross River,Cassava,0.59,2459.2,29.1,5.2,Clay,86.2,No,No,Improved,10.53
Adamawa,Rice,2.02,1403.5,30.9,6.29,Loamy,26,Yes,No,Local,2.3
Anambra,Maize,10.07,2396.6,23.3,5.49,Sandy,160.1,Yes,Yes,Local,2.57
Nasarawa,Rice,0.25,1222.4,28.7,5.43,Clay,131.6,No,No,Local,2.93
Kebbi,Cassava,1.32,976,31.6,6.39,Clay,85.2,No,No,Improved,13.41
Osun,Yam,2.17,2050.8,26.9,5.52,Clay,115.9,No,No,Improved,10.83
Niger,Maize,1.83,1237,30.7,6.14,Loamy,116.9,No,Yes,Local,2.12
FCT,Sorghum,2.34,1474.8,30.1,6.15,Sandy,34.9,Yes,No,Local,1.38
Abia,Yam,1.07,1813.9,25.9,7.06,Loamy,111.7,No,No,Local,8.08
Taraba,Maize,0.48,1216,26.3,5.87,Loamy,76.7,Yes,No,Local,1
Anambra,Cassava,0.98,1725.1,25.8,6.56,Loamy,73.6,No,No,Local,8.67
Gombe,Sorghum,2.24,743.7,30,6.05,Sandy,49.5,No,No,Local,1.3
Bayelsa,Rice,9.8,2419.2,25,6.18,Sandy,123.4,No,No,Local,0.84
Lagos,Rice,0.78,1805,23.4,8.12,Loamy,114,Yes,Yes,Local,3.02
Enugu,Yam,5.9,2331.4,25,5.17,Loamy,140.9,Yes,No,Local,6.82
Ekiti,Yam,0.9,1609.6,25.7,5.66,Clay,114.3,No,No,Improved,10.5
Bauchi,Cassava,3.19,659.6,31.3,5.47,Sandy,75.5,Yes,No,Local,9.53
Kogi,Sorghum,1.32,1495.9,25.9,5.87,Sandy,89.4,No,No,Local,1.45
Nasarawa,Yam,8.59,1229.6,29.1,5.07,Sandy,112.5,No,Yes,Local,8.03
Rivers,Yam,0.57,2496.1,22.9,6.9,Clay,63.1,No,No,Local,5.98
Enugu,Rice,1.39,1630.6,25.2,7.08,Clay,160.8,No,No,Improved,2.6
Bauchi,Cassava,4.54,772.5,28.7,5.39,Loamy,102.5,No,No,Improved,11.7
Akwa Ibom,Sorghum,1.26,1734.4,26.4,5.03,Loamy,0.2,No,Yes,Improved,1.45
Cross River,Maize,2.01,1529.6,29.9,5.33,Loamy,33.7,Yes,No,Local,1.7
Bauchi,Maize,0.44,870.3,28.3,5.83,Loamy,136.2,No,No,Local,2.11
Jigawa,Maize,3.62,564.2,35.6,5.57,Sandy,141.5,No,No,Local,1.77
Niger,Yam,1.88,1039.5,27.9,6.36,Loamy,79.3,No,No,Improved,9.66
Sokoto,Sorghum,2.19,653.4,30.4,5.26,Sandy,47.2,No,No,Local,1.18
Taraba,Sorghum,0.39,1461.5,31.9,5.65,Clay,103.4,Yes,Yes,Improved,2.1
Sokoto,Sorghum,4.69,486.8,31.2,5.88,Sandy,30.1,No,No,Improved,1.59
Benue,Maize,1.32,1311.4,30.8,6.22,Loamy,123,No,No,Local,2.16
Abia,Cassava,1.48,2189.8,23.4,4.95,Clay,104.7,Yes,No,Improved,11.99
Delta,Cassava,0.2,1963.7,28.8,6.01,Loamy,139.7,No,Yes,Improved,10.83
Imo,Yam,3.04,1954.8,22.7,6.32,Loamy,49.7,No,No,Local,6.32
Abia,Cassava,2.66,2160.1,23.1,6.13,Clay,107.8,No,No,Improved,8.58
Kaduna,Rice,0.97,942.6,32.6,4.29,Clay,140.4,Yes,No,Local,2.96
Rivers,Sorghum,3.2,2477.5,25.6,5.68,Clay,121.8,No,No,Local,0.97
Gombe,Sorghum,2.91,960.5,31.1,7.32,Sandy,61.8,Yes,No,Local,1.51
Anambra,Maize,1.02,1836.6,28.4,7.39,Clay,93.4,No,No,Local,1.67
Delta,Sorghum,7.81,1549.5,23,6.59,Loamy,75.5,Yes,Yes,Local,1.27
Plateau,Yam,0.2,1055.4,25.6,5.16,Clay,58.2,No,No,Improved,8.37
Niger,Rice,1.74,1251.9,31.4,5.46,Clay,100.6,No,No,Improved,3.39
Ondo,Maize,0.35,1946.6,22,5.34,Clay,105.7,No,No,Improved,2.58
Plateau,Yam,1,1434,26.6,5.93,Clay,122.3,Yes,No,Improved,11.08
Ebonyi,Maize,0.85,1979.2,28.7,5.56,Loamy,94,No,No,Improved,2.39
Taraba,Rice,2.06,1289.5,28.1,5.92,Clay,138.6,Yes,No,Local,3.45
Kogi,Sorghum,1.09,1137.3,29.3,6.3,Clay,27.7,No,No,Improved,1.76
Yobe,Sorghum,1.71,596.1,31.3,6.2,Loamy,0,Yes,No,Local,1.26
Kaduna,Cassava,1.15,720.6,27.2,5.89,Clay,179.7,No,No,Local,6.4
FCT,Rice,1.39,1315.1,24.2,5.93,Loamy,102.5,No,No,Local,2.6
Zamfara,Rice,0.86,854.1,29.9,7.25,Sandy,116.7,No,No,Improved,3.32
Ogun,Maize,3.87,2096.8,26.8,5.31,Clay,60.1,No,No,Improved,2.72
Adamawa,Rice,1.4,1134.4,29.5,5.09,Clay,111.3,No,No,Local,2.88
Kano,Sorghum,0.32,828.9,33.9,6.41,Sandy,0,No,No,Improved,1.27
Kogi,Sorghum,2.43,1334,31.4,6.02,Loamy,59.4,No,No,Local,1.59
Kogi,Cassava,1.44,1378.9,29,5.99,Sandy,97,Yes,No,Improved,12.86
Plateau,Maize,0.83,1297.6,31.9,6.53,Clay,101.9,No,No,Local,1.74
Rivers,Yam,0.6,1727.8,23.9,4.59,Sandy,148,Yes,No,Local,5.82
Kwara,Maize,1.53,1185.2,26.5,5.48,Loamy,107.1,Yes,No,Improved,2.84
Benue,Cassava,2.55,1405.9,31.3,4.88,Sandy,116.7,Yes,No,Improved,10.33
Gombe,Maize,0.51,602.8,33.7,5.05,Loamy,78.4,Yes,No,Local,2.19
FCT,Sorghum,1.09,1383.4,25.3,6.31,Loamy,69,No,No,Local,1.35
Akwa Ibom,Sorghum,4.62,1697,24.3,6.43,Loamy,72.3,No,No,Improved,1.48
Kwara,Sorghum,1.37,1217.4,26.6,5.64,Clay,29,Yes,No,Improved,1.9
Anambra,Maize,3.14,2384.5,28.1,5.76,Clay,127.5,Yes,No,Local,2.34
Ondo,Yam,2.42,1725.5,25.4,7.21,Loamy,84.6,No,No,Improved,9.73
Edo,Maize,8.17,1802.1,23.2,5.89,Sandy,175.4,Yes,No,Local,2.27
Cross River,Rice,0.22,2484.3,23.8,6.06,Loamy,134.4,Yes,No,Local,3.11
Sokoto,Rice,2.03,613.6,32.2,5.77,Loamy,102.9,Yes,No,Improved,3.41
Bayelsa,Sorghum,1.78,2327.9,28.9,6.41,Loamy,0,No,No,Local,1
Lagos,Yam,0.81,1671.8,26.9,5.61,Loamy,117.1,No,No,Local,7.94
Oyo,Cassava,0.36,1931.7,26.4,6.16,Loamy,23.9,No,No,Local,8.56
Kwara,Rice,0.64,1437.3,28,5.71,Loamy,89.6,No,No,Local,3.35
Niger,Yam,3.13,1448,27.9,5.88,Sandy,24.5,No,No,Local,6.91
FCT,Rice,1.5,1227.6,26.4,5.21,Sandy,77,No,No,Local,3.24
Rivers,Cassava,1.7,2216.4,27,6.29,Loamy,133.8,Yes,Yes,Local,9.66
Oyo,Cassava,1.23,1503.2,27.4,5.32,Clay,78.2,No,No,Improved,10.21
Kebbi,Sorghum,1.55,952.1,34.8,6.87,Sandy,76.6,Yes,No,Local,1.27
Ondo,Maize,0.77,1552.1,29.4,5.32,Clay,62.6,No,No,Local,1.62
Ogun,Maize,0.59,1792.8,23,5.34,Clay,84.9,No,No,Local,1.91
Jigawa,Cassava,1.21,620.1,37.2,5.87,Sandy,90.4,Yes,Yes,Local,10.83
Akwa Ibom,Cassava,1.38,1805.9,24.1,5.77,Loamy,69.6,Yes,No,Local,9.67
Yobe,Yam,1.12,600.7,36.8,5.62,Clay,116.5,No,No,Local,6.48
Gombe,Maize,0.75,731.2,33.8,7.11,Loamy,120.1,No,No,Local,2.04
Cross River,Sorghum,0.22,1677.8,27.9,5.56,Sandy,57.9,Yes,Yes,Improved,1.72
Benue,Sorghum,1.37,1166.1,27.6,6.51,Sandy,42.7,No,No,Local,1.63
Sokoto,Sorghum,22.12,590.4,31.4,5.96,Sandy,16.9,Yes,No,Local,1.42
Lagos,Cassava,5.32,1896.1,22.3,6.4,Sandy,127.5,No,No,Local,7.83
Cross River,Sorghum,0.4,2421.2,25.5,5.84,Clay,20,Yes,No,Improved,1.55
Gombe,Yam,3.31,710.9,29.1,6.84,Sandy,124.1,Yes,No,Improved,9.9
Adamawa,Yam,3.26,1376.6,29.3,5.78,Clay,36.5,No,No,Improved,8.73
Abia,Maize,3.03,2400.2,29.1,5.51,Sandy,152.9,Yes,Yes,Improved,2.81
Sokoto,Sorghum,5.64,572.7,30.6,7.2,Clay,91.4,No,No,Local,1.06
Ekiti,Maize,1.36,1690.8,25.6,5.31,Sandy,59.7,No,No,Local,2.07
Kogi,Sorghum,0.98,1020.4,29.5,6.09,Loamy,42.4,No,No,Local,1.17
Bayelsa,Cassava,7.34,2274.7,24.6,6.65,Clay,109.2,No,Yes,Local,9.38
Anambra,Sorghum,0.72,1506.1,29.5,5.46,Loamy,99.5,No,No,Local,1.16
Kogi,Sorghum,1.27,1045.9,30.6,6.34,Loamy,58.9,No,No,Improved,1.3
Bauchi,Yam,6.46,740.8,30.8,6.02,Sandy,180.9,Yes,No,Local,7.2
Taraba,Maize,3.33,1031.8,29.5,6.56,Loamy,132.6,No,No,Local,2.19
Kogi,Sorghum,1.45,1031.5,31.6,6.35,Loamy,37.4,No,No,Improved,0.65
Cross River,Cassava,1.69,2383.8,29.3,5.65,Sandy,166.9,Yes,No,Local,7.21
Kogi,Cassava,0.85,1482.2,26.5,5.95,Loamy,93,Yes,No,Improved,14.08
Adamawa,Rice,2.1,1393,28.7,5.53,Loamy,171.1,Yes,No,Local,2.65
Ogun,Rice,1.93,1943.7,24,5.42,Clay,134.8,Yes,No,Improved,4.45
Adamawa,Yam,1.85,1259.4,26.8,6,Sandy,146.2,Yes,Yes,Improved,12.39
Taraba,Rice,2.59,1275.3,26.3,4.85,Sandy,148.3,Yes,Yes,Local,2.81
Kaduna,Yam,3.69,721.1,29,6.07,Clay,191.5,Yes,No,Improved,9.53
Rivers,Maize,1.48,1694.1,29,6.34,Clay,66.8,Yes,Yes,Improved,2.76
Edo,Sorghum,7.26,2198.2,25.1,5.39,Clay,18.8,No,No,Local,1.18
Ogun,Sorghum,0.62,2084.6,22.1,5.9,Loamy,79.4,No,No,Local,1.23
Taraba,Yam,0.67,1274,28.5,5.26,Loamy,125.4,Yes,No,Local,7.62
Rivers,Cassava,0.61,1940.5,28.7,5.51,Loamy,61.1,No,No,Local,8.03
Ogun,Sorghum,0.96,1559,24.4,5.46,Clay,0,Yes,No,Local,0.95
Kebbi,Rice,0.37,756.6,33.2,6.01,Loamy,85.2,No,No,Improved,3.89
Kebbi,Cassava,1.29,715.5,27.8,6.59,Loamy,33.6,No,Yes,Local,8.94
Ebonyi,Sorghum,0.67,1757.1,29.1,5.19,Loamy,0,Yes,No,Local,1.1
Ebonyi,Rice,2.02,2254.4,25,6.69,Sandy,69.8,No,Yes,Local,2.87
Jigawa,Yam,6.44,518.3,29.1,5.06,Sandy,199.6,No,No,Local,5.91
Imo,Maize,0.37,2258.6,26.3,5.76,Clay,144.8,No,No,Improved,2.26
Ondo,Maize,0.91,1698.3,28.6,5.26,Sandy,126.3,Yes,Yes,Improved,2.71
Anambra,Sorghum,1.26,1822.5,29.3,6.22,Clay,31.4,No,No,Improved,1.68
Sokoto,Yam,1.83,452.3,35.2,6.07,Clay,118.8,Yes,No,Improved,10.46
Bauchi,Maize,14.61,753,32.8,6.33,Loamy,127.6,No,No,Local,2.34
Kwara,Sorghum,0.25,1465.9,27.8,7.34,Loamy,120.8,No,No,Improved,0.93
Niger,Cassava,2.78,1018.8,29.7,4.7,Clay,160,No,No,Improved,8.45
Imo,Yam,0.91,2314.7,28.5,6.42,Loamy,93.1,Yes,No,Improved,10.26
FCT,Sorghum,1.99,1198.1,27.3,5.93,Clay,52.6,No,No,Improved,1.71
Imo,Rice,1.84,1574.7,27.4,6.27,Loamy,144,Yes,No,Local,2.8
Adamawa,Sorghum,7.62,1087,26.9,5.37,Loamy,45.9,No,No,Local,1.63
Ondo,Rice,2.56,1596.4,29,6.8,Loamy,110.8,Yes,No,Improved,4.01
Edo,Yam,0.38,1719.5,22.8,7.8,Loamy,90.3,Yes,Yes,Improved,10.92
Taraba,Rice,0.32,1126.2,28.8,6.14,Loamy,88.3,Yes,No,Improved,3.98
Ogun,Sorghum,0.3,1789.4,23,6.46,Clay,105.4,Yes,No,Local,1.21
Benue,Sorghum,2.12,1479.9,27.9,5.91,Loamy,73,Yes,No,Improved,1.73
FCT,Maize,0.87,1388.6,24.9,6.4,Sandy,197.1,Yes,Yes,Improved,3.59
Oyo,Sorghum,14.65,2123.5,24.3,6.78,Clay,72.7,Yes,No,Improved,1.41
Enugu,Yam,2.42,1792.9,25.7,7.24,Clay,63.5,Yes,No,Improved,9.45
Katsina,Yam,1.79,399.1,31.1,5.83,Sandy,69,Yes,No,Improved,10.16
Enugu,Maize,0.6,2316.1,22.3,5.61,Clay,195.7,No,No,Local,1.85
FCT,Rice,0.45,1320.5,28.4,5.73,Loamy,115.8,Yes,No,Local,3.6
Sokoto,Sorghum,0.72,414.6,34.2,6.14,Clay,53,No,No,Local,1.38
Imo,Maize,2.88,2165.9,26,7.01,Loamy,158.5,Yes,Yes,Local,2.62
Ondo,Maize,1.46,2187.8,29.7,6.55,Sandy,165.5,No,No,Improved,2.05
Ogun,Rice,4.91,1656.4,22.5,5.8,Loamy,128.4,No,No,Improved,3.63
Oyo,Maize,4.23,1558.7,23.3,6.9,Loamy,165.3,No,Yes,Improved,3.07
Enugu,Maize,6.93,1616.8,29.4,6.58,Clay,199.9,No,No,Improved,2.45
Imo,Rice,1.69,1953.3,22,5.89,Loamy,178.7,Yes,No,Local,3.07
Anambra,Cassava,1.98,1527.7,22.3,6.37,Clay,92.3,No,No,Local,8.3
Akwa Ibom,Yam,3.34,1986.7,23.8,5.93,Clay,123.7,Yes,No,Improved,9.67
Ekiti,Cassava,2.59,1568.7,28.8,6.17,Clay,16.4,Yes,No,Local,9.52
Yobe,Sorghum,2.79,326.5,29.2,4.41,Clay,0,No,No,Local,0.92
Oyo,Yam,1.4,2335.2,25.4,7.12,Sandy,176.3,No,Yes,Local,6.98
Oyo,Rice,1.5,2262.7,25.1,6.91,Clay,94.2,Yes,No,Local,2.65
Benue,Cassava,1.29,1002.7,28.3,6.4,Loamy,70.7,Yes,No,Local,10.59
Rivers,Maize,1.79,1945,23.5,7.13,Clay,64.7,No,No,Local,1.96
Anambra,Yam,0.34,2221,24.9,6.29,Clay,128.2,Yes,Yes,Improved,10.14
Cross River,Cassava,1.31,2070.5,29.1,4.8,Loamy,114.5,No,No,Local,7.66
Bauchi,Yam,1.14,882.7,29.2,6.27,Sandy,74.6,No,No,Local,8.28
Katsina,Cassava,3.28,549.1,34.1,5.96,Loamy,68.7,Yes,No,Improved,10.33
Akwa Ibom,Yam,0.92,2005.9,26,6.45,Loamy,57.9,Yes,No,Local,7.17
Benue,Sorghum,2.66,1191,28.8,6.25,Loamy,88.8,Yes,No,Local,1.13
Yobe,Maize,9.46,503.9,29.1,5.37,Sandy,62,No,No,Improved,2.14
Jigawa,Maize,1.82,468.3,34.7,5.52,Loamy,68.4,Yes,No,Local,2.3
Ondo,Yam,0.9,2116.3,25,5.5,Loamy,169.7,No,No,Improved,11.05
Edo,Cassava,2.21,2384.9,23.1,5.51,Clay,148.1,Yes,No,Local,7.53
Sokoto,Cassava,3.01,537.5,28.3,4.98,Sandy,109.6,No,Yes,Improved,11.74
Adamawa,Maize,0.23,1419.3,28.5,5.26,Clay,114.5,No,No,Improved,3.19
Katsina,Sorghum,4.75,621.8,34.4,4.56,Sandy,34.3,No,Yes,Improved,2.13
Yobe,Sorghum,0.84,362.7,36.5,6.2,Loamy,62.9,No,No,Local,1.44
Bauchi,Cassava,0.51,946.1,27,5.78,Clay,158.4,No,No,Local,7.11
Adamawa,Rice,1.06,1373.1,27,4.64,Loamy,150.4,No,No,Improved,3.93
Rivers,Sorghum,1.22,2454.7,27.8,6.37,Loamy,41.8,No,No,Local,1.04
Imo,Rice,0.34,1848.2,27.1,5.96,Loamy,166.4,No,No,Improved,3.25
Niger,Sorghum,0.82,1142.1,25.6,5.99,Loamy,96.2,No,No,Improved,1.53
Kebbi,Yam,1.33,710.3,27.2,5.54,Loamy,100.4,Yes,Yes,Improved,11.5
Adamawa,Maize,1.45,1278.4,30.5,6.8,Loamy,100.6,Yes,No,Improved,2.57
Katsina,Cassava,0.89,307.2,35.6,6.71,Sandy,98.8,No,No,Improved,8.27
Ogun,Rice,0.53,2169.5,28.3,6.04,Clay,127.2,No,Yes,Local,3.5
Osun,Yam,6.56,2099.1,25.1,6.52,Loamy,139,No,No,Improved,9.73
Borno,Maize,0.69,576,32.7,6.05,Clay,98.1,No,No,Improved,2.23
Jigawa,Sorghum,0.78,504.2,35.1,7.1,Sandy,50.5,No,No,Local,1.1
Anambra,Yam,4.48,1901.5,26.9,6.4,Sandy,103.1,No,No,Local,7.69
Ebonyi,Yam,0.95,2234.9,29.8,6.07,Sandy,111.2,No,No,Improved,10.52
Kwara,Yam,0.29,1006.1,27.5,4.87,Clay,115.2,Yes,No,Improved,9.44
Bayelsa,Yam,1.21,1546.6,26.7,6.25,Loamy,125.7,No,Yes,Local,11.21
Delta,Cassava,0.7,1804,29.8,6.8,Clay,133,No,No,Local,8.24
Kaduna,Cassava,2.62,997,32.3,7.13,Sandy,174.8,No,No,Improved,8.78
Kano,Yam,2.87,807.2,28.3,5.37,Loamy,53.2,Yes,No,Local,6.24
Enugu,Maize,8.36,1881,28.8,5.99,Clay,109.9,Yes,Yes,Improved,3.31
Edo,Rice,1.01,2001.7,26.9,6.59,Sandy,100,No,No,Improved,4.05
Nasarawa,Yam,1.31,1479.9,30.6,6.95,Clay,175.6,Yes,Yes,Improved,6.81
Ekiti,Cassava,1.18,2193,25.5,6.87,Loamy,53.8,Yes,Yes,Local,10.19
Imo,Sorghum,1.73,1605.6,28.9,6.43,Clay,109.6,Yes,No,Local,1.39
Niger,Rice,2.01,1425.8,26,5.77,Loamy,109.1,No,Yes,Improved,4.07
Kogi,Cassava,0.49,1350,29.4,6.05,Loamy,116.9,Yes,Yes,Improved,14.78
Ekiti,Maize,0.22,2318.3,23.6,5.97,Clay,98.2,Yes,No,Local,1.96
Ondo,Sorghum,0.75,2025.1,26.2,5.46,Clay,100.4,No,No,Improved,1.37
Cross River,Cassava,5.5,2215.6,28.4,6.88,Loamy,202,Yes,No,Local,6.14
Kwara,Rice,1.32,1445.9,24.3,6.29,Clay,32.9,No,No,Local,2.8
Kogi,Rice,4.01,1237.7,27.6,6.15,Loamy,146.8,Yes,No,Local,2.99
Bayelsa,Cassava,0.53,2123,29.8,5.18,Clay,80.6,No,No,Local,9.31
Rivers,Cassava,0.63,2130.3,27,4.02,Loamy,90.2,No,No,Local,7.27
Niger,Rice,0.31,1194.7,24.3,5.99,Loamy,128.5,No,No,Improved,4.23
Kano,Maize,0.53,838.7,33.1,7.04,Sandy,101.7,Yes,Yes,Local,2.06
Anambra,Rice,1.07,2191.9,22.1,5.9,Clay,143.8,Yes,No,Improved,3.88
Akwa Ibom,Maize,1.31,2091.1,29.3,5.84,Loamy,79.7,No,No,Local,2.05
Bayelsa,Rice,0.85,2477.1,26.1,6.44,Clay,10,No,No,Local,2.86
Osun,Sorghum,0.56,2005,25.6,5.9,Loamy,116.8,No,No,Improved,1.32
Ebonyi,Maize,0.45,2055.7,23.3,5.68,Clay,123.1,No,No,Local,2.11
Abia,Sorghum,1.52,1667.9,24.3,5.58,Clay,28.5,No,No,Local,1.24
Ebonyi,Yam,1.23,1989.9,22.3,5.72,Loamy,142.9,No,No,Local,4.73
Enugu,Yam,0.66,1900.7,23.3,5.92,Clay,93.1,No,No,Improved,11.7
Enugu,Maize,2.51,1721.7,25.3,7.24,Clay,59.3,No,No,Local,1.47
Kebbi,Cassava,0.49,686,27,6.31,Sandy,114.9,No,No,Local,8.01
Ekiti,Rice,0.6,2181,26.5,7.13,Clay,110,Yes,No,Improved,4.28
Rivers,Sorghum,1.01,1897.8,28.4,5.2,Sandy,70,No,No,Improved,1.66
Anambra,Cassava,7.75,1654.4,23,5.85,Sandy,20.9,Yes,No,Improved,8.45
Ondo,Yam,0.44,2245.4,28.5,5.3,Sandy,158.9,No,No,Improved,8.27
Yobe,Sorghum,2.79,412.1,33.9,5.74,Clay,54.2,Yes,No,Local,1.58
Yobe,Yam,1.14,396.6,35.2,5.73,Sandy,155.3,No,No,Local,6.15
Cross River,Rice,0.52,2048.6,26.8,5.82,Clay,153.3,No,No,Improved,4.24
Rivers,Sorghum,0.31,2216.9,25.8,5.23,Clay,34.2,Yes,No,Improved,1.43
Cross River,Rice,2.11,2037.8,23.4,5.76,Loamy,47.4,Yes,No,Improved,3.6
Rivers,Maize,1.05,2286,27.6,6.54,Sandy,134,Yes,No,Improved,0.85
Cross River,Maize,12.32,1757.7,29.3,5.3,Loamy,162.4,Yes,No,Improved,1.76
FCT,Rice,2.14,1264.3,31.1,5.2,Clay,110.6,No,Yes,Improved,3.93
Delta,Cassava,1.14,2467.6,25.1,6.44,Clay,0,No,No,Local,8.33
Ekiti,Sorghum,11.2,2399.7,22,7.15,Clay,79.1,No,Yes,Improved,1.54
Katsina,Sorghum,3.97,379,28.9,4.99,Sandy,55.8,Yes,No,Local,1.21
FCT,Cassava,1.21,1214.7,25,4.81,Loamy,121.8,No,No,Local,8.35
Plateau,Cassava,3.48,1405.1,29.8,5.03,Sandy,86.3,Yes,No,Local,8.19
Imo,Cassava,0.7,2493.5,22.9,6.33,Sandy,120.4,Yes,No,Improved,13.5
Katsina,Maize,1.21,431.2,32.8,5.41,Sandy,103.3,Yes,No,Local,0.72
Enugu,Cassava,1.79,2071.9,22.5,5.47,Clay,33.9,Yes,Yes,Improved,13.82
Sokoto,Rice,0.24,622.6,37,5.42,Sandy,87.6,Yes,Yes,Improved,4.74
Ebonyi,Yam,2.82,1817.1,25.7,6.67,Sandy,91.8,Yes,No,Local,7.54
Benue,Cassava,1.95,1355.7,25.2,7.02,Loamy,147.8,No,No,Local,7.88
Niger,Sorghum,2.41,1279.2,29.9,6.39,Sandy,138.8,No,No,Local,0.9
Kogi,Rice,0.5,1285.4,30.4,5.54,Sandy,88.9,No,Yes,Local,3.66
Kebbi,Sorghum,0.67,743.4,26.1,4.98,Sandy,31.2,Yes,No,Improved,1.38
Yobe,Rice,1.05,404.2,31.2,5.72,Sandy,116.1,No,No,Improved,3.02
Plateau,Yam,1.55,1352.4,29.5,4.95,Loamy,159.7,No,No,Local,7.18
Kogi,Sorghum,2.46,1257.1,30.3,5.15,Clay,27.2,No,No,Local,1.34
Taraba,Maize,1.91,1261.9,25.1,6.51,Clay,159.9,Yes,No,Local,2.8
Ondo,Cassava,3.88,2105.8,28.3,6.02,Clay,62.5,No,No,Improved,11
Lagos,Yam,1.07,2379.1,23.6,6.67,Loamy,102,No,No,Local,6.67
Plateau,Yam,3.26,1355.9,24.4,6.61,Sandy,96.5,No,Yes,Local,8.73
Lagos,Cassava,0.46,2360,29.3,6.87,Clay,88.2,Yes,No,Improved,9.18
Yobe,Maize,2.52,363.3,29.3,6.24,Loamy,142.5,No,No,Local,2.12
Enugu,Maize,2.58,2146.2,29.9,5.01,Loamy,126.6,No,No,Improved,2.43
Enugu,Rice,1.26,1572.6,28.3,6.1,Clay,93.1,No,No,Local,2.76
Borno,Yam,1.23,483.4,31.3,6.64,Sandy,82.4,No,No,Improved,9.09
Ondo,Rice,1.81,1711.5,29.1,6.6,Clay,120.1,No,No,Local,2.99
Benue,Cassava,0.44,1439,24.4,6.12,Loamy,161.6,Yes,Yes,Local,9.04
Lagos,Rice,1.26,1989,25.1,6.05,Loamy,123.5,No,No,Improved,3.97
Kano,Maize,3.72,667.8,33.1,5.25,Loamy,81.2,No,No,Local,1.9
Akwa Ibom,Yam,0.93,1925.8,24.8,6.05,Clay,67.4,Yes,No,Local,8.22
Benue,Cassava,0.37,1130.4,24.1,4.96,Loamy,75.1,Yes,No,Improved,11.97
Kogi,Cassava,0.48,1160.7,28.1,6.08,Clay,111.6,No,No,Improved,12.46
Kano,Rice,7.8,863.3,33.5,6.03,Sandy,98.4,Yes,No,Local,2.06
Benue,Maize,0.62,1496.3,25.3,5.65,Clay,101,No,Yes,Local,2.3
Adamawa,Cassava,4.13,1111.9,31.3,6.83,Sandy,73.2,Yes,No,Improved,12.28
Ondo,Cassava,0.6,1918.4,26.8,6.32,Sandy,66.4,Yes,No,Local,10.67
Osun,Yam,1.04,2452.8,22,6.38,Clay,161.6,Yes,No,Local,6.13
Taraba,Rice,1.56,1240.1,26.2,5.83,Loamy,112.9,No,No,Improved,1.27
Katsina,Maize,1.16,678.8,38,5.49,Clay,85.8,Yes,No,Improved,2.45
Osun,Sorghum,0.54,1688.2,25.6,4.21,Loamy,118.6,No,No,Improved,1.24
Ekiti,Sorghum,8.81,2216.3,26.1,5.74,Sandy,53.7,Yes,No,Local,1.18
Katsina,Cassava,0.28,612.2,35.7,6.39,Sandy,141.5,Yes,Yes,Local,10.89
Kwara,Yam,1.08,1064.6,26.1,6.1,Sandy,46.3,No,No,Local,6.98
Lagos,Maize,2.67,2384.2,27.4,6.94,Clay,147.5,Yes,No,Improved,2.47
Sokoto,Cassava,0.73,348.1,32.4,5.95,Sandy,93.2,No,No,Improved,11.23
Zamfara,Cassava,2.1,603.5,34.8,5.48,Loamy,36.3,Yes,No,Local,8.98
Akwa Ibom,Cassava,18.62,1645.7,30,5.36,Loamy,79.1,No,No,Improved,11.19
FCT,Sorghum,1.21,1202.2,28.8,5.07,Sandy,29.9,No,No,Improved,1.47
Anambra,Yam,1.28,2268.4,27.9,5.77,Loamy,141.9,Yes,No,Improved,10.56
Niger,Sorghum,0.69,1053.2,25.1,6.82,Loamy,43,Yes,No,Local,1.6
Ondo,Rice,2.97,1616.3,22,5.23,Loamy,48,Yes,No,Local,2.55
Jigawa,Cassava,1.66,325.5,31.9,5.44,Sandy,107.8,Yes,No,Improved,12.15
Kebbi,Maize,0.59,820.4,29.8,6.44,Loamy,127.2,No,No,Local,2.15
FCT,Yam,1.23,1086.9,31.5,6.67,Loamy,93.4,No,No,Improved,7.24
Oyo,Rice,3.46,2350.7,22.2,4.75,Loamy,23.1,Yes,Yes,Local,2.76
Plateau,Cassava,0.5,1292.1,26.5,6.68,Sandy,102,No,No,Improved,11.97
Zamfara,Maize,2.29,785.2,29.4,6.3,Clay,99,Yes,No,Local,2.5
Delta,Sorghum,2.24,1937.8,23.6,6.29,Sandy,184.7,Yes,Yes,Local,0.8
Anambra,Sorghum,1.22,1938.2,24.7,6.21,Clay,90.3,No,Yes,Local,1.3
Osun,Yam,2.12,2410.9,28.3,5.67,Loamy,116.6,No,No,Local,6.87
Cross River,Rice,2.66,2409,23,4.18,Clay,87.7,No,No,Local,1.23
Katsina,Cassava,4.08,691.1,34.9,4.75,Sandy,71.7,No,No,Local,9.71
FCT,Sorghum,1.47,1381.7,26.4,5.09,Clay,16.7,No,No,Local,0.9
Borno,Rice,7.87,370.7,32.1,5.18,Clay,109.3,Yes,No,Local,2.48
Lagos,Rice,2.92,1722.8,27.5,6.96,Loamy,99.3,Yes,No,Improved,3.73
Oyo,Cassava,1.06,2054.1,27.3,4.71,Sandy,70.7,Yes,No,Improved,12.1
Taraba,Maize,2.25,1402.2,25.5,5.42,Sandy,169,No,No,Local,1.55
Niger,Cassava,0.55,1438.1,26.2,5.62,Loamy,73.5,No,No,Local,9.85
Lagos,Yam,3.43,2081.2,25.9,5.51,Clay,185.7,No,No,Improved,7.52
Bayelsa,Rice,1.04,2246.3,25.7,5.56,Clay,80,Yes,Yes,Local,2.74
Akwa Ibom,Maize,1.86,2148.2,28.2,5.45,Sandy,101.2,Yes,No,Local,2.3
Kogi,Cassava,0.2,1353.1,29.3,5.84,Clay,77.9,Yes,No,Improved,10.39
Abia,Cassava,0.78,1859,27,5.51,Sandy,43.7,No,No,Local,6.95
Kano,Maize,1.23,764.4,33.9,7.13,Loamy,179.6,No,No,Improved,2.34
Cross River,Rice,1.46,2345.5,23.6,5.69,Clay,132.5,Yes,No,Local,3.19
Yobe,Cassava,0.8,385.9,30.3,5.18,Sandy,97.4,No,No,Improved,10.1
Taraba,Yam,0.89,1327.6,28.9,5.33,Sandy,119.2,Yes,No,Local,6.84
Kaduna,Cassava,1.37,876.4,32.4,6.74,Sandy,45.6,Yes,Yes,Improved,12.97
Edo,Maize,1.22,2279.9,29.2,7.51,Loamy,143.9,Yes,No,Improved,1.97
Delta,Cassava,5.46,2445,29.6,5.37,Loamy,55.2,Yes,No,Local,7.17
Ekiti,Yam,2.28,2059.3,29.2,6.26,Clay,62.7,No,No,Improved,6.19
Oyo,Sorghum,1.71,2176.9,24.9,6.7,Clay,123.5,Yes,No,Local,0.98
Jigawa,Rice,4.36,398,32.9,6.39,Sandy,62.5,No,No,Improved,1.68
Anambra,Rice,2.13,1992.1,22.7,6.4,Loamy,50.1,No,No,Local,3.39
Kaduna,Rice,3.76,876.9,29.5,5.84,Loamy,65.9,No,No,Local,2.33
Jigawa,Sorghum,1.25,393.2,33.4,6.74,Clay,59,No,Yes,Improved,1.89
Ebonyi,Cassava,5.86,1949.1,29.9,6.04,Loamy,43.8,No,No,Improved,8.5
Anambra,Maize,0.77,2318.7,29.5,7.16,Clay,67.1,Yes,No,Improved,2.27
Taraba,Maize,0.42,1264.5,27.6,6.4,Sandy,74.9,No,No,Local,2.06
Zamfara,Sorghum,11.5,840.9,28.7,6.41,Sandy,59.2,No,No,Local,1.31
Kogi,Cassava,0.34,1289.4,29.7,5.62,Loamy,125.9,No,No,Local,8.08
Borno,Yam,1.79,629.7,30.6,6.52,Sandy,94.3,Yes,No,Local,7.52
Delta,Sorghum,0.33,2083.6,24,5.72,Clay,54.4,No,No,Improved,1.07
Gombe,Yam,2.62,685.9,28.2,5.87,Sandy,67.2,Yes,No,Improved,9.54
Bayelsa,Cassava,2.32,1892.9,29.7,6.53,Loamy,47.3,No,No,Improved,10.83
Abia,Cassava,0.84,2255.3,26.1,6.1,Clay,196.3,No,No,Improved,10.17
Ondo,Yam,4.46,2403.9,26.2,5.83,Loamy,82,Yes,No,Local,7.09
Ebonyi,Cassava,0.69,1897.8,24.7,5.14,Loamy,136.2,No,No,Local,7.51
Kebbi,Rice,3.49,765.8,33.3,6.43,Sandy,146.6,Yes,Yes,Improved,4.16
Taraba,Sorghum,1.91,1115.4,25.7,5.03,Sandy,125.7,No,No,Improved,0.95
Yobe,Yam,2.09,697.8,31.6,6.7,Loamy,135.3,Yes,Yes,Local,8.55
Ogun,Yam,4.71,2187.8,23.6,5.33,Loamy,121.8,No,No,Improved,7.55
Ebonyi,Maize,10.23,2231.2,24.8,6.14,Loamy,85.3,Yes,No,Local,2.61
Enugu,Cassava,3.79,1972.5,26.7,5.95,Clay,114.6,No,No,Local,12.64
Delta,Maize,1.47,2188.1,25.3,5.63,Loamy,191.1,No,No,Local,2.07
Imo,Maize,1.35,2191.8,27.3,5.42,Clay,149.4,Yes,No,Local,1.92
Jigawa,Yam,0.92,422.3,32.3,6.65,Sandy,68.2,No,No,Improved,9.57
Anambra,Rice,2.67,1691.8,27.1,5.33,Clay,136,No,Yes,Local,3.86
Zamfara,Rice,1.44,868.7,29.2,5.91,Loamy,100.3,Yes,Yes,Improved,4.34
Delta,Maize,1.54,2025.5,28.4,4.78,Loamy,112.1,No,No,Local,1.97
Rivers,Maize,0.8,2256.9,24.7,5.71,Clay,91.2,No,No,Improved,2.03
Nasarawa,Rice,2.17,1211.5,28,4.87,Clay,131.8,Yes,No,Improved,3.18
Sokoto,Sorghum,4.04,474,32.5,5.61,Clay,34.8,No,No,Improved,1.66
Lagos,Rice,0.54,2334.3,29.5,5.75,Loamy,113,No,No,Local,2.82
Niger,Maize,3.17,1413.9,31.5,5.23,Sandy,141,No,No,Improved,2.97
FCT,Sorghum,2.24,1117,31.7,6.07,Clay,56.1,No,No,Improved,1.6
Nasarawa,Yam,2.14,1086.1,30.1,5.3,Loamy,158.9,Yes,No,Improved,8.2
Akwa Ibom,Maize,1.24,2474.1,23.6,6.92,Clay,126.2,No,No,Improved,2.43
Bauchi,Sorghum,4.97,801.5,29.5,6.18,Clay,12.8,No,No,Local,1.27
Benue,Sorghum,2.83,1224.6,26.2,5.78,Sandy,76.3,No,No,Improved,1.57
Kaduna,Sorghum,1.26,883.5,27.9,6.33,Loamy,122.6,No,No,Improved,0.38
Abia,Sorghum,1.98,1661.9,26.8,6.4,Loamy,4.1,No,No,Local,0.97
Kaduna,Yam,2.25,757.6,31.1,5.57,Loamy,119.2,No,No,Improved,9.89
Yobe,Yam,1.23,628.3,34.9,5.83,Clay,109.5,Yes,No,Improved,11.69
Gombe,Yam,0.37,644.9,28.3,5.93,Sandy,160.1,Yes,No,Improved,8.7
Delta,Sorghum,1.85,2108.6,27.2,5,Loamy,46.6,No,No,Local,0.8
Akwa Ibom,Yam,3.27,1747,25.3,5.79,Clay,79.4,No,No,Improved,9.14
Taraba,Yam,1.28,1262.3,24.2,6.97,Loamy,136.8,Yes,No,Local,9.36
Adamawa,Maize,1.76,1219,27.9,6.23,Clay,182.6,No,Yes,Improved,2.67
Ekiti,Rice,0.53,1910.5,26.3,6.35,Clay,140.8,No,No,Improved,3.73
Gombe,Maize,1.38,891.7,31.8,6.71,Sandy,151.6,No,No,Improved,2.8
Katsina,Maize,1.07,571.8,31.4,6.2,Sandy,129.3,No,No,Local,2.13
Adamawa,Maize,1.28,1239.4,26.1,5.51,Loamy,132.4,No,Yes,Local,2.78
Ondo,Sorghum,2.98,1747.7,25.7,6.5,Loamy,115.8,Yes,No,Local,1.24
Yobe,Rice,0.9,470.3,30.7,6.52,Sandy,65.4,No,No,Improved,2.73
Jigawa,Maize,2.47,439.8,37.9,6.01,Sandy,136.2,No,No,Improved,2.43
Ogun,Sorghum,1.63,2365.5,24,5.84,Clay,67.8,No,No,Local,1.11
Jigawa,Sorghum,2.77,495.9,29.5,6.32,Sandy,43.5,No,No,Local,1.6
Osun,Maize,1.56,1538.9,22.3,5.21,Clay,108.3,No,Yes,Local,1.91
Jigawa,Rice,1.5,315.9,36,4.61,Sandy,113.8,No,No,Local,2.18
Katsina,Cassava,2.46,512.4,31.8,5.86,Sandy,115.9,Yes,No,Improved,11.28
Ekiti,Maize,0.68,2224.5,26.5,6.6,Clay,109.6,No,No,Local,1.82
Kwara,Maize,3.48,1119,26.2,5.79,Loamy,174.3,Yes,No,Improved,2.74
Katsina,Sorghum,0.67,693.8,33.7,5.15,Sandy,65,No,No,Local,1.18
Niger,Yam,1.54,1118.7,28.8,4.74,Loamy,165.6,Yes,No,Improved,7.78
Enugu,Yam,0.2,2355.1,24.6,6.49,Loamy,69.9,No,Yes,Local,8.17
Delta,Maize,3.14,1712.5,28.3,6.28,Loamy,97.8,No,No,Improved,3.04
Osun,Yam,1.07,1813.2,28.9,5.65,Loamy,103.8,No,No,Improved,9.97
Yobe,Sorghum,2.98,682.8,29.8,5.23,Loamy,37.1,No,No,Local,1.33
Cross River,Maize,2.71,2194.4,23.4,6.15,Clay,130,No,No,Improved,2.21
Kaduna,Cassava,1.17,660,27.2,5.68,Clay,86,No,No,Local,7.35
Akwa Ibom,Yam,1.94,2096,22.5,5.74,Loamy,107.5,No,No,Improved,8.91
Plateau,Maize,5.8,1152.1,31,6.06,Clay,165.1,No,Yes,Local,2.54
Gombe,Rice,1.46,910.8,26.3,6.98,Loamy,201.2,Yes,Yes,Local,2.74
Rivers,Maize,2.66,1688.7,29.2,6.57,Loamy,166.7,No,No,Local,1.63
Gombe,Rice,2.5,848.3,29.7,5.85,Sandy,90.9,No,No,Local,1.3
Lagos,Rice,0.39,1969.8,28,6.04,Sandy,201.6,Yes,Yes,Improved,4.33
Cross River,Cassava,1.92,1517.8,25.5,5.98,Sandy,84.1,No,No,Local,10.48
Taraba,Maize,0.74,1147.6,28,5.09,Loamy,34.4,No,No,Local,1.38
Ebonyi,Cassava,1.57,2206.3,26.5,5.66,Clay,138.6,No,No,Improved,10
Abia,Maize,0.95,1798.1,22.6,6.09,Clay,119.9,No,No,Improved,2.01
Ebonyi,Sorghum,1.41,1781,29.8,6.1,Clay,77.5,Yes,No,Local,1.36
Kaduna,Rice,3.71,989.2,31.8,7.06,Loamy,124,Yes,No,Local,3.15
Ekiti,Maize,4.14,1948.7,27.5,5.75,Sandy,186.6,No,No,Improved,2.42
Gombe,Yam,1.38,963.4,30.4,5.69,Loamy,49.9,Yes,Yes,Local,9.48
Jigawa,Yam,0.3,485,30.9,6.49,Loamy,127.4,Yes,Yes,Local,10.36
Borno,Maize,0.25,405.9,32.1,6.37,Loamy,78.6,No,No,Improved,2.82
Zamfara,Yam,0.51,613.3,33.5,6.32,Loamy,79,Yes,No,Local,8.31
Kano,Cassava,9.42,686.5,28.9,5.2,Clay,89,No,No,Local,7.95
Osun,Cassava,1.89,1617.4,23.7,5.28,Clay,36,No,No,Improved,9.95
Jigawa,Cassava,7.26,540,32.6,5.62,Sandy,66.9,No,No,Improved,11.06
Kwara,Cassava,9.96,1224.5,30.5,5.4,Loamy,28.9,No,No,Improved,10.12
Ebonyi,Sorghum,0.47,2351.2,26.9,4.92,Sandy,80.6,No,No,Improved,1.45
Yobe,Maize,0.52,593.7,32.2,6.22,Sandy,147.6,No,No,Local,1.91
Lagos,Cassava,0.34,2175.8,22.4,6.74,Loamy,144.1,Yes,No,Local,7.9
Delta,Rice,1.02,2414.4,25.7,5.74,Clay,156.1,No,No,Improved,3.76
Cross River,Sorghum,0.47,1624.6,23.3,5.87,Clay,51.7,Yes,No,Improved,1.98
Osun,Sorghum,0.45,1536.2,25.4,6.23,Clay,57.2,No,No,Improved,1.57
Ogun,Rice,1.8,1792.5,26.2,4.49,Clay,124.7,Yes,No,Local,2.51
Delta,Rice,3.34,1852.3,22.2,6.01,Loamy,44.3,No,No,Local,2.67
Katsina,Maize,0.84,597.6,37.8,6.34,Loamy,18.7,Yes,No,Improved,2.18
Bayelsa,Yam,0.89,2275.1,28.3,5.56,Clay,116.5,No,Yes,Local,9.74
Katsina,Sorghum,13.02,684.4,31,6.03,Sandy,117.1,No,No,Improved,1.17
Borno,Cassava,0.94,582,35.8,5.19,Loamy,93.9,Yes,No,Improved,11.42
Bauchi,Yam,0.98,660.3,32.4,6.32,Clay,179.4,Yes,No,Improved,9.29
Borno,Maize,5.82,642.4,28.5,6.63,Sandy,53.3,No,No,Local,2.13
Sokoto,Rice,0.81,461.8,28.8,5.66,Sandy,80.5,Yes,No,Local,2.79
Benue,Maize,1.76,1394,26.9,5.16,Loamy,163,No,No,Local,1.91
Ekiti,Rice,1.72,1754,26.6,5.47,Clay,76.9,No,Yes,Improved,4.24
Kwara,Sorghum,0.68,1234.9,28.2,6.65,Clay,7.2,No,Yes,Local,1.15
Kebbi,Yam,0.9,768.3,30.9,6.29,Clay,98.7,No,No,Improved,8.41
Niger,Yam,0.6,1349.2,24.2,5.93,Sandy,25.9,No,No,Improved,9.03
Enugu,Maize,1.63,1779.3,25.6,6.17,Loamy,112.8,No,No,Improved,2.57
Ebonyi,Maize,4.53,2197.2,29.7,6.78,Loamy,108.3,Yes,No,Local,1.97
Adamawa,Yam,12.45,1239.2,28.1,5.64,Sandy,109.3,No,No,Improved,10.89
Zamfara,Sorghum,2.49,826,33.8,5.38,Loamy,35.1,No,No,Improved,1.25
Edo,Maize,10.47,2201.9,27.2,7.15,Clay,77.7,No,No,Local,2.2
Adamawa,Maize,1.43,1284.3,25.6,5.69,Clay,93.6,No,No,Local,2.66
Ondo,Rice,1.8,2271.9,26.4,5.98,Clay,73.2,No,No,Improved,3.16
Plateau,Cassava,2.28,1271.3,28.2,4.45,Loamy,90.3,No,No,Local,8.59
Yobe,Maize,1.21,534.7,37.7,5.66,Loamy,113.6,No,No,Local,1.82
Osun,Cassava,0.35,2170.4,22.8,6.57,Clay,61.2,No,No,Local,6.67
Oyo,Cassava,1.4,2499.1,27.1,5.97,Loamy,82.2,No,No,Local,9.37
Nasarawa,Rice,2.4,1041.1,25.3,5.06,Loamy,38.9,No,No,Improved,2.71
Abia,Sorghum,0.54,2070.4,23.5,4.86,Loamy,74,Yes,No,Local,1.24
Nasarawa,Cassava,1.33,1152.6,25.1,6.03,Sandy,83.9,Yes,No,Local,8.7
Katsina,Cassava,2.64,516.6,34.4,5.6,Loamy,0,No,No,Improved,7.75
Rivers,Yam,0.91,1942.2,26.2,6.11,Loamy,67.3,No,Yes,Improved,8.38
Yobe,Maize,1.23,358.4,28.2,6.11,Sandy,93.6,No,Yes,Local,2.39
Ebonyi,Rice,0.59,1745.8,28.5,6.1,Clay,92.5,No,No,Local,2.79
Kano,Sorghum,2.95,648,26.7,4.88,Loamy,113.5,No,No,Local,1.09
Ebonyi,Maize,8.87,2224.4,22.8,5.88,Sandy,130,Yes,No,Local,2.03
Bauchi,Sorghum,1.13,756.8,27.6,5.95,Loamy,167.2,Yes,No,Improved,1.25
Kaduna,Maize,3.31,775.1,26.1,5.41,Sandy,98.6,No,No,Improved,2.59
Cross River,Cassava,0.38,1860.9,29.6,5.59,Loamy,171.6,Yes,No,Local,8.77
Imo,Sorghum,9.17,1646,29.2,5.18,Clay,29.6,No,No,Local,1
Niger,Maize,0.74,1336.7,30.9,6.49,Sandy,84.2,Yes,No,Improved,2.75
FCT,Maize,0.69,1370.4,31.7,6.17,Sandy,97.4,No,No,Local,1.98
Kano,Rice,1.09,880.2,29.6,6.42,Sandy,175.2,Yes,Yes,Local,3.97
Benue,Maize,2.69,1076.1,27.6,4.84,Loamy,78.5,Yes,No,Local,2.07
Kwara,Maize,1.44,1057.6,31.8,5.57,Loamy,125.2,No,No,Improved,2.33
Sokoto,Yam,0.33,619.4,28,6.08,Sandy,127.7,Yes,No,Improved,8.69
Niger,Sorghum,1.15,1402.3,25.9,6.65,Loamy,52.8,Yes,No,Local,1.2
Ondo,Maize,1.63,1680.4,27,6.07,Loamy,103.9,No,No,Improved,2.73
Nasarawa,Yam,1.84,1066.6,31.7,5.05,Sandy,38.3,No,No,Local,6.37
Benue,Yam,0.85,1018.8,29.9,5.46,Loamy,100,No,No,Local,8.77
Jigawa,Sorghum,0.98,517.8,35.8,7.89,Sandy,43.4,No,No,Local,1.22
Katsina,Rice,1.18,555.4,30.1,5.12,Sandy,26.4,Yes,Yes,Local,3.17
Enugu,Maize,5.97,1786.7,22.5,6.45,Clay,105.3,No,No,Improved,2.62
Yobe,Rice,2.36,607.1,31.1,6.04,Sandy,83.5,Yes,Yes,Local,3.17
Delta,Yam,2.69,2412,26.3,5.97,Clay,133.4,No,No,Local,7.96
Lagos,Sorghum,2.71,2210.8,28.8,5.07,Clay,91.2,No,No,Local,1.14
FCT,Cassava,2.28,1276.5,30.7,6.04,Loamy,86.1,No,No,Local,10.17
Cross River,Sorghum,1.49,2112.6,26.1,6.37,Loamy,28.7,No,Yes,Local,1.29
Kwara,Maize,0.54,1462.5,24.4,6.55,Sandy,68.5,No,No,Local,2.4
Lagos,Maize,0.2,2146.4,24.8,7.58,Clay,101.4,Yes,No,Improved,1.39
Kwara,Rice,2.69,1412.6,29.2,6.67,Sandy,154,Yes,No,Local,4.03
Borno,Rice,1.28,615.1,31.2,6.96,Loamy,106.4,Yes,No,Local,2.18
Kogi,Maize,2.61,1445.6,25.6,6.73,Clay,216.4,No,No,Local,2.03
Delta,Maize,2.43,2180.8,26,5.98,Clay,130.5,Yes,No,Improved,2.5
Osun,Sorghum,0.3,2073,24.5,6.59,Clay,56.3,No,Yes,Improved,1.52
Niger,Sorghum,0.48,1238.3,30,6.86,Loamy,153.4,No,Yes,Improved,0.54
Ekiti,Sorghum,4.11,1679.7,26.3,7.27,Loamy,12,No,Yes,Improved,1.23
Enugu,Maize,2.67,1781,22.1,6.51,Sandy,70.8,No,No,Local,2.31
Benue,Cassava,0.5,1184.8,25.1,6.65,Loamy,78.3,Yes,No,Improved,13.45
Adamawa,Maize,2.61,1151.9,25.3,5.2,Loamy,54.4,No,No,Local,2.02
Bayelsa,Maize,2.51,2135.1,28.3,6.7,Clay,137.7,Yes,No,Local,2.06
Kebbi,Maize,0.45,951.7,31.9,5.99,Clay,135.5,No,No,Improved,2.17
Niger,Rice,0.39,1007.5,28,5.53,Clay,42.2,No,No,Improved,1.1
Niger,Sorghum,1.34,1206.3,30.7,6.06,Loamy,182.6,No,No,Local,0.79
Kaduna,Rice,0.83,969.7,29.6,5.02,Loamy,94.7,No,No,Improved,3.26
Gombe,Rice,0.59,670,32.5,5.87,Loamy,109.3,No,No,Improved,3.59
Edo,Maize,1.71,1997,27.3,6.15,Clay,44.4,No,Yes,Improved,2.62
Taraba,Yam,2.75,1385.5,31.5,6.16,Sandy,80.5,No,No,Local,5.7
Imo,Cassava,2.28,2360.7,22.1,5.84,Clay,27.5,Yes,Yes,Local,8.1
Kogi,Maize,1.33,1151,24.1,7.37,Sandy,118.3,Yes,No,Improved,2.92
Niger,Sorghum,4.53,1340.7,26.9,5.96,Loamy,10.6,Yes,No,Improved,1.53
Nasarawa,Rice,7.8,1338,27.8,5.65,Sandy,185.4,Yes,No,Improved,3.94
Kano,Maize,2.67,824.3,29.4,4.92,Clay,109.6,No,No,Local,2.04
Imo,Yam,0.59,1689.4,23.8,5.07,Loamy,111.3,No,No,Improved,10.33
Kogi,Maize,7.1,1044.4,28.6,4.06,Loamy,145.5,Yes,No,Local,2.07
Plateau,Maize,1.18,1341.2,29,6.37,Sandy,106.4,No,No,Improved,2.61
Ebonyi,Cassava,0.59,1858.5,22.1,5.99,Clay,38.8,No,No,Local,8.8
Nasarawa,Yam,0.29,1358.9,29.3,6.3,Clay,78.9,Yes,Yes,Local,9.73
Nasarawa,Cassava,3.35,1137.6,30.3,5.29,Loamy,31.1,No,No,Local,9.46
Zamfara,Cassava,2.92,914.2,26.4,6.28,Sandy,57.4,No,No,Local,7.32
Jigawa,Yam,0.92,464.3,31.8,6.87,Loamy,88.3,Yes,No,Local,7.42
FCT,Sorghum,0.79,1111.6,29.6,5.26,Sandy,21,Yes,No,Local,1.36
Ondo,Sorghum,2.38,2344.2,25.5,5.47,Sandy,55.9,No,No,Local,1.3
Oyo,Yam,0.73,1847.7,22.5,6.24,Loamy,11.6,Yes,No,Improved,9.3
Taraba,Sorghum,2.06,1253.9,25,6.1,Clay,0,No,No,Improved,1.55
Kano,Rice,0.9,989.7,29.8,6.09,Loamy,39.7,Yes,Yes,Local,2.92
Kebbi,Yam,3.88,755.1,33.6,6.06,Clay,85.7,No,No,Local,6.12
Adamawa,Yam,1.06,1009.1,31.6,5.05,Loamy,124.2,Yes,No,Local,6.88
Abia,Sorghum,0.6,1971.6,27.4,6.29,Loamy,45.3,Yes,No,Local,1.08
Kogi,Rice,3.05,1249,31.9,5.94,Loamy,64.2,No,No,Improved,3.4
Oyo,Maize,1.64,2181.8,26.9,5.69,Clay,96.2,No,No,Local,2.02
Abia,Yam,4.69,2076.3,26.5,6.72,Loamy,111.3,No,No,Improved,8.32
Akwa Ibom,Rice,0.98,1709.9,23.6,5.33,Loamy,101.5,No,Yes,Local,3.28
Ogun,Yam,2.17,1971.5,22.7,5.67,Clay,41.8,No,No,Improved,8.84
Ogun,Sorghum,1.05,1925.9,26.9,5.99,Clay,167.8,Yes,No,Local,0.78
Akwa Ibom,Rice,3.79,1804,25,5.2,Sandy,87.8,No,Yes,Local,3.11
Lagos,Yam,2.07,2290.1,23.6,5.88,Clay,112.2,Yes,No,Improved,5.23
Delta,Cassava,1.53,2362.2,25.1,6.3,Clay,39.6,No,No,Improved,9.84
Benue,Rice,2.4,1216.9,25.6,6.84,Sandy,139.9,No,No,Improved,3.43
Kaduna,Yam,0.78,854.5,28.3,6.47,Clay,85.7,No,No,Improved,10.01
Kebbi,Cassava,1.42,620.9,27.5,6.4,Clay,32.8,Yes,Yes,Improved,12.73
Bauchi,Maize,1.16,763,34.3,6.79,Sandy,174.9,No,No,Improved,2.36
Niger,Yam,1.72,1216.8,31.7,6.91,Clay,151.3,Yes,No,Improved,9.72
Kebbi,Sorghum,0.54,910.2,30.7,5.73,Loamy,27.7,No,No,Improved,1.36
Kano,Rice,2.3,813.1,34.3,5.01,Sandy,103.5,No,No,Local,2.15
Taraba,Cassava,1.09,1259.3,30.5,5.98,Loamy,123.3,No,No,Improved,12.5
Ondo,Rice,3.17,1900.7,28.5,5.82,Loamy,115.6,Yes,No,Local,3.16
Kebbi,Rice,0.79,873.6,31.5,5.87,Loamy,71,No,No,Local,2.45
Abia,Cassava,1.37,1972.5,22.6,4.41,Sandy,131.1,Yes,No,Improved,9.13
Osun,Cassava,1.47,1694.4,29,7.11,Clay,106,No,No,Improved,13.16
Ogun,Yam,0.9,2078.1,26,4.9,Loamy,178.2,No,No,Local,4.95
Yobe,Sorghum,0.79,328.9,37.7,6.39,Loamy,81.5,No,No,Improved,1.6
Bayelsa,Rice,1.06,2316.3,24.1,5.72,Clay,162.4,Yes,No,Local,2.75
Edo,Rice,1.11,1978,23.1,4.8,Loamy,16.5,No,No,Local,1.98
Enugu,Maize,4.36,2295.6,24.3,6.43,Loamy,161.8,No,Yes,Local,1.66
FCT,Yam,6.98,1424.1,29.6,6.43,Clay,31,No,No,Local,6.37
Jigawa,Sorghum,0.72,344.5,32.7,5.99,Clay,70.8,No,Yes,Improved,2.18
Osun,Yam,2.27,2050.3,27.2,6.73,Loamy,204.1,Yes,No,Local,6.32
Borno,Maize,1.11,525.6,29.7,5.68,Sandy,67.1,No,No,Improved,2.66
Adamawa,Rice,4.11,1017.6,29.7,6.08,Sandy,165.4,Yes,No,Local,2.53
Osun,Maize,0.29,2318.5,28.2,7.48,Loamy,140.1,Yes,No,Local,2.11
Abia,Sorghum,2.33,1966,28.7,5.62,Loamy,80,No,No,Improved,1.47
Osun,Cassava,0.57,1929.6,28.4,6.26,Loamy,108.3,No,Yes,Local,10.16
Plateau,Sorghum,5.4,1242.4,27.7,6.09,Clay,24.4,Yes,Yes,Local,1.53
Akwa Ibom,Rice,2.88,2468.8,23.2,6.72,Loamy,68.4,No,Yes,Local,2.49
Nasarawa,Rice,0.91,1292.2,26.3,6.64,Loamy,117.5,No,No,Improved,3.32
Ondo,Sorghum,2.73,2226.7,24.1,5.18,Clay,102.3,No,No,Improved,1.02
Cross River,Sorghum,2.99,1933.4,28.1,6.41,Clay,37.7,Yes,No,Improved,1.41
Gombe,Sorghum,2.51,854.1,28.2,6.9,Loamy,33,Yes,No,Local,1.5
Katsina,Sorghum,3.25,589.8,37,5.93,Sandy,98.9,No,No,Improved,1.46
Plateau,Rice,0.65,1133.8,24.3,5.13,Loamy,171.9,Yes,No,Local,3.18
Yobe,Cassava,3.85,498.4,31.4,5.17,Clay,109.1,Yes,No,Improved,11.21
Edo,Cassava,4.61,1741.9,29,6.17,Loamy,56.1,No,Yes,Local,10.21
Lagos,Rice,1.18,1977,24,5.74,Clay,143.2,No,No,Improved,3.86
Cross River,Yam,1.52,2464.3,25.4,5.59,Loamy,68.4,No,No,Local,6.56
Plateau,Rice,2.21,1459.7,31.2,6.07,Loamy,148.5,No,No,Local,2.69
Cross River,Cassava,0.98,2418.8,27.3,4.98,Sandy,41.7,No,No,Improved,10.59
Yobe,Cassava,7.81,675.3,31.6,6.53,Clay,64.5,No,No,Improved,11.76
Bayelsa,Yam,0.93,2189.2,26.3,6.13,Clay,140.6,No,No,Improved,9.66
Nasarawa,Sorghum,0.63,1139.6,27.6,6.29,Loamy,27.5,Yes,No,Local,1.16
Kwara,Maize,7.52,1499.4,26.1,7.62,Sandy,80.9,Yes,No,Improved,2.18
Borno,Rice,0.56,663.6,36,6.03,Sandy,56.2,Yes,No,Improved,2.54
Ogun,Rice,0.63,2352.9,27.4,6.76,Clay,113,No,Yes,Improved,3.32
Lagos,Yam,2.66,2267.6,23.9,6.24,Loamy,127.5,No,No,Local,7.92
Katsina,Yam,5.41,664.4,33.2,6.35,Sandy,34.8,Yes,No,Local,8.33
Anambra,Yam,7.97,1948.7,25,6.04,Clay,50.6,No,No,Improved,10.27
Ekiti,Yam,1.18,1581.6,25.3,5.11,Loamy,85.6,Yes,No,Local,7.51
Delta,Yam,3.86,1617.3,29,5.26,Clay,84.1,No,No,Improved,10.21
Lagos,Maize,0.97,2208.6,24.5,5.59,Sandy,76.5,No,No,Local,1.82
Adamawa,Maize,1.21,1408,24.4,5.68,Clay,179.4,Yes,No,Improved,2.21
Kano,Sorghum,1.18,780,29.9,5.95,Sandy,8,No,No,Local,1.22
Yobe,Rice,9.44,567.5,37,6.83,Sandy,65.6,Yes,No,Local,1.88
Cross River,Cassava,0.94,1782.7,23.5,5.75,Sandy,153.2,No,No,Local,9.27
Kogi,Sorghum,0.81,1012.8,25.1,4.8,Clay,115.6,No,Yes,Local,1.55
Imo,Cassava,1.24,1535.4,29.2,5.46,Sandy,125.5,No,No,Improved,9.69
Imo,Maize,7.18,2383.7,27.8,6.26,Loamy,142.7,No,No,Local,2.14
Zamfara,Yam,7.37,839.9,28,5.31,Sandy,125.3,Yes,No,Local,7.94
Osun,Maize,1.11,2160.8,26.7,4.78,Loamy,99.6,Yes,Yes,Improved,3.53
Rivers,Maize,0.26,1618.3,23.3,5.96,Loamy,123,No,No,Local,2.31
Cross River,Maize,0.2,2387.2,25,6.05,Loamy,112.6,Yes,No,Local,2.28
Imo,Sorghum,3.77,2174.1,28,4.35,Clay,120,No,No,Local,0.88
Ondo,Maize,0.63,2292.6,22.6,5.87,Loamy,79.9,Yes,No,Local,2.03
Jigawa,Sorghum,2.4,396,30,6.38,Sandy,125.7,No,No,Improved,1.38
Sokoto,Cassava,0.99,324.8,29.4,5.68,Sandy,56.3,Yes,No,Improved,9.75
Bayelsa,Cassava,4.28,1634.4,23,6.79,Clay,134.5,No,Yes,Improved,12.43
Enugu,Yam,2.52,1934.1,23.8,5.35,Loamy,131.3,No,No,Improved,8.99
Kaduna,Sorghum,1.85,800.1,34.9,6.67,Loamy,38.3,Yes,No,Local,1.62
Yobe,Rice,7.37,524.4,29.8,6.91,Sandy,115.2,No,No,Local,2.23
Benue,Yam,0.63,1074.7,26.7,5.64,Clay,184.1,No,No,Local,6.56
Oyo,Maize,3.97,1744.5,25.8,6.24,Loamy,138.6,Yes,No,Improved,2.78
Kano,Maize,1.07,770.1,34.7,5.71,Sandy,117.4,No,No,Local,2.09
Enugu,Maize,1.52,2325.3,25.7,5.56,Sandy,143.4,Yes,No,Improved,2.8
Delta,Rice,1.88,1628.8,29.7,5.52,Clay,130.8,No,No,Improved,3.28
Kogi,Rice,1.2,1166.8,26,5.41,Loamy,128.7,Yes,No,Improved,3.72
FCT,Sorghum,2.15,1419.2,29.7,7.49,Loamy,45.3,Yes,No,Improved,1.58
Osun,Cassava,3.92,2012.8,23.5,5.36,Clay,69.7,No,No,Improved,10.57
Plateau,Yam,0.65,1360.9,24.8,8.24,Clay,146.6,No,No,Local,6.73
Kebbi,Maize,0.39,888.4,33.6,6.57,Clay,90.1,No,No,Local,1.98
Delta,Maize,2.45,1781.1,22.2,5.93,Loamy,97.5,No,No,Local,1.78
Kogi,Maize,0.87,1111.5,24.4,5.97,Sandy,103.9,No,No,Improved,3.08
Anambra,Cassava,2.96,2315.9,28.1,5,Clay,120.6,Yes,Yes,Local,12.79
Anambra,Yam,0.78,2123.8,27,5.35,Clay,87,No,No,Local,9.32
Lagos,Maize,1.64,1528.2,23.4,5.41,Loamy,29.2,No,No,Local,1.67
Enugu,Sorghum,1.14,2385.6,24.4,6.04,Loamy,41.6,No,No,Local,1.13
Benue,Yam,2.13,1215.3,25.8,6.23,Clay,28.8,Yes,No,Improved,8.95
Bayelsa,Sorghum,0.32,2102.3,26.6,6.58,Clay,0,Yes,No,Local,1.14
Bayelsa,Yam,3.05,1549.6,25.4,7.19,Loamy,113.2,Yes,No,Improved,9.56
Taraba,Rice,0.34,1055.8,29.6,7,Loamy,186.1,No,No,Local,2.84
Plateau,Maize,5.04,1216,27.6,6.56,Clay,135.9,No,No,Improved,2.56
Lagos,Cassava,1.75,1719,27.3,5.56,Loamy,36.5,Yes,No,Improved,10.66
Ebonyi,Maize,2.81,1709.2,25.4,6.14,Clay,106.5,Yes,No,Local,2.36
Kano,Yam,4.39,651,28.4,5.31,Loamy,91.7,Yes,Yes,Local,7.45
Zamfara,Cassava,1.23,911,33.7,6.38,Sandy,78.5,Yes,No,Local,7.96
Yobe,Yam,2.4,420.5,30.1,5.57,Loamy,56.9,No,No,Local,6
Kano,Sorghum,3.95,883.9,34.2,5.08,Loamy,45.6,No,No,Local,1.19
Kwara,Cassava,0.64,1417,27.4,5.04,Clay,136.8,No,No,Improved,10.68
Rivers,Sorghum,0.96,1917.3,24.4,6.32,Clay,22.8,No,No,Improved,1.33
Nasarawa,Sorghum,1.61,1002.6,25.7,6.74,Loamy,0,No,No,Improved,1.19
Kwara,Yam,0.7,1099.5,26.1,6.39,Clay,161.2,Yes,No,Local,7.05
Bayelsa,Rice,4.2,2319.7,28.5,5.71,Clay,108.2,Yes,No,Local,3.36
Anambra,Sorghum,3.3,2114.1,22.4,5.12,Clay,88.3,Yes,No,Improved,1.73
Yobe,Rice,5.32,537,31.1,5.56,Sandy,133.2,No,No,Improved,3.33
Oyo,Maize,0.24,2336.5,29.3,5.13,Loamy,76,No,No,Improved,2.16
Zamfara,Yam,17.99,715.6,27.4,6.09,Sandy,136.4,No,No,Improved,9.43
Niger,Cassava,2.09,1149.9,28.6,6.6,Loamy,96.9,No,Yes,Improved,4.6
Delta,Cassava,2.1,2006.8,24.7,5.43,Loamy,88.4,Yes,No,Improved,12.68
Akwa Ibom,Rice,0.67,2199.3,27.1,6.04,Clay,133,Yes,No,Improved,3.7
Sokoto,Sorghum,0.96,594.8,32.9,6.26,Sandy,64.4,No,No,Improved,1.86
Edo,Sorghum,7.71,2018.4,23.6,7.04,Loamy,100.4,No,No,Improved,1.34
Bayelsa,Maize,1.13,1953.4,28.3,5.86,Clay,139.1,Yes,No,Local,2.01
Cross River,Cassava,1.09,2080.2,25.5,5.17,Clay,112.8,No,Yes,Improved,13.35
Ondo,Rice,2.48,1952.9,25.9,6.14,Loamy,93.6,Yes,No,Local,3.35
Adamawa,Cassava,5.21,1111.5,28.4,5.45,Clay,256,Yes,No,Local,5.56
Abia,Cassava,1.63,1538.7,26.9,5.96,Loamy,89.4,No,Yes,Local,8.52
Enugu,Yam,7.93,2092.3,29.6,5.79,Clay,60.8,No,Yes,Local,8.64
Oyo,Sorghum,1.37,1533,23.3,6.06,Clay,7.2,Yes,No,Local,1.07
Taraba,Sorghum,1.75,1308.9,30.5,4.99,Loamy,106.5,No,No,Improved,1.47
Ondo,Sorghum,2.31,2483.3,25.5,5.26,Loamy,61.1,Yes,No,Local,1.03
Sokoto,Yam,1.79,615.4,34,6.03,Sandy,107.2,No,No,Local,6.03
Ondo,Rice,1.14,1739.9,24,6.07,Clay,153,No,No,Improved,4.37
Taraba,Yam,1.7,1422.5,29.3,6.03,Sandy,66.1,No,No,Improved,8.16
Nasarawa,Maize,2.5,1360.3,26.4,7.32,Clay,177.9,No,No,Local,1.77
Ebonyi,Rice,6.42,1750.3,29.1,5.58,Loamy,66,Yes,No,Local,2.75
Bayelsa,Sorghum,1.59,2421.1,24.1,7.63,Sandy,80,Yes,No,Improved,1.13
Ogun,Cassava,0.2,1575.1,29.9,6.02,Clay,77.4,No,No,Improved,10.38
Oyo,Maize,3.97,1891.1,22.4,6.52,Sandy,188.7,Yes,No,Local,1.95
FCT,Sorghum,0.55,1452.2,27.8,6.14,Loamy,59.7,No,No,Local,1.41
Kaduna,Rice,0.73,889,31.2,6.68,Sandy,88.2,Yes,No,Improved,3.58
Osun,Sorghum,0.89,2004.5,23.1,5.57,Clay,26.2,Yes,No,Local,1.16
Yobe,Sorghum,2,580.1,35.9,5.68,Sandy,0,Yes,No,Improved,1.38
Imo,Maize,1.46,2056.6,30,6.89,Clay,107.8,No,No,Local,1.8
Kebbi,Sorghum,1.5,851.4,27.4,6.47,Sandy,162.1,Yes,No,Local,1.02
Ekiti,Maize,1.26,2365.6,26.9,5.67,Clay,63,No,No,Improved,2.6
Borno,Maize,1.36,481.9,32.3,6.49,Clay,106.8,Yes,No,Local,1.85
FCT,Sorghum,3.5,1099.6,31.6,7.02,Sandy,42.8,Yes,No,Local,1.28
Jigawa,Yam,3.62,648.1,33.2,6.01,Sandy,104.7,Yes,No,Improved,9.85
Osun,Maize,1.86,1908.9,28.2,5.8,Clay,107.6,No,No,Improved,3.07
Yobe,Sorghum,1.25,348,37.8,6.03,Sandy,0,Yes,Yes,Local,1.5
Kwara,Sorghum,4.04,1259.3,30.7,5.68,Loamy,106.9,No,No,Local,1.14
Jigawa,Yam,1.37,672.2,34.3,6.22,Clay,123,Yes,Yes,Improved,10.28
Delta,Cassava,1.03,1749,23.2,6.07,Clay,86.6,No,No,Improved,9.68
Kebbi,Sorghum,1.16,764.6,28.9,5.81,Sandy,43.1,No,No,Local,1.27
Benue,Cassava,6.08,1492.8,29.5,6.14,Clay,120,Yes,No,Local,9.35
Ondo,Sorghum,2.41,2000.2,29.4,5.43,Clay,76.6,No,No,Improved,1.49
Oyo,Cassava,1.09,2013.1,28.6,6.91,Sandy,58.3,No,No,Local,8.11
Akwa Ibom,Maize,0.72,1552.3,29.2,6.04,Loamy,114.2,No,No,Local,2.3
Rivers,Maize,0.47,2007.3,23.4,6.21,Clay,75.7,Yes,Yes,Improved,3.21
Lagos,Sorghum,0.42,2031.4,27.3,5.35,Clay,47.6,No,No,Local,1.2
Lagos,Cassava,1.95,2193.5,27.7,6.02,Clay,81.5,No,Yes,Local,9.62
Ondo,Rice,2.91,2378.5,25.6,5.99,Loamy,152.7,No,No,Improved,4.57
Oyo,Sorghum,0.23,1867.1,28.8,6.47,Loamy,123.6,No,Yes,Local,1.16
Kebbi,Rice,1.27,657.5,28,5.96,Clay,129.8,Yes,Yes,Local,2.93
Edo,Sorghum,1.58,2120.3,25.6,4,Sandy,97.3,No,No,Local,1.03
Edo,Yam,0.91,2003.3,25.7,4.92,Loamy,77.1,Yes,No,Improved,8.85
Borno,Maize,6.43,548.7,37.9,5.38,Loamy,105.3,Yes,No,Local,0.68
Bauchi,Maize,0.91,631,33.8,6.05,Loamy,101.3,No,No,Improved,2.58
Gombe,Rice,1.53,900.3,32.8,6.12,Sandy,132.2,Yes,No,Local,3.65
Ondo,Sorghum,0.32,2291.8,27.2,5.46,Clay,46.2,Yes,No,Improved,1.62
Edo,Yam,1.55,2449.1,27,6.1,Sandy,104.1,Yes,No,Local,2.76
Anambra,Maize,1.66,2150.6,29.1,6.41,Sandy,80.3,Yes,No,Improved,2.53
Enugu,Maize,0.96,2044.5,25.3,5.91,Loamy,45.7,No,No,Improved,1.94
Rivers,Rice,0.85,1778.6,28.7,5.23,Loamy,110.4,Yes,No,Improved,3.82
Anambra,Cassava,0.91,1625.5,22.6,6.18,Loamy,41.3,Yes,No,Improved,8.94
Enugu,Maize,2.32,2096.9,27.5,5.28,Loamy,69,No,No,Local,1.99
Bayelsa,Sorghum,1.49,1680.2,25.5,4.94,Sandy,61.7,No,No,Improved,1.68
Plateau,Cassava,0.61,1115.7,25.7,5.56,Clay,94.7,No,Yes,Improved,12.79
Gombe,Sorghum,1.34,601.8,27.9,5.57,Sandy,0,No,No,Local,1.03
Rivers,Rice,3.09,2438.6,23.9,5.66,Loamy,115.8,No,No,Local,3.27
Yobe,Rice,0.85,423.6,37.5,6.66,Sandy,79.4,Yes,No,Local,2.64
Nasarawa,Sorghum,2.41,1424,25.6,5.74,Loamy,61,No,No,Improved,1.64
Niger,Cassava,0.29,1302.9,26,6.94,Loamy,140.9,Yes,No,Local,7.65
Ebonyi,Rice,0.22,2179.3,29.3,7.21,Loamy,125.1,No,No,Local,3.25
Gombe,Maize,0.78,841.4,32.8,4.8,Clay,156.3,No,No,Improved,3
Enugu,Cassava,1.05,2132.2,28,6.13,Sandy,95.6,No,No,Improved,9.88
Cross River,Sorghum,1.08,2131,29.2,6.84,Clay,117,Yes,No,Local,0.96
Imo,Rice,1.76,1775.5,29.9,6.21,Loamy,131.9,No,No,Local,2.88
Kano,Sorghum,0.26,733.9,32.6,5.01,Loamy,96.3,Yes,No,Local,1.11
Osun,Rice,1.72,1823.8,24.3,6.13,Clay,125.5,Yes,No,Local,3.28
Kogi,Sorghum,0.56,1133.9,27.8,5.78,Loamy,89.8,No,No,Improved,1.46
Edo,Rice,1.24,1567.8,27.6,5.84,Clay,84.1,Yes,No,Local,3.4
Yobe,Sorghum,0.74,393.3,33.7,6.5,Loamy,49.1,Yes,No,Improved,1.76
Delta,Sorghum,1.65,1801.2,26.6,6.43,Sandy,56.1,No,No,Local,1.19
Gombe,Sorghum,1.09,868,29.4,4.79,Loamy,117.9,Yes,No,Local,1.24
Ekiti,Maize,4.38,1758.4,26.2,6.23,Loamy,110.9,Yes,Yes,Improved,2.65
Nasarawa,Yam,0.9,1331.8,27.5,5.6,Clay,160.9,No,No,Improved,9.87
Nasarawa,Cassava,0.68,1357.5,31.1,5.11,Loamy,57.5,Yes,No,Local,8.27
Gombe,Yam,1.95,652.3,31.2,5.45,Sandy,207.4,Yes,No,Local,5.2
Enugu,Rice,1.95,2219.4,25.7,6.54,Clay,102.9,No,No,Improved,3.37
Anambra,Maize,3.45,1830.5,22.1,5.84,Loamy,69.6,No,No,Improved,2.11
Abia,Sorghum,0.33,2278.2,24.2,5.75,Loamy,59,Yes,No,Improved,1.73
Gombe,Sorghum,1.7,973,31.9,5.81,Sandy,128.6,No,No,Improved,1.3
Sokoto,Sorghum,6.32,314.2,30.7,4.88,Sandy,15.5,Yes,No,Local,1.15
Ondo,Sorghum,6.97,2156.9,28.7,6.23,Sandy,63.7,Yes,No,Local,1.3
Ondo,Maize,6.76,2434.1,24.3,4,Loamy,108.1,No,No,Local,1.54
Taraba,Sorghum,1.06,1021,28.9,6.79,Clay,64.2,Yes,Yes,Improved,2.32
Bayelsa,Yam,1.88,1741.1,23.3,6.05,Loamy,89.2,Yes,No,Improved,4.68
Plateau,Cassava,4.19,1198.3,30.4,5.86,Loamy,138.1,No,No,Improved,9.59
Yobe,Cassava,0.56,394.6,36.9,7,Sandy,83.5,Yes,No,Improved,9.73
Kano,Sorghum,3.06,740,28.2,6.39,Loamy,46.5,No,No,Improved,0.68
Zamfara,Cassava,1.39,715.9,34.3,6.62,Sandy,154.9,Yes,No,Improved,10.55
Zamfara,Cassava,4.96,979.6,26.9,6.39,Clay,124.3,No,No,Local,7.61
Jigawa,Cassava,1.03,429.4,31.2,4.63,Clay,79.5,No,No,Local,7.42
Anambra,Rice,0.53,1762.4,28.7,5.96,Clay,98.5,No,No,Local,3.22
Delta,Yam,5.99,1649.7,26.9,5.81,Loamy,88.5,Yes,Yes,Local,9.52
Jigawa,Yam,0.89,637.7,28.3,5.68,Sandy,141,Yes,No,Improved,9.44
Katsina,Yam,2.89,313.7,34.3,4.89,Sandy,92,Yes,No,Local,6.4
Nasarawa,Yam,0.27,1272.2,27.1,5.77,Clay,85.2,No,No,Local,7.99
Imo,Rice,0.81,2105.3,29.9,7.81,Clay,60,No,No,Local,2.38
Imo,Sorghum,0.54,1612.5,22.9,4.69,Clay,128.8,Yes,Yes,Local,1.33
Ekiti,Maize,0.32,2196.4,29.5,4.96,Loamy,163.4,No,Yes,Improved,3.08
Taraba,Sorghum,0.66,1305.4,31.8,5.77,Loamy,55.2,Yes,No,Local,1.3
Abia,Rice,0.53,2051.6,24.4,6.99,Sandy,138.8,Yes,No,Improved,3.52
Borno,Sorghum,0.27,358.3,33.5,6.19,Sandy,106.5,No,No,Improved,1.43
Akwa Ibom,Cassava,1.6,2125.1,25.9,6.63,Loamy,189.3,No,No,Improved,9.81
FCT,Cassava,1.37,1267.8,24.5,6.33,Loamy,107.4,Yes,No,Improved,9.64
Nasarawa,Yam,0.46,1170.6,30.4,5.43,Loamy,76.4,Yes,Yes,Improved,11.49
Kogi,Rice,0.83,1314.4,25.5,6.18,Clay,88,Yes,No,Improved,4.38
Benue,Sorghum,2.45,1399.5,26.8,7.15,Clay,0,Yes,No,Improved,0.46
Lagos,Sorghum,1.75,1903.8,22.2,6.34,Sandy,0,No,No,Local,1.02
Nasarawa,Yam,2.15,1207.4,27.5,6.36,Sandy,149.6,No,No,Local,7.42
FCT,Cassava,8.27,1233.5,25.8,5.54,Sandy,106.1,Yes,Yes,Local,13.31
Ebonyi,Yam,6.48,1963.4,29.4,6.89,Clay,107.8,Yes,Yes,Local,9.02
Bauchi,Yam,5.34,673.2,29.2,6,Sandy,176.6,Yes,No,Improved,8.82
Delta,Cassava,1.12,1912.8,25.4,5.87,Clay,72.3,No,No,Local,8.87
Bauchi,Maize,2.8,974.6,31.2,5.83,Clay,96.6,No,No,Improved,3
Rivers,Rice,0.88,1679.7,27.9,6.74,Loamy,91.4,No,No,Local,3.06
Plateau,Maize,2.5,1065.6,26.5,5.89,Sandy,143.7,No,No,Improved,2.6
Oyo,Maize,0.39,1906.6,24,6.23,Loamy,138.9,Yes,No,Local,2.28
FCT,Cassava,0.82,1099.2,28.1,6.48,Clay,71.3,Yes,No,Improved,10.87
Rivers,Yam,0.52,2029.8,29.8,6.67,Clay,98.5,No,No,Improved,9.8
Zamfara,Yam,1.09,827.1,35,6.14,Loamy,161.9,Yes,No,Local,6.63
Taraba,Sorghum,4.18,1327.9,31.2,6.1,Sandy,84.9,No,No,Local,1.2
Benue,Sorghum,3.72,1006.6,30.2,6.62,Loamy,87.1,No,Yes,Local,1.51
Ondo,Yam,0.77,2159.5,26.7,6.03,Sandy,103.3,Yes,No,Local,7.45
Adamawa,Cassava,4.19,1056.5,30.9,5.31,Clay,73.6,Yes,Yes,Local,11.76
Niger,Sorghum,11.42,1307.4,29.8,5.82,Clay,131.9,No,No,Local,0.88
Plateau,Maize,1.56,1084.7,24.2,4.84,Loamy,76.1,No,No,Improved,1.15
Lagos,Maize,0.73,2177.4,29.5,5.66,Sandy,110.3,No,No,Local,1.07
Gombe,Rice,1.15,699.2,33.6,5.27,Clay,166,No,Yes,Local,2.86
Adamawa,Cassava,0.34,1305,25.7,6.96,Loamy,58.2,Yes,No,Local,9.54
Plateau,Maize,0.53,1401.9,25.9,5.68,Clay,97.2,No,No,Local,2.05
Enugu,Sorghum,2.77,2490.4,26.2,4.73,Loamy,25.2,Yes,No,Improved,1.44
Benue,Sorghum,2.16,1414.5,28,6.37,Loamy,0,No,Yes,Local,1.21
Yobe,Yam,1.61,350.6,36.8,6.49,Sandy,143.8,No,No,Improved,7.85
Akwa Ibom,Rice,1.15,1981.9,22.4,6.69,Loamy,72.6,Yes,No,Improved,3.41
Lagos,Sorghum,2.71,2228.8,22.4,6.56,Clay,104,No,No,Improved,1.13
Imo,Cassava,1.7,1648.2,25.2,5.82,Sandy,85.9,No,No,Improved,10.11
Gombe,Sorghum,0.61,772.9,28.4,5.78,Sandy,28.6,Yes,No,Local,1.41
Kano,Maize,4.28,912.8,28.4,5.11,Loamy,119.6,No,No,Improved,2.08
Yobe,Rice,1.09,529.6,34.1,5.73,Loamy,104.8,Yes,No,Local,2.25
Jigawa,Sorghum,3.81,329.9,30,7.11,Loamy,102.4,No,No,Improved,1.24
Benue,Maize,3.69,1133.1,24.8,4.71,Sandy,68.9,Yes,No,Improved,2.87
Abia,Yam,0.42,1618.4,26.2,7.09,Sandy,86.1,Yes,No,Local,7.41
Kogi,Rice,0.54,1071.7,27.1,6.64,Sandy,82.8,No,No,Improved,3.85
Ebonyi,Yam,1.72,1780.5,25,5.62,Clay,91.8,No,No,Improved,10.22
Enugu,Maize,14.65,2157.5,27.1,5.82,Clay,167,No,No,Improved,2.59
Akwa Ibom,Rice,2.78,1722.8,23.6,5.94,Loamy,113.5,Yes,No,Local,2.38
Ebonyi,Yam,0.86,1629.7,22.7,5.89,Sandy,21.8,No,No,Improved,7.55
Rivers,Sorghum,3.17,1805.9,29.1,5.84,Loamy,92.6,Yes,No,Local,1.21
Niger,Yam,1.13,1070.6,25,5.77,Clay,177.2,No,No,Improved,6.72
Oyo,Sorghum,3.45,1765.8,23.4,6.75,Clay,123.4,No,No,Local,0.73
Akwa Ibom,Yam,0.48,1912.3,28.3,4.96,Clay,100.1,No,No,Improved,6.75
Niger,Rice,1.2,1497.8,27.9,5.33,Loamy,61.7,Yes,Yes,Improved,3.41
Ebonyi,Rice,5.19,1823.4,25.1,6.07,Clay,22.9,Yes,No,Local,2.95
FCT,Cassava,1.78,1030.6,31,7.84,Loamy,2.3,No,Yes,Local,8.09
Delta,Cassava,1.07,2100.5,29.8,6.36,Clay,76.6,Yes,No,Local,9.53
Zamfara,Sorghum,2.19,899.1,33.6,4.85,Loamy,51.1,No,No,Local,1.37
Plateau,Yam,1.37,1404,28.1,5.47,Loamy,68.9,No,No,Improved,9.07
Zamfara,Yam,1.02,776.9,27.5,6.95,Clay,87.9,Yes,No,Improved,10.1
Anambra,Maize,2.07,1920.3,25.6,6.15,Loamy,143,No,No,Local,2.23
Bayelsa,Yam,10.47,1895.2,26.8,6.01,Loamy,70,No,No,Improved,9.21
Benue,Sorghum,6.22,1005.3,30.7,6.76,Clay,69.5,No,No,Improved,1.7
Kaduna,Cassava,4.69,854.5,26.4,6.25,Sandy,56,No,Yes,Improved,3.48
Adamawa,Cassava,4.49,1304.5,31.7,5.37,Loamy,103.1,No,No,Local,9.38
Borno,Yam,2.3,698.6,37.1,6.54,Sandy,86.1,Yes,No,Local,7.03
Cross River,Maize,0.98,1927.3,28.7,5.59,Loamy,99.3,No,Yes,Improved,2.99
Benue,Sorghum,6.29,1059.4,30.1,5.98,Loamy,41.8,No,No,Local,1.39
Kano,Yam,3.68,726.6,30.6,5.64,Loamy,130.5,No,No,Local,6.21
Lagos,Maize,1.41,2410.1,24.9,6.2,Clay,134.4,Yes,No,Local,1.93
Zamfara,Sorghum,3.35,678.1,30.3,6.02,Sandy,0,No,No,Local,1.18
Nasarawa,Yam,7.79,1239.5,25.4,6.1,Sandy,106.9,No,No,Improved,9.22
Akwa Ibom,Maize,5.12,2436.5,25.3,6.43,Clay,75.7,Yes,No,Local,1.83
Oyo,Cassava,8.91,2453,28,5.45,Loamy,79.4,No,No,Local,9.39
Osun,Yam,1.26,2053.6,26.7,5.94,Loamy,137.4,Yes,No,Improved,9.89
Oyo,Sorghum,0.95,1707,22.5,5.08,Loamy,41.5,No,No,Improved,1.41
Imo,Yam,1.93,2129.1,23.8,5.99,Clay,70.5,Yes,No,Local,7.37
Delta,Rice,1.76,2196.6,23.8,5.52,Loamy,103,No,No,Improved,3.53
Enugu,Yam,3.43,2408.8,26.8,5.63,Clay,60.6,Yes,Yes,Improved,10.76
Kwara,Maize,2.14,1278.9,26.9,6.71,Loamy,104.7,Yes,No,Improved,3.37
Akwa Ibom,Cassava,0.79,1539.2,28.7,5.64,Sandy,94,No,No,Improved,8.91
Osun,Rice,0.76,1877.8,24.3,6.68,Clay,107.7,No,No,Local,3.54
Borno,Sorghum,0.43,456.4,34.9,5,Sandy,113.2,No,No,Improved,1.28
Benue,Yam,8.47,1361.6,30.9,6.21,Sandy,69.5,No,Yes,Local,9.32
Oyo,Yam,0.59,1896.7,22.5,5.98,Loamy,174.5,Yes,No,Improved,9
Kaduna,Rice,0.66,984.1,32.8,5.13,Clay,152.5,No,No,Local,2.57
FCT,Cassava,2.1,1214.3,28.6,5.36,Clay,89.3,No,No,Local,10.37
Kaduna,Maize,1.81,797.8,31.2,6.31,Loamy,118.6,No,No,Improved,2.58
Adamawa,Cassava,1.35,1453.1,31.9,6.72,Sandy,129.6,Yes,No,Improved,10.38
Taraba,Cassava,0.73,1201.6,24.5,6.18,Sandy,79.3,No,No,Local,8.05
Benue,Yam,2.88,1166.1,28.7,6.37,Sandy,122,No,No,Improved,13.38
Adamawa,Yam,1.17,1125.6,30.3,6.49,Clay,72.2,No,No,Local,7.28
Sokoto,Yam,1.96,409.2,32.5,5.2,Loamy,116.2,No,No,Improved,7.52
Benue,Sorghum,0.63,1423.9,29.6,6.68,Loamy,57.3,No,No,Improved,1.58
Oyo,Rice,5.95,1727.3,25.9,5.62,Loamy,117.4,No,No,Improved,4.08
Oyo,Maize,0.54,1826.9,25.5,5.44,Loamy,138.3,No,No,Improved,2.51
Bauchi,Cassava,1.35,974.5,31.4,6.42,Clay,125.7,No,No,Local,6.89
Ogun,Rice,1.57,1586.6,24.1,6.36,Clay,85.3,No,Yes,Local,3.95
Bauchi,Yam,2.05,769.3,34.8,6.77,Sandy,0,No,No,Improved,7.54
Adamawa,Rice,0.71,1472.5,28.7,5.89,Clay,122.2,No,No,Local,2.37
Jigawa,Rice,8.29,301.7,32.5,7.02,Clay,114.2,No,No,Local,3.08
Edo,Yam,0.69,2040.7,26.9,5.62,Clay,155.4,No,No,Improved,9.52
Cross River,Yam,3.64,2382.4,30,6.53,Clay,126.7,No,No,Local,8.37
Zamfara,Sorghum,0.54,812.9,27.4,5.2,Clay,8,No,No,Improved,1.47
Kebbi,Cassava,1.5,637.9,31,6.45,Loamy,80.4,No,No,Local,9.36
Akwa Ibom,Cassava,0.89,1535,23.4,5.27,Loamy,62,No,No,Improved,11.12
Cross River,Sorghum,0.3,2363.3,24.7,5.92,Loamy,43.4,No,No,Local,1.46
Ondo,Maize,4.77,1564,23,6.45,Clay,104.6,No,No,Local,2.06
Bayelsa,Cassava,1.75,1511.1,29.1,7.56,Sandy,89.7,No,Yes,Improved,12.33
FCT,Yam,3.54,1063.1,27.6,6.17,Loamy,133.3,Yes,No,Improved,10.75
Ekiti,Yam,2.96,2138.9,24.7,7.74,Sandy,54.9,Yes,No,Improved,6.94
Enugu,Rice,0.8,2207.6,22.8,5.84,Clay,90.2,Yes,Yes,Improved,4.1
Osun,Yam,0.94,2237.5,23.8,6.06,Loamy,58.5,Yes,No,Improved,11.34
Gombe,Yam,0.66,725,31.7,6.91,Sandy,100.9,Yes,No,Local,5.87
Gombe,Sorghum,1.11,765.4,27.9,5.34,Loamy,22.4,Yes,No,Local,1.52
Edo,Sorghum,1.03,2305.2,29,6.09,Clay,108.2,Yes,No,Local,1.05
Imo,Maize,0.39,2114.5,24.7,5.61,Loamy,75.9,No,No,Local,1.67
Oyo,Cassava,2.54,1763.6,24.1,7.03,Loamy,135.9,No,No,Improved,9.11
Ondo,Cassava,1.24,1801,29.5,6.22,Clay,108,No,No,Local,9.46
Lagos,Rice,1.51,2287.1,27.4,6.22,Sandy,72.7,Yes,No,Local,3.3
Yobe,Sorghum,0.29,653.5,36.9,6.11,Sandy,0,No,No,Local,0.99
Bayelsa,Yam,1.52,2121.4,27.4,6.59,Loamy,91.4,No,No,Improved,9.18
Katsina,Sorghum,5.42,544.8,28.4,5.27,Sandy,78.9,Yes,No,Improved,1.78
Ekiti,Yam,1.9,1717.9,23.2,5.25,Clay,113.7,No,No,Local,6.73
Imo,Sorghum,2.75,2291.7,29.8,6.02,Loamy,92.9,No,Yes,Local,1.33
Delta,Maize,2.04,1923.2,28.5,6.47,Loamy,66.4,Yes,No,Local,1.77
Borno,Sorghum,1.87,591.7,33.3,5.91,Clay,123.9,No,No,Local,1.29
Kano,Cassava,1.08,859.4,26.7,5.69,Sandy,56.5,No,No,Improved,11.3
Kano,Cassava,1.24,857.8,30.1,7.07,Loamy,75.6,Yes,No,Local,9.35
Osun,Sorghum,1.83,2221.5,29,5.21,Loamy,3,Yes,No,Improved,0.46
Ondo,Cassava,0.4,1788.5,28.5,5.12,Clay,113.3,Yes,No,Local,7.89
Bayelsa,Yam,0.73,1686.4,28.1,5,Loamy,169.7,Yes,No,Improved,8.42
Cross River,Sorghum,0.47,2057.6,24.5,6.19,Sandy,76.1,No,Yes,Improved,1.55
Kogi,Yam,0.3,1325.6,28.8,6.55,Loamy,29.1,Yes,No,Local,9.12
Oyo,Sorghum,6.4,1973.1,28.3,5.84,Loamy,54.9,No,Yes,Local,1.31
Plateau,Rice,0.79,1230.3,31.6,5.5,Loamy,111.8,No,No,Improved,4.23
Benue,Cassava,4.07,1460.2,25.8,6.2,Clay,98,Yes,No,Local,9.38
Bauchi,Maize,1.13,933.1,30.2,6.51,Clay,98.4,Yes,No,Local,2.03
Nasarawa,Rice,0.78,1344.9,25.4,6.78,Clay,128.8,Yes,No,Improved,3.7
Oyo,Yam,0.71,1725.5,27.8,6.23,Loamy,118.5,Yes,No,Local,11.23
Akwa Ibom,Maize,1.38,2241.3,27.4,4.55,Clay,165.9,No,No,Local,1.62
Ogun,Yam,1.69,2318.1,24.9,5.35,Loamy,61.4,Yes,No,Improved,8.03
Sokoto,Cassava,1.41,654.8,28.3,6.02,Sandy,172.5,Yes,No,Local,8.19
Anambra,Cassava,3.86,1777.3,27.7,5.32,Loamy,117.3,No,No,Improved,10.77
Abia,Sorghum,3.1,2077.3,28.5,6.2,Clay,54.9,No,No,Improved,1.47
Taraba,Rice,0.23,1324.9,27.9,6.77,Loamy,163.7,No,No,Local,3.33
Abia,Rice,1.39,1505.6,26.6,5.53,Clay,182.4,Yes,Yes,Local,3.4
Gombe,Rice,1.1,742.2,26.4,6.03,Clay,178.7,No,No,Local,3.03
Bayelsa,Rice,1.29,2065.2,29,5.77,Clay,155.5,Yes,No,Local,2.73
Rivers,Cassava,0.4,2115.8,22.3,7.09,Clay,156.4,Yes,No,Improved,10.4
Nasarawa,Yam,1.9,1305.9,28.9,5.12,Loamy,34.5,No,No,Local,6.47
Osun,Rice,0.78,1503,26.3,5.57,Clay,151.8,No,No,Improved,3.53
Kebbi,Maize,4.22,906.4,26.1,5.68,Loamy,138.2,No,No,Improved,3.2
Akwa Ibom,Yam,8.4,1857.6,23.4,6.5,Loamy,61.3,Yes,No,Improved,9.51
Rivers,Cassava,1.06,1848,27.1,7.37,Loamy,103.7,Yes,No,Improved,11.11
Cross River,Cassava,0.3,2276.1,24,5.13,Loamy,75.5,Yes,No,Local,9.61
Anambra,Yam,3.85,1957.7,25.3,5.11,Clay,171.2,No,Yes,Local,7.08
Yobe,Cassava,0.95,526.4,37.2,5.4,Clay,67.5,Yes,No,Improved,11.53
Oyo,Sorghum,2.11,1956.9,24.6,4.88,Loamy,25,No,No,Local,1.02
Oyo,Yam,1.16,2036.8,27.8,5.63,Loamy,140.6,No,No,Local,7
Nasarawa,Sorghum,1.14,1181,28.5,5.57,Sandy,24.6,No,No,Improved,1.41
Jigawa,Cassava,2.2,489.7,36.5,6.24,Loamy,112.8,No,No,Improved,8.57
Delta,Yam,7.35,1847.6,22.8,5.14,Clay,59.3,Yes,No,Local,7.95
Kebbi,Cassava,1.34,925.9,33.1,5.86,Sandy,163.8,Yes,No,Improved,10.68
Kaduna,Sorghum,2,926.2,32.4,4.78,Sandy,108.2,No,No,Local,1.01
Kebbi,Maize,0.6,947.7,26.5,5.69,Sandy,77.4,Yes,No,Improved,2.95
Lagos,Cassava,1.24,2159.3,29.8,5.14,Loamy,123.6,No,No,Improved,11.94
Bayelsa,Maize,1.47,1792.6,29.8,6.7,Loamy,110.1,No,No,Local,1.01
Cross River,Maize,5.03,2124.9,26.6,4.78,Loamy,120.6,Yes,No,Local,2.06
Ondo,Cassava,2.18,2328.7,23.2,5.71,Loamy,145.9,No,No,Improved,9.75
Akwa Ibom,Sorghum,1.22,2107.4,28.6,5.94,Clay,0,Yes,No,Improved,1.13
Rivers,Rice,1.8,2349.7,23.7,4.74,Clay,84.7,No,Yes,Improved,3.09
Niger,Cassava,1.01,1284.4,25.2,4.97,Sandy,118.4,Yes,No,Local,8.79
Benue,Sorghum,1.04,1250.4,28.5,5.25,Clay,104,No,Yes,Local,1.21
Kano,Yam,10.92,984.6,28.8,6.68,Loamy,69.5,Yes,No,Improved,10.39
Gombe,Sorghum,0.2,658.8,27.1,5.56,Sandy,62.8,Yes,No,Improved,1.56
Kaduna,Rice,1.77,868.5,29.4,6.53,Loamy,120.5,Yes,No,Local,3.41
Ekiti,Sorghum,0.39,2100.4,29.8,5.6,Loamy,7.3,Yes,Yes,Local,1.17
FCT,Rice,13.89,1375.8,31.5,5.9,Loamy,63.1,Yes,No,Improved,4.28
Kaduna,Sorghum,0.35,943.8,28.8,6.01,Loamy,151.7,No,No,Local,0.93
Oyo,Maize,1.48,2001,23.5,6.49,Loamy,129.3,Yes,No,Improved,2.64
Nasarawa,Sorghum,2.97,1442.2,26.1,5.61,Clay,93.1,No,No,Local,0.91
Borno,Maize,0.96,683.5,36.9,5.47,Loamy,149.2,Yes,No,Local,2.32
Benue,Sorghum,2.08,1093.1,25.6,5.34,Loamy,162.1,Yes,No,Local,0.78
Ebonyi,Maize,0.53,1603,24.5,6.65,Loamy,164.5,No,No,Improved,3.02
Bayelsa,Yam,3.71,1623.8,29.6,6.68,Loamy,113.3,Yes,No,Local,6.93
FCT,Sorghum,6.06,1256,31.2,7.37,Loamy,0,No,Yes,Local,1.14
Bauchi,Cassava,1.22,868.9,29.6,5.86,Loamy,128.2,No,No,Improved,9.22
Adamawa,Sorghum,0.55,1030.3,27.6,5.35,Loamy,37.8,Yes,No,Local,1.34
Niger,Rice,0.89,1132.8,30.7,5.97,Clay,61,Yes,No,Local,2.96
Sokoto,Cassava,0.34,691.7,33.5,5.84,Sandy,65,No,No,Local,8.58
Ebonyi,Yam,4.11,2235.7,22.8,6.04,Clay,86.8,Yes,No,Local,7
Borno,Sorghum,2.18,658.9,36.1,5.61,Sandy,59.8,Yes,No,Local,1.61
Ebonyi,Yam,1.92,1536.5,24.8,6.29,Sandy,116.3,No,Yes,Improved,9.86
Osun,Sorghum,2.35,1623.9,25.8,6.71,Clay,117.6,No,No,Local,1.09
Osun,Cassava,1.79,1886,23.3,5.73,Loamy,11.6,Yes,No,Local,9.01
Sokoto,Sorghum,0.43,599.2,30.4,6.6,Sandy,0,Yes,No,Local,0.52
Enugu,Cassava,1,2380.4,27.8,6.14,Clay,116.6,No,No,Local,8.32
Jigawa,Rice,3.84,681.5,34.2,6.81,Sandy,99.2,No,No,Local,2.06
Kogi,Cassava,5.89,1166.7,29.3,5.37,Sandy,28.5,No,No,Local,8.77
Zamfara,Rice,1.62,910.4,26.5,5.47,Loamy,146.8,Yes,No,Local,3.08
Osun,Yam,8.75,2024.5,26.3,6.39,Clay,130.3,Yes,No,Improved,10
Oyo,Yam,0.37,1618.3,26.9,6.23,Clay,128.9,No,No,Local,8.22
Kano,Cassava,0.82,740.7,27.4,5.13,Clay,54.7,Yes,No,Improved,12.18
FCT,Cassava,1.29,1042.8,28.8,7.09,Sandy,59.9,No,No,Improved,11.29
Lagos,Rice,2.07,1627.2,27.1,6.52,Loamy,115.7,Yes,No,Improved,3.59
Bayelsa,Sorghum,0.58,1606.6,26.2,6.76,Clay,113,No,No,Local,0.93
Nasarawa,Rice,1.43,1177.3,30,6.53,Clay,143.4,No,No,Improved,2.57
Zamfara,Maize,0.84,985,26.5,4.42,Loamy,173,No,No,Local,0.6
Imo,Yam,2.62,1775.5,28,6.28,Loamy,71,No,No,Local,9.26
Kebbi,Maize,1.58,920.4,31.6,6.3,Sandy,111.4,No,Yes,Local,3.14
Anambra,Maize,1.2,1535.4,24.8,6.25,Loamy,63.1,No,Yes,Improved,2.92
Abia,Rice,1.71,1717.2,26.5,5.75,Clay,122.5,No,No,Improved,4.21
Rivers,Cassava,2.48,2390.8,25.3,4.56,Clay,125.7,No,No,Improved,8.72
Osun,Rice,2.91,1634,29.1,6.15,Loamy,158.8,No,No,Local,2.63
Nasarawa,Maize,5.31,1423.6,25.2,6.29,Clay,103.2,No,No,Improved,2.23
Kwara,Sorghum,0.83,1112.9,30.2,5.81,Clay,36.4,No,No,Local,1.24
Osun,Yam,1.35,1743.4,24.7,5.73,Loamy,108.4,Yes,No,Improved,10.23
Imo,Sorghum,1.48,2149.7,25.3,6.38,Clay,75.5,No,No,Local,1.06
Rivers,Maize,1.91,1938.3,28.3,5.95,Sandy,122.7,No,Yes,Improved,3.03
Bauchi,Yam,0.51,852.1,26.9,6.74,Clay,100.7,No,No,Local,6.18
Edo,Cassava,14.92,1600,28.6,5.24,Loamy,74.8,No,No,Improved,11.99
FCT,Sorghum,1.15,1462.9,31.9,5.9,Loamy,37.9,No,No,Local,1.15
Yobe,Rice,0.74,521.8,33.4,6.82,Clay,135.3,No,No,Local,2.37
Katsina,Rice,6.29,515.5,32.7,5.67,Sandy,133.6,Yes,No,Improved,3.52
Oyo,Cassava,2.41,1790.2,22,6.88,Sandy,145,Yes,No,Local,9.07
Kebbi,Maize,1.07,995.8,31.2,5.85,Sandy,40.4,Yes,No,Local,1.73
Plateau,Sorghum,1.74,1356.4,31.1,5.6,Sandy,92,Yes,No,Local,1.38
Ekiti,Rice,0.77,1928.9,29.9,5.3,Loamy,125.2,Yes,No,Improved,4.6
Rivers,Yam,1.14,1593.1,28.2,6.23,Loamy,128.7,No,No,Local,8.59
Adamawa,Sorghum,0.55,1217.1,31,5.52,Clay,119.2,No,No,Local,1.3
Kano,Yam,2.25,979.3,32.3,5.59,Clay,45.6,No,No,Local,7.28
Benue,Yam,7.32,1174.7,26.1,5.83,Sandy,116,No,Yes,Improved,9.54
Gombe,Yam,8.69,763.3,34.7,7.03,Clay,130.8,Yes,No,Local,5.06
Lagos,Sorghum,1.15,2465.7,27.2,5.22,Sandy,81,Yes,No,Local,1.29
Niger,Sorghum,4.46,1465.8,24.7,7.87,Sandy,56.5,Yes,No,Improved,1.71
Benue,Maize,0.48,1026.2,27.9,5.41,Loamy,94.5,No,Yes,Improved,2.88
Taraba,Rice,2.3,1471.5,29.1,5.87,Loamy,125.6,No,No,Local,1.6
Anambra,Maize,2.25,2118,27,6.6,Sandy,115.4,Yes,No,Local,1.69
Gombe,Cassava,1.92,600.9,34.1,6.76,Clay,112.4,No,No,Improved,8.61
Lagos,Maize,0.57,1781.9,24,5.39,Loamy,95,Yes,No,Improved,2.92
Zamfara,Cassava,4.74,649.8,32.8,4.86,Clay,156.2,No,No,Local,7.02
Benue,Cassava,1.45,1347.7,29.6,5.46,Clay,32.2,No,Yes,Improved,11.52
Bauchi,Sorghum,0.9,634,28.4,6.55,Sandy,93.4,No,No,Improved,1.51
Ondo,Rice,10,2078.1,29.7,5.7,Clay,82.7,Yes,Yes,Improved,4.07
Ebonyi,Rice,0.45,2214.2,24.8,5.32,Clay,119.6,Yes,Yes,Improved,4.84
Delta,Maize,0.43,2239.6,29.6,4.83,Loamy,101.5,No,No,Local,1.68
Bayelsa,Maize,3.15,1802.7,24.1,6.44,Sandy,110.3,Yes,No,Local,2.39
Zamfara,Sorghum,1.23,853.6,30.2,6.21,Sandy,96.1,No,No,Improved,1.65
Niger,Yam,0.74,1370,30.1,5.97,Loamy,51.7,Yes,No,Improved,10.65
Kwara,Cassava,8.54,1014.3,24.3,5.14,Loamy,58.3,No,Yes,Local,7.18
Bayelsa,Cassava,0.79,2200.6,27.6,6.09,Sandy,78,Yes,No,Local,9.19
Yobe,Maize,1.23,313,37.5,6.02,Sandy,167.8,No,No,Local,2.21
Kogi,Cassava,3.43,1076,29.6,6.22,Sandy,108.4,No,No,Local,8.23
Sokoto,Yam,1.77,671.8,36,6.39,Sandy,89.7,No,No,Improved,8
Edo,Rice,2.15,1527,28.9,6.46,Clay,171.9,No,No,Local,2.93
Kogi,Cassava,2.21,1099.7,32,5.13,Clay,54.8,Yes,Yes,Local,12.24
Ogun,Rice,1.19,1955.3,28.6,5.89,Clay,43.7,Yes,No,Improved,3.54
Adamawa,Maize,2.11,1303.1,30.4,5.56,Loamy,175.7,No,Yes,Improved,2.54
Katsina,Sorghum,0.56,414.1,37.3,4.96,Loamy,33.3,Yes,Yes,Improved,1.68
Taraba,Maize,5.97,1137.8,24.4,6.2,Sandy,78.8,No,No,Local,1.87
Osun,Rice,0.67,1808.2,27.8,5.66,Loamy,59.3,No,Yes,Improved,4.09
Adamawa,Maize,1.58,1353.5,29.3,5.63,Clay,142.5,Yes,No,Local,1.92
Rivers,Rice,1.21,2484.4,29.2,6.36,Clay,61.2,Yes,No,Improved,4.58
Taraba,Rice,0.49,1055.5,31.6,6.07,Clay,106.4,Yes,No,Local,3.32
Yobe,Yam,2.27,369.3,35,6.86,Sandy,111.2,No,Yes,Improved,8.37
Ekiti,Yam,0.85,2459.2,22.3,5.85,Sandy,74.9,No,No,Improved,11.41
Taraba,Sorghum,0.72,1136.5,25,5.27,Loamy,107.4,No,No,Local,0.99
Edo,Sorghum,1.72,1963.1,26.1,6,Clay,69.4,No,No,Local,1.18
Bauchi,Cassava,2.78,762.4,27.7,6.9,Loamy,90,No,No,Local,8.98
Abia,Sorghum,0.2,2260.1,29.2,5.18,Sandy,54.6,No,No,Improved,1.37
Akwa Ibom,Sorghum,1.27,1641.2,26,5.88,Loamy,112.1,Yes,No,Improved,1.5
Akwa Ibom,Cassava,1.25,1611.7,29.1,4.26,Loamy,133.7,Yes,Yes,Improved,11.67
Kogi,Yam,1.03,1499.4,27,6.43,Loamy,97.7,No,No,Improved,8.62
Akwa Ibom,Yam,0.9,1700.2,24.5,5.24,Sandy,111.1,No,No,Local,7.07
Kaduna,Sorghum,1.98,956.5,31.8,6.45,Clay,78.8,Yes,No,Improved,1.44
Sokoto,Maize,1.21,483.9,31.5,4.46,Sandy,178.2,No,No,Local,1.51
Bauchi,Cassava,2.15,766.7,31.2,5.09,Clay,73.2,No,No,Local,8.14
Borno,Cassava,0.97,605.4,32.8,6.04,Sandy,128.3,No,No,Local,9.15
Edo,Maize,3.91,2486.7,27.8,5.62,Loamy,121.1,Yes,Yes,Local,2.26
Abia,Cassava,2.44,2332,29.2,4.85,Clay,64.3,No,No,Local,7.7
Kogi,Yam,1.48,1097.1,29.1,7.13,Clay,90.3,No,No,Local,6.95
Abia,Sorghum,1.6,2293.3,29.1,5.51,Sandy,80.6,Yes,Yes,Local,1.44
Anambra,Yam,0.29,1859.5,24.2,5.69,Clay,46.2,No,No,Improved,10.51
Kwara,Cassava,0.96,1405.5,30.6,6.87,Clay,130.6,No,No,Local,8.19
Anambra,Maize,3.88,2049.1,27.3,6.02,Clay,127.7,No,No,Improved,2.57
Kaduna,Sorghum,2.96,778.3,33.1,6.51,Sandy,0,Yes,No,Local,1.19
Kaduna,Sorghum,3.3,833.9,30.8,5.6,Clay,48.8,No,Yes,Local,1.55
Imo,Maize,3.82,1574.9,22.3,6.2,Loamy,140.5,Yes,No,Local,2.09
Kwara,Maize,1.18,1492.3,28,6.27,Loamy,62.5,Yes,No,Local,2.45
Niger,Sorghum,4.76,1379.9,31.8,5,Sandy,76.7,Yes,Yes,Improved,1.6
Ebonyi,Rice,1.33,2477.2,27.4,6.16,Clay,145.7,No,No,Improved,3.58
Taraba,Cassava,1.17,1025.9,24.7,5.92,Clay,147.9,Yes,No,Improved,10.45
Sokoto,Yam,0.93,618.8,33.1,4.89,Loamy,116.2,No,No,Local,7.14
Adamawa,Sorghum,1.5,1165.7,25.9,7.11,Loamy,0,No,No,Local,0.89
Borno,Cassava,1.4,347.4,34.6,6.92,Sandy,87.5,No,No,Improved,8.01
Adamawa,Sorghum,17.67,1003.4,29.6,5.52,Loamy,42.7,Yes,No,Local,1.42
Jigawa,Rice,4.05,692.3,36.1,6.26,Sandy,65.6,No,No,Improved,2.61
Cross River,Cassava,3.67,2335.5,29.7,6.15,Clay,178.7,Yes,No,Local,7.96
Kaduna,Rice,1.89,635,34.9,5.85,Sandy,157.9,No,No,Local,2.55
Sokoto,Yam,0.34,344.8,31.7,5.74,Sandy,103.3,No,No,Local,6.16
Ekiti,Sorghum,1.4,1909.7,28.4,6.16,Sandy,18.4,Yes,No,Improved,1.38
Imo,Rice,1.44,1676.6,23.6,6.57,Loamy,149.6,Yes,No,Local,2.89
Akwa Ibom,Rice,0.58,2143.5,26.3,5.29,Clay,120.6,Yes,No,Local,2.99
Kano,Cassava,2.33,688.3,31.9,6.21,Sandy,73.5,No,No,Improved,11.84
Ogun,Rice,1.16,2153.7,26,5.24,Clay,172.1,No,No,Improved,3.15
Ondo,Sorghum,1.88,1575.3,26.7,6.41,Clay,32.3,Yes,No,Local,1.15
Bauchi,Rice,1.81,701.1,30.7,7.48,Clay,107.9,Yes,Yes,Improved,4.88
Anambra,Sorghum,3.02,1925.1,23.2,5.59,Sandy,66.6,No,No,Improved,1.56
Anambra,Maize,2.07,2111.5,28.9,5.67,Clay,146.4,Yes,Yes,Improved,2.14
Osun,Rice,0.3,1930.8,26.7,5.27,Loamy,153.7,No,No,Local,3.04
Imo,Sorghum,1.2,1633,29.3,6.42,Loamy,25.4,No,No,Improved,1.57
Delta,Sorghum,0.81,2375.1,23.3,5.8,Sandy,42.1,Yes,No,Improved,1.54
Lagos,Sorghum,0.48,1774.8,27.5,6.77,Clay,146.9,No,No,Local,0.99
Jigawa,Rice,1.44,420,34.6,6.12,Loamy,81.5,Yes,No,Improved,3.64
Sokoto,Sorghum,1.06,618.1,31.9,5.85,Sandy,18.4,No,No,Local,1.14
Akwa Ibom,Rice,0.61,1892.3,26.6,5.86,Clay,133,No,No,Improved,3.08
Bauchi,Maize,15.96,722.9,31.5,6.63,Sandy,123.9,No,No,Improved,2.62
Gombe,Sorghum,9.66,662.4,29,5.33,Sandy,65.9,No,No,Improved,1.89
Benue,Maize,3.97,1265.8,30.9,6.99,Loamy,115,No,No,Local,2.57
Sokoto,Sorghum,1.52,601.8,32.3,6.14,Sandy,13.6,Yes,No,Improved,1.89
Ebonyi,Yam,1.02,2462.6,24.2,6.28,Clay,152.8,Yes,No,Improved,8.18
Gombe,Rice,0.37,940.4,26.8,5.34,Loamy,51.3,No,No,Improved,3.31
Kano,Maize,1.51,949.5,33.4,6.26,Loamy,136,Yes,No,Improved,2.95
Delta,Sorghum,1.84,1812.3,29.1,4.25,Loamy,70.9,Yes,No,Improved,1.44
Plateau,Maize,3.46,1490.3,25.2,5.53,Loamy,149.3,Yes,Yes,Improved,3.82
Ebonyi,Rice,0.79,2067.3,27.8,5.33,Clay,87.8,Yes,Yes,Improved,4.4
Benue,Rice,1.29,1297.5,25,7.23,Loamy,72.2,No,No,Improved,3.06
Rivers,Maize,1.18,2473,27,6.24,Loamy,25.7,No,No,Improved,2.03
Plateau,Sorghum,5.19,1062.2,24.1,5.83,Sandy,122.6,No,Yes,Improved,1.4
Taraba,Sorghum,0.48,1482,25.2,4.61,Loamy,39.7,Yes,Yes,Improved,1.62
Rivers,Yam,2.76,1885.3,22.1,6.29,Loamy,74.7,No,No,Improved,8.02
Edo,Rice,1.44,2482.7,23.1,5.15,Loamy,96.6,Yes,No,Local,2.5
Enugu,Cassava,0.61,1519.9,24.2,6.19,Clay,105.5,No,No,Improved,6.68
Ondo,Yam,2.02,2391.9,25,6.21,Loamy,119.8,Yes,No,Improved,10.69
Katsina,Sorghum,0.8,425.3,33.2,6.85,Loamy,81.4,No,No,Local,1.36
Osun,Maize,0.59,1937.2,26.7,6.8,Loamy,108.7,Yes,No,Local,2.33
Ogun,Sorghum,2.32,1847.8,24.2,4.82,Loamy,87.1,Yes,No,Local,1.2
Zamfara,Maize,1.9,977.9,26.9,5.36,Sandy,166.4,No,No,Improved,2.9
Katsina,Maize,4.54,578,37.4,7.22,Loamy,190,No,Yes,Improved,2.13
Borno,Rice,1.03,519.5,37.2,4.29,Loamy,106.1,No,Yes,Improved,3.34
Anambra,Cassava,2.9,2232.1,23.2,7.28,Loamy,89.1,Yes,No,Improved,10.68
Nasarawa,Cassava,3.64,1419.3,24.6,5.68,Clay,104.1,Yes,Yes,Improved,13.12
Rivers,Cassava,1.8,1657,28.9,4.55,Loamy,104.8,No,Yes,Improved,12.53
Ekiti,Yam,2.17,2395.2,22.7,4.94,Sandy,64.8,No,No,Local,6.27
Yobe,Yam,3.78,333.1,32.3,5.76,Clay,92.6,No,No,Local,7.44
Kogi,Sorghum,1.23,1092.6,31.1,6.87,Sandy,103.6,No,No,Local,1.18
Zamfara,Sorghum,2.55,644.9,31.9,6.65,Loamy,47.1,Yes,No,Improved,2.27
Edo,Cassava,6.23,2194.8,25.7,6.94,Loamy,125.4,No,No,Local,6.36
Enugu,Rice,5.38,1503.7,24.3,5.86,Loamy,165.7,No,Yes,Improved,3.7
Cross River,Cassava,1.46,1528.3,22.5,6.68,Sandy,68.2,Yes,No,Improved,8.53
Ebonyi,Sorghum,3.85,1693.9,30,5.94,Clay,82.4,Yes,No,Local,1.23
Yobe,Rice,3.49,483.1,36.8,5.02,Loamy,86.8,No,No,Local,2.52
Borno,Rice,9.63,656.2,35.2,5.95,Sandy,102.1,No,No,Local,2.41
Kebbi,Yam,0.89,802.6,26.5,6.01,Sandy,156.9,No,Yes,Improved,11.15
Adamawa,Sorghum,1.91,1074.5,28.5,7.38,Loamy,60.9,Yes,No,Local,0.56
Ondo,Rice,6.12,2034.5,23,7.51,Loamy,126.9,No,No,Improved,2.91
Akwa Ibom,Maize,0.73,2272.4,22.4,5.84,Sandy,109.1,No,No,Improved,2.63
Ogun,Sorghum,2.58,2425.8,28.4,5.42,Loamy,110.4,No,No,Local,1.03
Plateau,Sorghum,2.72,1301,31.8,7.34,Clay,47.8,No,No,Local,1.46
Adamawa,Maize,1.8,1423.4,30.1,5.45,Clay,68.9,Yes,No,Improved,2.49
Sokoto,Yam,6.6,302.3,30.4,6.3,Clay,90.1,Yes,No,Improved,9.67
Delta,Maize,6.37,2389,29.4,5.8,Loamy,134.8,Yes,No,Local,2.22
Akwa Ibom,Yam,2.79,1995.3,25.4,5.98,Clay,177.1,No,No,Improved,7.66
Kogi,Cassava,0.9,1284,26.8,5.89,Loamy,57,Yes,No,Improved,9.86
Osun,Maize,1.5,2308.6,24,5.35,Sandy,98.2,Yes,No,Improved,2.68
Benue,Cassava,0.71,1313.4,29,6.25,Clay,0,No,No,Local,8.74
Zamfara,Sorghum,0.93,970.9,26.2,5.99,Clay,97.6,No,Yes,Local,1.38
Kaduna,Sorghum,0.41,643,28.2,5.45,Clay,103.9,Yes,No,Improved,1.37
Delta,Maize,7.4,2318.1,23.7,5.55,Loamy,115.6,No,Yes,Local,2.27
Kwara,Rice,0.99,1310.8,27.5,6.13,Sandy,109.6,No,No,Improved,3.68
Oyo,Cassava,1.12,1646.3,28.1,5.64,Loamy,80.8,No,No,Local,8.3
Zamfara,Maize,1.3,677.4,33,6.17,Clay,121.9,Yes,No,Local,2.43
Kogi,Yam,1.51,1001.3,29.1,5.65,Loamy,21.1,No,No,Local,8.02
Ebonyi,Sorghum,11.72,1970.1,23.4,5.7,Loamy,52.5,No,Yes,Improved,1.53
Borno,Yam,3.92,461.5,31.4,4.19,Sandy,80.4,No,Yes,Improved,9.56
Osun,Rice,1.17,2410.7,24.7,6.42,Clay,73.5,No,No,Local,2.28
FCT,Rice,1.12,1421,25,5.34,Clay,77.1,Yes,No,Local,2.86
Oyo,Cassava,4.03,2439.8,23.6,5.66,Clay,110.4,No,No,Local,7.73
Bauchi,Sorghum,6.87,822.7,33.4,6.28,Sandy,97.3,Yes,No,Improved,2.13
Gombe,Rice,0.77,955.1,27.5,6.1,Sandy,78.9,No,Yes,Improved,3.53
Kano,Cassava,4.16,894,31.3,6.13,Sandy,156.1,Yes,Yes,Improved,9.11
Kebbi,Cassava,3.93,785.1,30.6,5.59,Clay,98.7,Yes,No,Local,9.91
Anambra,Sorghum,1.16,2008.8,29.4,5.74,Clay,16.8,No,No,Local,0.97
Zamfara,Maize,2.09,607.8,34.8,6.99,Clay,174.1,No,No,Improved,1.45
Akwa Ibom,Rice,0.58,2044.4,23.8,5.46,Loamy,78.9,No,No,Improved,3.18
Yobe,Rice,2.1,389.3,31.6,5.87,Clay,126.3,Yes,No,Local,2.55
Borno,Rice,2.56,460.6,28.8,6.31,Clay,8.9,Yes,No,Local,2.42
Jigawa,Sorghum,2.14,366.6,36.9,5.92,Sandy,89.1,No,No,Local,1.01
Kano,Cassava,0.29,763.7,33,5.9,Sandy,73.1,No,No,Improved,11.24
Adamawa,Cassava,2.15,1196.6,28.7,6.48,Loamy,123,No,No,Improved,10.91
Zamfara,Cassava,1.32,627,28.9,6.06,Sandy,56.1,No,No,Local,7.84
Zamfara,Maize,0.86,949.4,26.4,5.9,Sandy,108.3,No,No,Local,2.12
Osun,Yam,0.47,1926.1,27.9,6.4,Clay,114.9,No,No,Local,8.51
Akwa Ibom,Rice,2.21,2121.3,23.9,5.04,Clay,173.8,No,No,Local,2.64
Jigawa,Rice,2.01,500.2,32,5.65,Clay,106.6,No,No,Local,3.08
Oyo,Sorghum,2.56,1574.7,25.2,6.14,Loamy,103.8,Yes,No,Local,1.15
Edo,Cassava,0.27,2249.1,24.3,6.23,Loamy,22.7,No,No,Local,7.63
Akwa Ibom,Rice,1.25,1790.3,23.6,5.89,Loamy,98.1,Yes,No,Local,2.89
Ondo,Yam,0.82,1652.4,25.9,5.79,Clay,101.6,Yes,No,Improved,11.52
Borno,Cassava,0.37,356.4,32,5.36,Loamy,61.9,No,Yes,Improved,11.25
Cross River,Rice,1.59,2468.4,23.5,5.95,Loamy,119.8,No,No,Improved,4.21
Sokoto,Yam,0.22,487.4,32.2,5.82,Sandy,22.1,Yes,No,Improved,6.74
Bayelsa,Rice,1.24,1887.4,29.3,6.1,Loamy,82.8,Yes,No,Local,2.77
Plateau,Sorghum,1.35,1195.4,30.1,5.97,Clay,156.5,No,No,Local,0.95
Delta,Yam,3.62,2465.2,28,6.53,Clay,146.8,No,No,Improved,10.4
Kaduna,Yam,2.15,757.9,34.1,5.93,Sandy,120.3,Yes,Yes,Improved,9.57
Taraba,Yam,5.32,1460.2,31.1,6.83,Clay,47.4,No,No,Improved,8.28
Niger,Maize,3.84,1138.4,29.5,6.01,Sandy,96.8,Yes,Yes,Local,2.6
Kaduna,Yam,7.88,725.9,27.2,7.37,Loamy,17,No,No,Local,6.82
Bauchi,Sorghum,4.57,945.3,30.1,5.61,Sandy,28.3,Yes,No,Local,1.35
Nasarawa,Maize,2.63,1338.8,30.8,6.89,Sandy,172.6,No,No,Improved,3.24
Taraba,Rice,1.25,1000.3,28.3,4.49,Clay,150,No,No,Local,2.45
Adamawa,Maize,1.79,1267.5,29,6.71,Clay,54.2,Yes,Yes,Local,2.76
Oyo,Yam,1.08,2320.8,28,5.01,Clay,164.7,No,No,Local,5.54
Bayelsa,Sorghum,3.08,2458.1,24.9,4.66,Clay,32.3,No,No,Improved,1.29
Anambra,Yam,1.92,2187,29.7,6.89,Clay,115.2,Yes,No,Improved,8.35
Katsina,Rice,1.78,350.5,30.3,5.67,Sandy,113.4,No,No,Local,3.02
Niger,Maize,0.53,1223.9,28.8,7.09,Sandy,145.9,Yes,No,Local,2.49
Kaduna,Cassava,11.44,881,32.2,6.1,Sandy,88.2,No,No,Local,9
Adamawa,Rice,2.02,1003.9,25.5,6.91,Loamy,124.2,No,No,Local,2.67
Kebbi,Yam,0.6,633.3,33.1,5.56,Sandy,182.2,No,No,Local,6.28
Akwa Ibom,Rice,3.07,1802.6,27.9,6.66,Loamy,86.4,No,No,Improved,1.95
Ebonyi,Sorghum,3.54,2312.6,28.3,5.99,Loamy,78.5,Yes,Yes,Local,1.13
Yobe,Yam,1.69,461.8,31,6.34,Sandy,88.4,Yes,No,Local,8.35
Cross River,Maize,0.99,1724.4,25.1,5.77,Clay,89.1,No,Yes,Improved,3.1
Ebonyi,Maize,2.57,1513.3,24.8,6.46,Loamy,129.7,Yes,No,Local,1.77
Katsina,Yam,0.6,568.1,29.6,7.24,Sandy,73.6,Yes,No,Local,7.69
Enugu,Cassava,2.17,1514.8,27.7,5.06,Clay,160.5,No,No,Improved,9.49
Rivers,Maize,0.82,1941.8,22.4,4.59,Loamy,113.8,No,No,Improved,2.31
Edo,Maize,0.24,2044.4,23.6,5.59,Sandy,98.2,Yes,No,Improved,2.66
Taraba,Rice,2.45,1224.5,29.7,5.53,Loamy,92.5,Yes,No,Local,3.26
Nasarawa,Cassava,0.37,1161.2,29.7,6.1,Loamy,57.5,No,No,Improved,12.96
Kwara,Yam,1.18,1013.4,30.9,4.79,Clay,154.2,No,No,Local,5.88
Jigawa,Maize,5.17,592.8,29.3,6.01,Sandy,104,No,No,Local,1.68
Kebbi,Cassava,2.38,839.5,27.9,6.68,Sandy,49.7,Yes,Yes,Improved,11.79
Ogun,Rice,2.02,1854.2,27.2,6.24,Clay,169.8,Yes,No,Local,2.28
Ondo,Rice,5.13,1805.5,27.6,5.27,Loamy,62,Yes,No,Improved,3.75
Niger,Sorghum,2.74,1058.7,26.6,5.57,Loamy,26.7,Yes,Yes,Local,1.22
Kaduna,Maize,1.2,841.1,31.4,5.55,Sandy,118.2,No,No,Local,2.46
Gombe,Cassava,0.68,985.8,29.8,5.69,Sandy,57.7,No,No,Local,9.11
Sokoto,Sorghum,6.86,540.6,30.7,5.38,Loamy,0,Yes,No,Local,1.34
Akwa Ibom,Yam,0.32,1978,25.7,5.4,Sandy,73.6,Yes,Yes,Local,11.68
Cross River,Rice,1.95,1601.9,27,6.16,Loamy,110,Yes,No,Improved,3.34
Kaduna,Maize,1.28,875.4,29.5,6.78,Clay,166.4,No,No,Improved,2.22
Oyo,Rice,5.19,2358.6,26.9,5.62,Clay,118.8,No,No,Local,2.57
Borno,Maize,1.38,496,28.7,5.17,Sandy,133.6,No,No,Improved,2.77
Benue,Cassava,2.57,1414.5,28.2,6.07,Loamy,45,No,No,Local,10.09
Adamawa,Rice,1.34,1221,30.1,6.12,Sandy,163.1,No,No,Improved,2.3
Kaduna,Cassava,0.42,780,32.1,7.32,Loamy,46.7,No,No,Local,4.33
Ogun,Cassava,0.93,2195.8,22.7,5.72,Loamy,148.8,No,No,Local,6.73
Ebonyi,Sorghum,1.6,1816.3,25.2,6.54,Sandy,105.8,Yes,No,Improved,1.53
Benue,Sorghum,1.41,1156.5,27.2,6.53,Loamy,87,No,Yes,Local,1.44
Borno,Yam,0.98,663.6,28.8,6.49,Loamy,120.5,No,No,Local,5.94
Edo,Sorghum,2.8,2040.7,28.6,6,Loamy,85.3,No,No,Local,1.25
Borno,Yam,1.45,635.3,34.3,5.36,Sandy,74.4,No,No,Local,7.53
Ebonyi,Sorghum,10.26,1768.2,28.5,6.08,Loamy,40,No,No,Local,1.21
Ogun,Yam,7.33,1835.1,23.8,5.27,Loamy,105.5,Yes,Yes,Local,3.13
Kwara,Cassava,2.04,1215,25.9,6.55,Loamy,47,Yes,No,Improved,11.16
Enugu,Sorghum,0.63,1990.9,22.4,6.55,Loamy,0,No,No,Local,0.91
Anambra,Cassava,3.05,1509.5,26.7,6.16,Loamy,44.2,Yes,No,Local,10.62
Rivers,Cassava,0.41,1683.4,28.4,6.47,Clay,102.5,No,No,Improved,9.9
Delta,Yam,0.2,1679.2,22.6,6.38,Loamy,110.2,Yes,No,Local,7.84
Ondo,Sorghum,0.97,2332.2,23.8,4.92,Sandy,113.9,Yes,No,Improved,1.52
Sokoto,Sorghum,3.63,444.6,33,5.38,Sandy,70.8,No,No,Local,1.32
Anambra,Maize,3.12,2126.6,23.3,6.17,Loamy,92.6,Yes,No,Improved,2.02
Jigawa,Sorghum,1.04,501,28.5,5.16,Sandy,15,No,No,Local,1.15
Abia,Rice,4.65,2055.9,27.6,6.23,Sandy,87.3,No,No,Improved,3.51
Benue,Rice,1.53,1020.4,28.3,6.14,Clay,137.1,Yes,No,Improved,4.08
Delta,Yam,1.37,1595.6,27.6,5.06,Loamy,77.1,No,No,Improved,9.15
Gombe,Sorghum,3.74,728.7,26.5,6.11,Loamy,28.2,No,No,Local,1.5
Gombe,Cassava,0.35,734.8,33.6,5.77,Loamy,79.5,No,No,Local,6.86
Oyo,Maize,2.87,2238.9,24.4,5.63,Clay,115.6,No,No,Local,2.1
Cross River,Rice,1.25,2093.2,25.4,5.75,Clay,143.5,No,No,Local,3.07
Edo,Maize,7.03,2195.5,22,6.61,Sandy,84.6,No,No,Local,1.42
Imo,Cassava,2.01,2435.3,25,5.42,Clay,113.2,No,No,Improved,10.4
Cross River,Rice,2.03,2256.5,28.1,6.77,Sandy,77.6,No,Yes,Improved,3.54
Kwara,Sorghum,3.96,1420.2,28.2,6.5,Loamy,45.6,No,No,Improved,1.44
Kwara,Rice,0.61,1098.2,29.8,5.84,Loamy,100.9,No,No,Local,2.48
Plateau,Rice,0.97,1431.8,31.2,7.21,Sandy,169.5,No,No,Improved,2.37
Akwa Ibom,Yam,3.22,1740,28.4,5.82,Loamy,159.4,No,Yes,Local,8.9
Adamawa,Maize,0.47,1200.1,24,6.63,Clay,144.8,Yes,Yes,Local,3.38
Bayelsa,Rice,0.65,1849.8,27.7,6.36,Loamy,122.8,Yes,No,Improved,2.77
Kogi,Rice,0.73,1368.9,31.2,5.5,Sandy,109,Yes,No,Local,2.69
Abia,Cassava,0.2,1670.1,26.2,5.36,Clay,55.9,No,Yes,Local,4.82
Katsina,Yam,2.86,332.9,37.1,6.8,Sandy,120.5,No,No,Local,6.93
Katsina,Rice,0.2,600.9,35.7,4.83,Clay,111.5,No,No,Local,2.66
Bauchi,Cassava,0.87,931.5,32.1,6.19,Sandy,95.7,Yes,No,Local,9.81
Yobe,Rice,0.75,304.4,34.9,6.41,Sandy,118.6,Yes,No,Improved,3.37
Enugu,Rice,0.26,1667.3,25.6,7.15,Clay,91.9,Yes,Yes,Improved,4.55
Adamawa,Rice,2.81,1011.7,24,7.7,Sandy,69.5,No,Yes,Local,3
Anambra,Yam,1.91,1912.8,29.1,5.12,Loamy,131.8,Yes,No,Improved,9.45
Ogun,Sorghum,2.73,2420.5,26.7,5.58,Clay,80.7,No,No,Local,0.93
Delta,Cassava,0.76,1681.6,23.8,5.05,Sandy,84.7,No,No,Local,4.02
Plateau,Sorghum,1.86,1379.6,29.7,5.18,Sandy,61,Yes,No,Improved,1.56
Oyo,Sorghum,2.42,1948,24.3,5.46,Loamy,15.9,No,No,Local,1.15
Adamawa,Maize,0.85,1268.4,28.6,6.81,Loamy,80.5,No,No,Improved,2.64
Gombe,Rice,0.8,904.9,34,5.45,Clay,81.9,No,No,Local,2.87
Imo,Maize,5.18,1873.6,26.7,6.65,Clay,182.2,Yes,No,Local,2.14
Akwa Ibom,Yam,0.73,2048.3,22.4,6.37,Loamy,159,No,Yes,Local,7.54
Benue,Sorghum,2.24,1327,24.5,5.45,Loamy,8.3,Yes,Yes,Local,1.3
Benue,Maize,0.72,1035.6,29.4,5.54,Loamy,73.7,Yes,No,Local,2.28
Kwara,Maize,0.58,1140.3,26.1,6.22,Clay,167.7,No,No,Improved,3.26
Ondo,Maize,0.88,2198,27.6,6.1,Sandy,153.3,No,No,Improved,2.66
Delta,Cassava,1.15,2315.1,23.1,7.25,Loamy,119.9,No,Yes,Local,8.89
Bayelsa,Cassava,0.74,1606.5,27.6,6.27,Loamy,113.8,No,No,Improved,11.1
Cross River,Yam,0.41,1731,27.6,6.04,Clay,168.8,No,No,Local,7.2
Kogi,Yam,0.89,1392.3,29.1,5.46,Clay,107.7,No,No,Local,7.94
Kebbi,Sorghum,1.44,749.5,32.7,6.58,Clay,51.6,No,Yes,Improved,2.08
Edo,Sorghum,0.9,1741,29.8,6.3,Loamy,70.9,No,No,Local,0.41
Borno,Sorghum,0.57,422.2,33.8,4.61,Sandy,36.2,No,No,Improved,1.6
Zamfara,Maize,10.78,871.6,28.1,7.23,Sandy,78.4,No,No,Improved,0.86
Bayelsa,Sorghum,2.05,1608.9,25.4,6.71,Clay,97.9,Yes,No,Local,1.32
FCT,Rice,0.81,1283.2,29.2,6.86,Loamy,83.3,No,No,Local,3.2
Niger,Sorghum,1.18,1113.6,25.5,6.19,Loamy,94.3,No,No,Local,1.23
Borno,Cassava,1.7,641.7,34.9,6.28,Sandy,96.8,No,No,Local,7.9
Delta,Cassava,2.1,2048.4,25.2,5.08,Sandy,118.6,No,No,Local,9.29
Bauchi,Sorghum,1.44,872.4,26.8,5.6,Loamy,82.9,Yes,No,Local,1.72
Lagos,Cassava,1.4,1941.1,26.6,6.9,Clay,109.9,Yes,No,Improved,13.06
Katsina,Sorghum,1.1,463.3,35.8,6.22,Sandy,1.8,No,No,Local,1.06
Ondo,Sorghum,3.63,1934.9,28.3,6.54,Clay,132.1,Yes,No,Local,0.28
Lagos,Maize,6.41,2282.7,26.6,6.84,Loamy,53,Yes,No,Local,1.96
Imo,Sorghum,0.88,2104,29.6,5.5,Loamy,162.3,Yes,No,Improved,1.15
Akwa Ibom,Yam,1.23,1917.6,27.9,5.88,Clay,120.4,Yes,No,Local,8.43
Kebbi,Rice,4.28,764.8,32.3,6.45,Sandy,130.4,No,No,Improved,3.5
Gombe,Yam,0.74,929.5,27.6,6.68,Clay,103.6,Yes,No,Local,8.76
Kaduna,Yam,5.62,946.5,33.3,6.32,Loamy,87.4,No,No,Local,8.3
Katsina,Yam,1.11,537,28.4,6.17,Loamy,0,Yes,No,Local,6.36
Cross River,Rice,3.44,1630.8,26.5,5.98,Clay,56.4,No,Yes,Improved,3.58
Taraba,Yam,4.92,1190.1,31.4,6.54,Clay,23.6,No,Yes,Local,5.69
Benue,Yam,0.78,1340.6,26.4,6.22,Loamy,140,Yes,No,Improved,10.32
Enugu,Rice,0.64,2288.8,22.7,4.99,Sandy,165.1,No,No,Local,2.38
Niger,Yam,1.14,1149.8,26.5,7.11,Sandy,60.3,Yes,No,Improved,8.16
Lagos,Yam,4.55,2430.9,26.2,7.88,Loamy,111.3,Yes,No,Local,5.71
Anambra,Cassava,0.69,1507.3,23.2,6.64,Sandy,115.1,Yes,No,Improved,10.72
Ogun,Sorghum,0.68,2122.3,27.4,5.24,Clay,120.9,No,No,Improved,1.24
Kogi,Rice,2.26,1017.3,29.7,5.49,Clay,109.7,No,No,Improved,4.12
Zamfara,Maize,1.31,831.4,27.5,5.22,Sandy,117.6,No,Yes,Local,1
Kano,Maize,10.19,836.7,35,5.48,Sandy,198.9,No,No,Improved,2.07
Zamfara,Sorghum,1.02,851.5,26.5,5.2,Sandy,88.3,Yes,No,Improved,1.76
Bayelsa,Cassava,1,1949.1,22.3,5.79,Sandy,113.4,No,No,Local,8.81
Imo,Rice,0.51,2483.9,30,6.27,Loamy,169.8,No,No,Local,2.8
Borno,Rice,2.55,435.2,31.2,5.97,Sandy,167.7,No,No,Improved,3.43
Benue,Maize,1.13,1025.3,29.7,7.51,Sandy,150.6,No,No,Local,2.1
Ogun,Sorghum,0.6,2363.2,25,5.95,Loamy,0,No,No,Local,0.35
Cross River,Cassava,0.54,2074.2,29.3,5.39,Loamy,81.5,Yes,Yes,Local,10.88
Bayelsa,Rice,0.52,1709.3,24.5,5.72,Sandy,131.4,Yes,No,Improved,3.69
Ogun,Maize,2.55,2112.8,26.7,6.19,Loamy,123.9,No,No,Local,2.27
Anambra,Rice,5.29,1632.7,25.6,5.62,Loamy,109.2,No,No,Improved,3.73
Ogun,Sorghum,2.06,1692.5,27.5,6.78,Loamy,87.2,Yes,No,Local,1.25
Gombe,Cassava,7.95,649.8,28.3,6.26,Loamy,109,No,No,Local,8.29
Bayelsa,Rice,5.38,2159.3,24.5,4.92,Clay,65,Yes,No,Improved,3.13
Enugu,Yam,9.94,1839.9,24.2,5.6,Clay,47.9,Yes,No,Improved,10.93
Rivers,Sorghum,0.81,1531.7,27.9,6.18,Clay,67.9,Yes,No,Improved,1.82
Anambra,Rice,0.2,2069.3,28.9,5.78,Clay,149.1,No,Yes,Local,3.7
Kaduna,Sorghum,0.78,604.2,27.5,6.39,Sandy,32.6,No,No,Local,1.34
Benue,Cassava,1.79,1199,31.2,7.05,Clay,114.7,No,Yes,Improved,12.21
Katsina,Maize,3.73,540,30.4,4.54,Sandy,82.2,Yes,No,Local,2.17
Yobe,Rice,0.64,454.7,37.7,6.41,Clay,43,Yes,No,Improved,2.55
FCT,Maize,5.99,1030.2,30.6,5.33,Loamy,154.9,Yes,No,Improved,3.25
Anambra,Cassava,1.52,2305.1,28.1,6.97,Sandy,138.5,Yes,No,Improved,9.5
Anambra,Cassava,1.32,2350,27.1,5.09,Loamy,170,Yes,No,Local,8.88
Edo,Sorghum,1.49,2402.3,24.2,5.95,Clay,127.6,No,No,Improved,0.95
Taraba,Rice,0.43,1194.7,28.7,5.16,Sandy,190,No,No,Local,2.44
Delta,Cassava,3.63,1531.6,25.9,5.15,Clay,109,Yes,Yes,Local,10.95
Kogi,Rice,2.66,1355.5,30.7,6.26,Clay,81.7,Yes,No,Improved,3.37
Taraba,Yam,1.09,1309.4,25.7,7.2,Sandy,65.2,Yes,No,Local,6.86
Niger,Yam,5.69,1021.1,31.5,5.06,Loamy,129.3,Yes,No,Improved,10.33
Akwa Ibom,Yam,4.62,2495.5,26.2,5.96,Clay,148.9,No,Yes,Local,7.93
Kogi,Sorghum,0.7,1058.9,26.7,6.49,Loamy,24.5,Yes,No,Improved,1.86
Jigawa,Yam,2.65,588.9,37.5,5.13,Sandy,132.2,No,No,Improved,8.72
Benue,Sorghum,0.75,1334.1,24,5.12,Clay,2.9,No,No,Local,1.1
Anambra,Cassava,0.74,2210,24.7,6.16,Clay,82.1,No,No,Improved,10.95
Osun,Rice,0.46,2035.7,22.4,6.64,Loamy,92.8,No,No,Improved,3.6
Zamfara,Yam,1.67,616.4,28.2,6.15,Clay,109.3,No,Yes,Local,9.9
Edo,Rice,4.4,1521.6,23.8,6.36,Loamy,139.2,No,No,Local,2.75
Anambra,Cassava,3.06,1847.1,23.3,5.74,Loamy,88.6,No,No,Improved,8.78
Rivers,Cassava,0.73,1645.6,24.7,5.07,Sandy,158.4,Yes,No,Improved,10.97
Cross River,Sorghum,5.1,1792.7,27.2,5.2,Loamy,95.3,No,No,Improved,1.74
Kano,Maize,0.71,601.5,26.2,6.46,Clay,138.2,Yes,No,Improved,3.66
Ondo,Maize,2.42,2487.1,23.8,6.34,Loamy,183.3,No,No,Local,1.68
Enugu,Yam,5.11,1664.2,25.2,6.05,Clay,70.9,Yes,No,Local,7.3
Akwa Ibom,Maize,3.18,1854.2,22.6,6.57,Sandy,148,No,No,Improved,1.33
Bayelsa,Cassava,17.96,1853.3,25.3,6.01,Loamy,53.2,Yes,No,Local,9.71
Bayelsa,Sorghum,0.37,2447.8,23.9,6.23,Loamy,120.9,No,No,Local,0.72
Bauchi,Maize,1.36,621.8,31.3,5.86,Clay,129.5,No,Yes,Improved,3.01
Ekiti,Maize,9.28,2423.6,25.8,7.72,Clay,142.9,No,Yes,Improved,2.74
Kogi,Cassava,1.84,1027.2,27.3,6.01,Sandy,102.6,Yes,No,Local,8.61
Jigawa,Sorghum,0.84,466.9,33.4,6.8,Loamy,26.8,No,Yes,Improved,1.83
Gombe,Maize,6.89,932,27,5.71,Clay,66.7,No,No,Improved,2.77
Ogun,Rice,1.19,1568.8,26.3,6.56,Loamy,93.8,No,No,Improved,4.04
Ondo,Cassava,0.97,2138.8,29.3,5.89,Loamy,88.3,No,No,Improved,12.66
Ogun,Maize,1.08,2274.4,25.1,5.94,Sandy,109.2,No,No,Local,2.31
Ekiti,Sorghum,11.16,2112.7,24,6.91,Loamy,100.5,No,No,Local,0.98
Zamfara,Sorghum,0.79,621.2,27.8,6.5,Clay,86.8,No,No,Local,1.31
Ogun,Sorghum,0.49,1944.9,23.6,5.3,Sandy,48.1,No,No,Improved,1.49
Jigawa,Maize,0.61,434.7,35.5,6.02,Clay,103,Yes,No,Local,1.92
Borno,Maize,4.37,514.4,34.9,6.14,Sandy,195.5,No,No,Local,1.91
Benue,Cassava,3.4,1040.3,24.5,7.01,Loamy,65,No,No,Improved,8.6
Jigawa,Cassava,1.22,397.8,37.1,5.77,Sandy,8,Yes,No,Local,6.84
Yobe,Rice,2.94,364.1,30.7,5.86,Loamy,134.1,No,Yes,Improved,4
Bayelsa,Maize,1.53,1724.6,25.3,6.97,Clay,118.2,Yes,No,Local,2.16
Abia,Yam,0.71,1745.2,28.9,7.09,Sandy,199.6,Yes,No,Local,5.12
Sokoto,Maize,0.64,336.3,29.8,6.35,Loamy,127.1,Yes,No,Local,2.42
Niger,Maize,1.46,1026.6,31.7,6.37,Loamy,88.5,No,No,Local,2.05
Jigawa,Rice,1.01,483.7,34.2,6.11,Clay,222.9,No,No,Local,2.06
Osun,Rice,2.37,2322.4,23.1,6.75,Loamy,133,Yes,No,Local,2.54
Sokoto,Cassava,0.78,420.2,37.2,7,Sandy,76.3,Yes,Yes,Local,9.41
Cross River,Sorghum,6.81,2326.6,29.3,5.61,Clay,55.6,No,No,Improved,1.51
Zamfara,Yam,1.09,846.9,26.3,6,Sandy,104.8,No,No,Improved,5.38
Ondo,Sorghum,1.25,1949.2,26.4,6.35,Clay,84.7,No,No,Improved,1.83
Lagos,Cassava,0.85,1658.3,27.5,6.13,Sandy,30.6,No,No,Improved,9.66
Edo,Sorghum,14.23,2221.7,23.8,6.26,Sandy,7.1,Yes,No,Improved,1.13
Borno,Sorghum,5.96,498,34.8,6.56,Sandy,58,No,No,Improved,2.05
Cross River,Rice,1.42,1676,26.7,6.62,Clay,86,No,No,Local,2.84
Sokoto,Maize,2.26,346.8,37.8,7.88,Clay,149.7,No,No,Local,1.63
Rivers,Cassava,4.13,2363.7,24.3,5.44,Clay,111.6,No,No,Local,9.43
Cross River,Sorghum,0.49,2344.9,22,6.79,Clay,26.4,Yes,No,Local,1.23
Lagos,Rice,1.55,2016.1,22.2,7.26,Clay,99.5,Yes,No,Improved,3.08
Benue,Yam,1.82,1048.2,28.1,5.26,Clay,110.7,Yes,No,Improved,11.56
Zamfara,Yam,0.49,815.8,34.9,6.1,Loamy,71.3,No,No,Local,5.79
Anambra,Sorghum,2.82,1858.6,22.2,6.7,Clay,60.3,Yes,No,Local,1.48
Bayelsa,Maize,2.78,1654.8,26.7,5.42,Clay,238.8,No,No,Local,1.5
Osun,Rice,1.48,2281.1,26.4,6.3,Loamy,123.8,No,No,Local,2.84
Abia,Yam,0.44,2123.9,29,5.9,Clay,31.6,No,No,Improved,10.86
Bauchi,Sorghum,4.59,844.9,32.2,6.29,Clay,0,No,No,Local,1.07
Katsina,Yam,0.96,415.1,34.9,5.83,Sandy,69.6,No,No,Local,6.79
Kaduna,Yam,0.2,903.4,30.8,6.61,Sandy,67,No,No,Local,6.99
Bayelsa,Maize,6.56,2177,24.6,6.52,Clay,141.8,No,No,Improved,2.06
Benue,Sorghum,1.09,1007.9,32,6.23,Loamy,66.4,No,No,Local,1.16
Zamfara,Rice,2.47,911.9,26.6,6.72,Sandy,59.3,No,No,Local,2.83
Niger,Sorghum,3.37,1271.5,27.2,6.61,Loamy,39,No,No,Improved,1.65
Kogi,Sorghum,0.92,1057.3,31.5,6.84,Clay,17,No,No,Local,1.06
Bayelsa,Yam,2.26,1511.6,24.1,5.4,Loamy,86.8,No,No,Local,8.5
Ogun,Sorghum,1.72,1787.2,28.6,6.1,Loamy,86.3,No,No,Local,1.35
Kwara,Maize,1.65,1073.9,25.1,5.81,Sandy,115.6,No,No,Local,2.7
Nasarawa,Cassava,0.2,1449.7,28.4,6.32,Loamy,77,Yes,No,Local,11.77
Borno,Maize,3.54,334.4,36,6.02,Sandy,96,No,No,Improved,2.28
Lagos,Sorghum,0.51,2179.7,26.6,5.21,Sandy,48.4,Yes,No,Improved,1.52
Katsina,Rice,0.47,655.9,35.6,7.21,Sandy,94,No,No,Local,1.81
Ekiti,Sorghum,2.9,1701,29.9,5.02,Loamy,20.8,No,No,Local,1.02
Ekiti,Yam,1.67,2299.7,29.4,5.98,Loamy,10.7,No,No,Local,6.4
Ebonyi,Yam,1.83,1864.2,29.4,7.27,Clay,154.1,Yes,No,Improved,8.45
Lagos,Yam,1.09,1947.6,22.7,5.68,Clay,134.1,No,No,Local,6.73
Ebonyi,Yam,2.26,2182.2,27.2,6.01,Loamy,59.7,Yes,Yes,Local,9.56
Bayelsa,Maize,1.06,1624.3,24.2,5.87,Clay,76.6,Yes,No,Local,2.56
Bauchi,Rice,1,958.7,34.4,6.66,Loamy,113.5,No,No,Local,2.24
Gombe,Sorghum,6.65,838.2,28.2,6.98,Sandy,118.6,No,No,Improved,1.46
Benue,Rice,0.69,1047.9,30,6.22,Loamy,66.9,Yes,No,Local,2.75
Bayelsa,Sorghum,2.28,1893,24.8,5.83,Loamy,46.8,No,Yes,Improved,1.69
Kogi,Yam,2.26,1220.4,28.4,6.83,Clay,103.3,No,No,Local,7.22
Cross River,Yam,0.43,2080.6,24.1,6.87,Loamy,91.1,No,No,Local,7
Kogi,Maize,1.98,1491.9,31.3,5.28,Sandy,133.4,Yes,No,Local,2.11
Kebbi,Cassava,0.51,809.7,27,6.8,Loamy,58.4,Yes,Yes,Improved,12.22
Anambra,Cassava,4.01,2487.9,28.4,7.46,Clay,105.2,No,No,Improved,9.29
Gombe,Sorghum,5.87,899.8,28,6.83,Clay,56.8,Yes,No,Local,1.53
Taraba,Sorghum,1.07,1413,26.1,7.16,Loamy,35.3,No,No,Local,1.34
Cross River,Sorghum,1.64,2099.2,29.4,6.06,Sandy,85.9,No,No,Local,0.99
Kano,Yam,1.96,652.4,32.3,6.22,Clay,17.6,No,No,Local,5.94
Edo,Maize,1.25,2105.5,28,5.35,Clay,138.7,No,No,Improved,2.29
Katsina,Rice,0.82,361.4,30,6.89,Sandy,80.9,Yes,No,Improved,3.23
Yobe,Maize,0.37,672.2,32.5,5.13,Sandy,142.1,Yes,No,Local,2.19
Plateau,Maize,0.3,1426.2,30.6,6.19,Loamy,102.1,No,No,Local,2
Kogi,Yam,1.32,1327,26.8,5.99,Clay,109.2,No,No,Improved,11.14
Katsina,Yam,0.8,482.7,36.9,5.64,Clay,155.8,Yes,No,Local,6.2
Katsina,Rice,3.28,419.8,28.9,5.64,Sandy,49.6,Yes,No,Improved,3.37
Delta,Rice,1.33,1976.1,29.5,6.02,Loamy,84.2,Yes,No,Local,2.88
Abia,Sorghum,6.16,2023.1,23.2,4.09,Sandy,102.2,No,No,Local,0.97
Anambra,Maize,2.61,1856,26.9,6.12,Clay,149.6,Yes,No,Local,2.08
Adamawa,Yam,6.48,1121.3,25.7,6.58,Loamy,88.5,No,No,Improved,9.6
Lagos,Rice,2.71,2331,23.3,5.71,Sandy,102,No,Yes,Improved,1.88
Ekiti,Maize,3.92,2039.9,24.7,5.04,Loamy,116.3,No,No,Local,1.68
Imo,Rice,0.94,1745.9,28.5,6.05,Loamy,108.7,No,No,Improved,3.81
Lagos,Sorghum,1.41,2201,22.5,6.66,Loamy,64.9,No,No,Local,1.08
Jigawa,Rice,2.86,327.3,30.8,6.55,Sandy,87.9,No,No,Local,3.13
Rivers,Cassava,2.67,1826.5,25.3,6.11,Loamy,0,No,No,Local,6.19
Nasarawa,Cassava,1.24,1273.2,30.1,6.78,Sandy,101.4,Yes,No,Improved,12.59
Kano,Maize,1.55,622.4,34.9,5.59,Sandy,187.5,Yes,No,Local,1.84
Niger,Yam,0.73,1141.4,26.7,5.28,Sandy,96.2,No,Yes,Local,8.59
Lagos,Rice,1.53,1989.8,29.7,5.69,Clay,91.1,No,No,Local,2.97
Bauchi,Maize,0.99,622.6,31.7,5.74,Clay,75.3,Yes,Yes,Local,2.37
Ogun,Rice,0.7,1708.3,28.7,5.33,Clay,136,No,No,Local,3.62
Gombe,Cassava,3.87,796,31.8,6.38,Loamy,103.1,Yes,No,Improved,12.61
Enugu,Rice,2.63,1880.1,27.9,6.5,Clay,110.9,No,No,Local,2.68
Akwa Ibom,Yam,3.19,1700.9,29,6.45,Loamy,80.9,No,No,Local,9.41
Cross River,Sorghum,3.55,2120.7,22.3,5.92,Clay,21.1,Yes,No,Improved,1.23
Zamfara,Sorghum,2.31,943.5,29,6.18,Sandy,79.8,No,No,Local,1.4
Gombe,Yam,9.31,661.8,30.1,6.75,Loamy,102.1,Yes,No,Local,8.46
Rivers,Yam,2.38,1671.1,24.5,6.57,Loamy,94.4,Yes,Yes,Local,9.57
Ogun,Rice,1.06,2063,26.2,5.85,Loamy,119.3,No,No,Local,3.16
Lagos,Sorghum,2.64,2004.7,29.2,5.69,Loamy,31.8,No,No,Improved,1.67
Edo,Cassava,3.88,2077.1,22.7,4.95,Loamy,29.7,No,Yes,Local,8.81
Kano,Rice,1.39,654.8,28.3,5.5,Clay,95.7,No,No,Improved,3.36
Anambra,Sorghum,0.32,2015.7,23,7.55,Clay,39.7,No,No,Improved,1.5
Anambra,Maize,0.42,2315.9,24.9,7.53,Sandy,139.9,No,No,Local,1.81
Kogi,Yam,1.53,1119.5,28.8,4.93,Loamy,123.2,No,No,Local,6.63
Oyo,Sorghum,2.27,2080.3,23.4,6.45,Sandy,31.6,No,No,Local,0.85
Delta,Sorghum,1.27,2022.4,24.1,5.55,Clay,1,Yes,No,Improved,1.32
Akwa Ibom,Yam,2.3,2029.4,29,5.47,Clay,107.5,No,No,Improved,9.32
Anambra,Rice,3.31,2487.4,28.3,5.25,Loamy,104.2,No,No,Local,2.66
Akwa Ibom,Rice,1.01,1838.9,24.7,6.95,Clay,45.8,Yes,Yes,Local,2.8
Jigawa,Yam,0.9,527.3,31.9,4.57,Sandy,116,Yes,No,Improved,8.8
Akwa Ibom,Sorghum,3.14,2118.7,23.7,7.2,Loamy,129.6,No,No,Improved,1.08
Abia,Rice,2.06,1901.3,28.1,5.88,Clay,153.2,No,No,Local,3.39
Katsina,Yam,0.59,486.7,28.9,4.52,Sandy,112.3,No,No,Local,6.41
Kano,Cassava,4.94,863.5,29.7,6.07,Clay,96,No,No,Local,8.27
Ekiti,Yam,0.78,1970.7,25.8,6.42,Clay,66.6,No,No,Local,8.29
Edo,Cassava,2.62,2276.5,23.2,4.89,Clay,107.9,No,No,Local,6.67
FCT,Maize,3.53,1390.4,28.8,5.74,Loamy,87.5,No,No,Improved,2.67
Rivers,Rice,0.29,1587.7,25.9,6.77,Loamy,72.1,No,No,Local,3.04
Yobe,Cassava,0.2,349.7,32.6,5.16,Clay,141.3,No,No,Local,8.08
Benue,Sorghum,0.22,1102.4,27.9,6.58,Loamy,65.1,Yes,No,Improved,2.05
Niger,Rice,7.45,1138.7,30.6,4.77,Clay,72.9,No,No,Improved,3.6
Delta,Rice,0.2,2315.2,28.9,6.99,Loamy,151.4,No,No,Local,2.59
Taraba,Rice,1.03,1094.7,25.9,4,Clay,90.6,No,No,Improved,2.66
FCT,Rice,1.09,1110.9,27.2,6.04,Clay,129.5,Yes,No,Local,3.09
Gombe,Yam,1.32,872.9,29.7,6.42,Clay,157.1,No,No,Local,8.7
Ogun,Yam,0.42,1926.5,27.7,6.32,Clay,82,No,No,Improved,10
Akwa Ibom,Rice,1.21,2392.4,22.3,5.41,Loamy,170.5,No,No,Local,2.31
Zamfara,Maize,9.41,908.8,29.6,5.64,Sandy,97.7,No,No,Local,2.37
Akwa Ibom,Maize,1.62,1500.6,25.6,5.48,Loamy,139.3,No,No,Improved,2.14
Ekiti,Rice,1.21,2331,29.5,4.6,Loamy,67.4,No,No,Improved,2.81
Taraba,Cassava,0.2,1276.6,29.9,5.46,Sandy,122.6,Yes,No,Local,8.17
Imo,Maize,3.89,2277.4,27.2,6.72,Loamy,99.1,Yes,No,Local,1.78
Jigawa,Rice,6.81,359.2,29.9,5.92,Sandy,139.5,Yes,No,Improved,3.67
Jigawa,Rice,7.08,528,36.6,7.45,Sandy,123.6,No,No,Improved,2.88
Oyo,Cassava,2.2,1771.5,29.2,6.12,Loamy,134.7,No,No,Local,8.61
Bayelsa,Sorghum,1.21,2368.1,24.9,6.34,Clay,0,No,No,Local,0.98
Anambra,Cassava,1.09,2290,23.6,6.42,Sandy,132.7,No,No,Local,9.75
Ebonyi,Cassava,1.43,1708,29.1,5.78,Loamy,86.4,No,No,Local,7.71
Sokoto,Cassava,0.52,669.5,37.4,6.01,Loamy,90.4,No,No,Local,7.63
Bauchi,Sorghum,1.69,607.4,31.8,7.04,Clay,55.8,Yes,No,Local,1.54
Imo,Cassava,1.22,1770.2,28.5,6.28,Sandy,66.4,Yes,No,Improved,12.15
Cross River,Sorghum,1.29,1746.1,23.6,6.45,Loamy,67.4,No,No,Local,1.23
Akwa Ibom,Maize,2.02,2326.2,29.8,4.92,Loamy,89.9,Yes,No,Local,1.72
Kano,Rice,3.99,838.9,27.5,5.62,Loamy,230.4,Yes,No,Local,2.44
Katsina,Rice,0.82,371.8,32.3,5.38,Sandy,93.4,No,No,Local,2.48
Bauchi,Rice,2.74,760,34.7,5.45,Loamy,95.1,Yes,No,Local,3.25
Jigawa,Sorghum,20.62,307.7,37.7,7.09,Sandy,55,No,No,Local,0.73
Akwa Ibom,Sorghum,0.82,2168.8,29.5,5.95,Loamy,18.2,No,No,Local,1.09
Ogun,Cassava,1.05,2293.4,25.7,6.77,Clay,126.1,No,No,Local,8.79
Ondo,Rice,1.27,2279.7,24.9,6.6,Sandy,176.5,No,No,Local,2.42
Bauchi,Cassava,3.74,718,26.2,6.4,Loamy,89.7,No,No,Improved,9.93
Jigawa,Cassava,9.29,669.6,29.2,5.46,Loamy,105.1,Yes,No,Local,10.45
Jigawa,Rice,1.88,654.3,36.8,6.69,Sandy,187,No,No,Improved,2.47
Ekiti,Sorghum,1.31,2493.6,28.5,7.93,Loamy,81.2,No,No,Local,0.96
Jigawa,Sorghum,3.66,677.1,36.2,5.52,Sandy,44.3,No,No,Local,1.43
Kano,Yam,2.11,849.7,27.5,6.2,Loamy,90,No,No,Improved,8.97
Yobe,Sorghum,2.94,392.2,32.5,4.87,Loamy,112.1,No,No,Local,1.21
Sokoto,Maize,0.96,417,34.1,5.72,Clay,110,Yes,No,Local,1.76
Borno,Sorghum,5.01,427.1,33.4,6.62,Loamy,31.3,Yes,No,Local,1.46
Anambra,Yam,5.76,2341.1,24.4,6.36,Sandy,99,Yes,Yes,Improved,11.46
Borno,Maize,0.86,581.8,30.9,5.96,Sandy,186.6,Yes,No,Improved,0.86
Kogi,Maize,2.55,1402.2,25.1,7.75,Loamy,73.9,No,No,Improved,2.74
Kebbi,Rice,1.71,690.5,32,5.26,Clay,56.6,Yes,No,Improved,3.41
Niger,Yam,0.73,1405.5,31.4,6.06,Loamy,112.9,No,No,Local,8.01
Edo,Yam,2.7,1685.9,28.3,6.36,Clay,93.6,Yes,No,Local,8.66
Kwara,Maize,1.13,1143.9,26.2,6.62,Loamy,158,No,No,Improved,2.35
Imo,Cassava,2.78,2163.1,23.1,5.52,Loamy,162.4,Yes,No,Improved,9.78
Akwa Ibom,Cassava,1.83,2435.1,27.6,7.12,Loamy,50.4,No,No,Improved,9.6
Katsina,Maize,0.96,505,37.7,5.8,Clay,133.7,No,No,Local,2.05
Taraba,Cassava,5.02,1142.6,25.4,5.79,Loamy,35.1,Yes,No,Improved,10.58
Delta,Sorghum,2.03,1860.8,25.5,6.76,Loamy,94.4,Yes,No,Local,0.81
Edo,Yam,0.89,1722,24.7,5.38,Loamy,77.9,No,No,Local,7.89
Adamawa,Yam,6.37,1321.9,30.3,6.65,Clay,141.4,Yes,No,Improved,10.59
Enugu,Maize,0.56,2124.9,30,5.99,Sandy,91,No,No,Improved,2.46
Kwara,Rice,0.34,1176.4,26.6,4.92,Loamy,123.5,Yes,No,Local,2.17
Gombe,Yam,0.97,948.1,32.3,6.35,Sandy,106.6,No,No,Improved,10.93
Ondo,Sorghum,0.72,2010.9,29,5.42,Clay,83,No,Yes,Improved,1.67
Abia,Maize,2.79,1974.6,24.2,5.93,Clay,90.4,No,No,Local,1.91
Adamawa,Sorghum,0.82,1476.4,24.3,5.94,Clay,96.5,Yes,No,Improved,1.58
Delta,Maize,3.89,2220.4,28.5,5.89,Loamy,129.1,No,No,Local,1.93
Gombe,Sorghum,4.31,708.9,30.2,5.23,Sandy,0,Yes,No,Improved,1.54
Sokoto,Maize,0.92,542.5,32.2,5.79,Sandy,42.6,No,No,Improved,2
Plateau,Yam,7.68,1447.9,29.5,6.32,Loamy,103.7,Yes,No,Local,8.34
Gombe,Yam,0.61,777.8,28,6.68,Sandy,60.4,Yes,No,Local,9.41
Bauchi,Yam,1.12,639.1,28.3,4.52,Sandy,109.3,No,No,Local,7.16
Ebonyi,Maize,2.23,1632.7,26.4,5.75,Clay,113.2,No,No,Improved,3.03
Ondo,Rice,0.25,2399.5,25.2,5.78,Loamy,145.2,Yes,No,Improved,3.69
Enugu,Maize,3.38,2273.8,26.8,6.26,Sandy,157.4,No,No,Local,1.7
Ekiti,Sorghum,0.25,1884.1,28,5.28,Loamy,66.9,No,No,Local,1.3
Cross River,Cassava,2.38,2128.9,25.8,6.06,Clay,28.7,No,No,Improved,9.28
Anambra,Rice,1.44,1560.5,23.6,5.98,Loamy,117.3,No,No,Improved,3.54
Benue,Yam,1.06,1126.8,30.3,5.75,Clay,151,Yes,Yes,Improved,10.65
FCT,Sorghum,1.44,1258.2,30.2,6.48,Loamy,0,Yes,No,Improved,1.28
Oyo,Maize,0.66,2115.2,22.4,6.8,Clay,76.1,No,No,Local,1.67
Zamfara,Sorghum,0.81,775,33.4,5.28,Sandy,15.3,No,No,Local,1.16
Ebonyi,Rice,1.14,1859.9,25.8,5.81,Clay,103.2,Yes,Yes,Improved,4.23
Delta,Sorghum,0.74,2126.6,25.3,5.97,Loamy,104.3,No,No,Local,1.02
Anambra,Rice,3.61,2366,28.1,6.6,Loamy,102,No,No,Local,1.08
Bayelsa,Maize,1.07,1917.4,25.8,6.8,Clay,170.8,Yes,No,Local,1.63
Plateau,Rice,0.87,1193.2,30.5,5.86,Sandy,63.2,No,No,Improved,3.48
Akwa Ibom,Maize,0.6,2306.1,24.5,6.3,Loamy,119.5,Yes,No,Local,2.37
Nasarawa,Rice,0.92,1404.2,27.5,4.32,Loamy,127.2,Yes,No,Local,3.05
Adamawa,Sorghum,4.36,1140.1,26.4,5.58,Loamy,112.9,No,No,Local,1.14
Oyo,Yam,4.24,1960.4,29.5,6.64,Clay,124.1,No,Yes,Improved,10.5
Nasarawa,Yam,7.94,1157.8,27.2,5.96,Loamy,77.2,No,No,Local,7.89
Katsina,Yam,2.04,331.7,31.9,5.15,Clay,57.2,Yes,No,Local,7.63
Jigawa,Rice,9.85,683.6,33.3,5.33,Sandy,109.7,Yes,No,Local,2.77
Akwa Ibom,Rice,1.08,1764,22,5.73,Clay,117,No,No,Local,2.46
Bayelsa,Cassava,0.4,2336.7,27.4,5.56,Clay,67.2,Yes,No,Local,8.46
Katsina,Yam,2.98,627,32.9,6.22,Sandy,77.6,No,No,Local,8.36
Adamawa,Maize,1.92,1254.7,27,7.5,Clay,93.8,Yes,Yes,Improved,2.97
Edo,Sorghum,1.89,1870.4,25,5.36,Loamy,63.7,Yes,No,Local,1.24
Adamawa,Sorghum,5.25,1108.1,27.2,6.42,Loamy,43.7,Yes,No,Improved,1.72
Plateau,Rice,0.82,1441.9,29.4,6.19,Clay,105.8,Yes,No,Improved,4.85
Kebbi,Sorghum,1.08,780.1,34.7,4.4,Sandy,89.4,No,Yes,Improved,1.43
Rivers,Rice,1.59,2461.5,24.3,6.28,Sandy,121.6,Yes,No,Improved,4.27
Delta,Sorghum,0.35,2247.1,27.4,5.75,Loamy,0,No,No,Local,0.96
Ekiti,Yam,0.42,2256.5,24.7,6.51,Sandy,110.1,Yes,No,Improved,10.19
Kwara,Sorghum,0.38,1474.2,28.4,6.46,Sandy,99.6,Yes,No,Improved,1.36
Akwa Ibom,Yam,2.84,1861.8,23.9,6.24,Clay,68,No,No,Improved,8.78
Ogun,Sorghum,4.26,1949.9,24.7,5.1,Clay,0,Yes,No,Local,1.04
Adamawa,Rice,1.16,1291.5,27.2,6.05,Loamy,140.7,Yes,No,Improved,4.39
Bauchi,Maize,2.72,639.1,27.6,6.62,Loamy,131.7,No,No,Local,2.36
Abia,Rice,0.84,1551.8,28.2,6.19,Loamy,160.3,Yes,Yes,Improved,1.23
Lagos,Cassava,7.74,2070.2,27.4,5.74,Clay,60.2,No,No,Improved,12.24
Katsina,Rice,2.34,538.1,35.3,5.07,Sandy,97.8,Yes,No,Local,2.89
Oyo,Rice,1.02,1990.5,22.1,5.7,Clay,121.7,Yes,No,Improved,3.61
Ekiti,Maize,6.31,1522.1,29.3,6.15,Loamy,135.3,No,Yes,Local,2.28
Ebonyi,Rice,1.42,1766.5,28.4,5.95,Clay,159.4,No,No,Improved,3.79
Borno,Maize,0.69,339.2,37.5,5.03,Loamy,126.6,Yes,Yes,Improved,2.25
Ebonyi,Rice,1.21,1660.4,26.8,6.28,Loamy,166.3,No,No,Local,2.57
Cross River,Sorghum,1.51,2141.9,24.2,6.56,Sandy,74.3,No,Yes,Improved,1.61
Kano,Rice,3.86,688.8,30.4,5.33,Sandy,95.5,Yes,No,Improved,2.4
Adamawa,Sorghum,0.79,1430.4,27.3,5.5,Clay,59.2,No,No,Improved,1.81
Zamfara,Maize,1.57,847.4,30.5,6.37,Sandy,145.4,No,No,Local,2.27
Gombe,Yam,4.14,983,30.5,6.7,Sandy,40.9,Yes,Yes,Local,8.15
Oyo,Sorghum,0.98,1734.3,27.9,5.24,Clay,64.7,No,No,Local,1.13
Ebonyi,Maize,1.9,2149.4,28.1,6.36,Loamy,113.2,Yes,Yes,Local,2.28
Yobe,Sorghum,0.2,432,29.4,6,Loamy,75.6,No,No,Local,1.73
Oyo,Cassava,4.94,1821.5,25.3,5.6,Clay,88.4,No,No,Local,9.99
Borno,Maize,2.85,356.4,29.3,7.19,Clay,107.8,No,Yes,Local,2.32
Edo,Rice,2.34,1724.3,29.6,5.97,Clay,167.2,Yes,No,Local,2.82
Adamawa,Cassava,0.38,1205.4,29.1,5.84,Loamy,82.6,Yes,No,Local,8.47
Ondo,Rice,1.03,2147.2,29.4,7.31,Clay,123.6,No,No,Local,2.31
Benue,Cassava,1.15,1066.1,30.2,5.55,Clay,164.5,Yes,No,Local,9.15
Jigawa,Cassava,1.32,626.2,30.4,6.25,Sandy,69.3,No,No,Local,7.79
Cross River,Yam,2.91,1908.4,26.9,6.51,Loamy,70.9,Yes,No,Improved,10.1
Bayelsa,Yam,1.6,1671.1,28.2,5,Clay,121.4,No,No,Local,6.43
Niger,Cassava,1.6,1386.6,24.2,6.21,Sandy,100.4,No,No,Improved,12.39
Anambra,Yam,2.38,2279.2,28.9,5.34,Clay,151.9,Yes,No,Local,8.54
Kwara,Yam,2.06,1436.4,26.9,5.76,Sandy,136.3,Yes,Yes,Local,8.64
FCT,Yam,2.11,1006.8,30.8,6.15,Sandy,59.3,No,No,Improved,11.16
Anambra,Rice,2.39,2139.7,28,5.31,Clay,98.6,Yes,Yes,Local,3.28
Plateau,Cassava,5.24,1041.9,30.1,6.01,Loamy,35.1,Yes,No,Local,10
Abia,Sorghum,2.75,2037.6,26.7,5.96,Sandy,101.9,Yes,No,Improved,1.07
Plateau,Rice,2.61,1063.5,26.5,6.02,Clay,45.5,No,No,Improved,2.81
Imo,Yam,1.95,1630.3,29.3,5.72,Loamy,149.8,No,Yes,Improved,11.41
FCT,Maize,1.56,1371.3,29.8,5.83,Loamy,80.4,Yes,No,Improved,2.85
Kano,Maize,1.67,930.6,26.3,5.3,Clay,120.1,Yes,No,Improved,3.04
Ogun,Yam,5.69,2464.2,25.6,6.48,Sandy,149.5,No,No,Local,6.69
Edo,Cassava,0.88,1816.2,27.6,6.5,Loamy,93.3,No,Yes,Improved,10.64
Akwa Ibom,Yam,1.99,1919.6,23.2,5.91,Loamy,113.7,No,No,Local,7.28
Anambra,Yam,4.98,1517.3,29.5,5.43,Clay,94.1,No,No,Improved,9.46
Yobe,Cassava,0.64,610.4,29.7,5.85,Sandy,159.2,Yes,Yes,Improved,11.66
Borno,Cassava,2.11,349.3,28.2,4.55,Sandy,55.1,No,No,Improved,9.58
Gombe,Cassava,0.4,808.2,31.2,5.78,Sandy,67.6,Yes,No,Local,9.97
Akwa Ibom,Sorghum,0.64,2198.3,23.3,6.4,Clay,38.7,No,No,Local,1.07
Delta,Yam,4.99,1785.4,27.8,4.9,Clay,164.6,No,No,Local,6.44
Jigawa,Yam,1.74,355.4,30,6.68,Sandy,53.9,Yes,No,Improved,9.36
Oyo,Rice,1.3,1705.7,27.9,4.9,Loamy,134.7,Yes,No,Local,3.03
Ebonyi,Cassava,1.6,1933.8,27.5,5.38,Clay,86.5,No,No,Improved,11.43
Yobe,Yam,0.67,652.1,35.1,6.48,Sandy,100.1,Yes,Yes,Local,10.74
Bauchi,Rice,0.44,690.5,30.7,5.7,Loamy,213.7,No,No,Improved,3.07
Ogun,Yam,0.45,2289.5,22.2,5.95,Clay,180.5,Yes,No,Improved,7.29
Zamfara,Maize,1.39,872.4,31.4,6.63,Sandy,138.7,No,No,Improved,2.79
Sokoto,Maize,0.61,427.1,30.9,6.02,Loamy,140.3,Yes,Yes,Local,2.85
Adamawa,Yam,0.24,1422.2,30.1,5.68,Clay,131.6,Yes,No,Local,8.52
Kogi,Cassava,0.62,1231.9,24,6.65,Clay,27.8,No,No,Improved,10.19
Niger,Yam,3.43,1103.2,28.3,4.98,Loamy,54.5,No,No,Local,6.84
Zamfara,Cassava,1.36,868.1,32.9,7.13,Loamy,61.5,No,No,Local,7.88
Yobe,Sorghum,2.6,382.1,29.6,5.79,Sandy,46.6,Yes,Yes,Local,1.75
Nasarawa,Sorghum,2.06,1496.7,25.6,6.06,Loamy,90.9,No,No,Local,1.42
Ebonyi,Maize,0.74,1999.5,25.2,7.09,Clay,123.3,Yes,No,Improved,2.36
Ondo,Rice,3.28,1973.7,26.7,7.32,Sandy,137.2,Yes,No,Improved,3.33
Ogun,Cassava,1.03,1721,22.7,6.41,Loamy,109.4,No,No,Local,9.84
Oyo,Maize,0.34,2041.2,25,5.78,Loamy,150,No,No,Local,2.35
Abia,Maize,2.03,2204.5,26.6,5.39,Loamy,212.1,Yes,No,Improved,2.09
Benue,Sorghum,1.96,1104.6,25.3,5.44,Sandy,82.5,No,No,Local,1.38
Cross River,Yam,2.29,1781.5,25.9,5.74,Loamy,83.5,No,No,Improved,9.42
Bayelsa,Maize,1.95,1830.2,23.7,6.52,Loamy,108.2,No,No,Local,1.67
Osun,Yam,0.88,1975.4,23.2,6.15,Loamy,140.9,Yes,No,Improved,8.07
Osun,Rice,1.11,2163.2,28.9,5.57,Loamy,120.4,No,No,Improved,3.57
Ogun,Yam,0.62,1900.1,24.2,6.25,Clay,68.4,Yes,Yes,Local,9.17
Edo,Sorghum,3.6,1696.4,25,6.21,Loamy,110.6,No,No,Local,1.28
Jigawa,Maize,0.93,626.5,28,6.01,Sandy,108.5,No,No,Local,2.3
Sokoto,Maize,3.14,538.1,33.2,6.38,Sandy,122,Yes,No,Local,0.98
Plateau,Rice,2.96,1014.9,29.9,6.36,Loamy,54,No,No,Local,2.54
Kebbi,Sorghum,2.26,776.2,29.4,5.6,Sandy,137.8,Yes,No,Local,1.16
Sokoto,Rice,1.28,300.6,35.6,6.13,Sandy,138.1,No,No,Local,2.73
Cross River,Maize,2.08,1992.9,24.5,5.94,Clay,173.3,No,No,Improved,2.44
Jigawa,Yam,0.84,550.3,37.8,5.3,Clay,91.5,No,No,Improved,10.03
Ogun,Rice,1.99,2366.8,28.7,7.27,Loamy,31,Yes,No,Improved,3.46
Akwa Ibom,Cassava,0.25,2214.8,23.2,6.97,Loamy,107.8,No,No,Improved,9.9
Benue,Maize,0.94,1032.4,25.6,6.09,Loamy,72,No,No,Local,1.83
Niger,Yam,1.88,1371,27,6.6,Loamy,53.9,Yes,No,Local,7.02
Kaduna,Rice,0.29,745.3,31.2,6.12,Loamy,125.5,No,No,Improved,3.69
Yobe,Rice,2.64,577,31.1,7.03,Clay,65.6,Yes,No,Improved,3.58
Taraba,Sorghum,1.85,1012.9,28.9,7.74,Loamy,105.9,No,No,Local,1.04
Imo,Cassava,0.49,1697.3,26,6.92,Loamy,140.2,No,No,Improved,12.22
Oyo,Cassava,1.59,2104.7,26.5,6.83,Sandy,88.7,Yes,No,Local,7.68
Nasarawa,Yam,21.83,1391,26.7,5.74,Sandy,99.4,No,No,Improved,9.5
Ondo,Sorghum,0.78,1808.1,25.5,6.14,Loamy,76,Yes,No,Local,1.46
Akwa Ibom,Yam,2.11,2473.5,24.7,5.39,Sandy,151.3,No,No,Local,6.58
Ogun,Cassava,3.06,2009.6,24.8,6.28,Clay,157.3,No,No,Local,8.29
Gombe,Rice,3.12,803.7,27.9,6.35,Sandy,135.6,Yes,No,Improved,3.97
Ebonyi,Maize,1.42,2473.8,22.6,6,Clay,67.9,No,Yes,Improved,2.88
Kano,Maize,1.29,785.3,34.3,6.94,Sandy,140.7,No,No,Improved,1.41
Ondo,Rice,1.62,1922.5,23.7,5.42,Loamy,72.5,Yes,No,Local,2.21
Osun,Rice,1.76,1567.3,24.8,5.42,Loamy,68.7,Yes,No,Improved,4.57
Zamfara,Cassava,2.68,967.4,34,6.02,Sandy,70,Yes,No,Local,9.34
Gombe,Cassava,1.17,742.6,32,6.73,Sandy,50.2,Yes,Yes,Improved,14.68
Imo,Cassava,1.26,2321.7,23.5,6.48,Clay,160.7,Yes,No,Local,9.55
Rivers,Yam,1.97,1520,29,5.04,Clay,78.7,No,No,Improved,9.17
Lagos,Yam,0.9,1741,25.3,5.73,Loamy,185.8,No,No,Local,5.15
Ogun,Cassava,1.33,1629.6,27.9,4.69,Clay,77,Yes,Yes,Local,10.2
Rivers,Yam,1.44,2222.4,23.6,6.16,Loamy,116.4,Yes,No,Local,7.39
Kwara,Yam,9.96,1325.6,31.9,6.13,Clay,113.3,Yes,No,Improved,9.11
Niger,Sorghum,2.03,1117.4,26.7,6.15,Sandy,65.9,No,Yes,Local,1.68
Anambra,Rice,1.91,1565.3,22.2,6.81,Sandy,195.8,Yes,No,Improved,3.08
Adamawa,Rice,1.67,1020,27,6.03,Clay,138.6,No,No,Improved,3.36
Kano,Cassava,2.82,769.8,26.8,6.1,Loamy,89.3,No,No,Local,7.04
Zamfara,Sorghum,5.23,701.8,33.6,6.07,Sandy,19,No,No,Improved,1.28
Osun,Rice,3.77,2235.5,26,6.46,Clay,81.4,No,No,Local,3.35
Kogi,Sorghum,3.35,1234.5,31.8,6.3,Loamy,94.8,No,No,Local,1.18
Zamfara,Rice,4.25,885.3,34.6,4.48,Clay,158.1,Yes,No,Local,2.66
Plateau,Cassava,0.76,1323.2,31.1,5.4,Loamy,179.4,Yes,No,Improved,9.81
Plateau,Maize,2.2,1371.7,29.3,7.22,Loamy,92,Yes,No,Improved,2.67
Ekiti,Sorghum,0.87,2499.6,25.3,5.7,Loamy,78.8,Yes,No,Local,1.21
Zamfara,Sorghum,11.06,663.7,28.8,6.19,Loamy,113.3,No,Yes,Improved,1.7
Ogun,Sorghum,1.33,2293.1,23,4.76,Loamy,94.9,Yes,No,Improved,1.35
Kwara,Sorghum,1.86,1446.6,25.3,6.24,Loamy,142,No,No,Local,0.87
Akwa Ibom,Yam,1.37,1617.9,27.1,5.85,Loamy,50,Yes,No,Improved,10.75
Borno,Maize,2.28,397.6,31.8,6.94,Sandy,118.6,No,Yes,Local,2.38
Ebonyi,Rice,1.75,1980.2,27.3,5.24,Clay,92,Yes,No,Local,2.95
Niger,Rice,4.14,1266.8,26,6.01,Loamy,75.1,Yes,Yes,Improved,4.93
Kogi,Cassava,1.61,1043.9,30.7,5.91,Sandy,93.3,No,No,Local,10.37
Katsina,Sorghum,5.18,623.2,36.9,5.8,Loamy,81.8,No,No,Local,1.19
Ondo,Rice,1.85,1646.8,25.2,6.79,Clay,75.1,Yes,No,Local,3.09
Gombe,Maize,0.91,813.4,32.5,5.27,Clay,134.9,No,No,Improved,2.47
Ebonyi,Sorghum,4.74,2345.5,28.6,5.08,Loamy,66.3,Yes,No,Local,0.98
Imo,Maize,4.11,2413.2,25.6,6.18,Loamy,175.4,No,No,Local,1.58
Delta,Yam,0.72,1806.2,29.4,5.84,Clay,77.1,Yes,No,Improved,14.28
Cross River,Sorghum,5.85,1596,25.7,6.51,Clay,0,Yes,No,Local,1.2
Oyo,Yam,1.06,2481.3,25,5.81,Sandy,70.1,No,No,Improved,8.67
Edo,Yam,6.55,1820.9,29.8,5.89,Loamy,61.2,Yes,No,Improved,10.03
Adamawa,Cassava,1.16,1262.5,27.2,6.67,Sandy,5.7,No,No,Local,7.29
Katsina,Cassava,0.35,594.5,30.7,6.78,Sandy,133.9,No,Yes,Local,9.37
Osun,Maize,0.26,1573.4,29.5,4.16,Clay,142.6,Yes,No,Local,1.9
Taraba,Sorghum,1.01,1420,29.3,6.68,Loamy,74.2,No,No,Local,1.19
Akwa Ibom,Cassava,0.91,1586.2,25,5.49,Clay,83,Yes,No,Improved,12.13
Kebbi,Cassava,3.83,623.4,26.3,6.55,Sandy,132.8,No,No,Improved,10.34
Akwa Ibom,Rice,0.27,1901.8,24.5,5.35,Clay,150.8,Yes,No,Local,3.22
Abia,Maize,6.78,2256.3,22.5,7.97,Clay,48.8,No,No,Local,1.48
Sokoto,Cassava,1.86,543.1,29.1,5.3,Sandy,47.9,Yes,No,Improved,10.31
Bayelsa,Cassava,0.77,1578.9,25,5.39,Clay,106.3,No,No,Improved,12.77
Kebbi,Maize,3.42,889.6,31,6.58,Loamy,78.8,No,No,Improved,2.57
Gombe,Cassava,0.92,678,28.9,6.66,Clay,24.9,Yes,No,Local,8.1
Ebonyi,Sorghum,1.74,2349.4,27.6,6.11,Sandy,42.9,No,No,Improved,1.78
Lagos,Rice,2.5,2234.8,25.5,6.14,Loamy,114,No,No,Local,1.97
Taraba,Sorghum,17.9,1075,32,6.14,Sandy,65.2,Yes,No,Improved,1.82
Anambra,Cassava,3.11,1948.7,26.2,5.57,Clay,107.9,No,No,Improved,11.36
Rivers,Rice,20.2,1774.7,27.7,6.88,Clay,111.9,Yes,No,Improved,3.35
Nasarawa,Yam,1.07,1412.6,24.9,6.43,Clay,44.1,Yes,No,Local,8.46
Ondo,Yam,0.39,2043.7,23.7,5.72,Loamy,98.9,Yes,No,Local,7.05
Kogi,Maize,1,1054.6,31,6.13,Loamy,133.9,No,Yes,Improved,3.49
Kano,Cassava,1.32,989.1,30.8,5.15,Sandy,68.6,Yes,No,Local,8.93
Kwara,Sorghum,2.53,1142.7,28.7,7.02,Loamy,0,No,No,Local,1.03
Benue,Sorghum,1.54,1392.8,31.8,7.15,Sandy,121.1,No,No,Local,1
Plateau,Sorghum,0.2,1181.5,24,5.5,Sandy,58.4,Yes,No,Local,1.27
Yobe,Sorghum,6.35,304.2,32.8,5.52,Sandy,130.5,Yes,No,Local,1.03
Nasarawa,Maize,1.29,1136.4,25.2,5.47,Sandy,156.5,Yes,Yes,Improved,3.36
Rivers,Rice,5.09,1746.8,25.8,6.25,Clay,112.6,No,No,Local,2.84
Kebbi,Yam,3.92,797.9,26.9,5.78,Sandy,187.9,Yes,No,Local,7.27
Yobe,Yam,1.17,581.8,31.9,7.2,Clay,147.7,Yes,No,Improved,7.42
Kwara,Yam,4.44,1445.5,24.7,6.28,Clay,99,No,No,Improved,9.84
Niger,Sorghum,6.18,1401.4,25.8,6.94,Loamy,36.5,No,No,Improved,1.58
Benue,Rice,1.05,1374.2,26.3,6.47,Loamy,90.4,No,No,Local,2.88
Rivers,Rice,0.76,1867.1,25.5,5.36,Loamy,104.9,Yes,No,Local,3.12
Imo,Rice,5.98,1584.3,28.9,6.1,Loamy,117,Yes,No,Local,3.32
Ogun,Yam,5.46,2048.4,27.6,4.5,Loamy,66.5,No,No,Local,5.72
Ondo,Maize,0.59,1969.2,29.5,6.29,Clay,98.3,No,No,Improved,2.5
Cross River,Sorghum,1.27,1526.8,23.5,6.51,Clay,96.5,No,Yes,Improved,1.81
Kwara,Rice,0.72,1154.1,31.3,6.25,Loamy,190.3,Yes,No,Improved,3.05
Enugu,Sorghum,3.11,2010.4,30,5.94,Loamy,53.2,Yes,No,Improved,0.57
Anambra,Maize,0.6,1896.5,26.4,6.15,Clay,95.8,No,No,Local,1.76
Adamawa,Sorghum,0.75,1110.2,25.2,6.5,Sandy,59.8,No,Yes,Local,1.58
Ogun,Rice,20.59,2292,24.6,5.51,Loamy,132.2,Yes,Yes,Improved,4.63
Gombe,Rice,3.07,630.1,32.2,7.38,Clay,111.5,Yes,No,Improved,2.37
Cross River,Yam,2.32,1608.2,24.8,5.86,Sandy,30.3,No,Yes,Local,6.78
Kogi,Yam,2.99,1021.8,25.2,5.35,Sandy,109.7,No,No,Local,8.05
Ebonyi,Maize,5.13,1765.2,24.6,5.86,Clay,40.7,Yes,Yes,Improved,2.78
Imo,Maize,2.02,2097.8,28.3,6.18,Loamy,187.4,Yes,No,Local,1.96
Yobe,Maize,1.15,599.6,35.6,6.37,Clay,142.1,No,No,Local,1.56
Adamawa,Sorghum,1.92,1422.6,31.9,4.96,Loamy,112.7,No,No,Local,1.1
Abia,Rice,1.21,1770.4,23.7,6.41,Clay,135.3,No,Yes,Local,3.93
Gombe,Yam,1.62,724,31.2,5.92,Loamy,57.4,No,No,Local,6.74
Nasarawa,Sorghum,1.71,1206,25.6,4.86,Clay,48.9,Yes,No,Local,1.28
Sokoto,Cassava,1.68,324.7,28.4,6.37,Loamy,53,Yes,No,Local,8.82
Bayelsa,Cassava,0.58,1764.8,22.9,7.03,Clay,123.7,No,No,Local,9.44
Sokoto,Rice,0.63,393.4,28.3,5.07,Sandy,134.2,No,No,Local,0.9
Gombe,Yam,2.11,925.6,30.9,6.46,Sandy,103.7,Yes,No,Improved,12.22
Ondo,Cassava,0.69,2314.1,29.3,6.92,Loamy,71.9,Yes,Yes,Local,9.28
Ogun,Cassava,7.96,1662,26.2,5.58,Clay,197.9,No,No,Improved,6.1
Zamfara,Rice,0.25,822.7,30.9,5.91,Sandy,52.7,No,No,Improved,3.31
Rivers,Cassava,0.33,1650.4,28.6,5.78,Loamy,110.8,No,No,Improved,9.26
Sokoto,Maize,0.8,312.6,28.4,6.41,Clay,77,No,No,Local,1.98
FCT,Sorghum,1.94,1361.5,28.9,6.1,Sandy,75.2,Yes,No,Improved,1.51
Kwara,Sorghum,3.73,1263.8,31.5,6.55,Loamy,116.7,No,No,Local,1.03
Kebbi,Yam,2.74,739.2,31.6,5.8,Loamy,128.1,Yes,No,Improved,8.53
Rivers,Maize,0.4,1636.3,28.1,7.01,Loamy,96.4,No,No,Local,1.97
Enugu,Rice,0.98,1647,23.7,5.21,Sandy,124.2,No,Yes,Improved,4.29
Katsina,Sorghum,0.52,354.6,35.1,6.3,Loamy,103.5,No,No,Local,1.3
Niger,Cassava,0.71,1396.7,25.8,4.76,Loamy,114.9,Yes,No,Local,10.19
Imo,Maize,0.63,2280.5,24.8,7.35,Loamy,48.2,No,Yes,Improved,2.79
Akwa Ibom,Rice,1.42,1960.7,27.1,6.13,Sandy,166.6,No,Yes,Local,3.94
Katsina,Rice,3.97,436.3,37.7,6.86,Sandy,113.3,Yes,Yes,Improved,2.59
Bayelsa,Yam,1.62,2181.4,28.9,5.45,Loamy,161.8,No,No,Local,8.99
Borno,Rice,0.25,458,37,5.19,Sandy,104,No,No,Improved,2.52
Kwara,Yam,1.34,1438.1,30.1,5.06,Sandy,120.5,No,No,Local,8.6
Osun,Cassava,3.4,1647.2,24,7.19,Loamy,123,Yes,No,Local,9.8
Jigawa,Yam,1.21,347.2,31.1,4.78,Sandy,132.9,No,No,Local,6.19
Akwa Ibom,Cassava,3.49,1778.9,26.3,5.5,Clay,69.1,Yes,No,Improved,12.26
Katsina,Yam,1.48,407.5,35.3,6.17,Sandy,112.4,No,No,Local,6.32
Ogun,Rice,3.26,1656,24.1,5.86,Sandy,94.4,Yes,No,Local,3.23
Delta,Maize,0.76,1524.6,23.4,5.93,Loamy,163.2,No,No,Improved,0.76
Borno,Maize,3.16,690.1,33.7,4.66,Clay,104.3,No,No,Local,1.93
Kogi,Sorghum,2.49,1201,30.8,6.76,Clay,121.6,Yes,No,Improved,1.47
Adamawa,Maize,0.68,1376.9,28.2,6.32,Clay,106,No,No,Local,1.79
Kaduna,Maize,2.24,888,28.4,6.26,Sandy,149.6,No,No,Improved,2.75
Taraba,Maize,2.28,1342.1,27.3,6.03,Sandy,115.4,Yes,No,Local,2.31
Bauchi,Sorghum,0.4,882.3,27.3,5.99,Sandy,80.3,Yes,No,Local,1.48
Rivers,Cassava,3.74,1736.2,28.3,5.61,Clay,93.1,Yes,No,Improved,13.96
Ekiti,Sorghum,1.17,1661,25.9,5.23,Clay,58.8,No,No,Local,1.08
Anambra,Rice,1.64,1999.7,23.2,6.43,Clay,145.3,No,No,Local,2.79
Kwara,Cassava,0.21,1204.9,30,6.82,Sandy,102.9,No,No,Improved,12.37
Edo,Cassava,3.08,2479.3,27.5,5.96,Clay,15.8,Yes,No,Local,7.91
Kebbi,Maize,0.73,849.6,27.4,5.89,Loamy,147.6,No,No,Local,2.26
Ogun,Rice,0.44,2106.4,23,4.66,Loamy,89.4,Yes,No,Local,2.75
Kano,Cassava,0.51,703.8,32.1,6.05,Loamy,83.8,No,Yes,Improved,11.34
Zamfara,Yam,1.8,790.6,32.3,4.97,Loamy,147.3,No,Yes,Improved,9.2
Kano,Yam,1.35,870.7,31.3,6.39,Sandy,42.2,No,No,Local,7.66
Plateau,Rice,0.31,1490,27.7,6.11,Loamy,143.4,No,No,Improved,4.76
Oyo,Maize,1.19,2253.7,24,7,Clay,111.3,Yes,No,Improved,1.99
Rivers,Sorghum,1.29,2145.5,23.9,6.79,Clay,57.6,Yes,No,Improved,1.48
Kano,Maize,1.59,704,30.7,7.28,Loamy,109.2,Yes,Yes,Local,2.43
Imo,Rice,1.1,2243.3,22.1,6.84,Clay,101.4,No,No,Local,2.62
Benue,Cassava,0.56,1307.5,27.4,5.29,Clay,135.3,Yes,No,Improved,10.45
Niger,Cassava,0.33,1399.3,25.8,6.55,Sandy,77.2,No,No,Local,7.31
Oyo,Sorghum,0.98,2317.3,24.2,6.46,Sandy,54.7,Yes,No,Improved,1.55
Anambra,Maize,0.23,2257.4,27.2,6.2,Loamy,87,No,No,Local,2.63
Sokoto,Sorghum,1.08,651.7,36.9,6.1,Sandy,61.2,No,No,Local,1.24
Niger,Sorghum,0.27,1228.5,25.5,6.13,Loamy,31.3,No,No,Improved,1.56
Ondo,Maize,1.96,1560.8,27.8,5.01,Sandy,174.1,Yes,No,Improved,2.33
Ebonyi,Rice,2.82,1916.6,24.8,6.75,Loamy,169.7,No,No,Local,2.88
Kogi,Yam,1.54,1055.5,26.3,5.36,Sandy,110.8,No,Yes,Local,9.19
Ebonyi,Sorghum,1.02,2121.4,25.4,5.42,Clay,54.2,No,No,Improved,1.67
Niger,Yam,0.21,1211,26.2,7.25,Sandy,90.2,No,No,Local,9.57
Yobe,Cassava,0.99,436.2,33.1,6.38,Sandy,42.2,No,No,Improved,10.86
Edo,Yam,8.32,1598.4,25.8,4.94,Loamy,64.6,No,No,Local,8.29
Sokoto,Yam,1.73,609.3,33.3,6.19,Clay,83.3,No,No,Improved,9.36
Cross River,Rice,2.22,2242.9,29.6,6.38,Clay,112.9,Yes,No,Local,3.09
Benue,Rice,4.05,1456.9,26.2,5.41,Loamy,187.5,No,No,Local,3.29
Lagos,Cassava,3.12,1818.3,26.6,6.93,Clay,88.8,No,No,Local,9.23
Osun,Sorghum,0.81,1555.1,22.8,6.49,Clay,54,No,No,Improved,1.74
Niger,Yam,0.51,1138.3,26,5.76,Loamy,38.2,No,No,Improved,8.57
Nasarawa,Sorghum,1.42,1440.3,28.4,6.36,Loamy,35.1,Yes,No,Improved,1.63
Kaduna,Yam,0.26,806.6,26.1,6.7,Clay,119.1,Yes,No,Local,7.91
Taraba,Maize,1.82,1467.7,25.6,6.51,Clay,140.1,No,No,Local,2.01
Plateau,Cassava,1.66,1234.9,25.6,5.79,Clay,113.8,Yes,No,Local,9.66
Kogi,Maize,6.74,1297,26.3,6.04,Clay,131.5,Yes,No,Local,2.46
FCT,Cassava,0.81,1416.2,31.4,5.56,Clay,59.8,No,No,Local,7.87
Kwara,Maize,0.97,1253.4,24.3,6.41,Sandy,40.4,No,No,Local,2.18
Bauchi,Maize,6.9,738.1,33.3,6.97,Sandy,152.1,Yes,No,Improved,2.45
Borno,Cassava,4.51,469.2,28.7,6.17,Sandy,141.2,No,No,Local,8.93
Oyo,Rice,1.61,1566.3,28.8,6.44,Sandy,156,No,No,Improved,1.78
Delta,Cassava,2.17,1945.4,23.9,6.1,Sandy,141,Yes,No,Improved,11.59
Edo,Maize,8.7,1812.6,28.4,5.31,Clay,126.1,Yes,No,Local,2.26
Jigawa,Rice,3.17,424.1,28.1,6.67,Sandy,132.7,No,No,Local,2.91
Adamawa,Rice,4.04,1405.6,25.5,5.99,Loamy,90.8,No,Yes,Local,3.01
Yobe,Maize,2.61,391.8,31,5.95,Clay,124.3,No,Yes,Local,2.39
Delta,Maize,1.2,2393.2,27.4,5.72,Sandy,190.4,No,No,Improved,2.45
Yobe,Sorghum,0.49,388.7,36.3,7.37,Sandy,55.4,Yes,No,Local,1.48
Yobe,Sorghum,1.78,347,31.5,6.68,Loamy,100.2,Yes,No,Local,1.16
Benue,Yam,5.27,1246.9,30.7,6.11,Loamy,121.9,Yes,No,Improved,10.94
Bayelsa,Sorghum,0.54,1630.4,28.2,5.38,Clay,89.3,No,No,Improved,1.33
Bauchi,Rice,3.88,677.2,32.3,6.87,Sandy,131.7,No,No,Local,2.38
Kano,Cassava,0.54,763.5,28.1,5.59,Clay,57.2,No,No,Improved,8.2
Ekiti,Cassava,1.4,2004,23.5,7.06,Clay,130.3,No,No,Local,4.13
Niger,Rice,6.87,1237.9,29.2,6.49,Clay,169.5,No,No,Improved,3.63
Enugu,Rice,1.23,1824.9,29.3,5.64,Loamy,110.5,No,Yes,Improved,4.2
Nasarawa,Sorghum,5.61,1044.2,25.2,6.93,Clay,0,No,No,Local,1.09
Enugu,Sorghum,0.35,2414.2,25.2,5.72,Clay,49.4,Yes,No,Local,1.32
Cross River,Sorghum,0.59,1883.1,27.6,6.75,Clay,55.6,No,No,Improved,1.18
Anambra,Maize,1.08,2483.7,24.5,5.55,Clay,144.9,Yes,No,Improved,2.2
Borno,Yam,1.97,505.9,37.4,5.28,Loamy,97.2,No,No,Improved,7.45
Rivers,Sorghum,0.52,2128.4,29.1,6.45,Clay,42.4,Yes,No,Local,1.05
Yobe,Cassava,3.24,603,31,6.85,Clay,56.7,Yes,No,Improved,9.33
Kebbi,Rice,0.69,609.8,27.5,6.02,Clay,127.8,No,No,Local,2.82
FCT,Yam,1.57,1246.5,26,6.62,Loamy,132.6,No,No,Local,6.56
Kwara,Yam,1.64,1469.5,28.2,5.54,Clay,91.4,No,No,Improved,9.88
Sokoto,Rice,0.7,641.3,35.8,7.25,Sandy,146,Yes,No,Improved,3.39
Imo,Yam,19.73,1970.7,23.3,5.58,Loamy,27.1,No,No,Local,5.62
Yobe,Cassava,1.13,455,33.5,5.78,Clay,127.2,Yes,No,Improved,11.86
Ekiti,Sorghum,1.11,2309.7,22.7,7.28,Clay,70.1,No,No,Local,1.2
Zamfara,Maize,2.76,771.5,27.8,5.66,Loamy,110.2,No,No,Local,1.94
Nasarawa,Yam,0.35,1379.9,28,6.33,Loamy,168,Yes,No,Improved,9.73
Nasarawa,Sorghum,4.18,1378.8,31.3,5.66,Clay,38.6,Yes,Yes,Improved,2.11
Gombe,Maize,6.27,617,30.4,6.28,Sandy,102.4,No,No,Improved,2.9
Kogi,Rice,0.99,1216.3,24.3,5.85,Clay,94,No,No,Improved,2.71
Abia,Cassava,0.41,2407.9,23.4,7.09,Sandy,57.3,No,No,Improved,8.76
Kogi,Cassava,2.31,1114.9,29.6,6.36,Clay,66.3,Yes,No,Improved,11.91
Akwa Ibom,Sorghum,1.54,2086.6,23.9,7.65,Loamy,74.1,Yes,No,Local,1.37
Yobe,Yam,3.37,485.5,34.3,7.23,Loamy,78.3,No,No,Improved,5.65
Kebbi,Cassava,0.58,695.7,28.6,5.75,Clay,158.5,Yes,No,Local,8.63
Adamawa,Cassava,0.43,1168.9,30.5,5.04,Loamy,66.9,No,No,Local,8.45
Ekiti,Yam,1.24,2074.3,23.1,5.92,Clay,86.3,No,No,Local,8.06
Kwara,Cassava,0.85,1500,30.3,5.71,Clay,91.9,Yes,No,Local,8.8
FCT,Cassava,0.88,1115.7,30.2,5.68,Loamy,60.5,No,No,Improved,9.42
Ebonyi,Yam,0.56,2379.9,28.6,4.75,Clay,105.8,Yes,No,Local,6.13
Rivers,Yam,2.12,1721.8,24.4,5.13,Loamy,154.3,No,No,Local,8.17
Katsina,Sorghum,0.77,361.5,35.6,6.17,Clay,102.3,No,No,Improved,1.45
Sokoto,Yam,2.08,684.4,36.5,5.86,Sandy,109.9,Yes,No,Local,7.02
Kebbi,Cassava,0.83,836.2,30.8,6.52,Loamy,40.5,Yes,No,Local,7.87
Borno,Cassava,1.98,604.4,32.4,6.4,Sandy,43.9,Yes,No,Local,8.62
Jigawa,Sorghum,0.92,587,37.4,5.74,Sandy,110.4,Yes,No,Improved,1.78
Ogun,Yam,0.32,1959.8,26.3,5.04,Sandy,139.1,No,No,Improved,10.15
Jigawa,Maize,2.01,655.2,36.2,5.73,Loamy,103,Yes,No,Improved,2.94
FCT,Cassava,4.24,1209.4,29.6,4.52,Loamy,54.3,No,No,Improved,10.68
Taraba,Yam,1.98,1000,28.4,5.35,Clay,75.6,Yes,Yes,Improved,12.6
Niger,Rice,1.23,1052.8,30.5,6.5,Loamy,42.4,No,No,Improved,2.12
FCT,Sorghum,1.54,1333.1,28.7,6.31,Loamy,81,Yes,No,Local,1.61
Zamfara,Maize,2.35,708.4,27.1,6.06,Sandy,171.7,No,No,Local,1.78
Zamfara,Rice,1.18,846.1,33.2,6.05,Clay,45.1,Yes,Yes,Local,2.28
Oyo,Cassava,2.68,1503.8,28.1,6.11,Clay,56.3,Yes,No,Improved,3.78
Kebbi,Yam,25,674.6,29.6,5.36,Sandy,49.7,No,No,Improved,9.42
Abia,Yam,0.97,2432.1,23,6.02,Loamy,83.6,Yes,No,Local,8.63
Kwara,Cassava,3.27,1196.4,26.1,5.67,Loamy,77.7,Yes,No,Improved,11.46
Delta,Rice,0.59,1580.4,24.6,4.9,Sandy,144.3,Yes,No,Improved,3.93
Kwara,Sorghum,10.36,1279.9,28.1,6.61,Clay,13.8,No,No,Improved,1.36
Oyo,Rice,1.31,2250.3,28.1,5.32,Clay,61.4,Yes,No,Improved,3.61
Kano,Rice,0.84,885,29.2,6.03,Sandy,129.6,No,No,Local,2.82
Nasarawa,Rice,12.36,1246.9,24.4,6.83,Loamy,92.9,Yes,No,Improved,4.42
Lagos,Yam,2.52,1722.6,29.6,5.69,Clay,137.2,No,No,Improved,8.7
Nasarawa,Maize,0.2,1291.1,28.7,6.23,Loamy,164.6,No,No,Local,2.33
Benue,Rice,0.75,1339.7,28.6,6.41,Clay,43,No,No,Improved,3.5
Adamawa,Cassava,2.69,1237.9,31.5,5.9,Loamy,100.2,No,No,Improved,8.82
Kwara,Sorghum,0.98,1174.1,26.9,6.27,Clay,76.1,Yes,Yes,Local,1.38
Kaduna,Yam,1.6,867.8,28.1,6.81,Clay,173.3,No,Yes,Local,7.15
Niger,Yam,1.21,1094,24.6,6.77,Sandy,100.9,No,No,Improved,8.39
Plateau,Sorghum,3.64,1369.1,24.7,6.22,Sandy,69.4,Yes,No,Local,1.31
Anambra,Sorghum,2.37,2233.3,26.8,6.54,Clay,103.7,Yes,No,Improved,1.63
Osun,Rice,1.02,2434.2,29.2,6.24,Loamy,178.1,Yes,No,Improved,3.65
Kano,Rice,0.51,998.2,30.1,5.05,Sandy,76.6,Yes,No,Local,3.48
Cross River,Rice,2.97,2200.9,29.9,5.42,Clay,84.6,No,No,Local,2.69
Nasarawa,Sorghum,3.52,1337.5,30.3,6.12,Sandy,59,Yes,No,Improved,1.67
Benue,Yam,0.74,1358,30.2,6.96,Sandy,91.6,No,No,Local,8.19
Delta,Maize,1.13,1809.6,27.2,6.07,Sandy,54.9,No,No,Improved,1.97
Borno,Yam,0.87,547,33.8,4.78,Loamy,102.9,No,No,Local,5.47
Taraba,Maize,0.78,1424.4,27.4,5.93,Sandy,144.2,No,No,Local,2.37
Rivers,Sorghum,1.66,1813.1,27.8,5.5,Loamy,18.8,No,No,Improved,1.39
Osun,Maize,0.99,2239.4,26.5,7.11,Loamy,106.1,Yes,No,Improved,2.71
Cross River,Rice,10.22,2441.4,25.1,6.79,Sandy,107.6,Yes,No,Local,2.54
Lagos,Yam,2.11,2232.3,23.4,5.46,Loamy,84.1,Yes,No,Local,8.73
Kwara,Yam,1.6,1314.4,27.9,5.09,Clay,123.3,Yes,No,Local,7.76
Katsina,Rice,0.95,302.8,34.4,6.15,Clay,34.2,No,No,Local,2.06
Abia,Sorghum,0.33,2203.6,23.5,5.62,Clay,91.8,No,No,Improved,1.29
Katsina,Cassava,3.83,658.7,29,6.1,Sandy,56.7,Yes,No,Local,10.11
Rivers,Cassava,1.3,2208.5,27.6,6.58,Loamy,66.2,No,No,Local,9.17
Edo,Cassava,5.91,1673.6,24,5.79,Clay,95.3,Yes,No,Local,9.09
FCT,Cassava,2.15,1285.6,25.4,6.53,Clay,51.8,Yes,No,Local,8
Ondo,Yam,3.53,2035.1,30,5.04,Clay,99.4,No,No,Improved,9.65
Rivers,Cassava,2.2,2120.2,25.2,6.22,Clay,129.8,Yes,No,Local,9.33
Ondo,Cassava,0.73,1685.5,23.7,5.66,Clay,118.6,No,No,Local,8.32
Kwara,Rice,1.47,1406.3,24.4,6.38,Loamy,133.5,No,No,Improved,3.46
FCT,Sorghum,2.99,1227.5,29.3,6.75,Clay,57.6,No,Yes,Local,1.59
Ekiti,Maize,6.19,2342.4,29.6,6.77,Sandy,126.5,No,No,Improved,1.84
Bayelsa,Yam,1.11,2497.5,26,7.67,Clay,86.1,No,No,Local,5.96
Plateau,Cassava,0.42,1285.4,28.5,6.98,Clay,167.3,No,No,Improved,10.85
FCT,Rice,2,1457.1,31.5,5.73,Clay,68.2,No,No,Improved,3.38
Kebbi,Maize,0.72,882.3,28.9,4,Loamy,43.6,No,No,Improved,2.31
Rivers,Rice,9.87,2277,29.9,6.54,Clay,107.8,No,No,Improved,3
Ekiti,Yam,0.77,1629.3,29.7,5,Loamy,88.7,Yes,Yes,Improved,10.46
Gombe,Yam,0.79,772.8,31.2,7.45,Loamy,141.2,No,No,Local,4.27
Nasarawa,Cassava,1.57,1454.8,26.4,6.62,Loamy,74.8,No,No,Local,8.43
Ogun,Cassava,2.06,1970.4,25,5.78,Loamy,0,Yes,No,Improved,9.11
Akwa Ibom,Rice,2.15,2395.2,25.2,6.71,Loamy,99.9,Yes,No,Improved,3.51
Plateau,Maize,2.9,1447.7,27.9,6.56,Loamy,121,No,No,Local,1.97
Katsina,Cassava,10.05,636.5,34.4,4.73,Sandy,89.8,No,No,Local,6.98
Enugu,Rice,1.2,2157.7,23.2,7.57,Clay,128.4,No,Yes,Local,2.48
Delta,Yam,1.85,2186.1,22.2,5.7,Clay,170.3,No,No,Improved,7.18
Adamawa,Rice,1.19,1214.2,28.7,6.89,Loamy,65.7,No,No,Local,3.2
Kano,Rice,1.24,968.3,32.4,5.77,Loamy,94.3,No,No,Improved,3.62
Kogi,Cassava,0.61,1298.8,31.4,5.92,Sandy,94,Yes,No,Improved,11.75
Yobe,Maize,15.5,683,35,5.24,Sandy,110,Yes,No,Improved,2.75
Ekiti,Yam,0.28,1766.1,26.9,5.71,Loamy,56.1,Yes,No,Improved,10.26
Edo,Rice,3.2,2194.5,24.5,7.11,Clay,96,Yes,No,Local,3.11
Ebonyi,Sorghum,1.78,1513.1,24.7,5.51,Clay,103.4,No,No,Improved,1.34
Nasarawa,Sorghum,1.42,1364.1,31.9,6.53,Clay,4.3,No,No,Local,1.16
Ogun,Sorghum,1.79,2150.3,23.9,5.46,Sandy,82,No,No,Improved,1.29
Borno,Rice,1.61,438.5,35.2,5.04,Sandy,49.5,Yes,No,Local,2.32
Akwa Ibom,Yam,3.98,1594.9,27.8,6.37,Clay,103.1,No,No,Local,7.09
Jigawa,Maize,9.35,619.4,33.9,5.15,Sandy,162.2,No,No,Improved,2.59
Kogi,Rice,0.7,1488.2,27.9,6.61,Sandy,63.9,No,No,Local,2.88
Plateau,Cassava,4.77,1441.1,29.3,6.52,Clay,73.7,Yes,No,Improved,14.19
Jigawa,Yam,0.8,442.9,31.5,5.81,Loamy,166.5,Yes,No,Improved,10.61
Delta,Maize,1,1899.8,28.7,6.47,Sandy,137.3,Yes,No,Local,2.29
FCT,Sorghum,2,1181.1,31.2,6.09,Clay,65.7,No,No,Improved,1.72
Rivers,Yam,1.72,2337.1,29,4.94,Clay,113.6,No,No,Local,8.52
Lagos,Yam,0.82,1862.9,28.8,5.95,Sandy,55.1,No,Yes,Improved,10.37
Osun,Maize,2.86,1620.2,28.4,5.12,Loamy,166.1,Yes,No,Improved,2.11
Anambra,Yam,5.24,2277.7,26.8,5.79,Clay,111.6,No,Yes,Improved,8.43
Gombe,Cassava,2.25,700.9,27.6,6.04,Loamy,68.3,Yes,No,Local,10.73
Cross River,Rice,1.02,2308.3,22.8,6.04,Clay,168.7,No,No,Improved,3.56
Rivers,Rice,5.6,1502,23.9,5,Clay,139,Yes,No,Improved,3.25
Oyo,Maize,2.52,2148.3,24.1,6.16,Loamy,136.1,No,No,Local,1.99
Niger,Cassava,2.08,1439.8,30.7,6.66,Loamy,90.7,No,No,Local,9.91
Lagos,Sorghum,1.3,1952.4,27.8,5.69,Loamy,85.6,No,No,Local,0.48
Borno,Cassava,3.34,553.5,37.9,5.09,Loamy,118.4,Yes,No,Local,7.02
Bauchi,Sorghum,0.89,956.4,32.4,6.3,Sandy,103.6,Yes,Yes,Improved,2.07
Taraba,Yam,1.01,1193.2,31.5,4,Clay,162.6,Yes,No,Local,7.03
Oyo,Rice,1.57,2036.6,25.3,6.37,Clay,63.4,No,No,Local,3.14
Abia,Yam,0.96,2441.3,25.1,7.03,Clay,165.8,No,No,Local,6.34
Gombe,Cassava,0.44,969.2,29.2,5.77,Sandy,116.3,No,Yes,Local,9.57
Ebonyi,Cassava,2.25,2002.7,27.9,7.47,Loamy,50.5,No,No,Improved,10.18
Nasarawa,Yam,1.29,1186.5,24.8,5.57,Sandy,118.9,No,No,Improved,10.92
Osun,Sorghum,2.76,2347.8,22.5,6.18,Loamy,57.2,No,No,Local,1.23
Bauchi,Cassava,0.66,748.9,30.7,6.49,Clay,124,No,No,Local,7.61
Kogi,Cassava,0.76,1412,26.7,4.39,Loamy,79.8,No,No,Improved,10.57
Taraba,Cassava,7.54,1412.3,29.9,5.88,Loamy,26.7,Yes,No,Local,8.68
Ondo,Cassava,7.33,1599.8,22.5,5.9,Clay,54.4,Yes,No,Improved,11.36
Edo,Sorghum,2.79,2085.1,27.5,5.46,Loamy,96.9,No,No,Local,0.85
Rivers,Sorghum,1.15,2318.2,27.9,5.86,Loamy,99.3,No,No,Local,1
Kwara,Cassava,5.28,1336.1,31,6.12,Clay,77.9,Yes,No,Local,10.07
Kwara,Sorghum,2.56,1174.7,31.4,6.48,Sandy,54,No,No,Local,1.28
Yobe,Cassava,14.97,551.1,32.9,6.02,Sandy,66.9,Yes,No,Improved,13.22
Edo,Rice,0.6,1840,29.2,5.79,Loamy,102.7,No,No,Improved,3.49
Kebbi,Cassava,3.27,974.3,29.4,6.43,Sandy,110.1,Yes,No,Improved,10.66
Lagos,Rice,1.45,2062,22.4,6.23,Clay,155.9,No,No,Improved,3.02
Kaduna,Rice,7.36,656.9,30.8,5.79,Sandy,64.5,No,No,Improved,3.47
Osun,Yam,1.58,2011.9,24.2,4.05,Loamy,117.2,No,No,Local,5.47
Kogi,Rice,1.25,1165.5,30.5,6.47,Sandy,132.3,Yes,No,Local,2.68
Ogun,Rice,2.22,1951.1,23.5,6.21,Clay,114.6,Yes,Yes,Improved,3.63
Yobe,Yam,2.01,500,29.3,6.72,Clay,110.2,No,No,Improved,6.75
FCT,Sorghum,1.6,1167,31.2,6.19,Sandy,54.8,No,Yes,Local,1.48
Imo,Maize,1.87,2262.2,26.2,7.83,Loamy,70.3,No,No,Local,1.8
Kebbi,Cassava,1.07,974,29.8,4.82,Sandy,54.6,No,No,Local,6.75
Nasarawa,Cassava,1.24,1038,27.1,7.73,Loamy,96.3,Yes,No,Improved,11.23
Osun,Sorghum,6.35,1654.1,24.3,6.3,Sandy,75.9,Yes,No,Improved,1.7
Kogi,Sorghum,0.85,1160.7,31,6.04,Loamy,12.9,No,No,Local,1.11
Sokoto,Cassava,0.71,467.4,36.9,7.58,Loamy,116,Yes,No,Local,7.75
Ogun,Yam,1.52,1874,25,5.2,Loamy,127.3,No,Yes,Local,7.94
Abia,Rice,1.17,1775.9,26.3,6.67,Sandy,89.2,Yes,No,Improved,4.76
FCT,Maize,0.21,1059.7,26.1,5.96,Clay,101.1,Yes,No,Local,2.37
Adamawa,Maize,3.54,1110.1,31.8,5.02,Sandy,116.2,Yes,No,Improved,2.58
Ondo,Maize,5.24,2043.8,22.6,6.29,Clay,117.3,No,No,Improved,2.16
Rivers,Sorghum,1.1,2367.1,29.7,6.68,Sandy,0,Yes,No,Local,1.09
Kogi,Sorghum,3.04,1485.9,24.4,6.24,Loamy,3.7,No,No,Improved,1.31
Akwa Ibom,Rice,9.83,1570,24.8,5.26,Clay,120.6,No,Yes,Improved,4.3
Abia,Cassava,0.91,2260.2,29.4,6.12,Clay,65.9,Yes,No,Local,8.81
Niger,Sorghum,1.38,1125.2,31.7,5.78,Sandy,106.3,Yes,No,Improved,1.88
Oyo,Cassava,1.48,2203.4,22.1,5.48,Loamy,116.3,No,Yes,Local,8.86
Osun,Cassava,1.53,1873.9,25.7,6.37,Clay,80,Yes,Yes,Local,15.03
Akwa Ibom,Cassava,5.66,1901.9,23.7,6.11,Clay,144.3,No,No,Local,7.24
Kaduna,Rice,0.27,846.7,30.4,5.64,Sandy,24.5,No,No,Improved,3.55
Anambra,Cassava,1.14,2087.4,22.8,5.26,Loamy,107.2,No,No,Local,6.87
Taraba,Maize,1.71,1462.4,29.3,6.36,Clay,132,No,No,Local,2.03
Ondo,Yam,1.08,2276.7,27.6,4.91,Loamy,111.1,Yes,No,Local,8.42
Rivers,Yam,0.87,1732.2,23.4,6.67,Loamy,206.8,No,No,Local,5.06
Akwa Ibom,Sorghum,0.6,2479,22.8,7.21,Loamy,0,No,No,Local,0.97
Borno,Maize,0.47,598.9,28.2,6.69,Sandy,84.8,Yes,No,Local,2.3
Kano,Yam,2.27,715,34.2,6.99,Sandy,113.8,No,No,Local,6.67
Kogi,Cassava,1.58,1043.2,26.2,4.86,Clay,29.1,No,No,Local,8.64
Kwara,Cassava,4.3,1386.9,28.6,6.33,Loamy,118,No,No,Improved,10.54
Enugu,Maize,1.38,2294.4,22.6,5.33,Clay,69,No,Yes,Improved,2.16
Enugu,Cassava,2.11,1995.8,29.9,6.99,Clay,94.8,No,No,Improved,8.41
Ondo,Yam,0.64,1689.5,29.9,6.27,Clay,5.9,No,Yes,Local,8.11
Ebonyi,Yam,0.52,2015.5,24.6,6.54,Loamy,68.2,No,No,Local,9.53
Delta,Yam,0.57,2446.7,26.1,5.3,Loamy,128.5,No,No,Local,6.95
Nasarawa,Maize,0.6,1151.2,29.5,6.24,Clay,184.8,No,No,Local,2.2
Bayelsa,Yam,1.44,2385.3,22.5,5.12,Loamy,103.6,No,No,Improved,8.76
Jigawa,Rice,1.85,492.9,37,7.15,Sandy,127.6,No,No,Local,2.46
Taraba,Rice,1.43,1318.4,29.4,5.66,Clay,86,Yes,No,Local,3.09
Katsina,Rice,1.04,355,30.6,5.91,Clay,37,No,Yes,Improved,4.11
Akwa Ibom,Yam,2.1,2363.8,23.5,4.49,Clay,61.1,Yes,No,Local,6.12
Kebbi,Rice,4.02,967.8,28.3,5.25,Clay,103.6,No,No,Improved,3.24
Bayelsa,Maize,2.53,1548.5,27.8,6.43,Clay,138.3,Yes,No,Local,2.05
Enugu,Yam,1.17,2181.6,23.2,6.12,Clay,102.8,No,No,Improved,9.48
Nasarawa,Rice,0.97,1086.5,29.8,5.15,Clay,169.9,No,Yes,Local,2.59
Ogun,Rice,0.55,2408.9,29.7,5.13,Clay,38.7,No,Yes,Local,2.63
Sokoto,Cassava,0.88,648.6,28.3,6.57,Clay,32.4,Yes,No,Improved,10.46
Oyo,Maize,1.87,1626.9,23.6,5.74,Loamy,97.4,No,No,Improved,2.54
Jigawa,Sorghum,1.87,505.2,35.8,7.48,Sandy,0,No,No,Local,1.33
Sokoto,Maize,0.79,527.2,28.2,5.91,Sandy,104,No,Yes,Local,2.45
Ekiti,Rice,1.35,2000.3,28.8,6.6,Clay,65.2,Yes,No,Local,3.2
Enugu,Yam,1.56,1721.9,24.7,5.97,Loamy,67.6,No,No,Local,6.57
Jigawa,Sorghum,3.6,535.5,35.2,5.68,Loamy,51.1,Yes,No,Local,1.88
Katsina,Yam,1.91,515.6,32.6,5.65,Sandy,104,No,No,Local,7.46
Ekiti,Cassava,0.7,1730.8,22.5,6,Loamy,77.4,No,No,Improved,8.72
FCT,Rice,0.51,1156.3,27.6,7.05,Sandy,111.9,No,Yes,Improved,4.34
Ebonyi,Cassava,2.29,1749.9,23.4,5.11,Clay,62.8,No,No,Improved,10.15
Cross River,Rice,4.26,1874.6,29.8,6.66,Sandy,197.1,No,No,Local,2.79
Jigawa,Maize,14.2,345,36.8,7.1,Sandy,129.8,No,No,Local,1.74
Rivers,Cassava,0.55,2435.3,25.4,7.09,Sandy,100.3,No,Yes,Improved,12.3
Kebbi,Rice,1.09,742.8,32.2,5.93,Clay,124,No,No,Improved,2.86
Nasarawa,Maize,4.77,1023.8,30.7,5.07,Loamy,122.9,No,No,Local,1.89
Ondo,Cassava,2.39,2219,24.6,5.76,Loamy,120,Yes,No,Local,8.83
Jigawa,Maize,1.53,382,35,7.06,Sandy,95.5,No,No,Improved,2.22
Sokoto,Sorghum,2.63,619.3,30.2,7.28,Clay,78.2,Yes,No,Local,1.32
Yobe,Maize,1.14,437.4,36.2,5.41,Sandy,55.8,Yes,No,Improved,2.75
Ogun,Maize,0.98,2388,27.6,6.44,Loamy,141,No,No,Improved,0.79
Oyo,Cassava,3.97,2094.5,23.4,6.01,Clay,109.1,No,No,Local,10.22
Nasarawa,Maize,1.68,1430.1,28,5.65,Loamy,124.8,No,No,Improved,2.6
Plateau,Sorghum,1.77,1444.9,26.5,5.48,Sandy,81.8,Yes,No,Improved,1.54
Ondo,Cassava,7.84,1922.1,28.1,5.63,Loamy,101.5,No,Yes,Local,8.83
Sokoto,Cassava,4.09,481.7,34.5,6.28,Sandy,0,No,No,Improved,6.98
Gombe,Maize,1.06,956.6,34,4.7,Loamy,111,No,Yes,Improved,3
Akwa Ibom,Cassava,3.92,2156.2,29.3,6.36,Clay,132.2,No,No,Local,7.43
Sokoto,Cassava,2.02,452.4,31.6,5.92,Sandy,114.2,No,No,Improved,9.91
Kwara,Rice,2.71,1487.1,29.6,6.1,Clay,169.3,No,No,Improved,3.62
Bauchi,Cassava,1.19,609.2,34.7,5.73,Loamy,72.8,Yes,Yes,Improved,11.86
Imo,Maize,0.63,1915.1,26,6.71,Clay,150.9,No,No,Improved,3
FCT,Rice,1.51,1019.1,30,6.58,Loamy,154.2,Yes,No,Local,2.63
Kwara,Maize,2.17,1271.1,31.7,5.83,Sandy,145,No,No,Local,2.13
Taraba,Cassava,1.05,1362.1,25.2,6.9,Clay,137,Yes,No,Local,11.56
Bayelsa,Rice,2,2367.6,22.2,5.85,Sandy,0,No,No,Local,2.54
Lagos,Cassava,0.23,1893.8,24.7,5.82,Loamy,81.7,No,No,Local,8.1
Delta,Cassava,3.91,1848.2,29.1,6.66,Clay,49.9,No,No,Improved,10.62
Abia,Maize,6.5,1866.5,26.1,4.87,Sandy,140.4,No,No,Local,1.93
Bayelsa,Yam,4.67,1928.6,28.7,5.83,Loamy,81.7,Yes,No,Improved,12.02
Enugu,Maize,0.52,1977.8,22.9,5.47,Sandy,117.8,No,No,Local,1.42
Lagos,Sorghum,1.04,2116.9,23.7,6.14,Clay,12.9,Yes,Yes,Improved,1.12
Bauchi,Yam,0.43,798.5,29.7,5.61,Clay,130.5,No,No,Improved,9.71
Osun,Cassava,2.77,2185,27,6.68,Clay,85.6,Yes,No,Improved,11.5
Imo,Yam,0.84,1597.3,30,5.72,Clay,112.2,Yes,No,Improved,9.47
Nasarawa,Sorghum,2.7,1341.3,24.4,5.42,Loamy,47.9,Yes,No,Local,0.54
Niger,Yam,0.78,1065.3,30.3,6.07,Loamy,126,No,No,Improved,12.29
Yobe,Maize,1.12,618.1,37.3,7.25,Sandy,117.5,No,No,Improved,2.04
Zamfara,Yam,0.92,954.9,33.7,5.26,Loamy,139.4,Yes,No,Local,7.68
Enugu,Maize,3.14,1859.5,24.8,5.48,Loamy,95.5,No,No,Local,1.6
Ekiti,Yam,1.04,1591.4,29.8,6.6,Clay,124.4,No,Yes,Local,8.27
FCT,Maize,2.17,1483.9,29.1,5.23,Loamy,100.3,Yes,No,Local,2.59
Abia,Sorghum,0.68,1978,28.5,5.34,Clay,89.4,Yes,No,Local,1.32
Borno,Cassava,0.41,371.5,31.7,5.01,Sandy,117.7,No,Yes,Local,9.16
Kwara,Cassava,0.86,1450.8,27,6.36,Loamy,66.6,Yes,No,Local,11.56
Cross River,Sorghum,4.16,2394.7,24,5.67,Clay,83.9,No,No,Improved,1.33
Katsina,Sorghum,4.24,328.7,34,5.74,Sandy,60.2,No,No,Improved,1.7
Yobe,Rice,0.98,526.5,37.2,5.36,Sandy,48.7,Yes,No,Improved,2.6
Lagos,Rice,0.2,1686,26.7,6.78,Sandy,104.3,No,No,Improved,3.43
Kano,Maize,0.73,617.6,31.9,5.39,Loamy,151.9,No,No,Improved,2.59
Osun,Sorghum,3.31,1670,27.1,5.29,Loamy,60.7,No,No,Local,1.13
Gombe,Yam,1.31,606.9,32.6,6.92,Loamy,77.9,No,No,Local,6.49
Imo,Rice,1.89,2128.3,30,5.8,Clay,46.8,Yes,No,Local,3.04
Sokoto,Rice,1.63,613.1,37.6,5.8,Clay,164,Yes,No,Improved,3.67
Osun,Yam,0.88,2490.6,28.2,5.82,Clay,107.2,No,No,Local,5.77
Benue,Maize,3.37,1414.4,27.7,6.33,Clay,159.5,No,No,Improved,2.46
Kebbi,Yam,0.27,887.6,30.2,6.32,Loamy,157.5,Yes,No,Improved,8.45
Benue,Maize,1.3,1178.2,25.2,6.37,Clay,165.4,No,No,Improved,2.59
Bauchi,Sorghum,6.12,751.4,27.5,5.62,Clay,36.8,No,No,Local,1.34
Kano,Rice,1.05,907.4,33.9,5.68,Sandy,43.4,No,No,Improved,3.48
Ogun,Rice,0.48,1679.2,29.3,5.23,Clay,160.8,Yes,No,Local,2.5
Oyo,Yam,1.56,2177.1,27.1,6.91,Loamy,145.3,Yes,Yes,Improved,11.65
Osun,Yam,4.25,1837.5,25.7,6.3,Sandy,152.9,Yes,Yes,Improved,9.82
Akwa Ibom,Yam,0.38,2094.6,25.8,5.5,Loamy,59.7,No,No,Improved,9.41
Nasarawa,Cassava,3.97,1307.6,31.6,5.22,Sandy,90.8,Yes,No,Local,10.22
Kwara,Sorghum,0.39,1436.3,26.4,6.67,Clay,52.9,No,No,Local,1.22
Benue,Cassava,2.56,1334,26.2,5.84,Loamy,89.2,Yes,No,Local,11.17
Abia,Maize,1.53,1683.7,28.8,5.26,Clay,95.7,No,No,Local,2
Nasarawa,Rice,3.23,1420.1,26,6.57,Loamy,151.2,No,No,Local,2.49
Kogi,Cassava,0.54,1238.9,27.1,5.96,Clay,140.9,No,Yes,Improved,12.11
Anambra,Yam,0.67,1730.4,29.4,7.85,Loamy,47.8,No,Yes,Local,6.91
Cross River,Sorghum,0.75,2254.7,29.1,5.51,Loamy,41.2,No,No,Improved,1.48
Cross River,Rice,0.35,2148.7,27.6,6.39,Loamy,168.5,Yes,No,Local,3.16
Bayelsa,Rice,1.59,2280.4,22.1,6.12,Clay,89.8,No,Yes,Improved,4.1
Borno,Yam,0.65,503.9,31.5,5.52,Sandy,68.1,Yes,No,Improved,9.68
Gombe,Sorghum,2.05,805.2,31.7,5.97,Sandy,72.6,No,No,Improved,1.93
Kwara,Cassava,0.48,1263.7,25,6.21,Clay,105.6,Yes,No,Improved,12.34
Borno,Yam,3.71,358.8,32,5.78,Sandy,98.5,No,No,Local,6
Bayelsa,Yam,4.34,2448.3,29.6,6.41,Clay,129.2,No,No,Local,8.86
Bayelsa,Maize,5.74,1621.3,26.7,5.97,Clay,148.8,No,Yes,Local,2.51
Bauchi,Cassava,2.05,848.5,28.2,5.68,Clay,140.8,Yes,No,Local,7.88
Niger,Sorghum,1.09,1406.9,30.2,5.21,Clay,64.2,Yes,No,Improved,1.88
Adamawa,Sorghum,0.34,1221.3,27.2,6.62,Clay,42.1,No,No,Local,0.95
Anambra,Cassava,1.87,2263.1,27.1,7.02,Clay,82.4,No,No,Local,6.3
Kogi,Maize,1.7,1209,30.5,5.96,Sandy,167.7,No,No,Improved,2.38
Ondo,Cassava,2.05,1832.3,28.7,6.17,Clay,31.5,Yes,Yes,Improved,10.31
FCT,Cassava,1.49,1367.4,27.1,5.91,Loamy,110,Yes,No,Improved,11.04
Ekiti,Yam,0.44,1963.8,27.8,6.05,Clay,0,No,No,Improved,8.61
Adamawa,Yam,2.72,1492.3,29.1,5.93,Sandy,121.8,No,No,Improved,9.42
Taraba,Sorghum,6.67,1002.6,25.8,4.85,Loamy,53.7,No,No,Improved,1.29
Gombe,Rice,1.98,720.8,30.2,6.37,Loamy,108.5,No,No,Local,1.79
Lagos,Cassava,14.78,1588.5,27.3,5.34,Clay,79.5,No,No,Improved,9.35
Bayelsa,Rice,2.82,1551.2,27.8,5.25,Loamy,64.9,Yes,No,Local,2.32
Sokoto,Maize,1.57,626,36,5.22,Sandy,183.3,No,No,Local,2
Akwa Ibom,Cassava,1.64,2174.5,28.3,6.07,Loamy,13.6,No,Yes,Local,9.12
Osun,Rice,1.6,1871.7,27.6,5.85,Clay,140.7,Yes,Yes,Local,3.86
Jigawa,Sorghum,0.92,385.5,32,6.61,Sandy,26.8,Yes,Yes,Local,1.56
Akwa Ibom,Maize,1.82,1972.2,24.8,5.49,Clay,97.9,Yes,No,Improved,3.09
Taraba,Rice,10.61,1190.2,31.6,5.39,Clay,66.6,Yes,No,Local,2.55
Plateau,Maize,3.96,1217.7,25.4,5.45,Clay,188.2,No,No,Local,2.43
Borno,Cassava,4.23,319.8,33.4,6.31,Sandy,134.2,No,Yes,Improved,12.7
Imo,Cassava,3.62,2367.8,29.3,5.04,Loamy,68.7,No,Yes,Local,7.4
Ogun,Sorghum,4.43,2128,22.6,7.01,Clay,58.7,No,Yes,Improved,1.73
Kano,Sorghum,1.7,907.5,32.6,5.61,Sandy,141.9,Yes,No,Improved,1.43
Akwa Ibom,Sorghum,3.26,1501.7,24.7,5.71,Loamy,60.3,Yes,Yes,Local,0.97
Rivers,Maize,2.99,2369.8,27.3,6.25,Clay,138.1,No,No,Local,1.86
Ebonyi,Maize,5.92,2036.5,26.9,6,Loamy,68.2,No,No,Local,2.12
Enugu,Sorghum,0.73,2216.9,27.3,6.03,Sandy,102.7,No,No,Improved,1.56
Nasarawa,Maize,3.33,1295.2,28,5.15,Loamy,142.2,No,No,Improved,2.09
Yobe,Yam,2.85,379.1,30.6,5.09,Loamy,52.8,Yes,No,Improved,7.84
Benue,Sorghum,3.05,1210,27.8,5.11,Clay,23.2,No,No,Improved,1.48
Jigawa,Rice,17.82,520.7,30,6.26,Sandy,106.2,Yes,No,Improved,4.31
Kogi,Maize,2.14,1232.9,25.2,6.07,Loamy,166,No,No,Improved,2.35
Lagos,Rice,4.12,1792.6,28.6,6.06,Loamy,87,No,No,Improved,3.77
Enugu,Maize,7.9,1872.6,27.4,6.41,Sandy,132,No,No,Improved,2.75
Bayelsa,Rice,1.35,1700.7,28.4,5.07,Loamy,205.2,No,No,Local,2.11
FCT,Rice,2.16,1159.6,29,6.09,Clay,45.3,Yes,No,Local,2.6
Kano,Yam,0.49,839.9,32.6,6.37,Clay,87.3,No,No,Improved,10.14
Oyo,Yam,0.4,1600,29.8,5.5,Sandy,91.9,Yes,No,Improved,11.18
Ekiti,Rice,0.66,2001.7,25,6.39,Loamy,106.3,No,Yes,Improved,3.57
Lagos,Rice,3.39,2297.4,25.7,5.27,Loamy,126.7,Yes,No,Improved,4.16
Abia,Maize,1.14,2350.7,24.4,4.3,Loamy,96.8,Yes,No,Local,1.7
Bauchi,Yam,2.72,619.9,26.2,4.19,Sandy,122.9,Yes,No,Local,7.61
Anambra,Yam,0.65,1699.5,26.1,6.7,Clay,67.6,No,No,Local,3.38
Gombe,Sorghum,1.53,653.9,27.1,5.85,Sandy,53.5,Yes,No,Local,1.31
Niger,Sorghum,1.87,1255.5,30.9,6.36,Loamy,54.9,No,No,Local,1.36
Kano,Maize,1.03,758.7,32.9,7.58,Clay,146.1,No,No,Improved,2.06
Akwa Ibom,Maize,0.8,2313.1,25,6.58,Loamy,136.5,Yes,No,Improved,2.7
Kano,Rice,2.53,710.1,26.2,5.75,Sandy,100.5,No,No,Improved,3.33
Zamfara,Sorghum,1.8,955.7,31.8,4.72,Clay,73.3,Yes,No,Improved,1.69
Katsina,Yam,3.02,388.1,36.6,6.28,Loamy,59,No,No,Local,5.34
Yobe,Sorghum,4.26,350.9,37.4,6.3,Sandy,23.2,Yes,No,Local,1.38
Kwara,Sorghum,4.65,1354.1,25.1,6.81,Loamy,77.6,No,No,Local,1.05
Sokoto,Cassava,2.9,517.9,29.4,4.52,Sandy,63.5,No,No,Local,6.94
Kebbi,Rice,1.51,922.8,29.3,6.56,Clay,164.6,Yes,No,Improved,3.74
Kebbi,Yam,1.17,826.5,30.4,5.97,Sandy,172.9,Yes,No,Local,5.28
Zamfara,Cassava,1.52,847.6,30.4,5.9,Loamy,52,Yes,No,Improved,12.45
Nasarawa,Rice,1.2,1247.1,28.9,6.73,Clay,195.8,Yes,No,Local,2.86
Edo,Rice,1.32,1867.3,22.1,6.35,Loamy,104.4,Yes,No,Local,2.91
Imo,Yam,1.55,1960.1,25,7.13,Loamy,46.6,No,No,Local,6.41
Niger,Cassava,3.48,1259.3,25.6,6.02,Clay,44.6,Yes,No,Improved,10.49
Adamawa,Cassava,0.56,1444.7,31.1,6.12,Clay,119.3,Yes,No,Local,8.7
Rivers,Yam,0.2,1636.5,26.1,5.14,Loamy,74.5,No,No,Improved,8.3
Adamawa,Maize,1.14,1127.7,24.7,6.65,Clay,183.8,No,No,Local,2.05
Katsina,Sorghum,1.87,621.1,32.6,6.48,Sandy,14.9,No,No,Local,1.44
Cross River,Maize,0.55,1734.4,27.7,6.32,Loamy,127.1,No,No,Improved,2.67
Niger,Yam,1.21,1062,26.7,4,Loamy,90.8,Yes,No,Improved,9.17
Enugu,Sorghum,0.45,2498.9,23.4,6,Loamy,59.8,No,No,Local,1.01
Delta,Maize,5.01,1996.2,23.2,5.55,Loamy,134.9,No,No,Improved,1.58
Kebbi,Sorghum,3.18,715.2,26.2,5.14,Sandy,71.9,Yes,Yes,Improved,2.63
Delta,Maize,1.71,1518.1,23.8,4.78,Loamy,146.4,Yes,No,Local,2.24
Ekiti,Yam,0.85,2076.6,24.9,6.26,Clay,105.8,Yes,No,Improved,11.29
Taraba,Sorghum,0.76,1001.4,31.3,6.02,Sandy,138.7,No,No,Improved,1.15
Delta,Yam,1.27,2336,23.1,6.48,Clay,195.6,No,No,Local,7.06
Ebonyi,Maize,1.82,1587.4,26.7,5.48,Sandy,127.6,Yes,No,Improved,2.43
Oyo,Rice,0.77,1560.6,24.2,6.51,Sandy,11.2,Yes,No,Local,2.31
Adamawa,Yam,3.77,1065.1,25.2,5.12,Loamy,134.1,Yes,No,Local,7.47
Edo,Cassava,0.65,1585.9,29.4,5.57,Clay,110.3,Yes,No,Improved,8.49
Lagos,Sorghum,2.94,2236.5,22.9,6.95,Loamy,105.5,No,No,Local,1.05
Ekiti,Cassava,0.97,1890,25.9,5.46,Loamy,90.9,No,No,Improved,12.18
Zamfara,Maize,4.68,636.8,33,6.61,Sandy,140.9,No,No,Local,1.84
Lagos,Rice,3.57,1966,22.2,6.07,Clay,180,No,No,Improved,3.81
Osun,Sorghum,4.67,1714.6,29.4,5.12,Sandy,120.1,No,Yes,Improved,1.33
Rivers,Maize,6.76,2306.5,27.4,4.76,Clay,104.3,No,No,Improved,1.88
Gombe,Yam,1.61,850.7,34.7,5.37,Sandy,96.8,No,No,Improved,7.84
Bayelsa,Sorghum,1.93,2273.7,22.9,5.05,Loamy,39.7,No,No,Improved,1.26
Anambra,Sorghum,1.01,1976,29.7,5.99,Loamy,0,No,No,Improved,1.49
Ekiti,Maize,2.14,2251.5,24.8,6.12,Sandy,56.8,Yes,No,Improved,2.31
Edo,Rice,1.65,1581.9,28.9,5.79,Sandy,106.2,Yes,No,Local,2.62
Gombe,Sorghum,0.78,860.6,32.5,6.05,Sandy,54.2,No,No,Improved,1.7
Kano,Maize,6.57,796.5,29.8,5.96,Loamy,72.5,No,No,Improved,3.13
Enugu,Rice,1.85,1876.9,27.6,6.1,Loamy,48.2,Yes,No,Improved,3.13
Ebonyi,Sorghum,2.33,2075,29.3,6.05,Clay,70.9,Yes,No,Local,1.24
Yobe,Cassava,7.43,410.6,36.7,6.57,Sandy,76.5,No,No,Local,7.9
Ondo,Rice,3.2,1862.2,26.1,6.58,Clay,166.5,No,No,Local,2.12
Ekiti,Cassava,1.2,1559.6,29.9,6.54,Loamy,125.9,No,No,Improved,14.05
Ogun,Sorghum,1.28,2139.6,29.8,7.01,Loamy,69.1,Yes,No,Local,1.48
Ekiti,Rice,1.77,1537.6,26.9,6.48,Clay,116,No,No,Improved,3.02
Zamfara,Sorghum,1.87,815,31.5,7.44,Clay,54.5,No,No,Improved,1.66
Kebbi,Cassava,1.52,748.5,32.9,6.89,Clay,84.9,No,No,Local,9.39
Ebonyi,Sorghum,1.59,2144.4,22.6,5.34,Loamy,98.3,No,No,Local,1.2
Niger,Cassava,0.32,1075.6,27.8,4.97,Loamy,119.4,No,No,Improved,9.89
Ogun,Sorghum,3.46,2324.8,28,6.43,Sandy,66.6,Yes,No,Improved,1.54
Akwa Ibom,Cassava,1.28,2124.3,23.3,5.76,Loamy,73.9,Yes,No,Improved,15.38
Plateau,Yam,2.19,1411,31.2,4.88,Sandy,71.3,Yes,No,Local,6.01
Zamfara,Maize,23.24,921.5,34.3,5.81,Sandy,160.7,No,Yes,Improved,2.37
Enugu,Sorghum,2.41,1993.9,23.6,4.98,Sandy,24,Yes,No,Local,0.85
Gombe,Yam,2.02,966.2,28.4,7.52,Clay,65.6,Yes,No,Local,7.52
Kogi,Sorghum,0.51,1175.8,29.9,6.21,Clay,58,Yes,No,Improved,1.83
Enugu,Sorghum,0.97,2175.1,28.1,6.36,Sandy,98.3,Yes,No,Improved,1.57
Kebbi,Maize,2.51,993.6,29.8,6.13,Loamy,132.2,No,Yes,Improved,2.88
Kaduna,Rice,0.24,810.3,26.2,7.21,Clay,159.2,Yes,No,Improved,2.29
Kebbi,Yam,2.17,675.6,31.1,4.77,Sandy,140.9,No,No,Local,6.7
Enugu,Rice,2.07,1515.5,22.8,4.26,Clay,128.3,No,Yes,Local,3.14
Zamfara,Maize,1.72,604.3,26.2,5.31,Sandy,156.7,No,No,Local,2.13
Ondo,Maize,4.28,1553.9,28.6,6.32,Clay,58.2,Yes,No,Local,2.12
Oyo,Rice,0.62,2431.9,29.9,5.71,Clay,89.2,No,No,Improved,3.24
Bayelsa,Rice,0.51,2196.5,26.7,5.49,Clay,82.4,No,No,Local,2.8
Imo,Sorghum,1.64,1622.2,29.3,5.02,Loamy,105.6,Yes,Yes,Local,1.22
Bayelsa,Yam,4.41,2062.8,27,5.96,Sandy,96,No,No,Improved,9.53
Ekiti,Cassava,0.4,1951.8,24.1,5.58,Clay,88.1,No,No,Improved,12.87
Rivers,Rice,0.65,1754.1,26.9,7.36,Clay,136.9,Yes,No,Improved,3.07
Oyo,Sorghum,1.72,1953.1,23.7,6.54,Clay,87.6,Yes,No,Improved,1.05
Benue,Cassava,1.47,1186.5,27.6,7.89,Loamy,81.6,No,No,Local,6.72
Jigawa,Yam,1.15,429.7,31.8,6.65,Sandy,80.9,Yes,No,Improved,7.95
Abia,Yam,2.4,2238.2,24.1,5.02,Clay,161.9,No,No,Local,5.84
Yobe,Maize,0.2,591.4,30.4,6.42,Sandy,119.9,Yes,No,Improved,3.25
FCT,Maize,0.56,1449.3,29.1,5.72,Sandy,120.2,No,No,Local,2.09
Bauchi,Sorghum,0.39,764.2,34.8,7.99,Sandy,66.3,No,No,Local,1.17
Plateau,Rice,2.71,1351.1,27.7,6.67,Loamy,71.3,No,No,Local,3.05
Sokoto,Maize,2.32,551.3,35.7,5.06,Loamy,73,Yes,No,Improved,2.45
Gombe,Cassava,1.76,682,27.3,6.82,Sandy,66,No,No,Local,8.92
Ebonyi,Rice,3.78,2144.3,23.7,4.41,Clay,120.1,No,No,Local,2.4
Yobe,Sorghum,2.08,388.8,35.1,7.58,Clay,83.6,No,No,Local,1.31
Cross River,Maize,2.45,2152.5,23.2,6.2,Loamy,96.4,No,No,Improved,2.36
Kaduna,Maize,3.67,919.1,28.5,6.36,Clay,72.9,No,Yes,Improved,2.81
Oyo,Cassava,1.45,1753.2,28.8,5.75,Loamy,58,No,No,Improved,8.49
Bayelsa,Rice,6.6,2466.6,22.3,7.33,Clay,73.2,No,No,Local,2.71
Nasarawa,Cassava,2.23,1043.9,27.5,7.33,Clay,77.4,No,No,Improved,12.63
Kwara,Yam,1.38,1475.9,30.9,5.78,Loamy,31.3,No,No,Improved,9.47
Abia,Yam,2.38,2266.5,28.4,5.47,Clay,152.9,Yes,No,Local,9.09
Ekiti,Sorghum,2.93,2227.8,24.3,5.5,Sandy,44,Yes,No,Improved,1.33
Akwa Ibom,Yam,3.12,2466.3,24.6,6.97,Loamy,117.5,Yes,No,Local,8.01
Ogun,Rice,2.62,1681.1,28.5,5.54,Clay,139.5,Yes,No,Improved,4.05
Enugu,Cassava,0.44,1946.3,25.7,5.29,Loamy,46.9,No,No,Improved,9.37
Adamawa,Sorghum,0.96,1088.5,31.8,6.48,Clay,33.3,Yes,No,Improved,2.13
Kebbi,Maize,3.07,847.6,31,5.31,Clay,181.2,Yes,No,Local,2.24
Benue,Maize,5.21,1458.3,31.3,6.71,Clay,69.2,No,Yes,Local,2.46
Anambra,Cassava,1.9,2163.6,29.8,6.71,Clay,64.3,No,Yes,Improved,11.74
Niger,Yam,1.49,1354.6,24,6.59,Sandy,116.1,Yes,No,Local,9.44
Rivers,Cassava,1.45,1914.7,24.4,4.73,Loamy,86.9,Yes,No,Improved,9.21
Sokoto,Yam,3.66,419.9,28.6,6.33,Clay,29.2,Yes,No,Local,7.38
Sokoto,Sorghum,2.86,441.2,32,5.14,Sandy,9.9,Yes,No,Local,1.1
Katsina,Rice,0.62,577.4,34.9,4.95,Loamy,67.4,No,Yes,Local,3.16
Delta,Rice,1.51,1719.2,29.7,6.01,Loamy,28.9,No,Yes,Local,2.29
Katsina,Yam,0.24,576,35.5,6.58,Sandy,87.8,No,Yes,Local,2.29
Abia,Maize,0.32,2380.3,22.4,5.25,Clay,99,No,No,Improved,1.93
Ogun,Maize,4,2029.8,24.9,5.63,Loamy,137.9,No,No,Local,2.08
Katsina,Cassava,5.04,514.5,37.8,6.67,Loamy,109.5,No,No,Local,6.28
FCT,Maize,3.63,1367.6,25.9,5.86,Loamy,87.9,Yes,No,Local,2.2
Katsina,Maize,5.96,398.1,30.8,7.09,Sandy,161.5,Yes,No,Local,2
Kebbi,Maize,0.99,767.4,34.7,5.79,Sandy,113.4,No,Yes,Local,2.04
Akwa Ibom,Maize,0.78,2100.9,22,6.16,Loamy,137.8,No,No,Improved,2.36
Sokoto,Sorghum,0.49,639.9,32,6,Clay,32.7,Yes,No,Improved,1.5
Kaduna,Cassava,4.04,768.4,32.1,5.35,Loamy,39.7,No,No,Improved,9.4
Kaduna,Rice,1.38,772.9,26.5,7.03,Sandy,159.4,No,No,Improved,3.34
Yobe,Yam,2.31,617.7,32.6,4.96,Clay,59,Yes,No,Local,6.18
Ondo,Cassava,0.89,1860.7,27.6,5.9,Sandy,111.6,No,No,Improved,9.53
Katsina,Rice,0.2,308.3,37.5,5.94,Loamy,37.9,No,No,Improved,3.11
Niger,Maize,2.27,1090.2,30.9,6.14,Loamy,45.9,No,No,Local,2.48
Kebbi,Yam,0.25,841.5,31.8,5.8,Loamy,114,Yes,No,Improved,11.12
FCT,Yam,2.93,1043.7,29.1,5.64,Clay,86.3,No,No,Improved,12.37
Gombe,Sorghum,3.61,884,26.1,6.71,Sandy,47.3,No,Yes,Local,1.27
Akwa Ibom,Maize,1.18,1788.3,24,6.13,Loamy,129.5,Yes,No,Local,2.3
Benue,Yam,0.45,1485.2,30.1,5.66,Clay,83.6,Yes,No,Improved,9.85
Bauchi,Sorghum,1.53,964.5,29.5,6.9,Clay,45.6,Yes,No,Local,1.5
Sokoto,Cassava,4.18,485.3,36,5.75,Sandy,95.2,No,No,Local,8.44
Benue,Sorghum,10.41,1343,30.8,5.15,Loamy,42.4,No,No,Local,0.97
Bauchi,Sorghum,4.91,701.8,31.2,6.04,Clay,73.3,No,Yes,Improved,2.35
Ogun,Sorghum,5.52,2264,29.7,6.93,Sandy,37.2,Yes,No,Local,1.22
Adamawa,Sorghum,0.83,1477.2,25.4,6.24,Loamy,0,Yes,No,Local,1.14
Nasarawa,Yam,1.01,1352,27.2,6.3,Clay,57.4,No,Yes,Improved,10.04
Ekiti,Maize,5.76,1661.3,27.9,6.76,Loamy,83.7,No,No,Local,2.54
Imo,Cassava,1.38,1626.1,24.3,5.92,Loamy,109.4,Yes,No,Improved,13.17
FCT,Rice,1.4,1075.4,27.8,5.64,Loamy,117.8,No,No,Local,2.71
Kwara,Rice,1.22,1098.2,26.2,6.62,Loamy,65.4,No,No,Improved,3.62
Cross River,Sorghum,1.59,1951,22.5,5.34,Clay,108.6,Yes,No,Local,1.03
Ekiti,Cassava,0.99,1976.3,24,5.36,Loamy,162.1,No,No,Improved,7.87
Lagos,Maize,1.69,1696.7,25.6,6.45,Sandy,168.8,Yes,Yes,Local,1.98
Akwa Ibom,Rice,4.26,2083.6,23.2,5.06,Loamy,129.7,No,No,Local,2.32
Kano,Yam,0.2,993.5,27.1,5.97,Clay,78.6,No,No,Improved,10.23
Enugu,Sorghum,1.46,1891.1,23,5.84,Loamy,73.7,No,No,Local,1.18
Ondo,Cassava,1.36,1645.3,23,5.5,Loamy,111.3,No,No,Improved,9.39
Taraba,Sorghum,1.99,1129,25.2,5.15,Sandy,79.9,No,No,Improved,1.64
Bayelsa,Maize,0.63,1844.4,28.6,6.03,Sandy,125.6,No,No,Local,1.98
Niger,Maize,2.28,1044.3,26.5,4.61,Clay,65.2,No,No,Local,1.67
Bauchi,Sorghum,0.45,705.5,33.7,5.86,Sandy,113.6,No,Yes,Improved,2.05
Jigawa,Maize,1.15,688.4,29.8,6.21,Loamy,79.2,No,No,Local,2.1
Yobe,Cassava,3.63,432,31,6.02,Sandy,69.8,Yes,No,Local,8.63
Kaduna,Cassava,3.45,797.1,34.1,6.08,Clay,81.9,No,No,Improved,10.87
FCT,Sorghum,3.39,1213.2,27.8,6.22,Clay,63.4,No,No,Local,1.17
Ogun,Rice,0.6,2464.4,28.6,5.48,Loamy,69.9,No,No,Improved,3.85
Oyo,Sorghum,1.82,1874,29.7,6.13,Clay,117.2,Yes,No,Local,1.02
Borno,Maize,4.69,507.8,34.1,6.57,Clay,99.5,Yes,No,Local,2.16
Imo,Yam,3.22,1749.8,22.1,6.12,Loamy,177.1,Yes,No,Improved,10.38
Rivers,Sorghum,4.35,2082.3,29.1,5.49,Loamy,85.8,Yes,No,Improved,1.51
Ogun,Yam,1.72,2188.9,28.7,5.54,Sandy,53.1,No,No,Improved,11.4
Kaduna,Rice,3.03,753.8,28.7,6.95,Sandy,76.4,No,Yes,Local,3.54
Rivers,Maize,0.91,1559.9,26.2,5.52,Clay,122.9,Yes,Yes,Improved,2.71
Nasarawa,Yam,2.55,1106.3,31,6.28,Clay,100.5,No,No,Improved,11.55
Bauchi,Yam,1.33,786.3,28.1,4.71,Sandy,88.8,No,Yes,Local,7.05
Delta,Maize,0.6,2056.5,27.6,6.26,Clay,209.5,No,No,Local,1.69
Yobe,Cassava,2.11,679.6,28,5.76,Sandy,70.9,Yes,No,Local,8.45
Enugu,Maize,1.64,2385.1,23.5,6.43,Loamy,64.7,No,No,Improved,2.78
Edo,Yam,10.05,1512.2,28.4,6.22,Clay,108.2,Yes,Yes,Local,10.02
Kebbi,Maize,3.58,632.9,28.5,6.92,Sandy,63.3,Yes,No,Improved,2.54
Niger,Cassava,0.8,1276.4,30.7,5.79,Loamy,58.9,Yes,No,Local,10.63
Niger,Yam,1.12,1172.8,25.8,6.39,Sandy,78.6,No,No,Local,7.94
Benue,Yam,1.05,1279.2,26.2,6.95,Sandy,119.7,Yes,No,Improved,9.89
Katsina,Maize,0.63,371.5,31,5.82,Loamy,33.7,No,No,Improved,2.46
Taraba,Maize,4.47,1366.2,31.2,5.82,Sandy,138,Yes,Yes,Local,2.33
Rivers,Rice,1.08,2209.7,22.1,5.95,Loamy,176.1,No,No,Local,3.01
Benue,Cassava,0.77,1207.7,30.4,6.58,Clay,33.7,No,No,Local,6.22
Katsina,Sorghum,1.62,633.6,30.5,7.17,Sandy,83.4,No,No,Local,1.51
Ekiti,Sorghum,3.03,2469.4,23.6,4.79,Clay,75.9,Yes,No,Improved,1.41
Taraba,Yam,1.31,1425.3,30.3,6.76,Sandy,42.9,No,No,Improved,10.22
Ogun,Sorghum,1.08,2489.4,23.7,6.16,Sandy,43,No,No,Improved,1.66
Benue,Yam,0.52,1193.1,24.2,6.6,Loamy,151.2,Yes,No,Local,8.67
Ebonyi,Maize,0.63,2176.1,29.1,5.44,Loamy,105.1,Yes,No,Improved,2.65
Borno,Maize,0.79,692.5,33.2,5.84,Loamy,133.2,Yes,No,Improved,2.78
Ondo,Cassava,7.18,2117.3,23.6,4,Clay,112.4,Yes,No,Improved,9.56
Delta,Cassava,0.59,1881.8,29,6.12,Sandy,103.4,Yes,Yes,Improved,11.94
Kebbi,Yam,0.53,905.7,27.5,7.08,Sandy,99.8,Yes,No,Local,7.37
Anambra,Yam,2.21,2338.9,24.8,6.36,Loamy,88.1,Yes,No,Local,5.94
Imo,Cassava,2.65,2441.9,25.7,5.45,Clay,126.2,Yes,No,Local,8.7
Borno,Sorghum,2.55,539.6,32.3,5.7,Sandy,112.4,Yes,No,Improved,1.68
Sokoto,Yam,1.53,535.7,30.7,6.04,Clay,0,No,No,Improved,7.25
Lagos,Sorghum,0.78,1646.4,22.5,7.29,Sandy,45,Yes,No,Local,1.28
Yobe,Cassava,4.68,313.7,36.2,5.3,Sandy,160.1,Yes,No,Local,7.58
Osun,Sorghum,0.55,1960.1,22.2,5.66,Clay,0,No,No,Local,0.94
Bayelsa,Maize,3.74,1710.1,26.7,6.36,Sandy,161.2,No,Yes,Improved,2.31
Kaduna,Maize,1.42,934.6,27.4,6.06,Clay,162.8,No,No,Local,2.1
Ondo,Rice,1.83,2191.7,26.4,6.19,Loamy,87.1,Yes,Yes,Improved,5.1
Rivers,Sorghum,0.5,1984.9,29.2,5.98,Sandy,101.2,Yes,No,Improved,1.46
Zamfara,Cassava,1.4,694.8,29.3,7.58,Loamy,133,Yes,No,Improved,9.29
Adamawa,Yam,0.56,1420.1,24.7,6.55,Sandy,97.4,No,No,Improved,10.6
Nasarawa,Rice,0.76,1424.5,27.8,4.62,Loamy,202.6,No,No,Improved,2.51
Ekiti,Cassava,2.95,1576,24.7,6.05,Loamy,37.2,Yes,No,Local,7.42
Benue,Rice,0.88,1389.3,30.2,5.98,Clay,106.9,Yes,No,Improved,4.3
Bayelsa,Cassava,2.06,2002.1,28.4,7,Sandy,176.6,Yes,No,Local,7.48
Benue,Sorghum,1.72,1254.6,30.3,4.65,Loamy,0,Yes,No,Improved,1.5
Nasarawa,Cassava,3.96,1215.6,25.7,5.64,Loamy,136,Yes,No,Local,8.45
Gombe,Rice,0.4,788.1,28.4,5.64,Loamy,127.6,Yes,No,Improved,3.55
Sokoto,Rice,14.29,673,30.6,4.66,Sandy,189.2,No,No,Local,2.28
Delta,Cassava,0.89,1610.3,23,6.67,Loamy,10.8,Yes,No,Improved,9.93
Kebbi,Maize,1.94,964.8,33.7,5.85,Clay,101,No,No,Local,2.11
Jigawa,Sorghum,1.65,494.5,37.9,6.4,Sandy,52.5,No,No,Improved,1.84
Ogun,Sorghum,0.31,1909.9,26.2,6.3,Clay,40.8,No,Yes,Improved,1.77
Niger,Rice,2.11,1098.2,25.9,6.71,Loamy,40.4,No,No,Local,2.25
Gombe,Cassava,0.6,844.8,28.5,6.91,Loamy,129.6,No,No,Improved,11.33
Nasarawa,Sorghum,4.13,1339.9,28.5,6.49,Sandy,40.3,No,No,Local,1.27
Borno,Sorghum,4.28,637.1,30.9,4.85,Loamy,42.1,No,No,Improved,1.52
Kebbi,Cassava,0.26,769,32.5,6.82,Sandy,167.8,No,No,Local,7.25
Kano,Sorghum,5.57,648.6,31.8,5.63,Sandy,40.4,Yes,No,Improved,2
Ondo,Rice,1.11,2132.3,23.2,7.38,Loamy,96.8,No,No,Local,2.63
Niger,Maize,2.29,1066.7,24.4,6.12,Loamy,132.9,Yes,No,Improved,3.1
Kwara,Maize,0.2,1093.5,30.1,7.46,Sandy,179.5,Yes,Yes,Improved,3.25
Ondo,Sorghum,5.55,1924.8,29.9,4.15,Clay,79.9,No,No,Local,1.01
Delta,Yam,1.88,2415.2,27.4,4.5,Clay,119.5,Yes,No,Improved,10.13
Adamawa,Sorghum,1.91,1464.7,31.9,5.27,Loamy,15.1,Yes,No,Improved,1.75
Ogun,Cassava,0.51,1894.5,26.5,6.23,Clay,59.3,Yes,No,Local,9.16
Kogi,Rice,3.57,1149.6,24,5.95,Clay,141.8,Yes,No,Local,2.91
Borno,Rice,0.75,634.3,28.5,5.82,Clay,81.9,Yes,No,Improved,3.23
Katsina,Sorghum,1.86,629.8,36.7,5.5,Sandy,56.4,No,No,Local,1.52
Zamfara,Yam,3.59,980.2,31.5,5.6,Loamy,96.5,Yes,No,Local,8.96
Sokoto,Maize,2.47,387,36.3,6.33,Sandy,117.1,Yes,No,Local,2.05
Kebbi,Yam,0.45,858.9,30,6.63,Sandy,112.8,Yes,No,Local,8.09
Niger,Cassava,0.45,1225.1,27.7,6.61,Sandy,98.2,Yes,No,Local,7.58
Adamawa,Maize,2.92,1202.6,27.9,5.7,Clay,169.1,No,No,Improved,3.04
Zamfara,Cassava,0.42,652.5,28.6,5.95,Sandy,46,Yes,No,Local,8.36
Anambra,Maize,4.11,2065.8,25.3,5.45,Clay,112.9,Yes,No,Local,2.22
Enugu,Maize,3.36,1729.8,29.1,6.94,Clay,98.5,Yes,No,Local,2.03
Bayelsa,Sorghum,1.06,1906.6,22.5,7.19,Clay,62.1,No,No,Local,0.99
Delta,Sorghum,3.45,2029.7,29.1,6.17,Loamy,109.5,Yes,No,Local,1.07
Taraba,Maize,2.32,1493.7,28,6.58,Loamy,136.8,No,No,Local,2.32
FCT,Yam,2.15,1445.5,31.5,6.2,Loamy,175.1,No,No,Improved,9.05
Kano,Yam,4.07,992.9,28.5,5.12,Sandy,82.2,No,No,Improved,9.59
Jigawa,Rice,0.2,520.4,35.6,6.56,Sandy,160.6,No,No,Local,2.81
Adamawa,Yam,6.06,1378.2,24.5,7,Loamy,104.3,Yes,Yes,Local,8.91
FCT,Cassava,1.71,1410.7,27.2,6.06,Sandy,94.6,No,No,Local,8.35
Gombe,Rice,0.36,607.6,29,6,Clay,96.6,Yes,No,Improved,3.29
Kano,Sorghum,1.07,779.4,28.7,5.38,Clay,0,No,No,Improved,1.51
Niger,Yam,0.27,1173.3,28.8,5.16,Loamy,174.1,No,No,Improved,8.94
Katsina,Maize,3.36,691.6,36.6,5.89,Sandy,97.5,No,No,Local,2.17
Enugu,Yam,1.44,2308,28.7,6.19,Loamy,89.7,No,No,Improved,8.79
Kano,Yam,1.07,953,26.4,6.73,Sandy,38.7,No,No,Local,7.61
Rivers,Yam,6.78,1573.1,27,5.56,Loamy,74.9,No,Yes,Local,7.87
Borno,Maize,1.24,429.6,31.9,5.42,Sandy,145,No,No,Improved,2.27
Delta,Sorghum,3.48,1993.3,26.4,6,Clay,63.2,Yes,Yes,Improved,1.69
FCT,Yam,0.9,1317.8,31.4,5.51,Loamy,70.1,Yes,No,Improved,11.55
Kwara,Maize,1.56,1051,29.1,6.09,Loamy,138.4,No,Yes,Improved,2.88
FCT,Cassava,1,1281.4,26.5,6.19,Sandy,142.4,Yes,No,Improved,11.28
Benue,Yam,20.35,1167,30.9,5.73,Loamy,126.9,Yes,No,Improved,7.95
Rivers,Rice,2.29,2452.6,23,6.28,Loamy,85.9,No,No,Improved,3.28
Gombe,Sorghum,0.92,648.1,30.1,5.76,Loamy,72.7,Yes,No,Local,0.89
Ebonyi,Yam,0.77,1711.6,22.5,5.6,Clay,141.8,No,No,Improved,8.17
Plateau,Rice,1.9,1312,25.2,6.02,Loamy,100.8,No,No,Improved,3.17
Lagos,Maize,4.16,1820.8,23.3,6.66,Clay,110,No,No,Local,1.98
Jigawa,Rice,2.14,511.1,30.4,7.16,Sandy,181.7,No,No,Improved,2.38
Ondo,Maize,0.78,1822.1,24.1,5.62,Clay,100.8,No,No,Local,2.37
FCT,Sorghum,2.08,1048.6,26.5,5.17,Loamy,62.5,Yes,No,Local,1.52
Kebbi,Cassava,2.87,793.6,29.9,5.7,Loamy,59.1,Yes,No,Local,9.34
Kaduna,Rice,1.35,682.5,34.5,5.36,Clay,60.9,No,No,Improved,3.44
Ebonyi,Sorghum,4.87,2220.7,22,5.95,Loamy,93.5,Yes,Yes,Local,1.05
Kaduna,Sorghum,0.62,928.2,31.3,4.9,Clay,70.4,Yes,Yes,Improved,2.03
Kebbi,Maize,3.49,756,27.8,6.22,Loamy,67.3,Yes,No,Local,2.21
FCT,Sorghum,1.27,1449.3,25.6,6.74,Clay,98,No,No,Improved,1.51
Borno,Rice,3.17,674.8,28.2,6.67,Clay,150.8,No,No,Local,2.82
Borno,Rice,0.93,344.5,35.3,4.67,Clay,111.9,No,No,Local,2.07
Jigawa,Sorghum,2.21,300.1,31.7,5.77,Sandy,47.6,No,Yes,Local,1.22
Akwa Ibom,Rice,1.67,2278.6,27.7,4.69,Loamy,139.2,No,No,Local,2.66
Ondo,Rice,1.88,2334.2,24,6.95,Loamy,126.2,Yes,No,Improved,3.82
Osun,Yam,0.58,1575.6,29.5,4.94,Clay,86.2,No,No,Improved,8.49
Nasarawa,Maize,5.47,1009,29.5,7.19,Clay,92.2,No,No,Improved,2.46
FCT,Rice,0.39,1091.1,30.2,5.33,Loamy,77.1,No,No,Improved,3.38
Lagos,Cassava,0.27,1619.6,25.5,5.6,Clay,116.2,No,No,Improved,10.82
Kano,Cassava,0.82,802.2,29.3,5.34,Loamy,150.4,No,No,Improved,10.41
Cross River,Sorghum,0.41,1850,25.2,4.8,Clay,132.6,No,No,Local,0.72
FCT,Yam,1.94,1196.9,30,7.11,Sandy,0.9,No,Yes,Improved,8.69
Borno,Sorghum,1.56,602.3,34.1,6.46,Sandy,133.7,Yes,No,Improved,1.48
Anambra,Sorghum,4.85,1714.6,22.9,7.4,Loamy,51.2,No,No,Local,1.45
Edo,Sorghum,0.58,1604.5,24.9,5.53,Clay,7.8,No,Yes,Local,1.35
Sokoto,Rice,0.76,690.9,29.2,5.59,Sandy,51.4,Yes,No,Local,3.05
Ogun,Rice,0.44,1679.3,23.8,5.52,Clay,34.5,Yes,No,Improved,3.56
Enugu,Sorghum,2.47,2401,26.3,6.3,Loamy,43.7,No,No,Improved,1.2
Enugu,Sorghum,5.56,2150.6,22.5,6.64,Sandy,76.6,Yes,No,Local,0.44
FCT,Yam,1.3,1270.7,24.5,7.18,Clay,140.8,No,Yes,Local,9.83
Lagos,Maize,3.56,1717,27.8,5.3,Clay,188.7,No,Yes,Local,1.95
Benue,Sorghum,4.09,1037.5,25.5,5.12,Clay,72.7,No,No,Local,1.51
Kogi,Cassava,0.93,1020.4,25,6.14,Clay,133.3,No,No,Improved,12.05
Akwa Ibom,Sorghum,2.08,1520.4,22.2,6.06,Clay,40.4,No,Yes,Improved,1.84
Taraba,Maize,0.82,1016.7,28.5,5.91,Loamy,89.4,Yes,No,Improved,2.85
Bayelsa,Sorghum,2.41,2385.7,25.4,6.02,Loamy,77,No,Yes,Improved,2.08
Kaduna,Rice,1.12,669.6,30.4,5.95,Clay,100.1,No,No,Local,2.74
Lagos,Sorghum,0.82,2081,25.6,5.03,Sandy,113.1,No,No,Improved,1.29
Lagos,Cassava,1.11,2369.9,22.4,6.38,Loamy,18.6,No,No,Improved,7.81
Plateau,Maize,4.87,1124.8,27.3,6.09,Clay,105,Yes,No,Improved,2.92
Oyo,Maize,1.43,2196.2,29.2,4.95,Loamy,112.3,No,Yes,Local,1.91
Edo,Sorghum,2.17,1809.1,28.4,5.19,Clay,94,Yes,No,Improved,1.6
Kano,Sorghum,0.75,970.9,34,4.87,Sandy,138.3,No,No,Improved,1.23
Sokoto,Cassava,1.33,467.5,29.1,5.69,Sandy,114,Yes,No,Local,8.9
Jigawa,Cassava,1.69,641.6,34.6,5.6,Clay,102.4,No,No,Local,7.1
Imo,Cassava,0.47,1552.4,24.9,6.53,Sandy,45,No,Yes,Improved,14.07
Abia,Sorghum,1.36,1700.3,22.2,5.78,Loamy,31.8,No,Yes,Improved,1.8
Niger,Rice,1.67,1259.1,29.3,6.32,Loamy,150.5,Yes,No,Local,3.2
Imo,Sorghum,1.14,2328.5,26.2,4.97,Loamy,75,Yes,No,Local,1.04
Katsina,Maize,1.55,633.9,29.4,6.32,Sandy,124.4,No,No,Local,2.54
Kogi,Sorghum,0.91,1221.7,28.5,6,Loamy,74.6,Yes,No,Local,1.31
Niger,Rice,1.54,1419.8,24,4.96,Loamy,138.1,Yes,No,Improved,2.98
Kebbi,Maize,3.84,605.9,29.6,6.64,Clay,125.6,No,No,Improved,2.44
Lagos,Sorghum,2.28,1507.2,27.5,5.92,Clay,27.9,No,Yes,Local,1.08
Kebbi,Maize,0.46,839.5,31.5,5.78,Loamy,114.1,Yes,No,Local,2.16
Kebbi,Cassava,0.6,965.8,33.4,5.47,Loamy,114.9,No,No,Local,10.01
Abia,Cassava,0.56,2322.6,24.2,5.29,Clay,115.4,Yes,Yes,Improved,14.5
Jigawa,Cassava,9.47,670.4,37.1,5.45,Sandy,99.3,No,No,Local,6.77
Gombe,Sorghum,0.51,818.9,33.3,5.35,Clay,8.7,Yes,No,Improved,1.78
FCT,Sorghum,1.7,1154.1,30.4,6.1,Loamy,100.6,No,No,Local,1.23
Jigawa,Rice,0.92,449.3,30.1,4.89,Loamy,87.2,No,No,Local,2.32
Niger,Cassava,0.48,1365.1,24.2,7.33,Clay,83.9,No,No,Local,8.02
Lagos,Cassava,10.42,2132,23.2,5.08,Sandy,102.7,No,Yes,Local,10.07
Lagos,Cassava,0.21,1852.2,23.1,6.07,Clay,91.4,Yes,Yes,Improved,15.91
Jigawa,Yam,0.65,537.4,36,5.06,Sandy,122.5,Yes,No,Local,6.85
Oyo,Yam,2.44,1811.7,25.2,5.52,Loamy,113.3,No,No,Local,8.25
Kaduna,Yam,0.28,897.1,29.6,4.6,Clay,97.3,No,Yes,Improved,8.9
Plateau,Yam,0.2,1040,24,4.5,Loamy,104.9,No,No,Local,8.18
Osun,Maize,7.79,2020.9,24,6.87,Loamy,102.5,No,Yes,Local,2.45
Cross River,Sorghum,2.44,1837.7,27,7.64,Loamy,0,No,No,Improved,1.06
Delta,Rice,2.32,1793,28.9,6.67,Sandy,111.3,Yes,No,Local,2.55
Niger,Sorghum,2.3,1290.7,30.3,6.61,Loamy,90.4,No,No,Improved,1.29
Plateau,Yam,0.34,1404.8,25.9,5.99,Sandy,102.5,No,No,Improved,9.88
Abia,Sorghum,0.57,2041.1,24.2,5.07,Clay,54.3,No,Yes,Local,1.44
Adamawa,Yam,0.88,1074,25.8,6.17,Clay,48.5,No,No,Improved,9.03
Kano,Rice,3.74,933.7,34.7,5.64,Loamy,175.5,Yes,No,Local,2.82
Bauchi,Sorghum,1.5,905.3,31.4,6.72,Loamy,24,No,No,Improved,1.63
Oyo,Cassava,15.34,1945.6,27.2,5.52,Loamy,54.4,Yes,No,Local,10.04
Zamfara,Cassava,1.07,895.8,32.1,6.3,Sandy,98.7,Yes,No,Local,9.65
Rivers,Yam,2.37,1646.6,27.9,5.77,Loamy,99.7,No,No,Local,2.9
Kwara,Maize,1.01,1059.9,27.1,5.88,Loamy,107.8,No,No,Improved,2.5
Delta,Maize,1.37,2449.4,29.7,5.46,Loamy,138.7,No,No,Local,1.64
Anambra,Yam,8.61,1735.7,25.5,6.82,Loamy,83.1,Yes,No,Local,8.25
Imo,Cassava,1.62,1927.5,27.5,4.79,Clay,143.7,Yes,Yes,Local,10.26
Ebonyi,Maize,0.84,1784.3,28.9,5.52,Loamy,184.7,Yes,No,Improved,2.43
Kano,Cassava,1.73,656.3,34.7,6.03,Clay,109.3,No,No,Improved,10.21
Sokoto,Yam,0.67,669.1,36.7,6.32,Sandy,97,No,No,Local,7.32
Gombe,Sorghum,1.04,618.8,26.1,5.15,Clay,0,No,No,Improved,1.15
Akwa Ibom,Yam,1.89,2114.4,26.8,6.72,Clay,82.9,Yes,No,Improved,9.08
Kogi,Sorghum,2.95,1025.6,26.3,5.94,Sandy,53.8,Yes,No,Local,1.43
Sokoto,Rice,5.94,553.7,31.4,5.82,Sandy,102.1,No,No,Improved,2.98
Osun,Sorghum,2.08,1674.4,25,5.87,Clay,119.6,No,No,Local,1.14
Borno,Maize,1.01,389.8,30.4,6.19,Loamy,112.2,Yes,No,Local,2.42
Gombe,Sorghum,0.63,808,32.7,5.62,Sandy,98.2,No,No,Local,1.2
Kano,Cassava,0.55,788.9,29.5,4.83,Clay,71.4,Yes,No,Local,8.68
Rivers,Cassava,1.37,2301.5,23.5,5.7,Clay,117.3,No,Yes,Improved,11.91
Delta,Rice,4.11,1846.3,29.1,6.32,Clay,110,Yes,No,Local,3.17
Ekiti,Maize,1.47,2114.5,25.2,7.47,Loamy,137.8,No,Yes,Local,1.83
Taraba,Rice,2.31,1391.7,27.3,6.64,Clay,81.5,No,Yes,Improved,3.94
Osun,Maize,1.4,1942.8,29,5.08,Clay,110.8,No,No,Improved,2.43
Sokoto,Rice,2.13,533.8,35.4,4.95,Clay,26.6,No,Yes,Local,2.27
Yobe,Maize,0.76,441.9,33.8,5.43,Loamy,86.7,No,Yes,Local,2.35
Borno,Sorghum,0.69,359.7,29.8,5.39,Clay,114.1,Yes,No,Local,1.23
Kano,Maize,0.44,801.8,29.9,5.97,Clay,114.3,No,No,Local,2.35
Borno,Rice,3.16,523.7,36.3,4.87,Sandy,127,Yes,No,Improved,2.97
Osun,Yam,0.2,1778.4,24.5,6.54,Clay,97.3,No,Yes,Local,10.07
Enugu,Rice,10.23,2480.5,28.6,5.91,Loamy,85.2,No,No,Improved,2.72
Osun,Cassava,1.4,1508.5,27.6,4.49,Sandy,104.4,No,No,Local,8.23
Lagos,Cassava,0.62,2203.6,29.6,5.91,Loamy,29.9,No,Yes,Local,4.01
Jigawa,Yam,1.84,618.3,37.3,6.16,Clay,97,No,No,Local,6.96
Imo,Cassava,0.51,2185,22.2,5.92,Loamy,145.2,No,No,Improved,11.06
Sokoto,Maize,1.07,386.4,29.3,6.03,Sandy,238.4,Yes,Yes,Improved,3.1
Zamfara,Sorghum,2.91,763,32.7,6.02,Loamy,131.8,No,Yes,Local,1.4
Lagos,Yam,2.1,2476.1,22.6,6.77,Clay,128.1,No,Yes,Local,3.81
Nasarawa,Yam,1.06,1197.3,25.6,5.6,Sandy,114.2,No,No,Local,8.25
Ebonyi,Sorghum,0.31,2238.7,28,6.89,Loamy,21.4,Yes,No,Improved,1.55
Ebonyi,Sorghum,2.52,1856.1,24.4,5.01,Clay,110.5,Yes,No,Local,0.79
Sokoto,Cassava,3.27,325.6,35.8,6.69,Sandy,77.1,Yes,No,Local,7.25
Bauchi,Rice,3.17,636.7,29.5,6.65,Clay,154.1,No,No,Improved,3.05
Ekiti,Sorghum,2.88,1889.6,25.7,5.48,Clay,42.9,Yes,No,Improved,1.62
FCT,Rice,1.05,1275.5,25.3,5.4,Clay,170.3,No,No,Local,2.76
Adamawa,Yam,6.97,1223.1,25.4,4.87,Loamy,79.6,Yes,No,Local,6.43
Benue,Maize,0.82,1376.7,27.8,7.08,Sandy,79.7,No,No,Local,2.23
Katsina,Sorghum,4.67,489.8,29.2,7.12,Sandy,1.1,No,No,Improved,1.18
Niger,Maize,0.84,1205.5,32,6.66,Clay,169.4,No,No,Improved,2.18
Zamfara,Cassava,1.36,655.1,27.3,6.14,Sandy,32.5,No,Yes,Improved,10.43
Ekiti,Cassava,0.41,1601.6,27.3,6.07,Loamy,53.5,No,No,Improved,8.65
Nasarawa,Rice,6.1,1053.9,30.5,5.08,Sandy,196.4,Yes,No,Improved,3.11
Yobe,Cassava,3.75,445.6,35.9,5.94,Sandy,186,No,Yes,Local,8.32
Bayelsa,Sorghum,0.91,2429.3,23.9,6.39,Clay,0,Yes,No,Improved,1.16
Gombe,Maize,1.75,879.3,28.9,4.79,Sandy,136.6,No,No,Local,2.37
Gombe,Cassava,1.32,887.3,32.3,6.89,Sandy,113.2,No,No,Improved,12.56
Plateau,Sorghum,1.34,1294.7,30.6,6.52,Clay,92,Yes,No,Improved,1.85
Bauchi,Sorghum,2.88,705.1,31.9,6.64,Loamy,65.4,Yes,No,Improved,1.57
Ebonyi,Sorghum,1.08,2075.8,25.6,5.02,Clay,143,Yes,Yes,Improved,1.59
Lagos,Yam,2.75,2287.9,23.9,5.61,Clay,169.6,Yes,No,Local,6.41
Kaduna,Rice,1.25,802,28.9,5.02,Clay,60.5,No,No,Local,1.39
Zamfara,Cassava,2.72,877.7,29.9,6.94,Sandy,65.1,No,No,Local,7.88
Abia,Cassava,4.8,2362.9,27,5.65,Clay,120.2,No,Yes,Local,10.84
Adamawa,Yam,6.2,1411,30.4,6.51,Clay,45.2,Yes,No,Improved,12.14
Sokoto,Sorghum,1.96,541.5,29.3,5.58,Sandy,35.4,Yes,No,Local,1.78
Imo,Sorghum,0.31,2495.7,28,7.38,Clay,70.6,Yes,Yes,Local,1.35
FCT,Cassava,0.61,1361,29.3,5.51,Clay,80.6,No,No,Local,8.9
Yobe,Sorghum,2.25,698,30.9,5.85,Sandy,124.4,No,No,Local,1
Borno,Maize,5.4,392.4,28.4,6.57,Sandy,158.2,No,No,Local,2.14
Akwa Ibom,Cassava,2.78,1607.5,29.5,4.36,Clay,68.7,No,No,Local,6.58
Delta,Cassava,3.87,1876.2,22.4,6.03,Clay,116.8,No,No,Local,9.31
Kano,Maize,3.29,612.3,33.6,6.29,Sandy,121,Yes,No,Local,1.83
Edo,Maize,4.38,2135.3,27.8,6.79,Loamy,70.2,Yes,No,Improved,2.31
Ogun,Cassava,0.42,2492.3,22.8,5.73,Loamy,146.5,No,No,Local,6.18
Katsina,Sorghum,1.18,346.4,30.6,5.51,Sandy,79.6,Yes,No,Local,1.67
Bayelsa,Rice,1.36,2483.7,24,5.31,Clay,138.8,Yes,No,Improved,3.65
Taraba,Rice,1.1,1088,31,6.58,Loamy,150.4,No,No,Local,2.06
Kebbi,Maize,2.17,885.8,33.7,6.2,Sandy,118.8,Yes,No,Local,2.16
Benue,Yam,0.24,1226.6,26.1,5.77,Loamy,143.9,No,No,Local,8.9
Benue,Maize,0.98,1207.5,29.8,4.66,Loamy,72.4,No,No,Local,1.91
Ekiti,Rice,4.55,1616.2,22.2,6.61,Clay,79,No,No,Local,2.53
Zamfara,Rice,2.14,674.5,26.5,6.43,Loamy,181.7,No,No,Local,2.34
Kwara,Rice,3.92,1392.7,26.8,6.74,Sandy,68.9,No,No,Improved,3.33
Adamawa,Sorghum,0.75,1000,27.3,6.3,Loamy,8.3,No,No,Local,1.11
Imo,Sorghum,2.07,2019.4,25.8,5.52,Clay,64.6,Yes,No,Improved,1.62
Nasarawa,Maize,2.51,1484.8,29.7,6.41,Sandy,78.5,No,Yes,Local,2.02
Delta,Sorghum,0.92,2230.8,28.2,6.41,Clay,85.1,No,No,Local,1.19
Sokoto,Maize,0.2,349.6,34.9,5.28,Sandy,152.5,No,No,Improved,2.22
Sokoto,Cassava,1.51,479.6,28.4,6.17,Sandy,111.4,No,No,Improved,10.25
Lagos,Cassava,0.62,2480.6,23,4.97,Loamy,66.7,No,Yes,Local,9.18
Kogi,Rice,0.99,1251.8,30.3,6.52,Sandy,157.3,Yes,No,Local,2.96
Edo,Sorghum,0.56,1533.2,22.5,5.38,Sandy,91,Yes,No,Local,1.48
Plateau,Yam,8.56,1058.5,30.2,6.25,Loamy,8.4,No,No,Local,6.55
Gombe,Rice,1.13,637.8,33.3,6.77,Sandy,90.6,No,No,Local,1.77
Katsina,Sorghum,6.66,624.2,33.2,7.91,Sandy,88,Yes,No,Local,1.49
Kogi,Rice,0.69,1475.3,28.4,5.31,Loamy,8.8,Yes,No,Improved,2.84
Delta,Yam,0.78,2182,29.3,4.91,Clay,100.1,Yes,Yes,Improved,10.15
Anambra,Rice,0.68,2199.7,24.6,5.69,Sandy,68.2,No,No,Local,2.51
Kwara,Cassava,3.62,1004.2,30.2,5.37,Sandy,84.2,Yes,No,Local,7.99
Benue,Cassava,1.59,1144.7,24.3,5.57,Clay,33,No,No,Local,7.49
Kogi,Maize,1.17,1214.2,26.6,4.96,Sandy,125,No,No,Local,1.95
Anambra,Yam,0.69,2439.8,22.9,4.95,Sandy,72.6,No,Yes,Local,6.82
Bayelsa,Yam,0.51,1754,27,6.82,Loamy,72.6,No,No,Local,7.86
Cross River,Sorghum,1.56,2394.9,23.3,5.87,Clay,80.4,No,No,Improved,1.41
Katsina,Rice,3.3,544.4,33.8,6.76,Sandy,109.9,Yes,No,Local,2.43
Katsina,Sorghum,23.71,451.2,29.3,5.53,Sandy,4.7,No,No,Improved,1.33
Enugu,Rice,0.73,2090.4,24.3,5.54,Loamy,54,No,No,Local,2.46
Yobe,Cassava,1.59,300.8,37.3,5.54,Sandy,84.4,Yes,No,Local,8.46
Oyo,Maize,0.29,1592.6,29.3,5.61,Loamy,105.3,Yes,No,Improved,2.61
Niger,Sorghum,0.2,1160.6,30.3,5.8,Clay,27.5,Yes,No,Improved,1.87
Ondo,Yam,2.53,2169.4,26.3,7.54,Loamy,123.3,Yes,No,Improved,10.71
Akwa Ibom,Rice,0.45,1867.8,28.7,5.82,Sandy,124.6,Yes,No,Local,2.87
Kebbi,Cassava,0.77,664.5,28.5,6.04,Sandy,59.9,No,No,Local,6.88
Zamfara,Sorghum,0.59,955.5,34,6.23,Clay,120.3,No,No,Improved,1.46
Edo,Yam,0.58,1953.5,23.6,5.64,Loamy,98,No,No,Improved,9.84
Kogi,Yam,0.7,1099.2,28,6.52,Sandy,65,Yes,No,Local,8.28
Lagos,Yam,0.76,2018.9,25.2,5.69,Loamy,73.7,No,No,Improved,10.6
Gombe,Maize,2.03,983.8,31.9,5.14,Sandy,194.6,No,No,Improved,2.57
Bauchi,Cassava,1.53,977.6,26.1,5.89,Clay,66.5,Yes,No,Local,7.73
Rivers,Yam,3.05,2133,27.5,5.14,Sandy,84.7,No,No,Local,7.41
Ekiti,Rice,1.47,2013.8,29.3,4.76,Clay,76,No,No,Improved,3.11
Bayelsa,Maize,2.67,2144.5,25.7,6.55,Clay,32.9,No,No,Local,1.37
Anambra,Cassava,1.06,2238,22.7,4.65,Clay,0,No,No,Improved,7.57
Yobe,Yam,1.15,642.6,30.4,6.73,Sandy,49,No,No,Local,5.74
Bauchi,Sorghum,4.63,767.6,35,5.11,Sandy,21,Yes,No,Local,1.37
Nasarawa,Maize,1.68,1288,31.5,7.17,Loamy,106.5,No,No,Improved,2.2
Ogun,Maize,0.34,2283.4,27.8,5.91,Loamy,142,No,No,Improved,2.35
Benue,Maize,1.33,1002,26.6,6.62,Loamy,137.8,No,No,Local,1.56
Ondo,Yam,1.71,1704.7,27.5,4.72,Clay,67.3,Yes,No,Improved,10.56
Lagos,Yam,3.42,2401.4,28.9,5.82,Loamy,137.1,No,No,Local,7.55
Plateau,Rice,0.78,1431.3,28.7,5.54,Sandy,138.6,Yes,No,Local,3.2
Kogi,Cassava,0.31,1054.5,27.6,6.8,Loamy,29.3,No,No,Local,8.79
Niger,Yam,1.26,1446.4,28.2,5.15,Loamy,146.5,No,No,Local,6.99
Zamfara,Rice,0.45,798.5,29.8,7.77,Sandy,40.1,Yes,Yes,Local,2.68
Ondo,Cassava,3.48,1781.1,25.1,6.6,Clay,97.6,Yes,No,Improved,10.66
Taraba,Cassava,0.56,1467.3,25.4,5.12,Sandy,89,Yes,No,Local,13.34
Sokoto,Rice,5.02,546.4,30.8,6.95,Sandy,134.6,No,No,Local,3
Lagos,Rice,1.81,1542.5,29.9,6.13,Clay,106.7,No,No,Improved,3.82
Osun,Yam,0.64,1695.6,26.3,6.12,Loamy,91,No,No,Local,3.4
Kwara,Yam,0.41,1204.1,26.2,5.84,Loamy,49.6,No,No,Local,8.36
Kano,Rice,1.48,714,30.6,6.75,Clay,120.1,No,No,Improved,2.78
Kebbi,Maize,4.06,756.1,34.4,6.53,Clay,169,No,No,Local,1.5
Abia,Rice,2.98,1673.4,26.9,5.64,Loamy,221.1,No,No,Improved,3.24
Akwa Ibom,Yam,0.75,2029.4,28.1,6.64,Clay,106.1,No,No,Local,6.43
Jigawa,Maize,0.82,494.3,29.3,5.55,Sandy,34.5,No,No,Improved,1.98
Oyo,Maize,0.85,2377.7,24.9,6.18,Clay,106.3,No,Yes,Improved,2.75
Anambra,Sorghum,0.78,1538.4,24.1,5.77,Loamy,78.4,No,No,Improved,1.63
Imo,Sorghum,2.89,1704.1,26.6,7,Clay,53.3,No,No,Local,1.26
Imo,Maize,3.6,2106.2,24,4,Loamy,65.3,No,No,Local,1.75
Bayelsa,Rice,1.09,2234.6,23,5.79,Loamy,121.3,No,No,Local,3.38
Imo,Cassava,1.61,1552.5,28,4.56,Loamy,113.8,No,No,Local,8.83
Sokoto,Sorghum,4.55,390.6,32.6,6.72,Sandy,136.9,No,No,Improved,1.37
Kaduna,Yam,1.3,997.6,29.5,6.14,Sandy,109.9,Yes,No,Local,10.62
Borno,Cassava,2.26,512.4,29.6,4.86,Sandy,169.8,Yes,No,Improved,8.79
Sokoto,Cassava,3.08,529.4,37.3,6.3,Sandy,101.7,Yes,No,Local,7.98
Anambra,Cassava,0.53,1969.7,27.9,4.99,Loamy,49.3,No,No,Local,6.49
Kebbi,Rice,1.61,689.5,31.9,6.4,Sandy,100.5,Yes,Yes,Improved,3.99
Bauchi,Cassava,2.04,861.6,33.5,4.67,Loamy,94.6,No,No,Local,7.57
Akwa Ibom,Yam,5.4,1588.8,28.1,6.19,Clay,99.3,No,No,Improved,11.15
Ebonyi,Maize,0.4,2348.9,24.2,5.96,Clay,208,Yes,No,Improved,2.31
Ogun,Cassava,4.07,1521.9,28.4,5.66,Sandy,146,No,No,Local,7.64
Imo,Cassava,3.31,2249.2,24.9,5.34,Loamy,122.7,No,No,Improved,9.64
Sokoto,Rice,1.35,471.9,36.4,8.02,Clay,159.8,No,No,Local,2.23
Ebonyi,Rice,0.6,2333.3,27.1,5.35,Clay,117.7,Yes,No,Improved,4
Benue,Rice,0.46,1072.2,24.4,6.05,Loamy,113.5,Yes,No,Local,3.17
Cross River,Maize,1.07,2432.1,27.1,6.35,Clay,124.7,Yes,No,Improved,2.47
Taraba,Yam,1.27,1098.5,31.3,6.91,Loamy,103.3,No,No,Improved,8.58
Delta,Sorghum,0.5,2494.6,22.2,6,Clay,45.2,No,No,Improved,0.98
Benue,Rice,1.81,1066,30,4.92,Loamy,70.2,Yes,No,Local,2.8
Kogi,Yam,0.83,1027.4,31.2,4.93,Sandy,142.3,Yes,No,Local,6.16
Edo,Yam,1.53,1681.3,23.2,6.28,Clay,82.4,No,Yes,Local,7.6
Katsina,Rice,7.39,522.8,28.3,5.15,Loamy,96.3,No,No,Local,3.17
Osun,Sorghum,0.73,1972.5,22.6,4.82,Loamy,72.2,No,No,Local,1.15
Lagos,Yam,0.89,1548.7,24.5,5.31,Loamy,81.7,No,No,Local,6.93
Bayelsa,Sorghum,0.79,1538.7,27.3,6.47,Sandy,39.4,No,No,Improved,1.35
Yobe,Maize,1.75,516.5,34.2,5.35,Clay,161.4,No,No,Local,1.75
Jigawa,Sorghum,6.56,699.1,33.3,6.74,Sandy,63.4,No,No,Improved,1.67
Bauchi,Rice,2.08,648.6,26.8,6.22,Clay,62.7,Yes,No,Local,2.96
Gombe,Rice,0.34,778.4,30.1,6.83,Clay,85.5,Yes,No,Local,2.52
Edo,Maize,11.38,1793.5,24.2,5.61,Clay,167.6,Yes,No,Improved,2.48
Ekiti,Rice,9.96,1976.1,28.8,5.94,Loamy,154,No,No,Local,2.59
Borno,Sorghum,0.36,341.9,29.6,6.94,Sandy,133.1,No,No,Local,0.9
Taraba,Sorghum,4.61,1139.2,30.1,7.53,Sandy,71.1,No,No,Local,1.42
Akwa Ibom,Yam,1.36,2441.5,29.6,5.43,Loamy,62.1,Yes,No,Improved,10.47
Ebonyi,Rice,0.65,2263,24.7,6.03,Loamy,132.4,Yes,No,Improved,3.67
Plateau,Cassava,0.36,1164,30.2,5.5,Loamy,117.4,Yes,Yes,Improved,13.02
Adamawa,Sorghum,0.55,1100.3,26.9,4.49,Loamy,72.2,No,No,Improved,1.4
Rivers,Cassava,1.12,1733.4,27.9,5.99,Clay,113.7,Yes,No,Improved,12
Oyo,Yam,2,1601.3,24.4,5.1,Sandy,95.9,No,No,Local,6.83
Plateau,Yam,1.04,1164.8,32,6.04,Clay,0,No,No,Local,6.03
Sokoto,Yam,2.1,544.4,33.7,6.42,Sandy,131.3,No,No,Improved,8.08
Nasarawa,Sorghum,4.24,1431.1,24.8,5.78,Clay,2,Yes,No,Improved,1.54
FCT,Yam,0.41,1494.4,29.6,6.36,Loamy,77.4,Yes,No,Local,8.72
Ekiti,Sorghum,0.63,2094.5,26.2,5.74,Clay,77.9,No,No,Local,1.11
Benue,Rice,3.58,1304.8,25,6.83,Sandy,18.7,No,No,Local,2.68
Osun,Yam,0.72,2427.1,27.6,4.92,Clay,75.6,Yes,No,Local,8.09
Kogi,Yam,9.64,1337.1,26.8,5.56,Clay,124.3,No,No,Local,8.28
Cross River,Maize,1.27,2090.4,26,6.01,Loamy,121.1,Yes,No,Local,1.99
Bayelsa,Maize,0.33,1787.6,24.2,6.06,Sandy,144.8,No,No,Local,2.02
Lagos,Yam,1.86,2140.8,23.2,6.16,Sandy,71.6,Yes,No,Improved,7.92
Yobe,Yam,2.41,316,29.1,5.32,Clay,123.2,Yes,No,Local,6.64
Kano,Sorghum,0.87,869.5,33,5.68,Sandy,47,No,Yes,Improved,2.47
Plateau,Rice,3.37,1063.5,31.7,5.55,Clay,107.7,No,Yes,Local,3.18
Anambra,Cassava,3.71,1924.5,26,6.2,Clay,87.2,No,Yes,Local,9.81
Imo,Yam,4.51,1639.6,27.1,6.22,Loamy,105.9,Yes,No,Local,8.58
Yobe,Yam,0.57,668.4,34.9,6.1,Sandy,122.5,No,No,Local,6.54
Nasarawa,Sorghum,1.06,1354.1,28.2,6.73,Loamy,29.9,No,No,Improved,1.64
Adamawa,Rice,0.61,1452.9,28.3,6.95,Clay,92.5,No,No,Local,3.36
Abia,Yam,6.06,1861.6,23.7,4.84,Sandy,88.9,Yes,No,Local,6.81
Jigawa,Rice,1.83,330.6,28.1,6.68,Sandy,141,Yes,No,Improved,3.84
Kebbi,Maize,0.77,754.7,29.2,6.77,Clay,101.6,Yes,No,Local,2.85
FCT,Rice,10.74,1350.7,28.2,6.67,Sandy,47.5,Yes,No,Local,3.62
Ebonyi,Cassava,0.91,1530.2,25.5,5.5,Loamy,0,No,No,Improved,8.97
Osun,Cassava,5,1704.7,29.5,6.41,Loamy,142.1,No,No,Local,7.28
Abia,Sorghum,1.66,2032.8,27.9,5.25,Loamy,73.8,No,No,Improved,1.4
Kaduna,Cassava,0.42,737.4,26.3,5.72,Sandy,79.3,No,No,Improved,12.37
Anambra,Maize,1.4,2487.9,25.3,5.51,Loamy,139.3,No,No,Improved,2.44
FCT,Sorghum,4.52,1180.5,26.4,4.95,Loamy,93.2,Yes,No,Local,1.36
Gombe,Cassava,0.73,673.4,26,6.23,Loamy,51.8,No,No,Local,9.1
Osun,Sorghum,6.08,2269.1,29.3,6.89,Loamy,70.6,Yes,No,Improved,1.48
Imo,Yam,0.76,1521.1,26.7,5.41,Sandy,105.5,Yes,No,Local,8.03
Delta,Maize,2.36,2164.7,25.5,5.81,Clay,147,No,No,Local,1.82
Yobe,Sorghum,2.73,539.5,35,5.94,Sandy,22.4,No,No,Local,1.25
Kano,Yam,2.68,791.8,31.6,6.32,Clay,64.6,No,No,Improved,9.52
Lagos,Maize,1.2,2409.8,29.1,5.49,Clay,178.7,No,Yes,Local,2.28
Rivers,Maize,0.29,1522.9,22.6,6.33,Clay,84.2,No,No,Local,1.83
Kebbi,Yam,4.17,798.1,33.9,5.89,Sandy,35.1,No,No,Improved,8.31
Kogi,Sorghum,0.76,1363.6,24.4,5.05,Loamy,4.6,Yes,No,Local,1.14
Bayelsa,Yam,1.16,1853.7,23.3,6.23,Loamy,94.7,No,No,Local,6.28
Niger,Cassava,0.91,1347.2,29.9,5.62,Clay,80,Yes,No,Improved,15.03
Osun,Yam,5.57,2399.2,23.6,5.89,Loamy,160.2,Yes,No,Local,7.96
Yobe,Yam,2.94,674.6,34.7,5.71,Sandy,135.7,No,Yes,Local,7.82
Lagos,Sorghum,2.36,2047.2,29.1,5.67,Clay,66.1,No,No,Local,0.91
Kano,Yam,0.89,714.1,27.8,6.46,Sandy,101.8,Yes,No,Local,5.8
Sokoto,Maize,2.39,306.5,30.6,5.26,Sandy,142.7,No,No,Local,1.89
Imo,Yam,4.66,1768.9,23,6.33,Clay,69.2,No,Yes,Local,7.18
Anambra,Maize,1.61,2033.6,22.3,7.3,Loamy,101.8,No,No,Local,1.77
Ebonyi,Rice,3.34,2449.6,27.4,6.45,Loamy,189.7,No,No,Improved,3.52
Zamfara,Yam,1.56,899.7,31.3,5.95,Clay,70.4,No,No,Local,7.08
Katsina,Sorghum,2.07,605.5,34.2,6.52,Sandy,81.4,No,Yes,Local,1.89
Borno,Rice,0.28,664.6,36.7,6.11,Sandy,161.5,Yes,Yes,Improved,2.85
Sokoto,Yam,0.2,427,28.6,6.8,Sandy,120.3,Yes,No,Local,8.32
Jigawa,Yam,1.84,466.8,31.7,5.56,Clay,133.2,Yes,No,Improved,10.74
Ebonyi,Sorghum,5.87,1982.2,24.4,5.17,Loamy,112.3,No,No,Local,0.88
Niger,Sorghum,0.73,1167.6,28.2,5.98,Clay,167.5,No,No,Local,1.07
Katsina,Yam,1.6,365.3,36,6.54,Loamy,134.5,Yes,No,Local,6.67
FCT,Sorghum,0.2,1317.3,26.9,6.58,Clay,107.9,No,No,Local,1.09
Osun,Cassava,1.79,1823.8,26.5,5.24,Loamy,59.2,No,No,Local,8.46
Sokoto,Yam,5.87,584.7,31.9,6.13,Clay,138.3,No,No,Improved,7.75
Lagos,Cassava,6.42,2427.4,28.3,6.15,Clay,163.4,Yes,No,Local,7.26
Yobe,Cassava,1.86,393,33.7,5.77,Sandy,100.5,No,No,Improved,8.98
Enugu,Cassava,2.63,2350.3,26.4,6.6,Loamy,91.9,Yes,No,Local,10.41
Plateau,Rice,3.51,1443.2,25.5,5.16,Loamy,70.7,Yes,No,Local,2.91
Edo,Cassava,0.58,2450.5,28.2,4.96,Clay,51.4,No,No,Local,7.47
Bauchi,Yam,0.22,957.6,31.2,6.49,Clay,77.1,Yes,No,Local,9.21
Imo,Yam,0.44,1768.9,26.9,6.14,Clay,149.5,Yes,No,Local,7.42
FCT,Cassava,2.23,1480.7,24.1,5.5,Sandy,76.9,No,Yes,Local,10.17
Kebbi,Sorghum,0.71,723.3,29.2,5.44,Clay,60.6,Yes,No,Improved,1.98
Cross River,Maize,3.94,1529.1,24.6,5.9,Loamy,127.1,No,No,Improved,2.04
Katsina,Cassava,9.17,382.9,30.3,7.26,Clay,60.6,Yes,No,Local,6.46
Niger,Yam,0.62,1191.1,31.5,6.59,Clay,68.4,Yes,No,Local,7.57
Enugu,Cassava,1.87,2464.1,28.5,6.38,Loamy,39.9,No,No,Local,6.98
Adamawa,Cassava,1.83,1464.7,31.5,4.77,Loamy,105.6,No,Yes,Improved,14.65
Nasarawa,Cassava,4.32,1125.5,27.5,5.81,Loamy,108,Yes,No,Improved,11.38
Borno,Maize,1.53,345,30.3,5.49,Sandy,103.2,No,No,Local,2.24
Yobe,Sorghum,3.68,474.7,28.6,6.4,Sandy,113.7,Yes,No,Improved,1.4
Jigawa,Cassava,0.77,459.7,36.7,5.14,Sandy,93.1,Yes,No,Local,10.16
Kaduna,Sorghum,2.81,940.6,30.6,6.72,Clay,0,No,Yes,Local,1.44
Anambra,Sorghum,0.3,2022.9,22,6.78,Loamy,79.4,Yes,Yes,Local,1.68
Delta,Maize,2.16,2091.6,25.9,6.03,Loamy,116.8,No,No,Local,2.09
Benue,Sorghum,7.91,1289.1,28.2,6.35,Loamy,60.3,No,Yes,Improved,2.02
Borno,Yam,1.39,433.3,32.6,4,Loamy,109.4,Yes,No,Improved,7.75
Kebbi,Cassava,0.67,711.9,34.1,6.28,Loamy,70.5,No,No,Local,8.11
Edo,Sorghum,0.66,2285.2,22.5,7.01,Loamy,13.4,No,Yes,Improved,1.55
Sokoto,Yam,0.79,584,33.8,5.87,Sandy,144.3,No,No,Improved,8.48
Kwara,Rice,1,1278,28.4,6.65,Clay,86,No,No,Improved,3.61
Edo,Cassava,0.73,2224.9,22.9,6.54,Loamy,35.5,Yes,Yes,Improved,13.14
Anambra,Yam,8.44,2240.6,22.3,5.9,Loamy,87.6,No,No,Local,6.06
Jigawa,Rice,1.1,398.8,29.3,5,Loamy,43.8,No,No,Improved,2.73
Ekiti,Maize,2.14,1905.2,26.5,6.46,Loamy,143.8,No,No,Improved,2.32
Kaduna,Rice,2.04,738.9,31.6,6.35,Sandy,119.3,Yes,No,Improved,3.52
Edo,Rice,1.81,1637.5,23.1,6.08,Loamy,113,No,No,Improved,4.1
Anambra,Cassava,1.76,2067.5,22.9,4.67,Loamy,142.2,Yes,No,Local,8.07
Adamawa,Sorghum,1.34,1037.6,30,5.92,Loamy,39.5,No,No,Improved,1.41
Plateau,Rice,2.19,1329,26.3,6.51,Sandy,120.2,Yes,No,Improved,3.24
Kaduna,Sorghum,4.72,777,30.4,6.06,Loamy,94.1,No,No,Local,0.88
Yobe,Maize,1.87,427.3,35.4,5.62,Sandy,127,Yes,No,Local,1.89
Ebonyi,Yam,0.69,2193.1,22.8,6.54,Clay,132.9,Yes,No,Local,5.66
Akwa Ibom,Maize,0.95,2349.8,25.8,5.13,Loamy,101.4,No,Yes,Local,1.6
Sokoto,Maize,1.31,609,31.6,7.09,Clay,182.9,Yes,No,Improved,3.06
Akwa Ibom,Maize,5.61,1786.5,24.6,5.56,Clay,136.7,No,Yes,Local,2.23
Kogi,Sorghum,1.45,1046.6,30.8,4.75,Clay,53.4,Yes,No,Improved,2.13
Kogi,Maize,0.2,1462.4,30.4,6.6,Clay,179,No,No,Improved,1.88
Katsina,Maize,4.01,415.5,30.2,5.97,Sandy,106.5,Yes,Yes,Local,2.95
Zamfara,Maize,1.2,647.5,29.3,5.37,Loamy,182.3,No,No,Improved,2.95
Kogi,Rice,1.01,1371,28,5.3,Sandy,111.8,No,No,Improved,1.55
Delta,Sorghum,0.41,2488.4,25.5,5.58,Sandy,0,No,No,Improved,1.06
Ebonyi,Yam,2.32,1667.1,26.6,6.46,Loamy,101.1,No,No,Improved,8.32
Katsina,Rice,2.47,301.2,35.2,5.51,Sandy,213.9,No,No,Improved,2.58
Jigawa,Yam,1.09,581.8,32.7,7.04,Sandy,102.2,Yes,Yes,Improved,10.85
Rivers,Rice,1.53,2021.4,22.9,5.05,Clay,74.1,No,No,Local,3.12
Delta,Sorghum,1.33,1947.4,28.9,6.37,Loamy,40.5,No,No,Improved,1.58
Imo,Rice,2.03,2268.6,25.2,5.62,Sandy,77.3,Yes,No,Improved,3.2
Lagos,Yam,0.51,2350.5,26,5.61,Loamy,140.4,No,Yes,Local,7.99
FCT,Yam,1.52,1067.9,26.5,6.04,Sandy,95.8,Yes,No,Improved,11.45
Zamfara,Maize,11.76,827.8,31.9,5.85,Sandy,104.3,No,No,Local,2.1
Niger,Rice,3.77,1376.9,30.8,5.84,Loamy,54.4,No,No,Local,3.22
Benue,Rice,1.13,1069.4,29.9,5.92,Clay,63.9,No,No,Local,2.55
Sokoto,Cassava,1.99,544.5,28.1,4.82,Loamy,113.8,No,No,Local,8.87
Sokoto,Yam,6.64,392.4,34.6,6.04,Sandy,113.9,No,No,Improved,6.35
Kogi,Rice,0.64,1159.7,25.6,5.44,Loamy,6.7,No,No,Local,2.07
Niger,Sorghum,1.85,1038.9,25.1,5.94,Sandy,22.4,Yes,No,Local,1.27
Abia,Cassava,0.22,1576.9,22.2,5.85,Sandy,168.1,No,No,Improved,8.84
Enugu,Maize,1.31,1980.2,26.8,6.36,Clay,89.6,No,Yes,Improved,2.43
Adamawa,Cassava,1.39,1078.7,27.7,6.03,Loamy,43.9,No,No,Improved,11.97
Ebonyi,Rice,1.13,1992.2,28.3,6.87,Clay,123,No,No,Improved,3.19
Kogi,Cassava,2.65,1395.6,26.6,6.43,Clay,180.1,Yes,No,Local,8.27
Taraba,Cassava,3.18,1294.4,24.7,5.98,Sandy,87,Yes,No,Local,9.67
Imo,Maize,0.84,2254.4,22.2,6.2,Loamy,79.5,No,No,Local,1.84
Edo,Yam,1.32,1819.6,22.3,5.98,Loamy,97.5,No,Yes,Improved,10.32
Gombe,Rice,0.78,802.1,33.9,6.25,Clay,66.5,Yes,No,Improved,2.77
Ebonyi,Cassava,0.35,1789.1,24.2,6.13,Clay,86.5,No,No,Local,7.52
Akwa Ibom,Yam,1.99,2201.2,23.3,6.27,Loamy,44.9,Yes,No,Improved,9.42
Akwa Ibom,Rice,0.88,1784.4,26.6,6.2,Clay,104.6,No,No,Improved,4.39
Kebbi,Sorghum,0.44,856.4,33.2,6.48,Sandy,85.7,Yes,No,Improved,1.93
Sokoto,Sorghum,1.97,622.4,34.4,7.49,Sandy,19.7,No,Yes,Improved,1.55
Nasarawa,Sorghum,2.32,1230.9,30,5.96,Clay,0,No,No,Local,1.37
Kebbi,Sorghum,0.49,793.8,28.7,6.2,Loamy,139.2,No,No,Improved,1.29
Nasarawa,Cassava,2.23,1058.6,26.7,5.55,Loamy,79.7,Yes,No,Local,9.62
Borno,Sorghum,2.15,548,36.6,7.27,Sandy,87.6,Yes,No,Improved,1.94
Jigawa,Yam,9.8,612.1,34.9,5.03,Sandy,133.4,No,Yes,Improved,7.62
Delta,Rice,1.83,1692.4,28.4,5.31,Sandy,124.9,No,No,Local,2.53
Kano,Rice,0.48,742.6,33,6.47,Clay,143.4,Yes,Yes,Improved,4.88
Bauchi,Rice,1.69,772.7,29.9,5.56,Loamy,94.6,Yes,No,Improved,3.62
Akwa Ibom,Cassava,1.57,2156.8,25,6.2,Clay,98.8,No,No,Local,10.43
Enugu,Sorghum,2.08,2127.6,26,7.17,Loamy,0,Yes,Yes,Local,0.98
Abia,Sorghum,1.03,2337.2,22.8,7.07,Clay,174.9,Yes,No,Improved,1.03
Abia,Yam,8.18,2063.9,22.7,6.37,Clay,76.4,No,No,Improved,7.13
Adamawa,Maize,1.46,1379.7,30.9,5.01,Loamy,125.4,Yes,No,Improved,1.49
Plateau,Sorghum,1,1346.9,31.6,5.23,Clay,109.4,Yes,No,Local,1.43
Kwara,Maize,8.31,1348.2,24.9,5.13,Sandy,102.5,No,No,Improved,2.68
Kogi,Sorghum,1.46,1188.7,29.2,7.01,Clay,123.9,No,No,Local,0.97
Ekiti,Cassava,1.21,2469.1,28.2,6.36,Clay,123.3,Yes,No,Local,8.77
Plateau,Cassava,0.85,1194.3,28.3,5.41,Loamy,80.6,No,No,Local,10.62
Bayelsa,Sorghum,1.36,2467.9,22,6.85,Clay,13.9,No,No,Local,0.89
Rivers,Cassava,1.52,1774.4,29.5,5.91,Clay,128.7,Yes,No,Local,11.22
Kwara,Rice,12.53,1427.9,28.2,5.04,Sandy,71,No,No,Improved,2.5
Ogun,Yam,7.37,2415.5,24.1,4.97,Clay,84.9,Yes,No,Local,7.16
Ondo,Yam,12.1,1683.3,26.6,5.74,Clay,73.5,Yes,No,Improved,10.46
Anambra,Rice,1.5,1611.2,25.3,5.79,Loamy,62.1,No,No,Improved,3.44
Akwa Ibom,Maize,3.16,2463.1,28.3,5.12,Clay,86.9,No,No,Local,1.81
Enugu,Rice,0.95,1908.5,28.6,5.67,Sandy,118.6,No,No,Improved,3.76
FCT,Cassava,0.28,1255.5,24.7,5.22,Clay,89.7,Yes,No,Local,12.23
Kaduna,Maize,3.73,730.1,28.3,6.6,Sandy,149.1,Yes,No,Local,2.21
Osun,Rice,2.96,2248.3,28.1,6.2,Sandy,77.7,No,No,Improved,3.94
Imo,Rice,0.31,2435.3,29.9,6.06,Clay,48.8,No,No,Local,2.52
Kebbi,Rice,3.12,900.5,29,5.86,Sandy,106.2,Yes,No,Improved,3.54
Abia,Maize,2.08,2156,23.9,6.1,Loamy,132.2,Yes,No,Improved,2.7
Kebbi,Yam,2.25,962,27.2,6.24,Loamy,72.9,Yes,No,Improved,10.37
Kebbi,Sorghum,4.11,685,28,6.51,Sandy,72,No,No,Local,1.72
Jigawa,Rice,0.55,387.9,37.4,6.49,Sandy,90.4,No,No,Improved,2.69
Rivers,Maize,1.07,1861.9,25.2,5.41,Sandy,124.5,No,Yes,Improved,2.9
Ondo,Yam,6.67,1735,23.7,5.25,Loamy,12.1,Yes,No,Local,5.45
Lagos,Yam,3.48,1699.9,26.2,4.75,Clay,140,No,No,Improved,8.91
Osun,Cassava,0.81,1890.7,22,5.99,Loamy,59.7,No,No,Improved,9.89
Ogun,Cassava,0.53,1828.5,24.9,6.04,Loamy,69.2,Yes,Yes,Improved,14.08
Nasarawa,Rice,1.01,1378.5,29.2,6.33,Clay,86.2,No,No,Improved,3.3
Bauchi,Maize,4.09,957.6,29.5,5.73,Loamy,167.7,No,Yes,Local,1.97
Kebbi,Rice,5.07,775.6,31.2,5.36,Loamy,96.4,No,Yes,Local,2.84
Gombe,Maize,0.67,974.3,33.8,5.95,Clay,137.8,Yes,No,Improved,2.83
Benue,Yam,0.76,1304.1,31.6,5.6,Loamy,88.1,Yes,No,Improved,9.74
Gombe,Sorghum,0.82,850.8,30.1,6.57,Sandy,99,No,No,Local,1.44
Imo,Rice,0.37,1742.1,23,6.46,Sandy,101.5,No,No,Local,2.5
Oyo,Maize,5.03,2111.3,23.5,5.45,Clay,88.2,Yes,No,Improved,2.49
Katsina,Sorghum,0.83,344.5,33.4,5.53,Sandy,97.7,No,No,Local,1.38
Osun,Rice,0.69,1992.8,28.9,5.69,Loamy,73.9,No,Yes,Local,3.38
Edo,Sorghum,1.72,1842.6,27,6.51,Loamy,109.2,No,No,Local,1.47
Ekiti,Sorghum,1.91,1944.9,23.1,4.69,Loamy,77.1,No,No,Local,0.92
Oyo,Cassava,1.24,1982.6,26.8,6.09,Loamy,127.2,No,Yes,Improved,9.82
Rivers,Cassava,0.71,2158.1,22.7,6.76,Loamy,137.3,No,No,Local,7.77
Osun,Maize,1.44,1959,22.7,5.11,Clay,75.9,No,No,Improved,1.55
Akwa Ibom,Maize,2.2,2459.9,29.6,6.27,Clay,151.6,No,Yes,Improved,1.94
Ekiti,Sorghum,3.37,1943.8,22.5,6.26,Loamy,70.6,No,No,Improved,0.85
Ogun,Cassava,1.68,1941.9,28,6.55,Loamy,99.8,Yes,Yes,Improved,12.36
Anambra,Maize,3.54,2274.6,22.7,6.54,Clay,158.9,Yes,No,Improved,2.04
Jigawa,Sorghum,1.01,637.3,30,7.06,Sandy,0,Yes,No,Improved,1.42
FCT,Sorghum,1.3,1287.3,29.3,7.09,Loamy,56,Yes,No,Improved,1.68
Taraba,Rice,1.89,1400.3,31.2,5.82,Loamy,180.1,No,No,Improved,3.46
Kebbi,Sorghum,2.59,940.8,29,6.74,Sandy,84.3,No,No,Local,1.09
Plateau,Rice,3.11,1190.9,25.5,6.28,Loamy,140.6,No,No,Improved,3.3
Ogun,Yam,0.97,2200.1,28.6,5.89,Clay,143,Yes,Yes,Improved,12.77
Edo,Sorghum,2.32,2238.8,25.3,5.75,Sandy,95.2,No,No,Improved,1.49
Gombe,Yam,1.16,975.9,30.7,6.44,Loamy,96.2,Yes,No,Improved,10.88
Kogi,Cassava,0.33,1404.4,24.9,6.7,Clay,101.8,No,No,Local,9.06
Akwa Ibom,Cassava,0.99,1845.3,25.6,5.17,Loamy,38.8,Yes,No,Local,9.24
Kano,Yam,1.14,779.1,26.9,4.63,Clay,171.5,Yes,No,Local,7.02
Ondo,Cassava,0.28,1948.4,28.7,7.31,Sandy,133,No,Yes,Local,9.55
Taraba,Rice,6.36,1330.9,26.4,6.99,Clay,76.2,No,No,Improved,3.73
Kaduna,Cassava,0.46,604.6,30.8,5.94,Clay,109,Yes,No,Local,9.33
Borno,Yam,1.81,599.3,34.3,7.11,Loamy,202.2,Yes,No,Improved,7.72
Jigawa,Sorghum,0.31,334.1,37.3,5.68,Loamy,0,No,No,Local,1.1
Borno,Maize,1.49,333,33.9,6,Sandy,99.2,No,No,Improved,2.56
Ebonyi,Rice,0.33,2260.6,22.8,7.06,Loamy,115.4,Yes,No,Local,3.12
Lagos,Sorghum,1.39,2491.6,29.7,5.22,Clay,9.3,Yes,No,Local,1.11
Zamfara,Maize,1.08,809.8,31.5,7.47,Sandy,129.6,No,No,Local,2.34
Ondo,Cassava,1.86,1953.2,22.9,6.41,Sandy,100.7,No,No,Improved,10.55
Katsina,Sorghum,0.32,671.5,30.6,6.85,Sandy,48.8,No,No,Improved,1.73
Borno,Rice,1.52,311.2,34.4,6.43,Sandy,16.2,Yes,Yes,Local,2.78
Zamfara,Cassava,2.22,993.5,27.7,4.84,Loamy,136.7,No,No,Improved,9.91
Kebbi,Rice,1.22,824.6,29.8,4.82,Sandy,115.8,No,Yes,Improved,4.17
Bayelsa,Sorghum,1.54,1992.6,26.1,5.74,Clay,54.8,No,No,Local,1.14
FCT,Maize,1.13,1242,27.3,5.34,Sandy,109.7,Yes,No,Improved,2.55
Enugu,Cassava,0.97,1598.7,24.1,7.05,Clay,91.4,Yes,Yes,Improved,12.45
Bayelsa,Yam,5.56,2327.3,28.4,6.89,Sandy,164.2,No,No,Improved,9.1
Niger,Sorghum,1.37,1042,27.6,6.01,Loamy,0,No,Yes,Local,0.69
Anambra,Sorghum,0.52,2027.9,27,7.13,Clay,43.5,No,No,Improved,2.25
Osun,Rice,2.55,1968.7,22.6,4.78,Clay,139.8,Yes,No,Local,3.05
Abia,Maize,4.28,1645.3,23.6,6.45,Clay,42,No,No,Improved,1.91
Jigawa,Cassava,0.75,689.6,38,5.81,Clay,111.1,Yes,No,Improved,12.12
Enugu,Sorghum,1.56,1708.9,26.9,6.23,Loamy,49.1,Yes,No,Improved,1.64
Rivers,Maize,0.43,2336.4,24.9,5.98,Loamy,127.3,No,No,Improved,2.33
Edo,Sorghum,3.32,1683,28.4,6.02,Clay,74.4,No,No,Improved,1.58
Ondo,Yam,2.24,1800,23.5,5.75,Loamy,56.5,No,No,Improved,4.34
Lagos,Sorghum,1.23,1508,28.9,5.15,Sandy,60.8,Yes,No,Local,1.22
Ekiti,Sorghum,0.95,2328.7,27.5,6.41,Loamy,0,Yes,No,Local,0.91
Imo,Cassava,3.95,1690.4,28.3,6.36,Loamy,91.1,No,No,Local,7.77
Imo,Maize,0.3,1691.7,26,5.58,Loamy,134.5,No,No,Improved,1.9
Gombe,Sorghum,0.55,865.4,32.7,5.29,Sandy,33.8,Yes,No,Improved,1.79
Rivers,Cassava,1.73,2016.2,29.8,5.83,Clay,88.1,No,No,Local,8.04
Jigawa,Sorghum,0.33,319,35.5,5.85,Sandy,86.2,Yes,No,Improved,1.35
Akwa Ibom,Yam,4.47,2219.3,25.1,6.77,Loamy,75.1,No,No,Local,7.52
Anambra,Maize,3.01,1566,25.2,6.08,Loamy,79.2,No,Yes,Improved,2.88
Edo,Sorghum,0.53,2463.9,27.3,5.75,Clay,103.5,Yes,No,Improved,1.54
Kogi,Yam,0.29,1402.7,27.1,6.19,Loamy,174.8,Yes,No,Improved,7.82
Plateau,Cassava,6.83,1261.9,31.3,7.17,Loamy,136.3,Yes,No,Improved,9
Kogi,Sorghum,1.47,1172.8,28.9,6.7,Sandy,40,No,No,Local,1.25
Kwara,Yam,1.58,1162.9,30.3,5.78,Clay,93,No,No,Local,7.91
Kaduna,Rice,2.34,873.3,28.6,5.7,Loamy,129,Yes,No,Improved,3.27
Rivers,Sorghum,1.29,1982.5,28.1,6.76,Loamy,51.3,Yes,No,Improved,1.68
FCT,Yam,3.71,1198.3,28.1,6.78,Clay,90.5,Yes,No,Local,10.23
Anambra,Yam,2.9,2456.3,30,5.83,Clay,74.9,No,Yes,Local,7.55
Oyo,Yam,1.32,1894.7,25.4,5.2,Sandy,93.5,No,No,Local,8.07
Jigawa,Yam,6.11,410.1,38,5.96,Sandy,63.3,No,No,Improved,7.76
Enugu,Yam,4.14,2050.5,24.8,6.46,Loamy,87.6,No,No,Local,7.25
Nasarawa,Sorghum,1.94,1015,31.3,7.04,Loamy,103.4,Yes,No,Local,1.27
Ebonyi,Yam,0.34,2491.4,23,7.49,Loamy,174,Yes,Yes,Local,6.16
Borno,Maize,0.75,538.3,28.7,5.51,Sandy,113,Yes,Yes,Improved,3.51
Zamfara,Sorghum,3.88,836.7,34.4,6.24,Loamy,65.7,Yes,No,Local,1.5
Nasarawa,Cassava,1.55,1047.8,31.9,6.31,Loamy,8.9,Yes,No,Local,8.78
Lagos,Yam,0.91,2146.9,25.8,6.16,Sandy,83,Yes,No,Improved,9.89
Kano,Rice,3.78,826.7,26.8,6.85,Sandy,164.3,No,No,Local,2.42
Taraba,Rice,0.86,1104.7,29.2,5.73,Clay,95.8,Yes,No,Improved,3.98
Ekiti,Yam,3.09,2215.1,27.7,5.55,Sandy,56.7,No,No,Improved,8.58
Rivers,Yam,5.5,1895.2,26.2,5.02,Loamy,41.3,No,Yes,Local,6.53
Kogi,Sorghum,1.34,1274.5,30.7,5.68,Sandy,27.8,No,No,Improved,1.64
Kano,Cassava,0.2,679.9,26.9,5.95,Sandy,81.5,No,Yes,Local,9.66
Rivers,Maize,2.46,1649.9,27.8,5.48,Loamy,123.2,No,No,Improved,2.06
Cross River,Maize,0.58,2246.9,23,5.08,Clay,67.5,No,No,Local,1.76
Ekiti,Yam,0.95,1947.6,29.1,5.55,Sandy,84.3,Yes,No,Local,8.4
Gombe,Sorghum,0.76,762.8,31,5.89,Clay,0,Yes,No,Improved,1.56
Zamfara,Rice,0.68,987.3,27.3,7.08,Loamy,56.9,No,No,Local,1.67
Katsina,Sorghum,0.9,428.5,33.8,6.51,Clay,44.3,No,Yes,Improved,2.13
Sokoto,Maize,5.39,520,31.5,6.07,Sandy,89.6,Yes,No,Improved,3.32
Enugu,Sorghum,2.17,1658.5,25.5,5.92,Loamy,91.9,Yes,No,Local,1.14
Benue,Cassava,4.52,1246.2,24.7,5.23,Clay,107.2,No,No,Local,10.06
Ogun,Yam,2.44,1952.7,25.9,5.67,Loamy,105.1,No,No,Improved,7.12
Adamawa,Cassava,0.68,1233.6,25.6,5.75,Loamy,128.6,No,No,Local,8.46
Plateau,Rice,3.23,1061.8,25.3,6.63,Clay,120.4,Yes,Yes,Improved,4.5
Enugu,Cassava,1.47,1672.6,23.9,5.93,Sandy,135.5,No,No,Local,8.51
Sokoto,Rice,1.3,319,29.9,6.41,Sandy,64.2,No,No,Improved,3.33
Anambra,Yam,1.5,1810.2,29.4,6.17,Clay,76,No,Yes,Improved,8.67
Imo,Yam,1.06,2077.1,28.8,5.58,Clay,103.4,No,No,Improved,8.34
Kaduna,Rice,3.1,607.6,31.8,7.02,Loamy,84.8,Yes,No,Local,3.23
Anambra,Maize,0.52,1561,27.7,5.7,Clay,118.1,Yes,Yes,Local,2.01
Kebbi,Yam,2.97,782.6,31.5,5.57,Clay,115.2,No,Yes,Local,7.59
Enugu,Rice,1.44,1858,25.8,6.58,Loamy,132.2,No,No,Improved,2.96
Ekiti,Maize,0.87,2391.6,23.2,6.3,Clay,113.8,Yes,No,Local,2
Plateau,Rice,4.83,1072.9,28.4,6.34,Loamy,81.1,No,No,Improved,3.26
Delta,Cassava,0.59,1802.6,27.9,6.95,Clay,95.5,No,No,Improved,10.08
Bauchi,Maize,1.21,938.6,29.3,5.75,Clay,196.5,No,No,Local,1.65
Edo,Cassava,0.81,2222.6,30,6.48,Loamy,42.8,No,No,Local,8.88
Kaduna,Sorghum,1.97,918.9,33.4,5.57,Sandy,47.9,No,No,Local,1.35
Oyo,Yam,1.11,2272.9,26.2,6.18,Loamy,85.2,No,No,Improved,9.78
Cross River,Yam,0.46,1535.8,27,6.46,Loamy,113.1,No,No,Local,7.78
Lagos,Sorghum,9.23,1570,24.6,6.48,Clay,3.5,Yes,No,Local,1.33
Ekiti,Sorghum,3.03,1894.7,29.2,7.9,Clay,61.9,Yes,No,Improved,1.71
Taraba,Maize,1.41,1392.8,24.9,6.01,Loamy,175.2,No,No,Improved,2.64
Akwa Ibom,Sorghum,1.89,2322.5,22.7,6.46,Clay,132.3,No,No,Local,0.64
Ondo,Cassava,1.66,2129.1,24.8,6.54,Sandy,114.5,No,No,Improved,11.76
Rivers,Cassava,11.7,1570.8,26.7,5.7,Clay,146.7,No,No,Improved,10.86
Rivers,Maize,8.58,2121.4,24.1,6.11,Loamy,151.6,No,No,Local,1.72
Oyo,Maize,2.59,1574.1,26.7,5.62,Loamy,169,No,No,Improved,2.56
Taraba,Sorghum,1.14,1176.5,24.1,5.02,Clay,88,Yes,No,Local,1.17
Plateau,Sorghum,2.65,1207.2,25.5,6.61,Loamy,52.9,No,No,Improved,0.64
Benue,Maize,0.37,1255.6,26.7,5.48,Sandy,81.9,Yes,No,Local,2.44
Rivers,Cassava,1.35,1994.6,24.3,6.9,Loamy,122.6,No,No,Local,6.12
Zamfara,Yam,2.78,956.9,31.1,6.31,Loamy,62.8,Yes,No,Improved,11.3
Lagos,Cassava,4.84,1569,29.8,6.33,Clay,40.7,Yes,No,Local,8.54
Anambra,Cassava,1.09,1756,26.8,5.72,Clay,68.3,Yes,No,Improved,11.37
FCT,Rice,0.59,1333.2,27.4,6.48,Clay,97.7,No,No,Improved,1.13
Niger,Cassava,0.45,1337.5,29.1,6.74,Loamy,39,Yes,No,Local,7.99
Adamawa,Sorghum,0.47,1218.8,24.9,6.2,Loamy,47.2,Yes,Yes,Improved,1.85
Kogi,Sorghum,4.68,1123.5,29.9,5.33,Clay,93.1,Yes,No,Improved,1.69
Borno,Maize,3.52,573.5,33.4,5.39,Clay,137.1,No,No,Improved,2.77
Nasarawa,Cassava,0.37,1344.9,28.8,5.57,Sandy,127.9,No,No,Improved,10.03
Enugu,Rice,2.56,1787.3,28.6,6.06,Loamy,133.3,No,No,Improved,3.52
Sokoto,Sorghum,5.71,596.6,32.7,6.24,Clay,50.4,No,No,Local,1.6
Kaduna,Cassava,0.74,600.2,29.9,6.1,Sandy,69.3,Yes,No,Improved,12.83
FCT,Yam,3.55,1220.1,31.9,6.78,Loamy,77.7,No,No,Improved,7.72
Delta,Sorghum,0.94,1997.7,23.4,5.35,Clay,58.6,No,No,Local,1.01
Kogi,Yam,1.31,1007.7,31.8,5.85,Clay,145.7,No,No,Improved,10.27
Kogi,Cassava,0.36,1428.4,30.9,5.88,Clay,55.8,No,Yes,Improved,13.97
Yobe,Sorghum,13.04,464.1,30.4,5.63,Sandy,0,No,No,Improved,1.05
Zamfara,Yam,4.45,970.2,32.1,6.29,Clay,164.4,No,No,Local,6.6
Kwara,Sorghum,1.48,1051.9,29.7,4.33,Clay,9.7,No,No,Local,1.01
Bauchi,Yam,0.37,895.6,26.6,6.42,Clay,121.7,No,Yes,Improved,12.29
Taraba,Yam,0.89,1203.2,29.6,6.23,Sandy,150.4,Yes,No,Local,7.87
Yobe,Rice,1.69,685.1,30.5,5.28,Clay,90.4,No,No,Local,2.17
Rivers,Yam,8.06,1535,27.6,6.41,Clay,185.6,Yes,No,Local,7.7
Bauchi,Yam,0.68,633.5,32.2,6.83,Loamy,174.5,Yes,No,Improved,6.58
Jigawa,Rice,2.18,384,35.4,5.28,Clay,11.5,No,No,Improved,2.34
Gombe,Sorghum,0.2,734.2,28.1,5.83,Sandy,16.1,No,No,Improved,1.53
Kaduna,Sorghum,2.76,839.1,28.2,7.6,Sandy,78.9,No,No,Local,1.56
Plateau,Sorghum,2.6,1156.8,27.3,6.1,Loamy,38.8,No,No,Local,1.3
Kebbi,Yam,2.25,917.5,28.8,5.76,Loamy,85.5,Yes,No,Local,4.89
Ebonyi,Sorghum,0.89,2198.4,28.3,6.17,Loamy,38.1,No,No,Local,1.23
Ebonyi,Rice,7.69,1920.1,29.6,6.08,Sandy,172.3,No,No,Local,2.63
Zamfara,Yam,2.38,824.7,31.6,5.5,Sandy,68.8,No,Yes,Local,7.89
Niger,Rice,2.35,1011.2,25.7,5.67,Clay,88.9,No,No,Local,2.97
Kebbi,Maize,1.61,977.8,30.9,5.38,Loamy,146.8,Yes,Yes,Improved,3.16
Enugu,Sorghum,0.3,2138.4,26.7,5.79,Loamy,98.8,Yes,No,Local,1.23
Rivers,Rice,0.98,2420.1,28.1,6.1,Loamy,143.7,Yes,No,Local,2.92
FCT,Yam,1.65,1193.6,31.3,5.3,Loamy,147.9,No,No,Improved,8.84
Delta,Rice,0.31,2137.6,26.2,6.65,Loamy,104.2,Yes,Yes,Improved,5.4
Kwara,Yam,0.66,1230.7,31.8,7.07,Clay,84.6,No,No,Local,7.16
Kaduna,Maize,0.41,609.4,33.9,6.42,Sandy,96.2,No,No,Local,1.76
Niger,Maize,4.24,1057.2,31.4,5.92,Loamy,104.3,No,No,Local,2.13
Adamawa,Sorghum,0.95,1329.9,28.6,5.96,Clay,48.1,No,Yes,Improved,1.49
Sokoto,Yam,3.17,693.2,28.6,5.44,Sandy,84.2,Yes,No,Improved,13.47
Taraba,Cassava,0.42,1483.5,26.1,6.23,Sandy,1.2,No,No,Local,7.76
Anambra,Sorghum,0.78,1856.1,23.6,6.43,Loamy,17.4,Yes,Yes,Improved,2.03
Akwa Ibom,Cassava,0.54,1855.2,27.5,5.54,Loamy,0,No,No,Local,6.37
Abia,Sorghum,1.8,1560.2,29,5.73,Loamy,64.7,No,No,Improved,1.66
Cross River,Yam,0.84,1839.3,22.5,6.68,Loamy,131.7,No,Yes,Local,8.08
Taraba,Sorghum,1.55,1066.7,30.9,6.58,Sandy,28.5,No,No,Improved,1.61
Plateau,Rice,0.33,1134.3,29.9,5.49,Clay,77.2,No,No,Local,2.68
Lagos,Cassava,1.68,1815,27.6,7.58,Clay,94.3,Yes,No,Improved,10.7
Gombe,Maize,1.61,715.4,31.6,7.18,Clay,123.5,No,No,Local,2.44
Edo,Maize,4.87,1848.7,26.2,5.01,Loamy,118.7,No,No,Local,1.95
Plateau,Cassava,1.28,1227.5,26.5,5.17,Clay,63.6,Yes,No,Local,11.66
Bauchi,Yam,2.65,601.5,26.9,5.14,Loamy,51.7,No,No,Improved,5.98
Lagos,Cassava,1.2,1953.4,25.8,6.79,Loamy,107.5,Yes,No,Improved,13.25
Kwara,Maize,0.36,1327.5,24.9,6.72,Clay,135.9,Yes,No,Improved,3.43
Ogun,Sorghum,5.8,2049.4,26.8,5.38,Clay,92.6,Yes,No,Improved,1.53
Abia,Rice,0.72,2294.7,29.2,7.2,Clay,112.4,No,No,Improved,3.63
Lagos,Cassava,1.23,2320.5,22.5,6.63,Loamy,70.8,Yes,No,Improved,10.87
Katsina,Maize,1.43,350.6,36,5.74,Sandy,181.7,No,No,Improved,2.64
Benue,Sorghum,2.47,1305.6,29.4,5.83,Loamy,87.1,Yes,Yes,Local,1.51
Gombe,Maize,3.18,632.3,26.5,6.52,Sandy,144.2,Yes,No,Improved,2.57
Borno,Maize,15.2,423.4,31.9,5.26,Sandy,87,No,No,Improved,2.16
Gombe,Maize,0.53,690.6,26.3,5.01,Clay,117.9,Yes,No,Improved,2.94
Jigawa,Rice,1.38,635.4,31.1,5.94,Sandy,132.5,No,Yes,Local,2.84
Kogi,Yam,0.73,1401.7,25.4,6.07,Clay,34.6,Yes,No,Local,7.27
Enugu,Cassava,0.88,1585.3,29.7,6.99,Loamy,141.9,No,No,Improved,9.64
Benue,Yam,1.28,1062.6,24.4,5.92,Sandy,91.3,No,No,Local,10.05
Enugu,Maize,1.85,2459,27.7,7.32,Loamy,173.9,No,No,Local,1.82
Delta,Cassava,0.44,2050.7,29.8,6.62,Clay,50.5,Yes,No,Improved,11.3
Anambra,Maize,0.95,2327.2,22.2,5.3,Loamy,125.3,Yes,Yes,Improved,2.99
Ogun,Yam,5.66,1516.7,26.1,6.07,Sandy,47.2,No,Yes,Improved,12.9
Ekiti,Sorghum,2.25,2456.5,26.3,5.86,Sandy,0,Yes,No,Improved,1.09
Gombe,Rice,6.95,698.4,29.3,6.56,Sandy,147.6,Yes,No,Improved,3.03
Imo,Rice,0.49,1759,26.3,5.98,Sandy,73.7,No,Yes,Local,3.46
Adamawa,Maize,1.15,1405.6,26.7,5.59,Sandy,196.9,No,No,Local,1.77
Kebbi,Sorghum,3.44,797.5,31.7,5.75,Sandy,116,Yes,No,Improved,1.06
Bayelsa,Rice,5.61,2391.9,25.6,6.36,Clay,136.6,Yes,No,Local,3.26
Enugu,Yam,0.41,2284.8,29.8,4.77,Clay,119.1,No,No,Improved,8.6
Rivers,Maize,0.87,2165,24.4,5.92,Sandy,141.6,Yes,No,Local,2.36
Ondo,Sorghum,0.36,2298,27,5.39,Clay,107.6,No,No,Improved,1.29
Sokoto,Yam,4.87,631.2,35.9,5.8,Loamy,137.8,No,No,Improved,9.24
Delta,Sorghum,0.88,1888,29.2,6.29,Loamy,95.3,No,No,Improved,1.39
Edo,Yam,3.5,2100.6,24.7,5.62,Loamy,102.2,No,No,Improved,9.03
Kwara,Yam,7.69,1395.8,26.8,5.2,Loamy,103.2,No,No,Local,7.58
Ebonyi,Maize,0.25,2305.7,23.7,6,Loamy,101,No,No,Local,1.56
Ogun,Cassava,5.89,1546.8,26,5.47,Clay,61.8,Yes,No,Improved,12.31
Adamawa,Yam,9.1,1038.8,26.7,5.64,Sandy,107,No,No,Improved,10.55
Osun,Rice,3.84,2016.6,27.4,6.11,Clay,111.1,No,No,Improved,3.34
Borno,Cassava,2.92,455.1,28.8,5.6,Sandy,166.9,Yes,Yes,Local,8.82
Enugu,Yam,2.85,1862.8,26.7,5.51,Loamy,78.1,Yes,Yes,Local,10.65
Kano,Maize,0.34,904.4,33.1,5.36,Loamy,84.8,No,Yes,Local,2.64
Zamfara,Sorghum,1.75,976.3,29.8,5.8,Loamy,144.5,No,No,Local,1.01
Sokoto,Sorghum,3.3,673.9,30.4,5.64,Sandy,93.4,No,No,Improved,1.71
Enugu,Cassava,4.53,1825,23.2,6.79,Clay,95.8,No,No,Improved,10.24
Taraba,Sorghum,1.05,1154.3,31.2,6,Loamy,107.8,Yes,No,Local,0.55
Ekiti,Cassava,0.77,2044.6,25.2,5.69,Sandy,125.3,Yes,No,Local,9.91
Taraba,Rice,0.29,1427.4,27.4,6.86,Clay,133.7,Yes,No,Local,3.29
Yobe,Cassava,10.6,513.3,35.4,4,Loamy,128.4,Yes,Yes,Improved,11.12
Kebbi,Yam,0.79,948.1,31.1,6.63,Sandy,45.7,No,No,Local,5.49
Yobe,Cassava,0.66,582.2,35.1,5.87,Sandy,129.4,Yes,No,Local,9.42
Lagos,Yam,1.45,1936,25.6,5.34,Sandy,72.8,No,No,Local,6.81
Gombe,Sorghum,1.44,699.4,34.5,6.49,Clay,67.4,No,No,Local,0.54
Niger,Cassava,1.85,1125.9,24.3,6.62,Clay,128.8,No,No,Improved,11.95
Niger,Sorghum,1.67,1035.6,30.9,5.7,Sandy,55.9,Yes,No,Local,1.49
Borno,Rice,1.46,596.1,33.9,6.62,Sandy,118,Yes,No,Local,2.42
Yobe,Yam,0.63,434.6,30.6,7.69,Clay,93.6,Yes,No,Local,7.31
Taraba,Cassava,1.48,1493.6,31.7,5.42,Sandy,72,Yes,No,Improved,13.07
Gombe,Cassava,1.88,924,34.8,5.66,Sandy,113.2,No,No,Improved,11.85
Niger,Rice,4.74,1143.5,26,5.57,Clay,131.3,No,Yes,Local,3.17
Nasarawa,Maize,1.38,1201.2,30.9,6.24,Clay,137.3,Yes,No,Local,2.17
Jigawa,Yam,1.32,544.9,31.9,6.69,Loamy,83.1,No,No,Improved,6.76
Niger,Cassava,0.75,1308.8,25.1,6.32,Loamy,55.8,Yes,No,Local,10.25
Bauchi,Yam,1.11,770.4,28.3,5.7,Sandy,97.4,Yes,No,Local,7.95
Rivers,Yam,7.49,1852.3,24.3,6.29,Clay,75.7,No,No,Local,6.61
Borno,Rice,3.85,563.1,33.9,4.48,Sandy,89.4,Yes,Yes,Improved,3.69
Kebbi,Sorghum,0.7,662.8,34.6,5.98,Clay,51.7,Yes,Yes,Local,1.63
Zamfara,Rice,0.2,694.1,31.4,5.9,Clay,164.1,No,No,Local,2.81
Rivers,Maize,0.94,1775.5,26.3,6.54,Clay,75,Yes,Yes,Local,2
Delta,Yam,1.32,2486.6,27.9,6.31,Clay,51.6,Yes,No,Local,7.4
Anambra,Maize,0.61,1933.5,22.8,5.79,Clay,164.3,No,No,Improved,2.43
Taraba,Maize,2.83,1476.2,30.9,6.5,Loamy,94.1,Yes,No,Improved,2.41
Ekiti,Rice,1.56,2437.5,28.3,6.13,Sandy,116.5,No,No,Improved,3.24
Imo,Cassava,1.28,2356.4,25.3,6.13,Clay,83.1,No,No,Improved,10.3
Lagos,Sorghum,0.96,2355.4,28.4,6.02,Clay,95.8,Yes,Yes,Improved,1.62
Niger,Rice,1.2,1414.2,31.7,7.64,Loamy,140.3,No,No,Local,3.02
Zamfara,Sorghum,0.67,971.5,30.3,6.47,Loamy,7.1,Yes,No,Local,1.07
Kebbi,Yam,3.15,658.7,28.9,7,Sandy,60.4,Yes,No,Improved,9.36
Anambra,Rice,1.25,1526.3,27.5,6.41,Loamy,111.6,No,No,Improved,4.07
Sokoto,Rice,3.37,392.7,34.9,5.94,Clay,144,Yes,No,Local,2.3
Yobe,Sorghum,12.15,691.2,34.7,4.3,Loamy,27.8,No,Yes,Local,1.47
Kano,Sorghum,4.78,628,26.1,5.59,Sandy,130.2,No,No,Local,1.06
Plateau,Yam,0.49,1031.8,29.5,4.93,Clay,102.7,No,No,Local,5.76
Nasarawa,Rice,2.96,1471.9,31.9,4.94,Sandy,92.4,No,No,Local,2.37
Niger,Cassava,0.55,1383.1,29,4.88,Loamy,54.3,Yes,No,Local,8.33
Kaduna,Maize,1.7,788.2,28.7,7.59,Sandy,108.7,No,No,Improved,2.52
Sokoto,Yam,3.48,548.4,37.9,6.99,Sandy,80.3,Yes,No,Local,6.44
Edo,Sorghum,5.83,1893.1,22.6,6.14,Loamy,0,No,No,Improved,1.18
Ebonyi,Rice,1.37,1524.9,28.1,5.92,Loamy,113.2,No,No,Local,2.83
Ebonyi,Rice,1.84,2464.7,29.4,6.66,Clay,63.8,Yes,No,Local,3.08
Bayelsa,Cassava,0.78,2083,25,6.56,Clay,80.5,No,No,Local,8.07
Kwara,Yam,14.98,1109.7,25.6,4.96,Sandy,65.5,No,No,Local,7.32
Katsina,Sorghum,1.58,685,34.5,5.43,Sandy,11.6,Yes,No,Local,1.3
Lagos,Cassava,2.34,2284.6,26.2,6.57,Loamy,148.4,Yes,No,Improved,9.94
Nasarawa,Rice,2,1093.9,28.8,7.31,Loamy,99.8,Yes,No,Improved,2.97
Kano,Yam,3.59,636.6,27.1,6,Sandy,123.7,No,No,Improved,9.63
Taraba,Cassava,5.07,1462.8,31.2,7.91,Clay,133.7,No,No,Local,7.61
Abia,Rice,2.09,2467.6,26.9,6.86,Clay,75.3,No,No,Local,2.24
Akwa Ibom,Maize,0.98,2422.6,26.3,6.76,Loamy,182.2,No,No,Local,1.69
Kwara,Sorghum,2.53,1091.4,27.3,6.4,Sandy,110.7,No,No,Improved,1.48
Enugu,Maize,8.39,2376.8,27,6.7,Clay,139.9,Yes,No,Improved,2.49
Oyo,Sorghum,0.63,2302.7,28,6.09,Clay,92.1,Yes,No,Local,1.27
Lagos,Sorghum,0.86,1588.8,26.8,5.96,Loamy,79.7,No,No,Improved,1.61
Sokoto,Yam,1.48,361.3,36.5,5.9,Sandy,101.9,No,No,Improved,10.69
Zamfara,Yam,0.44,886.1,29.3,5.15,Clay,118.3,Yes,No,Local,5.37
Oyo,Yam,2.24,1580.1,22.4,5.49,Clay,117.6,Yes,No,Improved,9.09
Lagos,Maize,17.48,1608.4,27.4,7.25,Loamy,110.4,Yes,Yes,Local,1.77
Imo,Maize,1.12,2295.4,24.9,4.84,Clay,88,No,No,Local,0.8
Zamfara,Maize,3.9,611.1,31,5.77,Sandy,159,No,Yes,Local,2.02
Akwa Ibom,Cassava,1.69,2000.2,29.5,6.29,Loamy,83.6,No,No,Improved,8.85
Oyo,Rice,0.92,2118.6,26.4,5.1,Clay,138.3,No,No,Local,2.75
Ondo,Yam,1.88,1986.4,28.2,6.44,Clay,100.1,No,No,Local,6.7
Enugu,Sorghum,3.22,1838.2,29.6,5.71,Clay,85.1,No,No,Improved,1.56
Ebonyi,Sorghum,0.34,1899.2,24,6.1,Loamy,34.5,No,No,Improved,1.42
Cross River,Maize,0.7,2235.3,24.4,5.86,Clay,114.5,Yes,No,Improved,3.18
Kebbi,Cassava,0.74,775.7,31.4,5.97,Loamy,54.3,No,No,Improved,7.32
Kano,Yam,1.69,620.7,26.1,5.45,Clay,95,Yes,No,Improved,8.46
Akwa Ibom,Sorghum,0.2,1503.4,28.8,5.18,Clay,64.8,No,No,Local,0.5
Rivers,Rice,0.96,2296.9,28,6.56,Clay,163.5,Yes,No,Local,1.73
Kaduna,Maize,0.3,940.3,28.4,6.26,Clay,75.1,Yes,No,Improved,2.56
Kebbi,Maize,2.15,694.9,26.3,6.27,Sandy,142.6,No,No,Improved,2.73
Niger,Cassava,2.76,1284.2,31.3,5.43,Clay,101.6,Yes,Yes,Local,10.15
Anambra,Yam,0.52,2364,28,6.08,Sandy,69.7,No,No,Improved,8.78
Oyo,Maize,0.95,1772.6,28.5,6.29,Clay,103.2,No,No,Local,1.68
Abia,Rice,1.61,2431.7,26.8,6.58,Sandy,91.5,No,No,Improved,3.83
Edo,Sorghum,0.86,2390,28.4,5.5,Clay,34.5,No,No,Local,1.17
Kano,Maize,7.01,875.3,34.1,6.04,Clay,59.5,No,No,Local,1.55
Kano,Maize,0.89,681.6,30.1,6.39,Loamy,95,Yes,Yes,Local,2.58
Kogi,Sorghum,1.05,1031.1,26.3,4.17,Loamy,0,No,No,Local,0.91
Benue,Yam,4.8,1154.1,26.1,4.49,Loamy,75.3,Yes,Yes,Improved,9.41
Katsina,Cassava,1.75,342.4,29.1,4.96,Loamy,114.8,No,No,Local,8.64
Taraba,Cassava,0.78,1107.8,30.9,6.61,Sandy,132.4,No,No,Improved,8.74
Katsina,Maize,3.96,334.4,36.8,6.79,Sandy,215.6,Yes,Yes,Improved,3.12
Taraba,Cassava,1.03,1310.7,28.6,6.32,Loamy,84.6,No,No,Improved,11.93
Cross River,Rice,1.15,2469,29.4,5.85,Loamy,136.3,Yes,No,Improved,3.45
Borno,Sorghum,0.39,563.7,28.8,5.33,Sandy,56.1,No,No,Local,1.55
Enugu,Rice,1.31,2158.1,27.7,5.61,Clay,87.6,No,No,Local,3.18
Kebbi,Cassava,0.46,991.1,29.4,5.24,Clay,88.9,No,No,Local,11.28
Niger,Maize,2.62,1348.7,24.4,7.03,Clay,126.3,Yes,No,Local,1.77
Nasarawa,Maize,1.19,1192.1,28.2,5.85,Sandy,74.4,No,No,Local,2.23
Cross River,Maize,0.54,1981.8,22.1,6.13,Loamy,163.6,Yes,No,Improved,1.92
Kaduna,Cassava,2.14,768,33.7,5.26,Clay,101.4,No,No,Improved,11.65
Adamawa,Sorghum,2.38,1461,30.1,7.35,Clay,63.5,Yes,Yes,Local,1.43
Plateau,Cassava,2.32,1017.8,24.6,6.18,Clay,94.7,No,No,Improved,9.87
Rivers,Cassava,1.5,1863.1,26.6,5.59,Clay,88.2,No,No,Local,7.77
Kano,Rice,1.19,649.7,30.3,6.32,Clay,42.3,Yes,No,Improved,3.73
Ogun,Rice,0.82,2162.9,29.3,6.15,Loamy,41.4,No,No,Local,1.53
Lagos,Maize,1.54,1773.3,22.6,6.13,Loamy,94.2,Yes,No,Improved,2.65
Anambra,Rice,3.69,1564.2,25.4,6.69,Clay,148.8,No,No,Improved,2.87
Ondo,Sorghum,1.17,2238,22.1,7.58,Loamy,77.8,No,No,Local,0.99
Imo,Cassava,2.96,1527.6,22.3,6.07,Clay,137.9,No,No,Local,7.35
Kebbi,Sorghum,0.9,863,33.2,4.39,Clay,25.4,Yes,No,Local,1.22
Oyo,Rice,2.37,2361.4,24.1,6.57,Sandy,187.8,No,No,Local,3.02
Enugu,Rice,2.88,2163.7,23.6,6.38,Loamy,133.9,Yes,Yes,Improved,3.84
Cross River,Yam,1.34,1623,25.8,5.47,Sandy,124.8,Yes,No,Local,8.62
Ebonyi,Rice,0.63,1894.8,29.7,6.38,Loamy,187.5,No,Yes,Improved,4.21
Benue,Cassava,1.2,1225.2,26.3,6.44,Sandy,126.4,No,Yes,Local,9.55
Bayelsa,Maize,1.27,1563.9,26.7,6.86,Loamy,136.2,No,No,Improved,3.22
Borno,Maize,9.12,483.4,30.5,7.26,Clay,134.7,No,No,Local,2.04
Lagos,Sorghum,1.35,1627,22.4,5.71,Loamy,1.3,No,Yes,Local,1.02
Edo,Sorghum,1.24,2326.8,26.4,6.32,Clay,45.9,No,No,Improved,1.47
Ebonyi,Sorghum,3.63,2263.7,29.8,5.94,Sandy,0,No,Yes,Improved,1.67
Anambra,Cassava,3.36,1611.8,22.4,6.32,Loamy,62.4,No,No,Improved,12.1
Sokoto,Maize,0.45,641.6,36.5,4.89,Sandy,117.8,No,Yes,Improved,2.57
Delta,Maize,0.79,1511.8,23,6.41,Clay,82.9,No,No,Improved,2.83
Rivers,Sorghum,6.11,2253.4,26.1,5.63,Clay,34.7,No,No,Local,1.08
Edo,Cassava,1.14,2223.6,25.2,4.69,Clay,128.6,No,No,Local,7.51
Kogi,Cassava,3.57,1442.9,24.2,5.91,Clay,87.8,Yes,No,Improved,12.57
Ebonyi,Cassava,1.09,2195.9,24.7,6.38,Clay,97.7,Yes,No,Improved,10.12
Sokoto,Cassava,2.83,637.7,36.5,6.34,Sandy,85.8,No,No,Local,9.3
Sokoto,Cassava,0.97,448.8,37.6,6.61,Sandy,78.4,No,No,Local,3.79
Kwara,Sorghum,0.54,1160.1,28.6,6.12,Loamy,10.2,Yes,No,Local,1.52
Zamfara,Sorghum,1.57,679.6,32.4,6.68,Loamy,143.7,No,No,Improved,1.18
Rivers,Rice,0.35,2272,29.1,5.6,Loamy,126.6,Yes,No,Improved,3.49
Akwa Ibom,Maize,1.02,2179.7,28.3,7.11,Clay,91.6,Yes,Yes,Improved,2.21
Yobe,Rice,0.29,334.9,32.3,7.3,Sandy,153.4,No,Yes,Local,2.39
Bayelsa,Maize,6.2,1667.4,26,6.55,Sandy,102.6,Yes,No,Local,2.13
Gombe,Yam,4.51,836.6,32.7,5.39,Sandy,2,No,No,Improved,7.02
Kwara,Yam,1.73,1366.2,24.5,4.95,Loamy,73.7,No,No,Local,7.4
Ondo,Yam,2.29,2208.4,29.2,6.37,Loamy,134.5,No,No,Local,7.7
Gombe,Rice,1.53,684.4,28.5,6.18,Clay,112.9,Yes,No,Improved,3.46
Ogun,Cassava,0.86,2458.1,29.5,6.19,Loamy,82.1,Yes,No,Local,8.85
Imo,Maize,2.45,1924.5,24.9,4.62,Clay,125.7,No,No,Local,1.96
Ondo,Cassava,0.33,2434.6,28.1,6.36,Loamy,129.5,No,No,Improved,6.84
Ondo,Cassava,4.06,2063.7,29.3,5.36,Sandy,29.2,No,No,Improved,9.89
Enugu,Sorghum,7.56,2453.9,27.4,5.21,Clay,0,No,No,Local,0.8
Bauchi,Yam,1.47,673.6,26.3,6.19,Clay,102.4,No,No,Improved,10.35
Adamawa,Rice,0.69,1086,24.9,6.3,Loamy,68.5,No,No,Local,3.05
Ebonyi,Maize,1.44,1567.7,27.6,5.69,Clay,119.4,No,No,Local,2.38
Kwara,Yam,0.8,1463.3,24.1,5.86,Clay,70.4,No,Yes,Improved,8.4
Adamawa,Sorghum,1.17,1054.4,30.3,6.72,Clay,96.9,No,No,Local,1.53
Anambra,Sorghum,0.94,1900.3,25,5.15,Loamy,80.8,No,No,Local,1.2
Kaduna,Sorghum,2.1,735.6,32.4,5.71,Sandy,85.2,Yes,No,Improved,1.46
Bauchi,Cassava,1.98,986.1,27.4,5.17,Sandy,101.4,No,Yes,Local,9.86
Adamawa,Sorghum,0.32,1001.8,28.1,6.27,Sandy,14,Yes,No,Improved,1.83
Kano,Cassava,0.55,967.3,28.1,6.04,Clay,114,No,No,Local,7.05
Bauchi,Maize,3.13,608.6,30.3,5.23,Clay,135.1,No,Yes,Local,2.28
Kogi,Sorghum,1.05,1132.8,25,5.84,Loamy,101.3,Yes,No,Local,1.16
Kaduna,Rice,1.07,644.8,30.8,5.61,Clay,181.6,No,No,Local,2.24
Bayelsa,Rice,0.8,1594.4,27.4,6.57,Clay,101.2,No,No,Local,2.72
Yobe,Cassava,1.37,548.6,31.7,4.97,Sandy,73.1,Yes,No,Improved,10.4
Yobe,Cassava,0.94,597.9,29.5,6.82,Loamy,111.1,Yes,No,Improved,12.21
Zamfara,Cassava,1.42,884.1,27.2,6.67,Loamy,102.2,No,No,Local,7.52
Benue,Yam,2.59,1352.8,26.9,6.93,Loamy,93.5,No,Yes,Local,8.61
Bauchi,Maize,0.67,707.3,26.7,5.29,Sandy,152.2,Yes,No,Improved,2.75
Taraba,Yam,0.59,1370.5,28.7,5.49,Clay,130.6,Yes,No,Improved,10.75
Rivers,Sorghum,0.88,2233.8,27.9,7.01,Sandy,49.5,Yes,No,Improved,1.67
Kwara,Rice,7.71,1343.6,26.6,4.79,Loamy,68.5,No,No,Improved,2.96
Kaduna,Yam,4.08,720.1,32.5,5.71,Clay,79.1,Yes,No,Improved,8.92
Bauchi,Cassava,1.23,796.4,30.7,6.17,Sandy,53.5,No,No,Local,7.31
Jigawa,Yam,0.43,544.1,37.4,6.4,Sandy,122,Yes,No,Improved,9.3
Ondo,Sorghum,1.85,2244.1,22.2,5.44,Clay,7.6,No,No,Local,0.87
Abia,Rice,0.57,2247.2,29.5,6.63,Loamy,83.1,Yes,Yes,Local,3.21
Imo,Yam,1.44,1622.9,27,7.76,Loamy,48.8,No,No,Improved,9.15
Imo,Maize,1.43,2221.6,24.6,7.47,Clay,141.4,Yes,No,Improved,1.99
Sokoto,Yam,3.82,312.6,29.6,6.34,Loamy,113,No,No,Local,6.95
Akwa Ibom,Maize,2.2,1709.9,24.8,6.37,Clay,108.6,No,No,Local,2.01
Enugu,Maize,0.64,2493.4,24.1,5.62,Clay,142.5,No,No,Local,1.67
Jigawa,Yam,1.01,572.5,32.1,5.36,Loamy,148.6,No,Yes,Local,7.34
Niger,Cassava,1.06,1339,30.9,6.83,Clay,93.3,No,No,Local,8.56
Enugu,Rice,1.29,1864.3,29.9,6.37,Clay,91.2,Yes,No,Local,3.5
Ogun,Yam,2.17,2068,25,6.46,Loamy,119.1,No,No,Improved,7.56
Bayelsa,Yam,0.7,1795.5,23,5.91,Loamy,147.9,No,Yes,Improved,10.23
Ekiti,Maize,0.94,1611.7,24.6,5.82,Sandy,186.6,Yes,No,Local,2.06
Ondo,Cassava,1.58,2306.5,26.8,6.56,Clay,70,No,No,Improved,9.62
Borno,Sorghum,1.8,456.6,36.6,7.08,Loamy,63.2,Yes,No,Improved,1.41
Nasarawa,Cassava,1.03,1110.2,31.4,7.96,Clay,139.1,No,Yes,Local,7.45
Benue,Maize,1.01,1366.1,28.8,7.46,Clay,96.4,Yes,No,Local,2.54
Plateau,Cassava,0.86,1296.3,25.3,6.49,Clay,70.4,No,No,Local,8.83
Cross River,Rice,1.03,1823.1,26.3,6.05,Loamy,140.7,No,Yes,Local,3.03
Kwara,Cassava,1.68,1114.8,31.8,5.7,Clay,87.3,Yes,No,Local,11.47
Gombe,Cassava,5.18,651.2,28.3,5.93,Loamy,94.5,Yes,No,Local,10.14
Jigawa,Yam,3.26,486.2,30.9,6.73,Sandy,74.6,Yes,No,Local,7.31
Imo,Yam,0.82,2489.8,24.6,5,Loamy,25.6,No,No,Local,5.17
Borno,Cassava,3.27,401.5,33.5,6.51,Sandy,116.6,Yes,No,Local,8.09
FCT,Yam,3.17,1032.5,30.4,7.81,Loamy,107.7,No,No,Local,7.02
Bauchi,Maize,1.67,757.9,32.4,7.07,Clay,109.4,Yes,Yes,Local,2.19
Edo,Cassava,4.77,1829.3,26.9,6.79,Clay,116.4,Yes,No,Local,10.96
Ekiti,Sorghum,2.15,2265,26.1,5.47,Loamy,82.7,Yes,No,Improved,1.43
Kaduna,Sorghum,4.41,984.3,28.5,5.07,Clay,52.8,No,No,Local,1.12
Kano,Maize,1.56,644.7,31.2,5.84,Sandy,39.2,Yes,No,Improved,2.94
Rivers,Yam,1.68,2362.6,25,4.83,Clay,122.6,Yes,No,Local,7.54
Plateau,Sorghum,1.01,1485.6,27.9,5.64,Clay,21.3,Yes,Yes,Local,1.2
Anambra,Yam,0.98,1964.1,27.5,6.66,Loamy,156.7,No,Yes,Local,4.98
Gombe,Sorghum,1.95,701.6,34.7,4.79,Loamy,0,No,No,Local,1.19
Rivers,Maize,2.18,2309.9,23.7,5.84,Clay,158,Yes,No,Improved,2.46
Kebbi,Maize,2.68,947.6,30.3,5.5,Clay,78.9,No,Yes,Local,2.27
Bauchi,Rice,0.73,827.6,28.3,7.28,Sandy,89.4,No,Yes,Improved,4.28
Ekiti,Cassava,2,1595.5,25.7,5.7,Clay,64.2,No,No,Local,9.41
Kano,Rice,0.92,800,27.6,5.94,Sandy,105.3,No,No,Improved,3.8
Kogi,Rice,1.53,1009.4,30.5,6.06,Sandy,131.9,Yes,No,Improved,3.74
Benue,Rice,0.48,1220.4,25,5.68,Loamy,67.5,Yes,Yes,Local,3.07
Nasarawa,Maize,0.92,1396.7,25.2,5.98,Sandy,107.1,No,No,Local,2.15
Taraba,Rice,3.76,1323.8,24.1,4,Loamy,59.1,Yes,No,Local,2.54
Niger,Cassava,0.69,1046.8,26.1,6.55,Loamy,51.4,No,Yes,Improved,13.81
Ekiti,Yam,1.45,1857.7,26.8,5.86,Clay,134.8,No,Yes,Local,8.5
Plateau,Maize,1.61,1019.7,27.3,6.44,Clay,49.1,Yes,No,Local,2.42
Plateau,Yam,1.31,1141.5,25.1,5.64,Clay,137.5,No,No,Local,5.96
Cross River,Sorghum,4.18,2299,29,5.97,Loamy,0,No,Yes,Improved,0.66
Kogi,Maize,0.92,1162.6,30.2,4,Clay,62.7,No,No,Local,2.06
Rivers,Maize,0.45,1966.7,26.6,5.34,Loamy,107.1,No,No,Local,1.81
Gombe,Maize,1.06,735,33.2,4.99,Loamy,132.6,Yes,No,Local,2.17
Yobe,Sorghum,1.61,527.6,36.1,5.28,Sandy,53.4,No,No,Local,1.15
Lagos,Sorghum,1.05,1984.2,29.5,5.34,Loamy,134.8,Yes,No,Local,1.15
Oyo,Rice,0.93,1656.5,22.2,6.49,Loamy,144.9,No,No,Local,2.34
Yobe,Rice,0.85,649.8,28.8,6.34,Sandy,55,No,No,Improved,2.93
Jigawa,Sorghum,5.68,548.1,34.5,6.59,Sandy,42.4,No,No,Local,1.34
Rivers,Rice,1.55,1615.6,27.3,6.93,Sandy,71.4,No,No,Local,2.44
Enugu,Rice,1.11,2284.6,22.7,5.56,Loamy,148.1,No,No,Local,2.28
Plateau,Yam,3.29,1263.8,31.7,4.53,Clay,108.7,No,No,Local,7.01
Nasarawa,Yam,6.79,1495.7,26.4,6.07,Clay,70.3,Yes,No,Local,7.28
Adamawa,Yam,2.11,1298.3,31.9,5.94,Loamy,125,Yes,No,Local,8.31
Anambra,Sorghum,1.71,2160.6,22,6.52,Clay,105.6,No,No,Improved,1.33
Osun,Rice,3.77,2415.7,22.5,6.13,Clay,132.5,No,No,Improved,3.58
Sokoto,Sorghum,0.83,670.1,37.4,6.38,Sandy,85.5,Yes,Yes,Local,1.53
Delta,Cassava,3.07,2299.6,24,5.85,Sandy,79.8,Yes,Yes,Local,8.86
Benue,Yam,2.88,1496.6,24.3,6.78,Loamy,86.7,Yes,No,Improved,10.49
Plateau,Maize,0.4,1300.8,27.1,6.69,Clay,162.1,No,No,Local,2.22
Ekiti,Maize,1.16,2340,24.9,5.85,Loamy,202.8,Yes,No,Local,1.7
Katsina,Yam,0.34,382.2,35,6.13,Sandy,61.9,Yes,No,Improved,9.71
Jigawa,Yam,5.24,368.5,30.7,6.47,Loamy,76.3,Yes,No,Local,7.62
Taraba,Maize,2.26,1279.5,26.9,5.83,Sandy,108.4,Yes,No,Improved,2.68
Benue,Rice,0.53,1276.2,31.1,4.97,Clay,125.5,No,No,Local,2.9
Sokoto,Sorghum,0.73,556.1,36.6,5.78,Sandy,95.7,No,No,Improved,0.84
Ebonyi,Rice,0.69,2244.4,24.9,7.33,Clay,148.4,No,No,Improved,3.42
Gombe,Rice,1.18,997.7,27.3,5.32,Clay,112.5,Yes,No,Local,2.97
Adamawa,Yam,1.51,1186.9,26.1,6.32,Loamy,85.1,Yes,No,Local,7.39
Benue,Yam,2.81,1300.1,30.8,6.38,Sandy,98.8,No,No,Improved,8.71
Kaduna,Sorghum,0.97,973.6,32.4,4.93,Sandy,85.1,No,No,Improved,1.49
Ebonyi,Cassava,1.15,2184.7,27.1,6.4,Loamy,157,No,No,Local,8.66
Kaduna,Maize,1.19,795.3,34.3,6.22,Sandy,66.3,Yes,No,Improved,2.96
Kebbi,Sorghum,0.91,986.2,32,7.09,Clay,100.3,Yes,No,Improved,1.66
Kwara,Yam,8.14,1315.5,31.6,5.71,Loamy,129.8,No,No,Local,7.92
Sokoto,Sorghum,2.37,509.9,32.4,5.31,Sandy,95.4,Yes,No,Improved,1.83
Rivers,Sorghum,12.48,2009.1,26.7,5.89,Sandy,38.4,No,No,Local,1.16
Yobe,Cassava,1.25,515.9,34,5.65,Sandy,96.5,Yes,No,Local,9.28
Zamfara,Rice,2.79,674.1,34.4,6.8,Loamy,109.9,Yes,No,Improved,3.81
Adamawa,Yam,1.18,1194.2,27,5.45,Loamy,166.7,No,No,Local,6.74
Plateau,Rice,3.05,1369.6,25.6,5.8,Clay,191.2,No,No,Local,2.69
Delta,Cassava,3.88,1876,28,4.67,Loamy,94.8,Yes,No,Local,8.27
Kwara,Rice,0.64,1153.7,27.6,5.69,Loamy,58.2,Yes,No,Local,2.58
Edo,Maize,0.74,1805.1,27,6.24,Loamy,122.8,Yes,No,Improved,2.33
Bauchi,Rice,0.2,716.7,26.7,6.26,Loamy,115.9,No,No,Local,2.87
Imo,Rice,1.61,2279.6,28.2,5.75,Loamy,15.7,Yes,Yes,Local,2.94
Ondo,Maize,0.28,2399.4,26.1,6.04,Sandy,122.1,Yes,No,Improved,2.28
Ekiti,Cassava,0.71,2424.8,28.4,5.48,Loamy,84.9,Yes,No,Improved,11.84
Oyo,Maize,0.87,2057.3,26.8,6.23,Loamy,129.5,No,No,Local,1.99
Ebonyi,Sorghum,0.67,1980.3,27.9,5.36,Clay,52.4,Yes,No,Improved,1.78
Yobe,Maize,2.04,625.2,35.6,6.05,Sandy,183.4,No,No,Local,1.9
Lagos,Yam,0.54,2309,23.3,6.36,Loamy,160.7,No,Yes,Local,7.37
Akwa Ibom,Sorghum,0.33,1765.2,28.3,7.65,Clay,11.9,No,No,Local,0.83
Abia,Rice,1.52,2416.3,28.1,6.65,Loamy,74.7,No,No,Improved,3.62
Cross River,Cassava,0.2,1736.9,22.8,4.67,Loamy,115.6,Yes,No,Local,8.39
Sokoto,Rice,0.33,476.6,32.1,6.31,Sandy,107.9,Yes,No,Improved,3.27
Jigawa,Yam,2.7,387.9,34.8,5.34,Loamy,152,No,No,Improved,7.79
Ogun,Cassava,10.19,1600.9,25,6.05,Loamy,150.4,No,No,Improved,9.56
Nasarawa,Cassava,1.71,1484.7,31.6,5.27,Clay,135.4,Yes,Yes,Local,8.63
Cross River,Sorghum,1.49,2344.4,26.9,6.42,Loamy,28.5,No,Yes,Improved,1.37
Delta,Cassava,1.99,1702.7,29.7,6.66,Sandy,92.9,Yes,No,Improved,10
Delta,Yam,0.56,2364.9,22.6,5.73,Loamy,71,No,No,Local,7.57
Gombe,Cassava,1.48,657.6,34.2,6.31,Loamy,135.2,Yes,No,Local,8.3
Plateau,Rice,1.01,1143.9,27.4,7.36,Clay,105.2,No,No,Improved,3.37
Ogun,Cassava,1.06,2239.2,22.8,7.18,Clay,95.7,Yes,No,Local,8.55
Kano,Cassava,0.69,803.6,27.2,5.87,Sandy,80.2,Yes,No,Local,8.25
Zamfara,Yam,2.09,691.6,32.4,4.91,Sandy,113.6,No,No,Local,6.59
Anambra,Sorghum,0.27,2285.2,23.8,6,Loamy,39.8,No,No,Local,0.98
Rivers,Yam,2.76,2326.2,22.9,7.01,Clay,128,No,No,Local,5.73
Jigawa,Sorghum,1.57,424.2,29.6,6.2,Sandy,47,No,No,Improved,1.55
Anambra,Yam,0.25,2205.4,29.1,6.68,Clay,141.7,No,No,Local,7.56
Kano,Rice,0.7,798.8,27.8,7.46,Sandy,70,No,Yes,Improved,3.56
Lagos,Yam,0.45,2266.8,23.2,6.56,Loamy,88.7,Yes,No,Improved,9.07
Ogun,Rice,0.55,1905.7,25.7,6.52,Clay,174.4,No,No,Improved,3.73
Ebonyi,Cassava,2.54,2096.8,23.7,5.46,Loamy,87.9,Yes,No,Local,9.37
Anambra,Yam,1.41,1504.1,28.7,6.36,Clay,138.5,No,No,Local,6.24
Rivers,Sorghum,1.54,2392.4,28.1,6.99,Loamy,67.6,No,No,Improved,1.37
Benue,Maize,4.19,1323.3,27.5,6.57,Loamy,173.8,Yes,No,Local,1.87
Jigawa,Cassava,2.28,676.2,29.9,5.7,Sandy,87.3,No,No,Improved,10.92
Taraba,Cassava,6.28,1277.6,27.3,6.26,Clay,49,No,No,Improved,10.03
Zamfara,Maize,0.66,910.3,27.7,5.52,Clay,106.2,No,Yes,Improved,3.28
Bayelsa,Yam,1.51,2152.8,23.3,6.24,Clay,85.9,No,No,Local,8.17
Osun,Cassava,1.11,2024.3,26.6,5.32,Loamy,77.4,Yes,Yes,Local,12.32
Cross River,Rice,3.48,1974.7,24.5,6.73,Clay,86.6,Yes,No,Improved,4.2
Enugu,Maize,7.54,2431.6,23.2,5.44,Sandy,86.9,No,No,Local,0.97
Kwara,Cassava,5.8,1300.4,29.8,5.6,Clay,134.6,Yes,No,Improved,10.32
Kebbi,Cassava,1.18,941,33.7,5.56,Clay,74.9,Yes,No,Local,7.61
Ondo,Maize,0.46,1800.6,29,5.3,Loamy,182.8,No,Yes,Local,2.46
Nasarawa,Sorghum,0.73,1056.3,31.6,5.23,Sandy,53.9,Yes,No,Local,1.21
Plateau,Rice,0.91,1413.4,27.3,6.49,Loamy,160.4,Yes,No,Local,3.33
Ogun,Maize,1.47,2250.9,22.2,5.51,Loamy,88.9,Yes,No,Improved,2.95
Bauchi,Rice,1.73,883.9,26.9,6.89,Loamy,144.3,Yes,No,Local,3.17
Ondo,Maize,3.32,1761,25.3,6.25,Loamy,86,Yes,No,Local,2.1
Katsina,Sorghum,0.28,366.5,31.5,5.67,Sandy,51.3,Yes,No,Local,1.3
Gombe,Sorghum,4.99,918.8,31.5,7.05,Sandy,8.2,Yes,No,Improved,1.73
Bauchi,Yam,3.63,781.5,29.5,6.52,Clay,100.8,No,No,Local,6.93
Ogun,Yam,1.49,1829.1,27,6.76,Clay,147,Yes,Yes,Local,8.83
Jigawa,Rice,2.18,513.7,35.4,6.8,Clay,122.3,Yes,Yes,Improved,3.95
Osun,Rice,0.25,2421.7,27.7,6.06,Loamy,97.7,No,No,Improved,3.97
Nasarawa,Maize,0.87,1116.2,28.9,5.08,Loamy,138.7,No,No,Local,2.11
Jigawa,Maize,1.47,636.3,38,5.35,Sandy,52.8,Yes,No,Improved,2.57
Kwara,Sorghum,0.7,1215.3,28.3,5.24,Clay,82,No,No,Local,1.44
Kwara,Rice,3.51,1202.3,30.2,6.82,Loamy,187.3,No,No,Local,2.42
Bayelsa,Yam,1.81,2118.8,25,5.64,Clay,97.9,No,No,Local,7.59
Kwara,Cassava,4.25,1121.9,24.1,4.42,Clay,31.2,No,No,Local,3.11
Kaduna,Maize,5.28,823.9,31,6.63,Clay,58,No,No,Local,1.94
Oyo,Maize,0.55,2099,24.2,6.34,Clay,100.4,Yes,No,Improved,2.68
Zamfara,Yam,0.96,650.4,33.7,5.26,Loamy,83.3,No,No,Improved,7.74
Delta,Rice,5.98,2406.6,26,6.47,Sandy,122.2,Yes,No,Local,3.09
Plateau,Cassava,2.21,1364.1,31,6.31,Clay,75.5,No,No,Improved,10.29
Jigawa,Cassava,4.04,503.8,36.8,7.19,Loamy,138.8,No,Yes,Improved,10.64
Enugu,Maize,1.2,2060.7,26.7,6.22,Loamy,130.1,Yes,No,Local,2.26
Niger,Sorghum,2.06,1019,24.3,7.14,Loamy,67.1,Yes,No,Improved,1.79
Jigawa,Sorghum,0.99,408.4,28.6,6.25,Clay,41,Yes,No,Improved,2.08
Imo,Yam,0.91,2161.5,26.7,5.9,Loamy,69.4,No,Yes,Local,9.42
Anambra,Sorghum,1.6,2252.7,26.7,5.23,Clay,28.3,No,No,Local,1.23
Adamawa,Maize,3.52,1279.5,25.7,6.29,Loamy,107.8,Yes,Yes,Local,2.74
Gombe,Rice,3.8,669,31.3,6.87,Sandy,147.5,Yes,No,Local,2.32
Zamfara,Maize,1.34,898.1,33.9,6.86,Loamy,105.3,Yes,No,Local,2.07
Adamawa,Sorghum,0.61,1290.2,28.9,5.69,Clay,67.9,Yes,No,Improved,1.79
Kano,Sorghum,3.19,862.7,33.2,6.07,Sandy,122.3,Yes,No,Local,1.13
Kogi,Sorghum,0.5,1093.9,30.7,6.44,Sandy,39.4,No,No,Improved,1.7
Imo,Cassava,0.86,1584.6,27.8,4.52,Sandy,113.3,Yes,No,Improved,10.76
Delta,Sorghum,6.12,2200,23.9,6.16,Clay,87.9,No,No,Improved,1.3
Anambra,Cassava,3.91,1582.2,28.1,6.81,Loamy,97.4,No,No,Local,8.28
Akwa Ibom,Rice,1.07,2191.2,22.7,6.67,Clay,63.1,No,No,Local,2.8
Rivers,Yam,0.62,1557.4,23.1,7.47,Loamy,71.6,No,No,Local,6.73
Taraba,Sorghum,5.61,1350.7,31.3,6.69,Sandy,0,No,No,Improved,1.29
Kwara,Sorghum,1.26,1129.8,25.3,5.39,Loamy,0,Yes,No,Improved,1.13
Edo,Rice,0.62,1505.9,27.4,6.3,Loamy,136.7,Yes,No,Local,2.64
Niger,Yam,2.12,1112.1,31.4,6.03,Clay,118,No,Yes,Local,8.32
Lagos,Maize,2.01,2209.8,22.4,5.97,Loamy,154.5,No,Yes,Local,1.96
Katsina,Rice,0.77,398.4,31.8,6.78,Clay,79.9,Yes,No,Local,2.88
Zamfara,Yam,1.21,685,29.2,7,Loamy,167.1,No,No,Local,5.61
Kwara,Sorghum,2.5,1252.4,25.9,4.84,Sandy,3,Yes,No,Improved,1.2
Kaduna,Yam,0.73,752.5,34.2,5.37,Clay,56.2,No,No,Local,6.75
Niger,Cassava,2.83,1205.3,28.8,6.57,Loamy,35.3,No,No,Improved,8.65
Gombe,Maize,5.3,922.8,33,5.63,Clay,207.9,Yes,No,Local,1.74
Gombe,Yam,2.41,956.7,34.3,6.95,Sandy,161.2,No,No,Local,5.49
Lagos,Cassava,1.05,1839.6,24.2,5.23,Clay,42.8,Yes,No,Improved,9.54
Imo,Yam,0.78,2289.8,22.6,6.44,Clay,119.1,Yes,No,Local,6.87
Kaduna,Cassava,1.25,838.7,26.7,6.57,Clay,69,Yes,No,Improved,15.84
Yobe,Sorghum,12.06,482.9,34.2,6.58,Clay,86.8,No,No,Improved,1.38
Kwara,Cassava,0.38,1182.3,30.3,5.84,Loamy,112.5,Yes,No,Local,7.01
Osun,Yam,1.85,2477.3,28.4,6.93,Clay,107.7,Yes,No,Local,6.56
Akwa Ibom,Sorghum,0.86,1603,22.7,7.27,Sandy,12,No,No,Local,1.21
Ebonyi,Sorghum,5.48,1973,27.2,6.38,Clay,17.5,No,No,Local,1.07
Yobe,Cassava,1.1,399.7,29.8,5.64,Sandy,87.5,Yes,No,Improved,13.09
Katsina,Cassava,1.23,602.7,34.6,6.29,Sandy,161.4,No,No,Improved,9.29
Ogun,Sorghum,3.83,2179.9,23.5,6.94,Clay,82,No,No,Improved,1.41
Kaduna,Yam,2.53,718.2,30.7,7.08,Sandy,16.6,No,No,Local,6
Ekiti,Maize,2.31,1549.5,27.3,6.04,Loamy,128.1,Yes,No,Improved,2.53
Ogun,Cassava,0.85,2293.9,26.3,6.55,Clay,117,Yes,No,Local,3.14
Enugu,Cassava,1,2359.4,28,6.22,Clay,95.2,No,No,Local,8.29
Cross River,Yam,0.78,2285.4,28.2,5.42,Sandy,76.7,Yes,No,Improved,11.6
Edo,Maize,1.27,1740.3,25.9,6.17,Clay,109.2,Yes,No,Local,2.24
Katsina,Maize,2.49,486.6,37.6,6.73,Loamy,107.3,No,No,Improved,2.56
Bauchi,Sorghum,0.31,988.4,33.8,6.77,Sandy,7.2,Yes,No,Local,0.83
Abia,Sorghum,2.25,2324.4,23.8,4.87,Loamy,75.3,Yes,No,Improved,1.4
Akwa Ibom,Maize,0.57,2342.1,26.3,5.52,Clay,150.6,No,No,Improved,2.5
Lagos,Rice,0.89,2063.8,26.3,5.04,Clay,133.9,Yes,No,Improved,3.33
Adamawa,Yam,0.24,1345.6,31.7,5.9,Loamy,48.4,No,No,Improved,8.33
Ondo,Cassava,3.88,2445.7,26.2,5.38,Clay,56.2,No,No,Local,6.63
Adamawa,Yam,0.86,1410.3,31.1,5.89,Sandy,72.5,No,No,Improved,11.43
Delta,Rice,2.56,1775.5,29,5.22,Sandy,55,Yes,No,Improved,2.89
Ekiti,Yam,4.26,2330.2,23.2,5.04,Clay,117.6,No,No,Local,6.77
Nasarawa,Maize,2.26,1119.9,25.9,6.05,Clay,119.2,Yes,Yes,Improved,3.09
Kwara,Sorghum,3.22,1148.8,24.9,5.09,Clay,49.1,No,No,Improved,0.47
Sokoto,Rice,1.33,460.4,31.4,5.66,Clay,81.9,No,No,Local,2.42
Kaduna,Yam,3,646.5,28.8,6.89,Sandy,137.4,Yes,No,Local,7.1
Adamawa,Rice,1.49,1085.1,25.1,5.87,Sandy,38.8,Yes,No,Improved,3.85
Zamfara,Rice,1.09,940.4,33.5,5.46,Clay,144,No,No,Improved,3.6
Bauchi,Yam,2.1,991.6,29.8,5.31,Clay,106.4,Yes,No,Local,8.91
Lagos,Maize,1.57,1572.4,26.7,4.99,Clay,82.9,Yes,No,Local,2.28
Abia,Sorghum,0.85,1563.6,25.6,5.67,Clay,46.7,Yes,Yes,Improved,2.2
Kano,Yam,2.95,647.3,31.8,6.68,Sandy,139.5,No,Yes,Local,7.63
Taraba,Cassava,2.02,1257.9,27.5,5.01,Clay,53.1,Yes,No,Improved,8.42
Benue,Cassava,0.48,1400.5,31.2,5.97,Clay,172,No,No,Improved,9.1
Zamfara,Maize,2.03,766.4,31.9,5.88,Sandy,94.5,No,No,Local,2.53
Lagos,Rice,1.34,2142.5,25.5,6.12,Loamy,90.3,Yes,No,Local,3.47
Abia,Cassava,4.89,1861.9,26.3,6.01,Clay,135.4,No,No,Local,8
Cross River,Maize,1.63,1969.8,29.7,5.38,Clay,152.3,No,No,Local,2.09
Kaduna,Rice,5.49,732.6,27.6,6.52,Sandy,138.1,No,No,Local,2.9
Enugu,Maize,0.63,1824.3,25.4,7.28,Loamy,175.7,No,Yes,Local,2.21
Niger,Sorghum,2.68,1087,30.4,5.23,Loamy,125.4,No,No,Improved,1.28
Benue,Yam,1.74,1008.3,29.6,4.84,Clay,55,Yes,No,Local,7.45
Abia,Cassava,0.73,1735.6,28.2,6.2,Clay,56.5,No,No,Local,7.4
Kwara,Cassava,1.02,1027.7,26.2,6.84,Loamy,113.8,No,No,Improved,10.61
Cross River,Sorghum,5.44,2472,23.5,4.08,Loamy,112,No,No,Local,0.97
Bayelsa,Maize,0.51,2277.2,25.9,5.55,Clay,153.8,No,No,Improved,2.45
Anambra,Cassava,1.24,2454.2,27.2,7.12,Clay,146.9,Yes,No,Improved,8.94
Enugu,Maize,0.43,1888.5,24.6,5.82,Clay,47.7,No,No,Local,1.89
Ekiti,Yam,2.81,2028.3,24.1,6.22,Loamy,113.4,No,No,Improved,6.85
Zamfara,Sorghum,1.56,668.5,28.1,6.1,Sandy,78.1,Yes,No,Local,1.38
Jigawa,Maize,1.24,504.9,33.7,5.59,Sandy,112.2,Yes,No,Local,2.25
Yobe,Maize,0.84,548.6,35.7,6.08,Sandy,142,No,No,Local,1.67
Cross River,Cassava,0.39,2232.4,22.9,5.19,Loamy,97.4,No,No,Improved,10.14
Edo,Cassava,0.82,2058,27.2,5.73,Loamy,114.5,No,No,Improved,8.83
Edo,Yam,0.83,1718.8,27.7,6.35,Loamy,124.8,Yes,No,Local,6.37
Nasarawa,Yam,1.43,1168.4,24.1,6.17,Loamy,158.3,No,No,Local,7.04
Ebonyi,Yam,2.13,1745.4,23.9,7.04,Clay,116.6,No,No,Improved,9.09
Cross River,Sorghum,0.76,1915.2,27.9,6.77,Loamy,13.4,No,No,Improved,1.53
Bayelsa,Rice,0.81,1556.2,26.6,4.83,Clay,103.7,Yes,No,Local,3.2
Kwara,Yam,1.35,1154.2,30.6,5.46,Sandy,81.2,Yes,No,Local,8.49
Kwara,Maize,0.64,1174.2,30.9,7.38,Clay,102.1,Yes,No,Local,2.28
Kebbi,Yam,1.35,714.1,29.4,6.53,Clay,155.7,No,Yes,Local,6.45
Kwara,Cassava,1.53,1422.3,29.5,4.9,Clay,81.3,No,No,Local,9.2
Edo,Rice,0.41,1834.1,25.3,6.3,Loamy,58,Yes,No,Improved,5.27
Kaduna,Rice,0.29,919.7,32.7,5.8,Loamy,193.3,Yes,No,Local,2.78
Delta,Maize,10.29,1965.3,28.1,6.22,Loamy,145.8,No,Yes,Local,2.14
Sokoto,Cassava,1.11,513.2,37.5,5.9,Sandy,45.8,No,No,Local,7.55
Rivers,Rice,0.7,2409.6,23.1,6.27,Clay,146,No,Yes,Improved,3.86
Oyo,Sorghum,0.99,2197,27.3,5.52,Clay,65.2,Yes,No,Local,1.32
Edo,Maize,0.47,1782.2,28.1,5.43,Loamy,34.7,Yes,No,Improved,2.44
Kwara,Cassava,2.98,1392.3,28.6,5.52,Clay,133.1,Yes,No,Improved,8.17
Bayelsa,Yam,5.12,2087.4,24.7,5.56,Clay,100.5,No,No,Local,6.7
Borno,Rice,0.39,470.8,37.3,5.91,Clay,106.5,No,No,Improved,2.95
Niger,Yam,5.71,1286.6,25.8,6.75,Clay,48.5,No,No,Local,8.01
Rivers,Cassava,3.43,1941.9,24.5,6.34,Clay,75.4,Yes,Yes,Local,12.42
Cross River,Sorghum,2.97,2166.4,27.7,7.22,Loamy,69.2,No,No,Improved,1.49
Ekiti,Yam,2.36,1558.6,27.3,5.4,Loamy,195.8,Yes,No,Local,5
Gombe,Rice,0.62,646.2,26.4,5.14,Loamy,163.5,Yes,No,Improved,3.38
Abia,Rice,1.27,2340.3,25,5.6,Loamy,78.3,Yes,No,Improved,3.33
Oyo,Rice,2.42,1521.2,25.6,6.15,Sandy,107.8,No,No,Local,2.58
Kogi,Sorghum,2.67,1046,26.7,5.04,Loamy,35.4,Yes,No,Improved,1.81
Kano,Rice,0.65,784.1,34.5,5.43,Sandy,92.4,No,No,Local,2.93
Ekiti,Yam,2.95,2167,24.8,5.58,Loamy,113.4,No,No,Local,6.48
Benue,Cassava,2.6,1100.3,27.3,5.13,Loamy,137,Yes,No,Local,6.61
Anambra,Maize,1.76,2430.6,24.8,6.31,Loamy,182.7,Yes,No,Local,2.09
Ondo,Maize,3.59,2077.5,27.6,6.35,Clay,142.8,Yes,No,Improved,2.57
Rivers,Cassava,1.11,1562.2,22.3,5.41,Loamy,126.4,No,No,Improved,10.75
Plateau,Yam,1.82,1491.9,26.2,5.25,Clay,236.9,No,No,Local,5.34
Ondo,Maize,3.89,1937.8,23,7.5,Clay,99.8,Yes,No,Local,1.91
Oyo,Maize,0.63,1599.7,26.3,6.1,Sandy,97.9,Yes,No,Local,2.29
Gombe,Maize,1.73,657.4,32.5,4.82,Clay,121,No,No,Local,2.27
Kogi,Yam,2.05,1228.1,27.9,5.5,Sandy,61.5,No,Yes,Local,8.12
Delta,Cassava,0.67,1708.5,22.3,6.74,Clay,119.1,No,No,Improved,10.59
Rivers,Rice,1.6,1989.5,27.3,6.41,Loamy,118.2,No,No,Local,3.03
Cross River,Rice,0.82,1729.2,28.4,5.51,Loamy,71.1,No,No,Improved,3.4
Kwara,Maize,1.38,1020.8,28.3,5.47,Loamy,137.6,No,No,Local,2.27
Gombe,Rice,1.57,702.9,33,5.34,Loamy,43.8,No,Yes,Improved,3.49
Lagos,Sorghum,1.89,1820,28.5,5.74,Clay,49.9,No,No,Local,1.18
Lagos,Sorghum,3.22,2068,25.3,6.47,Loamy,74.3,Yes,No,Local,1.09
Ogun,Cassava,0.82,1954.1,25.6,5.86,Clay,73.5,No,No,Improved,8.38
FCT,Sorghum,0.93,1133.6,24.6,6.19,Clay,21.1,No,No,Local,1.23
Abia,Maize,2.13,2083,23.2,5.54,Sandy,207.6,Yes,No,Local,1.85
Akwa Ibom,Rice,1.13,1569.5,29.4,6.46,Clay,71.8,No,No,Local,2.69
Lagos,Rice,2.2,1616.9,22.7,5.41,Loamy,67.6,No,Yes,Improved,4.06
Delta,Cassava,2.19,2218.3,25.8,5.31,Loamy,104.6,No,No,Improved,11.92
Kwara,Sorghum,3.33,1416.8,31.9,5.37,Sandy,52.3,Yes,No,Local,1.23
Abia,Maize,0.57,2098.8,28,6.4,Loamy,93.2,Yes,No,Local,1.92
Akwa Ibom,Cassava,1.12,1953.7,26.8,6.68,Sandy,164.1,Yes,No,Improved,11.24
Kebbi,Cassava,0.33,606.9,31.2,4.81,Loamy,72.9,No,No,Local,8.93
Enugu,Maize,2.53,1728.2,23.1,6.17,Loamy,107.3,Yes,No,Improved,2.57
Rivers,Rice,2.36,2302.1,26.4,5.43,Loamy,154.1,Yes,No,Local,2.69
Ondo,Rice,0.88,1520.6,28.9,7.45,Sandy,124.2,Yes,No,Local,3.19
Osun,Yam,1.67,2076.2,29.8,6.16,Clay,88.3,Yes,No,Improved,9.09
Cross River,Yam,0.68,2031.3,26.8,5.3,Clay,131.1,No,No,Local,6.78
Ondo,Yam,1.4,2205.2,26.6,5.78,Sandy,105.5,No,No,Improved,9.29
Sokoto,Yam,0.57,410,35.6,5.66,Loamy,38.8,No,No,Local,5.45
Anambra,Yam,0.96,2002.3,24.2,5.47,Sandy,132.6,Yes,No,Improved,10.58
Bauchi,Yam,1.22,702.4,34,6.61,Sandy,74.2,No,No,Local,7.06
Akwa Ibom,Maize,0.23,2251.5,24.6,6.43,Loamy,87,Yes,No,Local,2.42
FCT,Cassava,3.55,1031.6,26.6,6.56,Clay,75,Yes,No,Improved,12.7
Rivers,Yam,0.79,2001.8,28.2,5.55,Clay,174.5,Yes,Yes,Improved,10.35
Cross River,Rice,7.07,2151.9,25.4,5.49,Clay,87,No,No,Improved,3.43
Akwa Ibom,Rice,5.04,1594.6,29.3,4,Loamy,82.2,Yes,No,Improved,3.41
Katsina,Rice,1.39,484.9,29.8,4.9,Sandy,107.7,Yes,No,Local,2.64
Rivers,Sorghum,0.42,2062,25,5.87,Loamy,33.6,No,No,Improved,1.41
Katsina,Rice,0.65,567.9,28.9,5.33,Sandy,113.6,Yes,Yes,Local,3.19
Benue,Cassava,2.39,1201.9,26.2,5.15,Sandy,122.6,Yes,No,Improved,11.55
Akwa Ibom,Maize,5.61,1557.8,23.1,6.46,Clay,97.9,Yes,No,Local,2.23
Kwara,Rice,2.82,1088.7,31.1,6.35,Loamy,5.1,Yes,No,Local,2.67
Edo,Maize,2.54,2290.9,29.8,6.26,Sandy,99.1,Yes,Yes,Improved,3.53
Lagos,Sorghum,6.33,1880.8,28.3,5.81,Clay,0,Yes,No,Local,1.15
Jigawa,Cassava,2.07,486,32.7,5.63,Sandy,105.7,Yes,No,Local,8.73
Ogun,Sorghum,1.62,1845.8,24.3,7.37,Sandy,9.3,No,No,Local,1.09
Kwara,Sorghum,0.87,1256.5,29.7,7.57,Sandy,120.4,Yes,No,Improved,1.31
FCT,Maize,0.56,1015.2,31,5.88,Clay,156.2,Yes,No,Local,1.83
Kano,Cassava,0.48,993.8,30.1,5.64,Clay,10,No,No,Local,8.38
Jigawa,Yam,2.92,598.4,36.7,5.2,Sandy,160.4,Yes,No,Local,5.69
Kebbi,Sorghum,0.84,850.1,31.5,5.95,Sandy,92.9,No,No,Local,1.07
Cross River,Maize,1.21,2121,26.4,5.55,Sandy,186.7,No,No,Local,1.66
Bauchi,Maize,1.98,826.2,29.5,5.51,Clay,155.3,No,No,Improved,2.63
Katsina,Yam,4.35,331.2,30.6,5.84,Sandy,120,Yes,No,Improved,10.08
Bayelsa,Sorghum,0.39,1977.2,25.4,6.13,Clay,37.5,No,No,Local,1.22
Kebbi,Cassava,1.7,819.4,29.8,6.35,Sandy,101.8,No,No,Local,9.63
Jigawa,Maize,0.53,598.2,29.1,5.23,Sandy,103.3,Yes,No,Local,2.16
Nasarawa,Rice,1.09,1337.6,24.9,5.08,Sandy,144.3,Yes,No,Local,3.67
Jigawa,Rice,1.22,381.5,37.5,6.27,Sandy,128.1,No,No,Local,2.36
Yobe,Cassava,3.17,397.1,33.2,6.16,Sandy,84.5,No,No,Improved,12.12
Sokoto,Rice,2.41,319.7,37.3,7.06,Clay,98.9,No,No,Improved,2.75
Kano,Cassava,1.09,648.8,33.3,5.25,Clay,167.8,No,No,Improved,9.93
Nasarawa,Sorghum,1.02,1087.5,27.3,5.84,Clay,38.9,Yes,No,Improved,1.66
Ondo,Rice,1.68,1587.9,29.5,6.29,Clay,124.5,No,No,Local,2.78
Anambra,Rice,4.48,1939.1,24.4,5.7,Clay,91.4,No,Yes,Improved,4.37
Bayelsa,Yam,0.8,2484.2,29.9,6.03,Loamy,87.6,No,No,Local,6.84
Imo,Sorghum,1.47,2493.8,25.8,6.36,Clay,111.4,Yes,Yes,Local,1.2
Kwara,Cassava,0.72,1448.5,28.8,5.47,Loamy,33.7,No,Yes,Local,7.8
Osun,Sorghum,1.16,1636.5,25.4,6.39,Sandy,75.5,Yes,No,Improved,1.71
Sokoto,Yam,1.39,374.8,36.9,6.65,Loamy,54.2,Yes,No,Improved,8.53
Ebonyi,Maize,1.11,1522.9,22.8,6.6,Clay,187.3,No,No,Local,2.39
Bauchi,Yam,1.72,879.9,34.1,6.41,Sandy,87.2,Yes,No,Improved,8.86
Nasarawa,Maize,0.84,1104.1,27.2,6.3,Loamy,121.2,No,No,Improved,2.61
Jigawa,Cassava,2.32,509.9,29,6.9,Clay,95.6,Yes,No,Local,8.84
Rivers,Maize,0.41,2454.7,26.5,5.69,Loamy,58.7,No,No,Improved,1.84
Niger,Sorghum,0.61,1000.2,30.4,6.49,Clay,26.1,No,No,Improved,1.42
Jigawa,Maize,6.9,524.8,31.5,5.86,Sandy,86.5,Yes,No,Improved,2.96
Kaduna,Cassava,1.27,898.7,31,5.33,Sandy,67.4,No,No,Local,8.65
Kwara,Sorghum,11.14,1445.8,31.8,4.29,Sandy,67.9,No,No,Improved,1.35
Nasarawa,Cassava,0.41,1183.3,28.8,6.3,Sandy,193.7,No,No,Improved,8.03
Kogi,Cassava,3.31,1446.2,29.8,5.34,Clay,76,No,No,Local,10.02
Nasarawa,Sorghum,0.65,1165.2,30.1,4.36,Clay,50.7,No,Yes,Local,1.64
Delta,Cassava,1.27,1931.9,23.5,6.02,Loamy,51.1,Yes,No,Local,7.93
Lagos,Cassava,2.31,1670.6,23.6,4.74,Loamy,63.3,No,No,Improved,8.88
Delta,Sorghum,1.25,1697.2,25,5.87,Sandy,117.1,Yes,Yes,Improved,1.35
Plateau,Sorghum,2.54,1015.7,28.3,5.45,Sandy,124.5,No,No,Local,1.17
Yobe,Rice,1.65,398.1,34.2,5.12,Sandy,144.7,No,No,Local,2.29
Jigawa,Rice,0.81,319.6,31.5,6.25,Sandy,50,Yes,No,Local,2.72
Ebonyi,Maize,0.68,1575.3,22.1,5.26,Clay,137.2,No,No,Local,2.27
Sokoto,Rice,0.98,332,30.4,6.66,Clay,76,No,No,Improved,3.37
Bayelsa,Cassava,1.47,1847.9,22.3,5.07,Clay,52.5,Yes,No,Local,9.96
Abia,Maize,5.74,1811.4,22.7,6.92,Clay,131.3,Yes,No,Local,2.01
Niger,Sorghum,2.44,1306.5,29.8,6.16,Loamy,24.3,No,No,Local,1.24
Taraba,Rice,0.93,1250.8,30.2,5.39,Sandy,121.4,Yes,No,Improved,4.78
Osun,Cassava,3.57,1952.7,24.5,5.34,Sandy,69.6,No,No,Improved,12.48
Akwa Ibom,Maize,0.58,2040.5,25,5.91,Loamy,111.3,No,No,Local,1.84
Abia,Yam,3.46,2097.4,29.4,7.19,Sandy,59,No,No,Local,6.38
Ebonyi,Sorghum,6.99,1702.7,26.2,5.66,Loamy,33.7,Yes,No,Local,1.13
Kebbi,Maize,4.35,948.1,34.9,5.54,Sandy,101.2,Yes,No,Local,1.97
Yobe,Yam,2.8,338.6,33.7,5.35,Sandy,71,No,No,Improved,7.56
Kebbi,Rice,2.62,632.8,27.4,6.33,Sandy,76.3,No,No,Local,3.24
Kogi,Yam,3.23,1274.3,25.5,4.42,Loamy,50.2,Yes,Yes,Improved,10
Edo,Rice,1.79,2255.1,27.2,6.58,Clay,135.6,Yes,No,Improved,4.07
Rivers,Rice,0.55,1920.3,22.3,5.33,Clay,185.7,Yes,No,Improved,3.22
Osun,Rice,3.21,2460.6,27.6,5.14,Loamy,106,No,No,Improved,2.74
Lagos,Cassava,13.48,2345.4,27.7,4.99,Sandy,20.8,No,No,Local,7.75
Enugu,Yam,2.68,2057.6,24,7.35,Loamy,68.7,Yes,No,Improved,9.37
FCT,Cassava,0.46,1329.5,29.9,4.97,Clay,159.1,Yes,No,Local,9.28
Katsina,Rice,1.66,551.6,29.8,5.42,Loamy,62.7,Yes,No,Improved,3.53
Ogun,Cassava,2.75,2486,22.7,5.57,Loamy,144.2,No,No,Local,8.29
Kano,Yam,1.21,737.7,34,6.31,Loamy,13.2,No,No,Improved,6.43
Katsina,Cassava,0.54,586.7,36,5.31,Loamy,129.5,No,Yes,Improved,12.01
Cross River,Cassava,1.53,1956.1,25.7,6.59,Sandy,66.6,No,No,Local,9.15
Cross River,Yam,1.25,2229.2,23.1,6.63,Loamy,132,No,No,Improved,7.68
Kogi,Yam,0.78,1330.5,29.5,6.29,Loamy,81.7,No,No,Local,8.93
Bayelsa,Cassava,0.74,2493.6,26.5,6.43,Sandy,84.7,Yes,No,Local,8.79
Plateau,Rice,0.3,1260.2,26,6.26,Sandy,157.9,Yes,No,Local,2.84
Ondo,Maize,0.86,1589.5,29.2,4.93,Loamy,146.1,No,No,Improved,2.13
Akwa Ibom,Yam,0.46,2079.4,26.5,5.79,Clay,151.1,Yes,No,Local,8.42
Bauchi,Yam,2.53,902.1,28.7,5.09,Clay,109.4,No,No,Improved,8.48
Yobe,Rice,2.01,652,37.8,5.71,Sandy,97.3,Yes,No,Local,2.38
Jigawa,Cassava,1.11,573.9,28.4,5.14,Clay,101.6,Yes,No,Local,10.16
Borno,Sorghum,4.28,417.8,36.2,6.72,Sandy,82.1,No,No,Local,1.27
Niger,Cassava,0.75,1131.2,27.1,6.84,Clay,78.6,No,No,Improved,9.35
Sokoto,Rice,3.18,579.2,36.4,6.63,Clay,166.4,No,No,Improved,2.63
Kwara,Sorghum,2.16,1321.1,31.6,5.71,Sandy,54.2,No,No,Local,1.06
Kebbi,Sorghum,0.53,950.3,32.5,5.08,Sandy,66.9,Yes,Yes,Improved,2.57
Borno,Cassava,4.39,481.5,35.1,6.07,Sandy,70.2,No,No,Improved,8.53
Bauchi,Yam,0.87,845.6,33.6,5.66,Sandy,139.7,Yes,No,Local,5.91
Kebbi,Rice,0.54,958.6,29.9,7.54,Clay,119.4,Yes,No,Improved,3.69
Nasarawa,Sorghum,0.65,1354.8,27.2,6.42,Loamy,52.9,No,No,Local,1.25
Ondo,Sorghum,1.83,2118.2,28.2,4.99,Clay,0,Yes,No,Improved,1.35
Nasarawa,Rice,1.38,1406.8,30.3,5.79,Clay,143.7,Yes,No,Improved,3.18
Kano,Rice,0.71,649.7,26.1,5.46,Loamy,87.8,No,No,Local,3.29
Akwa Ibom,Sorghum,1.7,2454.7,28.5,6.28,Loamy,72.1,Yes,No,Improved,1.38
Gombe,Cassava,3.69,635.2,26.2,5.68,Clay,89.9,Yes,No,Improved,11.41
Plateau,Yam,3.2,1398.5,29.4,6.78,Clay,71,No,No,Improved,9.42
Oyo,Maize,2.01,1819.4,24.7,4.47,Loamy,74.7,No,No,Improved,2.14
Enugu,Rice,3.12,1691.8,24.9,5.61,Loamy,93.6,No,No,Improved,3.98
Anambra,Rice,0.41,1917.4,27.5,7.38,Sandy,108.6,No,No,Local,2.5
Gombe,Yam,0.58,721.7,31.5,7.05,Clay,154.4,No,No,Improved,7.17
Yobe,Yam,2.59,422.3,33.7,5.01,Loamy,79.4,Yes,No,Local,5.68
Kwara,Cassava,9.76,1459.4,30,5.32,Clay,90.7,No,No,Improved,10.15
Ogun,Cassava,1.11,1578.6,24.7,6.33,Loamy,108.8,Yes,No,Local,9.27
Akwa Ibom,Cassava,1.73,1645.8,23.7,5.66,Clay,160.3,No,No,Local,8.53
Zamfara,Rice,0.21,667.7,33.1,5.06,Sandy,85.1,No,No,Local,2.07
Nasarawa,Rice,2.2,1390.2,24.6,6.53,Loamy,140.3,No,No,Improved,3.75
Edo,Maize,1.15,1562.7,25.3,5.93,Loamy,171.3,No,No,Local,2.57
Kebbi,Cassava,1.17,695.4,31.2,5.91,Sandy,86,No,Yes,Local,10.79
Ondo,Cassava,25,2149.4,22,5.74,Sandy,120.7,No,Yes,Improved,12.73
Abia,Yam,0.38,1774.9,27,5.93,Clay,139,No,No,Local,6.51
Abia,Yam,1.26,2354.1,28.1,6.17,Sandy,129.8,No,Yes,Local,8.49
Taraba,Yam,4.94,1422,28.2,5.89,Sandy,91.7,Yes,No,Improved,12.7
Akwa Ibom,Sorghum,1.53,2107.7,28.8,4.78,Clay,54.4,Yes,No,Local,1.07
Sokoto,Yam,4.98,687.1,32.9,5.46,Clay,85.2,Yes,No,Local,7.51
Kwara,Rice,1.93,1415.1,29.4,5.73,Loamy,47,Yes,No,Local,3.06
Zamfara,Yam,1.65,835.6,28.3,6.92,Clay,103.2,No,No,Improved,8.89
Plateau,Rice,0.58,1330.7,25.3,4.68,Clay,34.1,No,No,Improved,3.25
Jigawa,Maize,3.12,542.9,31.8,5.8,Clay,113.5,Yes,No,Local,2.04
Osun,Rice,1.76,1980.8,26,5.33,Sandy,133.2,Yes,No,Improved,4.52
Yobe,Maize,0.93,376,28.9,6.39,Clay,105.5,No,Yes,Local,2.56
Kebbi,Yam,1.87,937.7,29.6,6.05,Loamy,116.1,No,No,Improved,8.98
Enugu,Yam,0.72,1916.5,26.1,5.3,Sandy,82.4,No,No,Improved,8.58
Enugu,Yam,5.59,1569.5,22.1,6.32,Loamy,126.1,No,No,Local,6.17
Borno,Maize,1.29,393.2,30.3,6.27,Sandy,158.5,Yes,No,Local,2.31
Ekiti,Sorghum,1.03,2472.8,24.1,5.89,Loamy,79.2,Yes,No,Local,1.42
Kano,Maize,5.27,748.3,30.3,7.57,Clay,145.4,No,No,Local,2.09
Kwara,Maize,5.1,1486.8,24,5.4,Loamy,161.6,No,Yes,Local,2.31
FCT,Maize,1.46,1132,32,5.18,Sandy,150,No,No,Improved,1.03
Anambra,Rice,1.2,2408.5,24.5,6.39,Sandy,95.8,No,No,Improved,2.35
Akwa Ibom,Rice,7.01,2097,29,5.42,Clay,77.5,No,No,Improved,3.48
Lagos,Rice,1.83,2225.1,22.1,5.71,Clay,66.2,Yes,No,Improved,3.16
Kaduna,Maize,6.1,992.3,26.4,6.16,Loamy,124.1,No,No,Local,2.22
FCT,Yam,1.43,1274.2,28,5.9,Sandy,56.1,No,Yes,Local,7.99
Bayelsa,Rice,0.47,1542,25.3,5.18,Loamy,84,No,No,Local,2.13
Kwara,Yam,1.2,1465.8,28.2,6.07,Sandy,87.9,No,No,Local,6.31
Oyo,Maize,2.69,1878.1,23,5.74,Clay,199.4,No,No,Local,1.71
Oyo,Cassava,3.26,1951.5,23.4,5.64,Clay,29.6,No,Yes,Improved,14.61
Abia,Rice,6.16,1620.1,27.1,5.49,Clay,156.2,No,No,Improved,3
Kogi,Cassava,1.04,1286.2,29.7,6.1,Loamy,69.9,Yes,No,Improved,13.14
Oyo,Maize,2.23,2125.6,29.7,6.22,Clay,80,No,No,Local,1.91
Adamawa,Yam,0.64,1004.4,30.2,5.93,Loamy,93.8,No,Yes,Improved,4.04
Ogun,Sorghum,1.98,2333,28.4,6.03,Loamy,32.5,Yes,No,Improved,1.51
Taraba,Yam,9.73,1389,24.9,5.37,Sandy,94.6,Yes,No,Local,6.63
Akwa Ibom,Rice,0.74,1872.1,24,5.5,Loamy,72.9,Yes,No,Improved,3.62
Borno,Sorghum,0.43,494.4,30.7,6.52,Sandy,47.2,Yes,No,Improved,1.99
Katsina,Cassava,0.7,535.9,37.7,7,Sandy,105.2,No,No,Local,8.13
Kaduna,Sorghum,4.21,614.5,27.3,6.87,Sandy,23.2,No,Yes,Local,1.3
Kaduna,Cassava,0.59,615.8,30.5,6.38,Loamy,126,No,Yes,Local,11
Oyo,Cassava,0.82,1527,28.9,5.5,Loamy,43.6,Yes,No,Local,7.34
Nasarawa,Maize,3.29,1161.4,29.3,5.04,Loamy,170,Yes,Yes,Improved,3.48
Katsina,Rice,0.94,352.7,29.9,6,Loamy,136.6,No,No,Improved,3.24
Benue,Maize,1.1,1030.7,31.5,5.49,Clay,63.2,No,No,Local,2.34
Zamfara,Yam,2.21,968,30.4,6.52,Loamy,84.3,Yes,No,Improved,11.19
Kwara,Rice,1.22,1301.5,31.5,6.35,Loamy,121.5,No,No,Improved,3.71
Oyo,Maize,3.63,2066.2,23.6,6.45,Clay,76.9,Yes,No,Improved,3.4
Lagos,Maize,2,1777,29.1,4.93,Clay,35.3,No,No,Local,1.98
Osun,Yam,2.04,1697.7,24.8,7.24,Clay,104.8,Yes,No,Local,8.97
Ogun,Sorghum,0.63,2176,22.8,7.42,Clay,58.2,Yes,No,Local,1.08
Sokoto,Rice,0.57,604.4,34.4,6.44,Loamy,24,No,No,Local,2.04
Ekiti,Yam,5.69,2027.7,29,6.08,Loamy,121.6,No,No,Local,6.4
Kebbi,Yam,0.47,919.1,28.9,5.58,Loamy,90,No,No,Improved,10.51
Nasarawa,Cassava,0.26,1215.7,26.7,5.73,Loamy,75.3,No,No,Local,8.94
Oyo,Yam,2.25,1560.2,29.4,7.17,Clay,112.5,Yes,No,Local,8.38
Niger,Cassava,1.27,1089.7,27.2,6.04,Sandy,124.1,No,Yes,Local,9.4
Rivers,Cassava,0.94,2215.2,22.3,6.7,Clay,77,No,No,Improved,10.62
Ekiti,Maize,1.6,2471.5,29.2,5.94,Clay,58.4,No,No,Local,1.67
Delta,Maize,5.47,2366.4,27.5,6.98,Sandy,177.1,No,No,Local,1.31
Katsina,Yam,2.12,536.3,33.6,7.64,Sandy,48.6,Yes,No,Local,5.69
Niger,Sorghum,2.27,1206.7,30.4,5.25,Sandy,36.2,No,No,Local,1.26
Katsina,Cassava,0.63,486.9,36.1,6.15,Sandy,5.6,Yes,No,Local,6.35
Anambra,Rice,1.31,2478.3,23.2,6.39,Loamy,96.1,No,No,Improved,3.88
Ekiti,Rice,0.92,2211.4,22.3,4.71,Clay,68.6,No,No,Local,2.39
Ebonyi,Sorghum,1.81,2136.8,27.3,6.31,Sandy,141.4,Yes,No,Local,0.91
Adamawa,Cassava,1.59,1323.6,27.2,5.1,Loamy,81.3,No,No,Local,6.96
Edo,Rice,2.71,2420.7,28.3,7.25,Loamy,180.4,No,No,Improved,2.78
Benue,Rice,2.12,1072.8,25.9,7.05,Sandy,105.6,No,No,Local,2.45
Anambra,Cassava,0.48,2015,26.6,5.93,Loamy,55.2,No,Yes,Improved,11.09
Delta,Yam,0.2,2083.7,25.2,5.78,Sandy,157.6,Yes,No,Local,7.97
Ondo,Sorghum,1.9,1609,25.2,5.2,Sandy,99.2,No,No,Local,0.91
Kano,Rice,4.26,998.5,33.1,6.42,Clay,108.8,No,No,Local,2.51
Anambra,Rice,6,2304.6,27.8,4.2,Clay,129.1,No,Yes,Improved,3.76
Yobe,Yam,1.85,493.2,29.4,5.75,Clay,60.2,No,No,Local,8.01
Rivers,Rice,0.24,2183.5,22.9,6.03,Loamy,91.7,Yes,No,Improved,4.21
Oyo,Rice,5.12,2140.6,23.3,6.16,Loamy,80.8,Yes,No,Local,2.39
Ondo,Sorghum,0.41,2368.4,23.6,5.33,Clay,75.2,Yes,No,Local,1.18
Kwara,Maize,1.44,1289.7,30.5,5.89,Sandy,168.9,No,No,Local,1.65
Kano,Yam,0.59,937.5,26.9,4.41,Sandy,82.6,Yes,No,Local,8.55
Zamfara,Sorghum,0.65,875.5,33.8,5.6,Loamy,8.5,No,No,Improved,1.39
Abia,Rice,2.01,1683.4,27.3,6.28,Clay,180.1,No,No,Improved,3.93
Jigawa,Sorghum,0.91,510.7,35.3,6.07,Clay,85.9,Yes,No,Local,1.26
Borno,Cassava,1.23,442.3,28.4,5.63,Sandy,141,No,No,Improved,11.03
Borno,Maize,3.8,565.4,28.8,6.25,Loamy,52.6,Yes,No,Local,2.24
Gombe,Maize,1.33,893.8,28.7,6.02,Sandy,168.1,Yes,No,Improved,2.31
Ekiti,Rice,0.42,2389.5,28.1,4.76,Sandy,101.8,No,No,Improved,3.13
FCT,Cassava,1.27,1493.1,26.1,6.16,Loamy,84.3,Yes,No,Improved,13.04
Ondo,Maize,2.24,1907.3,24.9,5.5,Clay,128.9,No,No,Local,1.7
Imo,Rice,1.49,1643.6,27.7,6.41,Loamy,14.3,Yes,Yes,Improved,4.52
Ebonyi,Cassava,1.99,2222,28.7,5.55,Clay,58.5,No,No,Local,8.41
Lagos,Sorghum,1.74,1928.5,22.4,6.63,Sandy,42.1,No,Yes,Local,1.49
Kano,Yam,1.06,758.4,26.8,5.7,Loamy,112.6,No,Yes,Improved,9.33
Bayelsa,Maize,0.31,1558,28.2,5.79,Clay,79.3,No,No,Local,2.3
Oyo,Rice,3,1757,26.2,6.09,Clay,51.8,No,No,Local,2.59
Bayelsa,Yam,1.3,2479.6,23.7,5.63,Sandy,57.6,No,No,Local,7.15
Abia,Cassava,5.37,2327.6,22.9,6.44,Loamy,161.1,No,No,Local,7.9
Bauchi,Maize,3.38,769.5,29,5.54,Clay,92.7,No,Yes,Improved,3
Adamawa,Yam,3.78,1330.2,29.4,6.57,Sandy,200.2,Yes,No,Local,7.1
Enugu,Yam,0.93,1723.1,25.3,6.37,Clay,118.4,No,No,Improved,4.07
Sokoto,Rice,0.52,656.2,30.8,6.96,Loamy,174.6,No,Yes,Improved,3.82
Ekiti,Maize,0.49,1522,28.8,6.3,Clay,108.5,No,No,Local,1.89
Kwara,Rice,2.05,1184,29.7,5.98,Loamy,182,No,No,Improved,3.38
Borno,Sorghum,0.92,356.3,33.3,4.73,Sandy,24.9,Yes,No,Improved,1.95
Plateau,Rice,14.71,1495.7,30.9,5.56,Loamy,43.8,No,No,Local,0.77
Osun,Yam,14.21,2156.5,25.7,5.84,Loamy,142.4,No,No,Local,6.75
Ekiti,Cassava,1.98,1987.5,29.4,5.81,Clay,59,Yes,No,Improved,12.38
Bayelsa,Cassava,7.29,1828.3,28.7,5.82,Loamy,154.3,No,No,Local,8.45
Adamawa,Maize,0.6,1248.5,25.4,7.63,Clay,116.4,Yes,No,Improved,3.09
Cross River,Yam,4.27,1905.7,25.4,6.67,Clay,89.6,Yes,No,Local,8.09
Imo,Rice,0.79,2382.2,23.6,5.14,Loamy,127,No,Yes,Local,3.36
Cross River,Sorghum,6.49,1966.6,26.5,6.68,Clay,55.4,No,No,Improved,1.46
Katsina,Maize,0.44,605.8,37.6,5.61,Sandy,47.1,No,No,Improved,2.22
Delta,Yam,2.97,1726.3,27.6,5.61,Sandy,152.1,Yes,No,Local,8.64
Sokoto,Cassava,0.2,619.9,32.1,5.57,Clay,59.8,No,No,Improved,12.29
Edo,Yam,3.24,1656.7,27.1,5.02,Clay,148.3,Yes,No,Local,6.78
Taraba,Yam,2.64,1230.4,28.3,6.2,Loamy,96,No,No,Local,8.32
Abia,Yam,2.4,1543.2,26,6.34,Clay,105.8,Yes,Yes,Local,9.26
Sokoto,Maize,1.83,359.4,31.8,6.48,Sandy,72.1,Yes,No,Local,2.3
Benue,Cassava,0.75,1260,30.1,5.3,Clay,46.9,Yes,No,Improved,11.05
Sokoto,Yam,0.21,410.2,38,5.24,Sandy,39.3,No,No,Improved,7.12
Katsina,Rice,1.65,584.8,31.1,5.98,Sandy,143.8,No,No,Local,2.52
Ondo,Sorghum,0.34,1673.3,24.3,5.41,Sandy,78.4,Yes,No,Improved,1.53
Gombe,Yam,0.47,684.5,33.8,6.44,Sandy,65.2,Yes,No,Improved,7.97
Kebbi,Sorghum,1.36,938.9,33.2,6.88,Sandy,70.7,Yes,No,Improved,1.84
Plateau,Sorghum,1.29,1166.3,27.6,4.97,Sandy,57.4,No,Yes,Local,1.71
Kano,Maize,2.12,787.6,28.6,5.72,Sandy,140.5,Yes,No,Local,2.08
Osun,Rice,0.69,1673,28.9,4.8,Loamy,83.2,Yes,No,Local,3.01
FCT,Rice,4.79,1190.6,25.3,4.58,Clay,79.4,No,No,Improved,2.92
Edo,Yam,1.57,1825.1,24.9,6.1,Loamy,138.8,Yes,No,Local,7.74
Akwa Ibom,Maize,6.94,1611.3,28.3,5.05,Clay,30.4,No,No,Improved,2.3
Ekiti,Cassava,1.4,2198.3,25.2,5.61,Loamy,73.5,Yes,Yes,Improved,11.98
Rivers,Maize,8.83,2470.8,25.8,5.45,Loamy,115.8,Yes,No,Local,1.91
Adamawa,Sorghum,0.56,1276.9,28.1,6.34,Clay,62.2,Yes,No,Local,1.09
Ondo,Sorghum,7.04,2221.7,24.4,7.03,Clay,135.7,Yes,No,Improved,1.29
Lagos,Yam,0.83,1668.5,25,6.89,Clay,48.3,Yes,No,Local,7.06
Taraba,Yam,2.19,1113.4,28.7,5.89,Clay,69.2,Yes,No,Local,9.44
Ebonyi,Sorghum,4.55,1510.3,22.8,6.88,Loamy,71.2,No,Yes,Local,1.37
Plateau,Sorghum,0.76,1141.9,26.1,5.11,Loamy,4.2,No,No,Improved,1.24
Ondo,Rice,2.44,1851.8,23.9,5.37,Clay,101.7,No,No,Local,2.8
Niger,Cassava,1.8,1108.1,26.6,4.86,Loamy,106.3,Yes,Yes,Improved,13.61
Oyo,Yam,1.83,1747.5,26.9,5.65,Clay,119.5,No,Yes,Local,11.32
Ogun,Yam,1.38,2284.2,25.8,5.7,Loamy,42.1,Yes,No,Improved,10.31
Bayelsa,Yam,0.51,2305.9,28.1,5.94,Clay,122.3,Yes,No,Improved,12.94
Nasarawa,Sorghum,1.86,1456.7,29.5,6.14,Loamy,18.9,No,No,Improved,1.33
Kano,Rice,1.48,679.4,29,5.98,Sandy,58.2,Yes,No,Local,2.62
Osun,Yam,1,1914.9,29.4,6.66,Clay,172.4,Yes,Yes,Improved,10.74
Borno,Yam,0.59,567.1,35.7,6.56,Sandy,80.4,No,No,Local,4.66
Nasarawa,Sorghum,0.74,1313.5,27.8,5.96,Loamy,99.5,Yes,No,Local,1.38
Abia,Sorghum,1.49,2262.9,23.7,6.27,Loamy,53.8,Yes,Yes,Local,1.57
Kebbi,Yam,1.04,742.5,29,6.28,Clay,55,No,No,Improved,8.88
Enugu,Sorghum,1.27,1529.3,27.8,6.49,Loamy,85.7,Yes,No,Improved,1.6
Zamfara,Yam,2.78,691.2,33.5,6.84,Sandy,109.1,Yes,No,Local,7.08
Benue,Sorghum,0.35,1101.5,29.8,5.67,Loamy,102.3,Yes,Yes,Local,1.73
Enugu,Yam,2.3,1537.2,28.9,6.74,Clay,83.5,Yes,No,Improved,9.65
Cross River,Maize,7.57,1540.3,23.3,6.36,Clay,91.4,No,No,Improved,1.35
Rivers,Sorghum,3.79,1736.2,28.4,6.73,Sandy,142.6,No,No,Improved,0.86
Kogi,Maize,4.29,1208.7,29.5,6.35,Loamy,120.1,No,No,Local,2.25
Lagos,Cassava,3.88,2487.8,25.5,5.82,Loamy,40,Yes,No,Improved,11.65
Katsina,Rice,1.18,356.5,30.6,5.71,Sandy,87.5,No,No,Improved,3.68
Ekiti,Yam,1.17,2374.8,29.4,4.32,Clay,86.6,No,No,Improved,7.51
Sokoto,Yam,0.49,585.1,32.6,7.01,Loamy,35.4,No,No,Improved,7.67
Yobe,Sorghum,1.19,624.3,28.6,5.26,Clay,4.4,Yes,Yes,Local,1.28
Akwa Ibom,Rice,0.82,1917.3,27.4,7.32,Sandy,90.5,No,No,Improved,2.63
Oyo,Rice,0.49,1827.4,24.8,6.44,Clay,130.8,No,No,Local,2.43
Ekiti,Cassava,0.62,2035,23.3,5.92,Clay,140.3,No,No,Improved,10.13
FCT,Yam,1.44,1141.4,30.7,5.53,Loamy,78.2,No,No,Local,9.71
Kogi,Cassava,0.6,1190.9,26.8,5.88,Sandy,17.3,Yes,No,Improved,11.26
Taraba,Maize,1.02,1257,30.3,7.36,Loamy,156.7,Yes,No,Improved,2.96
Bauchi,Cassava,1.12,741.4,26.1,5.45,Clay,146.6,Yes,No,Local,7.48
Kogi,Sorghum,0.25,1002,27.8,6.15,Sandy,91.2,No,No,Improved,1.59
Zamfara,Sorghum,12.54,777.1,26.9,5.56,Sandy,74.5,No,No,Local,0.87
Plateau,Rice,2.07,1443,30.9,5.34,Clay,102.4,Yes,No,Improved,3.58
Ogun,Maize,1.32,1560.5,23.4,6.55,Loamy,150.7,No,No,Local,1.74
Adamawa,Sorghum,3.29,1003.2,27.6,6.32,Loamy,98.6,No,No,Improved,1.64
Ebonyi,Sorghum,0.21,1721.2,29.7,6.13,Loamy,108.2,No,No,Local,1.09
FCT,Maize,0.79,1371.4,29.4,5.71,Loamy,154.3,No,No,Improved,2.76
Kebbi,Rice,0.46,792.7,32,5.58,Loamy,85.2,Yes,No,Improved,3.8
Gombe,Yam,1.49,791.3,26.9,6.41,Loamy,67.5,No,No,Improved,10.91
Enugu,Rice,0.72,2160.8,23.2,5.68,Clay,93.5,Yes,No,Local,2.24
Kaduna,Yam,6.93,838.5,34.1,5.07,Clay,34.9,Yes,No,Local,6.81
Abia,Rice,4.08,1984.6,23.3,5,Clay,142.3,Yes,No,Improved,3.17
Kaduna,Sorghum,0.95,996,29.8,6.2,Loamy,31,No,No,Local,0.46
Bauchi,Rice,0.66,905.8,27.9,6.87,Loamy,44.5,No,Yes,Local,2.91
Zamfara,Maize,9.4,828.7,33.3,5.75,Loamy,77.4,Yes,No,Improved,2.55
Ogun,Rice,4.11,1910.1,24.2,5.6,Clay,126.4,No,Yes,Local,3.49
Taraba,Maize,1.26,1032.4,31.5,5.8,Sandy,125.3,Yes,No,Local,0.87
Nasarawa,Yam,0.2,1013,28.4,5.54,Loamy,65.9,No,Yes,Local,9.99
Sokoto,Yam,0.57,609.2,29.7,7.08,Sandy,70.7,No,No,Improved,10.25
Ogun,Rice,2.33,2184.4,29.9,5.36,Clay,193.5,No,No,Improved,2.34
Jigawa,Sorghum,2.6,513,30.9,6.13,Sandy,52.3,No,No,Local,1.44
Oyo,Cassava,2.21,1654,22.1,5.68,Loamy,108,No,No,Improved,11.14
Ekiti,Maize,2.17,1506.7,22.3,6.86,Sandy,190.8,No,No,Improved,2.21
FCT,Rice,5.27,1424,25.6,4.2,Clay,133,Yes,No,Local,2.78
Kwara,Cassava,2.23,1331.2,26.6,4.57,Clay,73.2,No,No,Local,8.55
Kaduna,Cassava,5.24,963.3,29.4,6.95,Sandy,120.8,No,No,Improved,13.71
Borno,Sorghum,0.57,699.1,34,6.76,Sandy,106.9,Yes,No,Local,1.54
Ekiti,Maize,0.2,2270.3,23.2,6.72,Clay,134.3,Yes,No,Improved,2.87
Adamawa,Rice,1.72,1161.2,28.3,4.8,Loamy,115.5,No,No,Improved,3.41
Akwa Ibom,Yam,3.29,1645.1,29.8,7.12,Loamy,88.6,Yes,Yes,Local,8.49
Kogi,Yam,0.47,1269.9,30.8,5.46,Clay,123.8,Yes,No,Improved,11.24
Enugu,Yam,1.34,2478.9,26.8,6.22,Clay,189.8,Yes,No,Improved,7.07
Kaduna,Rice,0.97,676.4,27,5.95,Clay,95.7,No,No,Improved,2.81
Osun,Rice,1.63,1860.4,25.2,6.57,Sandy,74.1,No,No,Local,2.87
Delta,Yam,1.79,1554.5,24.8,6.53,Clay,123.3,No,No,Improved,9.88
Oyo,Yam,2.15,2107.2,28.3,5.06,Loamy,123.5,No,No,Improved,6.67
Katsina,Sorghum,1.82,658.9,28.3,5.41,Sandy,80.5,No,Yes,Improved,1.83
Niger,Maize,4.5,1473.7,31.2,6.04,Sandy,118.9,No,No,Local,2.08
Osun,Cassava,1.18,2025.2,28.4,6.12,Loamy,119.9,No,No,Local,7.92
Jigawa,Sorghum,0.2,456.5,32.6,6.32,Clay,74.9,No,No,Local,1.31
Niger,Sorghum,1.94,1311,30.5,7.04,Clay,10.9,Yes,Yes,Local,1.67
Kogi,Cassava,0.98,1488.8,31.2,6.27,Sandy,0,No,No,Local,8.57
Kano,Sorghum,4.43,960,31.9,5.22,Clay,78.7,No,No,Local,1.03
Niger,Maize,0.9,1433.8,26.1,6.39,Sandy,81.7,Yes,No,Improved,2.4
Akwa Ibom,Cassava,1.07,1732,29.2,7.51,Clay,58.2,No,No,Improved,7.94
Enugu,Rice,0.99,2188.5,24.3,6.06,Loamy,107.4,No,No,Local,3.08
Kebbi,Cassava,6.79,705.5,27.2,6.19,Loamy,93.2,No,No,Local,7.96
Akwa Ibom,Maize,3.36,1556.2,27.9,6.08,Clay,83.7,No,No,Local,2.41
Kwara,Cassava,2.47,1148,31.7,6.47,Loamy,96,No,No,Local,5.74
Kogi,Yam,0.59,1127.8,25.1,5.41,Sandy,117.4,Yes,No,Local,9.2
Borno,Yam,1.17,446.1,35,6.92,Clay,89.3,No,No,Local,5.92
Jigawa,Yam,2.02,632.6,36.8,5.72,Clay,86.9,No,No,Improved,3.42
Lagos,Yam,0.66,2098.1,22.4,5.52,Sandy,105.6,Yes,No,Local,9.72
Kwara,Sorghum,2.18,1190.9,31.3,5.31,Sandy,35.7,No,No,Local,1.31
Taraba,Sorghum,1.78,1094.5,27.6,5.71,Loamy,43.4,Yes,Yes,Local,1.44
Akwa Ibom,Rice,2.47,2066.7,22.8,5.56,Clay,77.6,No,No,Local,3.1
Zamfara,Yam,1.36,901.3,27.7,6.91,Sandy,114.5,Yes,No,Improved,9.94
Bayelsa,Cassava,1.85,1799.8,24.5,6.22,Clay,124.6,No,No,Local,8.89
Kebbi,Sorghum,1.24,871.9,31.4,5.03,Loamy,124.5,No,No,Local,1.02
Bayelsa,Cassava,2.33,1708.7,25.5,5.82,Loamy,127.3,Yes,No,Local,8.75
Ondo,Yam,3.47,1732.8,24.3,5.58,Clay,122,Yes,No,Local,8.25
Taraba,Cassava,0.89,1123.3,26.9,6.78,Clay,27.8,No,No,Local,7.79
Edo,Cassava,5.85,1912.8,29.1,5.35,Clay,135.1,No,Yes,Improved,12.92
Ekiti,Maize,0.85,1606.5,25.7,6.62,Clay,148.3,No,No,Local,2.26
Taraba,Sorghum,4.62,1142.6,25.8,5.41,Clay,32.8,Yes,No,Improved,1.71
Abia,Cassava,1.58,1726.4,29.2,5.93,Clay,104.8,No,Yes,Local,10.94
Bauchi,Yam,2.72,786.7,26.1,5.66,Sandy,179.1,No,No,Local,6.75
Taraba,Sorghum,0.72,1256.7,27.6,5.27,Loamy,12.1,Yes,No,Local,1.17
Kaduna,Cassava,0.94,780.1,29.3,6.5,Sandy,98,No,No,Improved,11.44
Katsina,Cassava,0.62,328,31.4,5.54,Sandy,73.1,No,No,Improved,9.77
Kaduna,Rice,3.05,608.3,27.8,5.96,Loamy,84.2,Yes,No,Local,3.7
Delta,Yam,1.86,2100.1,25.9,6.36,Sandy,73.6,Yes,No,Local,8.55
Zamfara,Yam,1.5,733.4,33.6,6.36,Clay,137.9,No,No,Improved,7.32
Delta,Maize,1.97,2150.1,26.9,5.94,Clay,113.7,Yes,No,Local,2.16
Zamfara,Yam,3.26,848.2,28.3,5.39,Clay,18,No,No,Improved,8.22
Gombe,Cassava,2.57,994.1,28.2,7.21,Sandy,72.2,Yes,Yes,Improved,12.99
Ogun,Sorghum,0.8,2271.7,25.7,6.21,Clay,0,No,Yes,Improved,1.2
Delta,Maize,0.97,2056.2,24.9,6.29,Clay,120.4,Yes,No,Local,2.17
Ebonyi,Maize,6.16,1569.1,24.2,5.17,Clay,92.2,No,No,Local,2
Bayelsa,Cassava,0.36,2002.7,28.1,6.56,Loamy,140.7,No,No,Improved,13.39
Borno,Yam,0.61,556.2,34.2,5.83,Loamy,188.2,No,No,Improved,7.44
Imo,Cassava,0.88,2161,29,5.41,Loamy,89.1,No,No,Local,6.41
Osun,Cassava,2.01,2339.3,23.5,6.14,Loamy,59.6,Yes,No,Improved,8.17
Gombe,Maize,2.7,641.1,29.1,6.16,Loamy,228.2,Yes,No,Improved,3
Imo,Cassava,5.22,1683.4,26.1,6.63,Loamy,74.1,No,No,Improved,10.78
Ebonyi,Yam,0.78,1591,23.7,6.46,Loamy,68.9,Yes,No,Local,9.13
Sokoto,Rice,2.06,402.3,34.7,6.38,Clay,143.9,Yes,No,Improved,3.37
Sokoto,Sorghum,4.65,536.6,32.4,5.43,Clay,113.2,No,No,Local,1.01
Zamfara,Rice,1.1,634.8,29.3,6.07,Loamy,74.2,No,No,Improved,3.54
Kebbi,Cassava,5.18,954.8,26,6.68,Clay,56.7,No,No,Local,8.13
Rivers,Maize,2.78,1835.2,26.2,5.44,Loamy,104.9,No,No,Improved,2.52
Edo,Sorghum,0.48,2348.2,28,5.84,Sandy,90.6,No,No,Improved,1.54
Kogi,Yam,1.56,1103.8,30.8,5.58,Loamy,91.9,Yes,No,Local,10.06
Jigawa,Maize,1.84,364.6,29.8,6.32,Clay,32.3,Yes,No,Improved,2.22
Zamfara,Rice,0.38,783.8,29.3,7.21,Clay,93.8,No,No,Local,3.08
Borno,Rice,4.33,545.4,30.7,5.49,Clay,39.7,No,No,Improved,3.56
Cross River,Yam,0.59,1920.9,29.8,6.55,Sandy,74.9,Yes,No,Local,8.28
Kebbi,Sorghum,1.32,840.5,32.1,6.89,Loamy,62.4,Yes,No,Local,1.45
Jigawa,Cassava,1.01,553.1,35,6.02,Sandy,109.1,No,No,Local,7.84
Jigawa,Sorghum,2.58,463.4,30.7,5.23,Sandy,83.6,No,No,Improved,1.81
Gombe,Yam,11.01,615.9,33.3,6.26,Loamy,50.9,No,No,Improved,7.64
Gombe,Maize,0.45,954.7,26.9,6.51,Clay,68.5,No,No,Local,1.98
FCT,Rice,0.77,1134.7,26.4,5.98,Loamy,96.4,No,No,Improved,3.43
Rivers,Rice,2.97,2487,24.9,5.74,Clay,71,No,No,Local,3.07
Plateau,Sorghum,0.47,1265.6,27.6,6.33,Clay,83.3,No,No,Local,1.27
Kogi,Cassava,0.42,1248.7,27.2,4.67,Loamy,59.7,No,No,Local,7.68
Kaduna,Yam,2.46,881.1,32.5,5.14,Sandy,116.5,Yes,No,Improved,9.01
Nasarawa,Maize,0.66,1074.3,26.1,5.28,Clay,136.7,Yes,No,Improved,3.37
Oyo,Rice,1.18,1541.3,22,6.71,Clay,125.9,No,No,Local,1.08
Kebbi,Maize,0.73,875.1,29.5,5.47,Clay,44.7,No,No,Improved,2.73
Zamfara,Yam,1.32,889,34.5,5.48,Sandy,145.4,No,No,Improved,7.81
Rivers,Maize,1.02,1920.5,24.8,6.27,Loamy,92.7,Yes,Yes,Local,2.34
Bauchi,Rice,1.24,607,32.9,5.91,Sandy,112.1,No,No,Local,2.38
Plateau,Yam,3.46,1366.2,26.8,6.8,Loamy,48.7,No,No,Local,8.43
Cross River,Yam,0.3,2167.6,23.2,5.84,Sandy,99.9,No,No,Improved,8.68
Abia,Sorghum,6.64,1871.8,29.3,5.18,Loamy,0,Yes,No,Improved,1.26
Cross River,Cassava,0.87,2410.4,28.9,6.03,Clay,71.2,No,Yes,Local,11.44
Plateau,Sorghum,1.43,1490,28.1,5.59,Clay,35.4,No,No,Local,1.24
Kano,Yam,1.67,853.5,33.1,6.21,Sandy,96.8,No,No,Local,6.95
Cross River,Cassava,0.27,2175.8,29.2,5.65,Clay,130.4,Yes,Yes,Improved,14.55
Kaduna,Sorghum,4.32,801.1,28.4,6.83,Sandy,60.9,Yes,No,Improved,2.16
Kwara,Maize,1.07,1041.7,28.6,5.36,Clay,126.5,No,No,Improved,2.48
Edo,Maize,0.86,1783.4,27.5,5.56,Clay,146,Yes,No,Local,2.46
Ogun,Maize,1.16,2046.8,22.9,6.69,Clay,189.8,Yes,No,Local,1.82
Kwara,Sorghum,0.43,1353.3,27.3,5.07,Clay,15,No,No,Local,1.02
Jigawa,Yam,1.59,525.6,31.5,6.21,Sandy,153.1,No,No,Improved,9.17
Akwa Ibom,Yam,0.56,2236.4,26.4,5.7,Sandy,75.2,No,No,Local,6.93
Kogi,Yam,3.6,1152.8,30,6.76,Sandy,70.3,Yes,Yes,Local,10.27
Benue,Yam,2.13,1079.3,29.3,6.04,Loamy,119.5,No,No,Local,8.29
Oyo,Rice,1.72,2436,26.5,6.74,Loamy,21.6,Yes,No,Local,2.67
Delta,Cassava,1.27,1908.4,25.4,5.27,Sandy,0,Yes,No,Local,7.64
Enugu,Maize,0.79,2394,29.2,4.46,Clay,137.4,Yes,No,Local,2.08
Enugu,Maize,0.21,2236.7,22.9,5.83,Clay,109.5,Yes,No,Local,2.17
Katsina,Sorghum,3.54,502.3,32.4,5.47,Sandy,92.8,No,No,Improved,1.84
Borno,Sorghum,3.11,419.3,32.2,6.19,Sandy,115.2,No,No,Local,1.19
Plateau,Rice,0.97,1329.8,27.9,6.83,Loamy,177.9,No,No,Improved,3.16
Cross River,Yam,0.57,1657.5,23.2,6.12,Loamy,142.5,Yes,No,Local,7.2
Sokoto,Sorghum,21.15,453,35.1,5.49,Loamy,56.6,No,No,Local,1.49
Benue,Cassava,0.93,1466.9,26.4,5.6,Loamy,42.2,No,No,Local,9.39
FCT,Yam,1.34,1244.6,28,6.29,Sandy,134.4,Yes,Yes,Improved,10.49
Katsina,Sorghum,1.45,558.3,30.1,6.49,Clay,45.4,Yes,No,Improved,1.65
Gombe,Cassava,1.51,828.9,27.2,5.58,Sandy,108,No,No,Improved,11.31
Rivers,Cassava,0.88,1861.1,23.5,5.16,Loamy,112.9,Yes,No,Local,10.29
Bauchi,Cassava,1.72,895.8,32.5,6.28,Sandy,0,No,No,Local,6.14
Cross River,Cassava,3.15,2146.2,29.6,6.34,Sandy,97.1,Yes,No,Improved,12.3
Nasarawa,Rice,1.41,1186.5,26.3,6.21,Clay,129.8,No,Yes,Local,3.93
Cross River,Yam,1.27,2231.5,22.9,5.03,Clay,80.4,Yes,No,Improved,3.62
Enugu,Maize,0.47,2104.5,26.1,6.52,Clay,150.7,Yes,No,Improved,2.69
Sokoto,Yam,1.74,648.7,31.6,6.51,Loamy,106.2,No,No,Improved,6.71
Delta,Cassava,3.57,1784.1,27.5,5.3,Clay,145.9,No,No,Local,7.68
Sokoto,Rice,1.34,615.2,36.9,5.66,Sandy,180.9,No,No,Improved,3.51
Cross River,Cassava,0.64,2236.1,22.1,5.46,Sandy,37.5,No,No,Local,7.02
Plateau,Yam,3.56,1228.1,29.8,7.17,Clay,113.7,No,No,Improved,9.12
Edo,Rice,0.4,2226.2,27.5,6.08,Clay,76.1,No,No,Local,2.85
FCT,Yam,0.85,1325.3,24.3,6.29,Loamy,126.1,Yes,No,Improved,10.32
Plateau,Cassava,1.08,1331.4,24.6,6.07,Sandy,17.3,Yes,No,Improved,9.31
Ogun,Rice,23.4,2042.9,23.4,6.85,Loamy,130.3,No,No,Improved,2.7
Osun,Cassava,2.49,1534.6,27.9,5.73,Clay,104.1,Yes,No,Local,11.95
Nasarawa,Sorghum,1.93,1454.4,28.8,6.45,Loamy,119.6,Yes,No,Local,1.4
Borno,Sorghum,2.9,374.6,37,6.65,Sandy,108.9,No,No,Local,0.81
Gombe,Rice,0.75,728.7,30.5,6.38,Loamy,74.1,No,No,Improved,3.24
Jigawa,Yam,1.32,481,28.8,5.86,Sandy,66.2,No,Yes,Improved,10.78
Rivers,Sorghum,0.98,1630.9,26,6.13,Clay,14.7,No,No,Improved,1.39
Kaduna,Maize,1.76,664.5,33.3,5.26,Loamy,75.1,No,No,Improved,2.53
Abia,Yam,0.44,2043.8,24.8,4.92,Clay,146.8,No,No,Local,8.02
Ogun,Yam,3.55,2302.8,25.1,6.23,Clay,41.2,Yes,No,Improved,9.48
Delta,Cassava,1.58,1903.7,28.5,5.89,Sandy,119.8,Yes,No,Local,9.77
FCT,Yam,2.65,1024.5,27.5,6.43,Loamy,100.2,No,No,Local,8.36
Delta,Sorghum,0.74,1648,23.2,6.09,Clay,92,No,No,Local,1.32
Ebonyi,Maize,1.64,2277.4,24,6.11,Loamy,41.4,No,No,Improved,2.57
Zamfara,Rice,0.2,617.4,26.3,5.91,Loamy,173.8,Yes,No,Improved,4.25
Kogi,Rice,2.65,1294.4,29.6,4.81,Loamy,82.9,No,No,Improved,3.7
Borno,Sorghum,0.83,350.5,29.6,6.11,Sandy,14.8,No,No,Improved,1.46
Kaduna,Sorghum,5.25,703.3,28,6.64,Sandy,52.4,Yes,No,Improved,1.92
Nasarawa,Yam,4.48,1103.7,26.4,6.3,Sandy,159.1,No,No,Local,8.13
Enugu,Yam,0.36,2304.2,29,4.65,Loamy,87.8,No,No,Local,8.52
Nasarawa,Cassava,0.9,1340.1,29,6.71,Loamy,69.9,No,No,Improved,11.91
Enugu,Rice,2.16,1521.1,22.2,5.51,Clay,99,Yes,Yes,Local,3.03
Ekiti,Cassava,2.88,1500.6,28.6,5.46,Clay,86.2,No,No,Local,6.78
Ebonyi,Rice,2.07,1633.7,29.3,6.71,Clay,53.7,No,No,Local,2.82
Nasarawa,Maize,0.29,1368.2,25,7.12,Loamy,188.4,Yes,No,Improved,2.12
Adamawa,Yam,2.67,1277.9,27.8,6.78,Clay,87,No,Yes,Improved,11.38
Delta,Sorghum,1.22,1722.9,25.2,6.4,Clay,54.9,No,No,Local,1.13
Rivers,Cassava,0.39,2016.6,26.3,4.76,Loamy,165.5,No,No,Improved,9.98
Kano,Sorghum,0.65,777.6,29.7,6.03,Sandy,39.6,Yes,No,Improved,2.55
Kogi,Maize,1.06,1454.6,24.5,6.14,Sandy,108.6,No,Yes,Improved,3.43
Taraba,Sorghum,0.47,1485.8,27.9,4.69,Clay,88,Yes,Yes,Local,1.45
Kebbi,Rice,5.49,970.8,29.1,7.34,Sandy,195.3,Yes,No,Improved,2.64
Oyo,Maize,0.97,1877.8,26.7,5.73,Clay,126.6,Yes,No,Improved,2.87
Ondo,Sorghum,1.73,2465,27,5.53,Clay,0,No,Yes,Improved,1.56
Kaduna,Rice,5.97,857.2,31,6.31,Loamy,157.9,No,No,Local,2.73
Gombe,Sorghum,2.97,678.2,34.8,5.73,Loamy,17.9,No,Yes,Improved,1.99
Anambra,Cassava,1.68,1772.4,25.3,6.2,Loamy,74.8,No,No,Improved,10.73
Ogun,Rice,2.48,2129.3,22.5,5.9,Clay,137.5,No,No,Improved,3.21
FCT,Yam,2.88,1048.4,28,6.57,Sandy,78.6,No,No,Improved,11.37
Enugu,Cassava,1.17,2358,26,6.66,Clay,92.4,No,No,Local,7.44
Borno,Sorghum,2.32,338,28.9,6.15,Clay,68.5,No,No,Improved,1.67
Sokoto,Maize,2.65,696.5,29.3,5.81,Loamy,132.4,No,No,Local,1.92
Adamawa,Maize,3.04,1420,26.2,5.44,Loamy,100.1,No,No,Local,1.88
Ogun,Maize,10.56,1956.5,26,6.97,Sandy,121.8,No,No,Local,2.05
Delta,Yam,1.13,2041.4,29.6,7.01,Clay,111.7,No,No,Local,7.31
Anambra,Sorghum,1.2,1917.4,27.8,7.06,Clay,18.2,Yes,No,Improved,1.05
FCT,Yam,10.39,1261.7,26.7,6.72,Loamy,88.7,Yes,No,Improved,11.29
Taraba,Rice,4.09,1138.4,28.2,6.77,Sandy,122.7,No,No,Local,3.25
Ondo,Cassava,1.33,2183.9,22.9,7.45,Clay,127.5,No,Yes,Improved,10.84
Jigawa,Rice,0.45,552.4,30,5.87,Loamy,130,Yes,No,Local,2.77
Sokoto,Cassava,1.16,300.8,30.1,5.61,Clay,102.4,Yes,No,Improved,13.25
Rivers,Sorghum,2.8,2296.5,30,6.66,Loamy,88.5,No,No,Local,1.23
Akwa Ibom,Maize,2.5,2331.3,27.8,6.27,Loamy,63.5,Yes,No,Improved,2.2
Imo,Maize,2.85,2199.8,22.8,6.57,Loamy,160,Yes,No,Local,2.1
Yobe,Sorghum,0.88,581.7,33.3,5.81,Sandy,55,No,No,Local,1.34
Abia,Cassava,1.87,1806.3,26.4,6.44,Clay,73.9,No,No,Local,8.59
Edo,Maize,1.26,1685.6,22.2,6.1,Loamy,76.5,No,Yes,Local,1.73
Niger,Maize,1.1,1291.2,28.5,5.07,Sandy,112.8,Yes,Yes,Local,2.59
Abia,Sorghum,1.38,1521.7,26.8,4.89,Sandy,41,No,No,Improved,1.39
Enugu,Sorghum,1.63,2256.7,23.5,5.79,Loamy,113.2,No,No,Local,1.07
Gombe,Sorghum,0.43,972.5,26.5,6.79,Sandy,0,No,No,Improved,1.15
FCT,Rice,5.28,1360.1,24.8,7.33,Sandy,109.9,No,No,Improved,3.5
FCT,Sorghum,3.95,1166.8,26.5,6.8,Loamy,77.5,Yes,No,Improved,1.73
Zamfara,Sorghum,0.91,713.6,34.9,5.7,Sandy,34.5,Yes,No,Local,1.56
Kogi,Cassava,0.76,1331,24.8,6.75,Loamy,170.5,Yes,No,Local,9.12
Kaduna,Rice,1.84,722.9,30.9,5.21,Loamy,145.5,Yes,No,Local,2.16
Zamfara,Rice,0.75,714.3,26.1,4.96,Loamy,71.8,Yes,No,Local,2.52
Gombe,Cassava,2.77,995.5,26.8,6.56,Loamy,156.4,No,No,Local,8.08
Nasarawa,Rice,0.2,1352.4,27,6.57,Clay,77.6,No,No,Local,2.92
Yobe,Sorghum,0.83,328.4,32.6,6.6,Sandy,43.9,No,No,Local,1.58
Abia,Yam,3.71,1546.1,29.5,5.75,Loamy,78.3,No,Yes,Improved,11.81
Bayelsa,Maize,3.27,2169.2,29.1,5.85,Clay,68.3,No,No,Local,1.82
Sokoto,Sorghum,0.86,650.7,35.2,6.05,Loamy,43.3,Yes,No,Improved,2.07
Ebonyi,Rice,3.42,1534.2,29.5,5.51,Clay,73.3,Yes,No,Improved,4.65
FCT,Yam,1.01,1280.4,25.9,6.58,Loamy,132.6,No,No,Local,7.29
FCT,Sorghum,1.5,1306.5,25.2,7.15,Loamy,38.2,Yes,Yes,Local,2.01
Kebbi,Rice,0.31,843.7,31.9,6.45,Clay,155.6,No,No,Local,3.16
Osun,Sorghum,2.41,2267.2,27.1,6.13,Clay,54.3,No,Yes,Improved,2.05
Katsina,Yam,3.93,530,32.4,6.19,Loamy,71.7,No,No,Local,2.26
Enugu,Yam,5.06,2459.2,26.5,6.23,Loamy,83.4,Yes,No,Local,3.76
Taraba,Sorghum,3.58,1375.2,25.9,6.84,Loamy,176.4,No,No,Local,0.79
Ekiti,Sorghum,3.16,1769.7,29.8,6.79,Clay,131.1,No,No,Local,1.06
Borno,Cassava,1.91,513.5,36.6,6.71,Sandy,86.5,No,No,Local,7.66
Akwa Ibom,Yam,2.22,1841.7,27,7.48,Clay,91.8,Yes,No,Local,7.04
Kebbi,Maize,3.51,678.3,28.2,4.67,Loamy,145.1,Yes,No,Local,1.98
Imo,Yam,1.2,2193.1,29.1,6.3,Sandy,132.9,No,No,Improved,5.5
Oyo,Maize,1.18,1620.3,22.3,5.56,Loamy,63.6,No,Yes,Local,2.12
Gombe,Sorghum,0.25,960.8,31,5.97,Sandy,0,Yes,No,Improved,1.52
Benue,Cassava,0.89,1394.2,27.5,6.22,Clay,28.3,Yes,No,Local,10.47
Kwara,Maize,9.03,1391.3,24,5.86,Sandy,122.2,No,Yes,Improved,3.01
Ondo,Sorghum,2.06,1867.2,24.5,5.91,Clay,66.3,Yes,Yes,Improved,1.93
FCT,Yam,1.17,1489.9,25.7,6.48,Loamy,110.5,No,No,Local,10.02
Kogi,Yam,1.29,1447.4,26.4,6.61,Clay,94.1,No,No,Local,8.63
Kwara,Rice,5.29,1334.2,25.3,4.7,Clay,121,No,Yes,Improved,3.82
Rivers,Yam,0.73,2249.2,30,5.69,Loamy,142,No,No,Local,7.48
Akwa Ibom,Yam,1.3,2244.4,22.3,5.42,Clay,21.6,No,No,Local,6.16
Adamawa,Maize,0.36,1331.4,30.2,5.92,Loamy,98.9,Yes,No,Improved,2.52
Adamawa,Yam,2.42,1385.7,24.3,5.9,Loamy,58.5,No,No,Improved,9.66
Bauchi,Sorghum,7.45,652.8,34.8,6.17,Loamy,89.6,No,No,Local,0.98
Edo,Yam,1.39,2104.8,26.2,5.62,Sandy,116.4,Yes,Yes,Improved,13.79
Enugu,Sorghum,4.6,1886.2,23.7,6.95,Clay,63.7,No,Yes,Local,1.25
Bauchi,Rice,0.53,716.3,34.7,6.6,Sandy,109.5,No,No,Improved,3.19
Osun,Maize,1.87,1525.2,23.6,7.47,Loamy,116.5,Yes,Yes,Improved,3.14
Katsina,Sorghum,2.21,644.1,30.4,5.23,Loamy,66.8,Yes,No,Local,1.34
Imo,Rice,0.57,1661.8,22.3,4.75,Loamy,152.2,No,No,Local,3.08
Lagos,Yam,1.23,1513.1,27,6.58,Clay,32.4,No,No,Improved,10.16
Nasarawa,Rice,10.62,1260.6,30.9,5.53,Loamy,134.1,No,No,Local,3.32
Abia,Maize,2.46,2067.3,24.5,5.57,Clay,140.1,No,No,Improved,2.52
Abia,Rice,4.87,2023.6,29.2,6.08,Loamy,118.5,Yes,No,Local,3.44
Adamawa,Yam,2.13,1202.4,27.2,5.2,Loamy,164.6,Yes,No,Improved,9.37
Imo,Maize,2.8,2076.3,28.4,6.26,Clay,136.3,No,No,Local,1.8
Jigawa,Yam,0.91,576.7,33.8,5.57,Sandy,44.1,Yes,No,Local,3.31
Ebonyi,Maize,3.59,1684.5,27.5,5.97,Clay,124.8,No,No,Local,2.7
Kwara,Sorghum,1.2,1060.2,29.4,4.88,Loamy,49.3,Yes,No,Improved,1.92
Zamfara,Sorghum,4.14,616.9,31.4,5.92,Loamy,51.6,No,Yes,Improved,1.82
Ogun,Rice,0.7,1721.7,24.8,5.48,Sandy,129.5,Yes,No,Improved,3.84
Ebonyi,Maize,1,2460.8,23.1,5.48,Clay,106.5,Yes,No,Improved,2.22
Ekiti,Maize,0.67,1666.2,22.6,6.3,Clay,98,No,No,Improved,2.35
Taraba,Maize,2.07,1380.1,28.8,4.97,Loamy,129,Yes,No,Local,2.27
Oyo,Cassava,7.4,2421,23.3,6.36,Loamy,15.8,Yes,Yes,Local,8.75
Jigawa,Sorghum,0.77,319.2,33.7,5.5,Clay,94.4,Yes,No,Improved,2.05
Enugu,Yam,2.3,1961.6,25.2,5.97,Loamy,17.3,Yes,No,Local,7
Gombe,Maize,0.37,860.4,26.2,5.8,Clay,101.7,Yes,No,Local,2.57
Enugu,Cassava,1.07,1734.2,27.1,7.13,Clay,85.9,Yes,No,Improved,9.94
Enugu,Rice,0.32,2394.3,23.6,5.42,Loamy,129,No,No,Improved,3.64
Ekiti,Cassava,1.52,1906.1,26.4,5.08,Clay,58.7,No,No,Local,11.28
Kogi,Maize,0.87,1177.5,28.8,6.53,Clay,137.3,Yes,No,Improved,3.05
Kano,Maize,1.65,766.6,31.8,7.13,Sandy,149.2,No,No,Improved,2.45
Bayelsa,Maize,7.37,1500.5,25.3,4.89,Loamy,130.7,No,Yes,Improved,2.79
Oyo,Maize,1.12,1968,27.2,5.7,Clay,163.2,Yes,No,Local,2.12
Niger,Rice,2.98,1112.8,26.7,6.04,Loamy,74.2,Yes,No,Improved,2.92
Enugu,Cassava,0.32,1935.1,28.8,6.69,Clay,78.5,No,No,Improved,10.48
Jigawa,Yam,3,617.7,30.8,6.89,Loamy,99.3,No,No,Local,6.36
Delta,Yam,2.2,2421.2,29.4,5.21,Clay,108.9,No,No,Improved,8.47
FCT,Maize,1.39,1335.8,26.8,5.99,Loamy,134.9,No,No,Local,1.75
Rivers,Cassava,15.43,2228.5,27,5.07,Clay,111.7,No,No,Local,8.06
Imo,Maize,0.43,1740.6,22,6.09,Loamy,82.5,No,No,Local,1.93
Kaduna,Sorghum,0.67,764.5,34.1,5.48,Sandy,79.6,No,No,Local,1.37
Sokoto,Rice,1.09,432.7,31.3,4.94,Sandy,105.5,No,No,Improved,3.47
Plateau,Maize,1.66,1175,31.4,6.51,Clay,123.7,No,No,Improved,2.48
Cross River,Yam,1.67,2285.5,29.5,6.02,Clay,29.4,Yes,No,Local,7.08
Ogun,Yam,9.04,1715,27.4,8.12,Clay,38.4,No,No,Improved,9.78
Kaduna,Maize,1.62,648.8,34.9,5.8,Sandy,155.3,No,Yes,Local,2.3
Kebbi,Cassava,6.15,653.5,26.8,5.41,Sandy,96.8,Yes,No,Improved,13
Niger,Cassava,0.57,1486.7,30.9,6.76,Loamy,82,Yes,No,Improved,11.69
Ekiti,Rice,5.03,2315.8,26.4,6.8,Loamy,84.5,No,No,Local,2.6
Ebonyi,Maize,1.58,2121.8,23.5,5.38,Sandy,138,Yes,No,Local,1.94
Zamfara,Sorghum,0.99,747.3,28.6,6.76,Sandy,0,Yes,No,Improved,1.35
Anambra,Rice,4.48,2420.9,29.6,6.4,Sandy,1,No,No,Improved,3.02
Katsina,Yam,6.16,455.3,29.1,5.52,Clay,114.4,Yes,No,Local,8.45
Borno,Cassava,3.53,650.1,32.1,5,Loamy,104.6,No,Yes,Improved,11.58
Nasarawa,Yam,1.74,1351.6,28,5.62,Sandy,123.9,Yes,No,Local,8.21
Enugu,Maize,0.35,1853.2,26.3,6.01,Loamy,152.7,No,No,Local,2.21
Abia,Cassava,1.1,1657.5,28.1,5.62,Sandy,103.7,Yes,Yes,Improved,15.59
Cross River,Maize,0.65,1581.2,26.3,5.59,Loamy,131.5,No,No,Local,2.1
Rivers,Rice,0.76,2221,29.7,5.76,Clay,76,No,No,Improved,4.02
Kwara,Sorghum,0.62,1487.1,25.3,6.38,Loamy,56,No,No,Improved,1.81
Abia,Sorghum,0.28,1665.5,29.6,6.44,Sandy,0,No,No,Local,1.21
Bayelsa,Cassava,0.7,2492,29.5,4.3,Clay,56,No,No,Improved,7.54
Ondo,Sorghum,2.4,2148,27.6,6.13,Sandy,37.7,No,No,Local,1.23
Benue,Rice,1.47,1062.3,27.3,6.83,Loamy,125.2,Yes,No,Local,2.86
Imo,Rice,0.56,1688.5,23.9,5.55,Loamy,148.1,Yes,Yes,Improved,4.5
Abia,Rice,0.4,2245.2,27.1,6.14,Clay,105,Yes,No,Local,3.25
Akwa Ibom,Yam,1.79,1931.6,22.5,6.43,Clay,53,Yes,No,Improved,8.92
Imo,Yam,1.38,1839.9,26.1,6.91,Loamy,63.2,No,No,Local,7.19
Nasarawa,Rice,0.72,1124.3,29,5.75,Sandy,66.7,No,No,Local,3.18
Sokoto,Sorghum,1.39,451.3,37.6,5.97,Loamy,28.5,Yes,No,Local,1.45
Ondo,Rice,5.13,2465.8,22.5,6.59,Clay,109.8,No,No,Local,2.84
Kogi,Sorghum,0.41,1151.9,26.5,6.39,Loamy,136.5,No,No,Local,0.88
Akwa Ibom,Rice,1.08,2208.5,25.4,5.78,Clay,110.3,Yes,No,Local,3.23
Kebbi,Rice,0.2,619.1,33.9,6.01,Sandy,72.6,Yes,Yes,Improved,2.95
Abia,Yam,2.2,2269.7,26.5,5.04,Sandy,32.8,No,No,Local,6.73
Kano,Cassava,1.48,797.1,27.4,6.81,Sandy,112.2,Yes,No,Local,9.43
Ogun,Rice,3.9,1788.1,28.2,5.87,Clay,169.6,No,No,Improved,2.91
Ebonyi,Rice,1.71,2052.1,24.8,5.74,Clay,57.2,Yes,No,Improved,4.37
Kaduna,Cassava,0.64,704.2,26.6,5.94,Clay,116.8,No,No,Local,8.68
Bauchi,Rice,1.42,867.3,29.9,6.6,Sandy,134.7,Yes,No,Improved,3.42
Niger,Cassava,3.69,1086.9,28.6,4.51,Loamy,95.2,Yes,No,Local,9.85
Ebonyi,Sorghum,5.28,1727.2,27,6.22,Clay,5.4,Yes,No,Local,1.41
Osun,Yam,2.03,1698.7,29.4,5.75,Clay,79.8,No,No,Local,8.69
Kano,Rice,0.64,756.2,34.8,5.93,Loamy,90.7,No,No,Local,3.21
Rivers,Yam,0.75,1939,23.6,6.79,Clay,129.9,No,No,Improved,8.52
Yobe,Cassava,1.43,611.4,32.4,6.15,Sandy,143.9,No,No,Improved,7.89
Niger,Rice,2.64,1402,30.7,5.47,Loamy,139.8,Yes,No,Improved,4.1
Kano,Maize,1.47,980.1,32.4,7.04,Loamy,66.6,No,No,Local,1.89
Osun,Maize,1.44,1973.6,24.8,5.88,Sandy,174.4,No,No,Local,1.92
Katsina,Sorghum,0.95,521.8,32.3,7.1,Clay,97.5,No,No,Local,1.1
Kogi,Rice,0.28,1383.9,25.8,6.14,Clay,121.8,Yes,No,Local,3.24
Plateau,Sorghum,0.61,1004.1,31.1,5.75,Sandy,19.7,Yes,No,Improved,1.71
Cross River,Yam,0.94,2106.7,22.8,6.91,Clay,99.2,No,No,Improved,9.84
Benue,Yam,0.82,1459.4,24.1,5.29,Loamy,120.1,Yes,No,Local,4.16
Sokoto,Yam,1.71,593.4,29.4,7.91,Loamy,138.9,No,Yes,Improved,9.52
Anambra,Cassava,0.45,2266.6,28.3,6.29,Clay,52.3,No,No,Improved,10.25
Adamawa,Sorghum,2.11,1379.3,31.6,6.89,Sandy,69.9,Yes,No,Local,0.98
Oyo,Sorghum,1.71,1686.7,28.7,5.82,Clay,58.8,No,No,Local,1.5
Yobe,Rice,0.2,467.8,37.8,6.5,Sandy,142.6,Yes,No,Local,2.61
Kogi,Yam,1.56,1179.4,25.5,5.45,Loamy,119.5,No,No,Local,7.83
FCT,Yam,9.75,1178.7,30.3,7.27,Loamy,93,No,No,Improved,10.08
Lagos,Maize,0.96,2366.1,22.6,4.71,Clay,134.6,Yes,Yes,Local,2.14
Akwa Ibom,Sorghum,0.33,1569.9,25.5,6.52,Loamy,109.2,Yes,Yes,Local,1.34
Kebbi,Maize,0.78,981,31.9,6.47,Loamy,91.4,No,Yes,Improved,2.84
Yobe,Cassava,4.3,544.6,35.8,6.98,Sandy,93.6,No,No,Local,6.25
Kano,Rice,2.1,785.4,26.7,5.97,Clay,122.2,Yes,No,Improved,1.07
Oyo,Sorghum,1.71,2074.7,22.1,5.58,Loamy,63.2,Yes,No,Improved,1.49
Taraba,Maize,0.48,1488.9,26.5,4.62,Sandy,110,Yes,No,Local,2.16
FCT,Sorghum,6.9,1089.3,29,6.98,Sandy,85.8,Yes,Yes,Local,1.61
Niger,Cassava,1.1,1459.3,29.9,5.81,Sandy,99.1,Yes,No,Improved,10.54
Zamfara,Cassava,0.57,867.4,28.8,5.44,Sandy,78.6,Yes,No,Local,10.33
Enugu,Cassava,3.5,2034.2,22.6,6.06,Loamy,95.8,No,No,Local,8.2
Bayelsa,Cassava,2.28,1524.2,23.9,5.75,Clay,139.1,Yes,No,Improved,12.65
Gombe,Yam,2.03,798.2,34.4,6.81,Sandy,169.4,No,No,Improved,6.93
Rivers,Sorghum,3,1919.9,24.9,4.77,Loamy,125.6,No,Yes,Improved,1.45
Zamfara,Maize,1.74,662.1,33.9,5.38,Clay,46,No,No,Local,1.55
Akwa Ibom,Sorghum,0.92,1637,24.2,5.45,Loamy,85.6,Yes,Yes,Improved,2
Yobe,Yam,0.62,583.8,31,6.38,Sandy,167.7,No,No,Local,7.53
Zamfara,Rice,1.54,984.4,28.1,5.55,Loamy,118.6,No,No,Local,3.05
Ondo,Sorghum,1.84,1866.3,24.9,5.81,Sandy,121.5,Yes,Yes,Local,1.43
Ebonyi,Sorghum,3.59,2384.8,24.2,6.97,Loamy,36.4,No,Yes,Improved,1.61
Ekiti,Yam,3.83,1851.1,25.3,5.39,Clay,64.6,Yes,No,Local,7.65
Ekiti,Yam,1.31,2444,23.8,5.61,Clay,135.7,No,No,Local,6.94
Lagos,Cassava,0.77,2273.9,25.8,5.49,Loamy,127.4,No,No,Improved,10.42
Ekiti,Yam,0.84,2212,22.1,5.31,Clay,83.9,No,No,Improved,8.34
Sokoto,Maize,2.44,314,34.5,5.78,Clay,129.5,No,No,Improved,2.23
Adamawa,Maize,0.2,1401.2,27.3,6.41,Loamy,71.4,No,No,Local,2.42
Lagos,Sorghum,1.62,1595.1,29.6,5.64,Loamy,1.8,Yes,No,Improved,1.39
FCT,Maize,0.2,1171.4,26.3,5.39,Sandy,102.8,No,Yes,Improved,2.75
Kebbi,Cassava,0.96,852.7,28.6,5.82,Loamy,50.3,No,No,Local,9.83
Borno,Yam,1.17,329.5,31.9,6.85,Clay,123.2,No,No,Improved,7.77
Delta,Yam,1.95,2222.3,27.6,6.01,Sandy,118,Yes,No,Local,7.96
Edo,Rice,1,1800,29.5,5.32,Clay,77,Yes,No,Improved,3.69
Edo,Maize,14.05,2483.1,22.3,4.19,Loamy,141,No,No,Improved,1.68
Delta,Sorghum,2.01,2462.4,22.9,5.23,Loamy,0,Yes,Yes,Improved,1.03
Delta,Maize,0.8,2489.3,25.1,5.9,Loamy,33.6,No,No,Improved,2.37
Imo,Rice,1.32,2186.9,28,6,Loamy,100.5,Yes,No,Local,3.04
Edo,Rice,4.26,1726.7,28.6,6.83,Clay,65.4,No,No,Improved,3.9
Borno,Maize,2.16,602.7,37.9,6.41,Clay,90.5,No,No,Improved,2.92
Plateau,Sorghum,2.39,1435.4,29.1,4.28,Sandy,25.9,No,Yes,Improved,1.62
Rivers,Yam,0.64,2114.4,24.1,5.99,Loamy,99,Yes,No,Improved,9.86
Kebbi,Rice,0.42,760.5,34.9,7,Sandy,162.2,Yes,Yes,Local,3.15
Ondo,Cassava,0.84,2034.1,27.1,4,Loamy,90.9,No,No,Local,7.59
FCT,Rice,1.81,1224.2,24.2,6.06,Sandy,175.3,Yes,No,Improved,3.74
Yobe,Sorghum,1.33,595.7,34.8,5.43,Loamy,25.3,Yes,No,Local,1.37
Taraba,Rice,1.78,1395.3,29.6,4.87,Clay,77.3,Yes,No,Improved,3.43
Bauchi,Yam,1.11,963.6,26.8,6.52,Loamy,157.1,No,No,Local,6.23
Ogun,Cassava,0.39,1942.1,24.8,6.09,Loamy,98.4,Yes,No,Local,10.03
Imo,Cassava,0.74,1991.4,29.9,6.32,Sandy,95.5,Yes,No,Local,8.7
Benue,Cassava,2.67,1255.5,31,6.62,Loamy,102,Yes,No,Local,9.45
Benue,Rice,2.92,1462.4,31.1,6.51,Clay,85.6,Yes,No,Local,2.78
Cross River,Maize,4.43,1605.8,27.7,7.37,Clay,121.8,Yes,No,Improved,2.46
Bayelsa,Sorghum,1.25,1853.3,24.6,5.3,Loamy,85.8,No,Yes,Improved,1.39
Delta,Sorghum,0.62,1697.1,28.6,5.97,Clay,73.2,Yes,No,Improved,1.78
Bauchi,Maize,2.58,637.6,31.9,5.11,Sandy,112,Yes,No,Improved,3.42
Benue,Sorghum,0.62,1261.6,28.8,6.42,Loamy,37.7,No,No,Local,1.16
Plateau,Maize,1.22,1284.7,26.1,5.75,Loamy,157.5,No,No,Improved,2.9
Anambra,Maize,2.09,2128.1,29.6,6.06,Sandy,122.8,No,No,Local,2.24
Rivers,Yam,1.9,1544.1,27.1,5.6,Clay,90.2,Yes,No,Improved,11.79
Oyo,Sorghum,1.43,2321,24.9,6.73,Clay,79.6,No,No,Improved,1.48
Anambra,Sorghum,0.2,1572.7,29,5.85,Loamy,81.8,No,No,Local,1.14
Oyo,Maize,1.24,1878,23.2,5.08,Clay,163.9,Yes,No,Improved,2.66
Zamfara,Yam,0.61,613.4,34.3,5.67,Loamy,44.6,Yes,No,Local,5.96
Oyo,Yam,1.29,1690.3,26.4,5.68,Loamy,70.1,Yes,No,Improved,8.99
Kaduna,Sorghum,2.14,967.3,30.9,6.98,Loamy,57.1,No,No,Improved,1.98
Zamfara,Cassava,1.85,742.1,31.2,5.52,Loamy,119.8,No,No,Improved,11.31
Enugu,Rice,5.08,1784.8,29.8,5.15,Clay,72.5,No,No,Local,1.45
Akwa Ibom,Rice,0.7,2087,23.4,4.75,Clay,75.8,Yes,No,Local,2.79
Kebbi,Sorghum,1.12,761.5,34.4,4.82,Sandy,42.6,No,Yes,Local,1.46
Kwara,Cassava,1.25,1012.7,24.2,5.78,Sandy,34.9,Yes,No,Improved,10.2
Yobe,Yam,0.38,638.7,29.4,4.86,Sandy,138.1,No,No,Improved,8.64
Delta,Cassava,3.49,2370,25.2,5.34,Sandy,96.7,Yes,No,Improved,11.72
Yobe,Sorghum,1.67,665.8,31,7.17,Sandy,23.1,Yes,No,Local,1.04
Adamawa,Sorghum,1.25,1100.4,31.5,6.12,Loamy,68.2,No,Yes,Improved,1.8
Sokoto,Sorghum,1.06,330.6,37.7,5.86,Sandy,137.3,No,No,Improved,1.27
Yobe,Rice,0.88,509.6,30.5,7.19,Sandy,128.1,Yes,No,Local,3.17
Abia,Maize,1.8,2084.9,27.9,5.31,Clay,149.4,Yes,No,Local,1.8
FCT,Rice,1.18,1422.8,24.8,6.83,Loamy,56.1,No,No,Improved,3.43
Kwara,Maize,10.59,1357.5,30.5,6.22,Loamy,105.3,No,No,Local,2.62
Kaduna,Sorghum,1.59,979,28.3,5.83,Sandy,72.7,No,No,Local,0.81
Ebonyi,Maize,0.36,1916.1,22.7,6.48,Clay,92.6,No,No,Improved,3.08
Nasarawa,Maize,5.22,1353.2,24.1,6.54,Loamy,79,No,No,Local,2.03
Cross River,Cassava,1.08,2275.4,25.7,5.71,Loamy,18,No,No,Improved,6.38
Rivers,Sorghum,7.17,2093.2,24.4,6.74,Clay,100,Yes,Yes,Local,1.35
Sokoto,Maize,0.68,627.7,34.9,6.15,Sandy,150.8,Yes,No,Improved,3.13
Nasarawa,Cassava,6.79,1444.7,27.9,5.51,Clay,130.2,Yes,No,Local,8.39
FCT,Maize,2.44,1074.1,30.7,7.02,Sandy,109.1,Yes,Yes,Improved,3.09
Anambra,Maize,1.27,2426.1,24.9,6.31,Loamy,26.1,Yes,No,Local,1.75
Rivers,Yam,3.13,1875.5,26.7,5.72,Loamy,126.9,Yes,No,Improved,8.44
Borno,Maize,3.97,378.4,36.7,7.1,Sandy,46.3,No,No,Improved,2.09
Niger,Rice,0.85,1245.2,28.3,6.15,Clay,92.1,No,No,Local,2.69
Ondo,Sorghum,1.68,2020.3,25.6,4.71,Clay,30.5,No,Yes,Local,1.24
Imo,Rice,0.98,2066.5,23.1,5.79,Clay,72.7,No,No,Local,3.01
Lagos,Yam,2.26,1943,24.5,5.87,Sandy,140.5,Yes,No,Improved,8.98
Edo,Rice,0.68,2342.4,28.3,6.51,Sandy,77.6,Yes,No,Local,3.12
Benue,Rice,2.13,1260.8,31,5.05,Loamy,90.3,Yes,No,Local,3
Ogun,Rice,4.75,1856.7,23.3,7.26,Clay,46.4,No,No,Improved,3.19
Ekiti,Cassava,2.67,1984.5,22.9,5.78,Loamy,126,Yes,No,Local,8.04
Lagos,Rice,0.4,1612.8,23.8,5.47,Loamy,85.5,No,No,Local,2.54
Anambra,Cassava,0.21,2327.1,29.3,5.89,Loamy,93.3,No,No,Local,7.3
Jigawa,Rice,2.24,677.3,29,5.92,Loamy,101.9,No,No,Improved,3.51
Katsina,Sorghum,3.34,562.4,31.2,5.62,Sandy,134.4,No,No,Local,0.93
Kaduna,Cassava,0.97,617.6,28,5.69,Sandy,36.6,No,No,Local,9.11
Delta,Cassava,1.49,1687.6,23.5,6.28,Loamy,0,Yes,No,Local,6.94
Borno,Maize,2.21,629.2,28.4,6.91,Sandy,201.8,No,No,Improved,1.52
Enugu,Maize,2.9,2078.2,25.2,7.22,Loamy,89.4,No,No,Local,1.75
Borno,Cassava,0.63,551.4,30.8,7.56,Loamy,134.8,No,No,Improved,7.52
Gombe,Cassava,3.81,873,26.9,6.18,Clay,6.4,No,No,Local,2.4
Abia,Yam,5.57,2145.3,22.1,6.5,Clay,150.6,No,No,Local,6.81
Kogi,Cassava,0.46,1203.8,25.5,6.89,Sandy,51.5,Yes,No,Improved,11.06
Enugu,Sorghum,3.68,1853,28.8,5.76,Clay,82.5,Yes,No,Local,0.99
Sokoto,Cassava,4.41,509.5,32.8,7.19,Loamy,107,Yes,No,Local,8.87
Ondo,Cassava,1.78,1612.1,23.9,5.05,Clay,102.1,Yes,No,Improved,10.39
Oyo,Cassava,1.01,2383.3,26,6.52,Loamy,121.1,No,No,Local,8.97
Enugu,Yam,14.18,1985.5,25.1,5.95,Clay,92.3,No,No,Local,6.78
Kogi,Sorghum,0.7,1067.4,27.4,7.52,Loamy,7.7,Yes,No,Local,1.29
Borno,Maize,1.49,358.9,29.4,5.38,Clay,124.2,Yes,No,Improved,2.56
Niger,Sorghum,0.6,1316.2,30.6,5.46,Clay,71.4,Yes,No,Improved,1.99
Delta,Maize,3.3,2060,29,6.11,Loamy,110.8,No,Yes,Local,2.32
Kogi,Cassava,0.31,1225.9,31,6.03,Clay,104.4,No,No,Improved,10.27
Taraba,Maize,2.96,1452.5,31.4,6.58,Loamy,140.3,Yes,No,Improved,2.33
Taraba,Maize,1.59,1157.5,31.1,6.14,Loamy,69.8,Yes,No,Improved,2.66
Kano,Rice,0.42,602.5,28.7,6.14,Sandy,115.1,No,No,Local,2.63
Sokoto,Rice,0.84,671.6,32.6,7.8,Sandy,120.2,No,No,Local,2.32
Delta,Yam,1.25,2482.8,27.6,6.63,Loamy,115.6,Yes,No,Improved,10.27
Niger,Yam,1.4,1124.5,30.2,6.89,Loamy,68.9,Yes,No,Local,7.45
Rivers,Yam,0.66,2152.2,24.1,4.59,Clay,110.1,Yes,No,Local,5.89
FCT,Maize,2.69,1314.6,29.3,5.83,Sandy,98.5,No,No,Improved,3.09
Lagos,Sorghum,3,1743.4,23.7,6.77,Clay,40.3,Yes,No,Local,1.32
Anambra,Cassava,2.91,1632.9,26.7,5.69,Clay,70,No,No,Local,9.71
Anambra,Maize,3.31,2163.4,22.3,5.69,Clay,109.4,No,No,Improved,2.04
FCT,Yam,3.25,1257.4,28.3,6.4,Loamy,56.5,No,No,Improved,8.22
Ogun,Maize,1.02,1836.5,28.9,5.31,Clay,125,No,Yes,Improved,3.26
Abia,Yam,0.69,2172.1,29.4,5.69,Loamy,60.1,No,No,Local,6.26
Ondo,Maize,6.16,1808,26.7,6.06,Clay,191.2,No,No,Improved,2.5
Oyo,Sorghum,1.32,1914,22.3,6.73,Sandy,37,No,Yes,Local,1.01
Anambra,Yam,2.11,1902.8,23.1,5.92,Clay,56.8,Yes,No,Local,7.27
Lagos,Cassava,0.67,2355.4,23.5,6.73,Sandy,147.4,No,No,Improved,9.64
Oyo,Yam,2.34,2169.5,25.1,7,Loamy,171.3,No,No,Local,5.91
Kebbi,Sorghum,8.14,985.8,27.9,5.99,Loamy,70.9,No,No,Improved,1.89
Benue,Yam,5.91,1026.7,31.3,7,Loamy,162.8,No,No,Improved,9.45
Kaduna,Rice,5.53,855.7,34.8,7.18,Loamy,159.9,No,No,Improved,2.97
Kebbi,Sorghum,0.41,835.2,34.1,5.57,Sandy,33,Yes,No,Improved,1.76
Ogun,Maize,2.35,1856.8,23.4,4.69,Clay,195.5,Yes,Yes,Local,1.89
Kaduna,Sorghum,1.47,768.8,34.6,6.3,Clay,77.8,No,No,Improved,1.8
Bayelsa,Maize,0.7,2305.2,23.4,6.35,Clay,49.5,No,No,Local,1.6
Delta,Yam,1.09,1505.2,26.9,6.23,Sandy,131.5,No,No,Improved,8.57
Jigawa,Sorghum,1.07,678.5,36.7,6.04,Sandy,0,No,Yes,Local,1.29
Sokoto,Maize,3.17,656.1,29.3,5.89,Loamy,155.1,Yes,No,Improved,2.98
Delta,Sorghum,1.87,1832,22.5,4.71,Clay,113,No,No,Local,0.89
Kogi,Sorghum,1.04,1308.9,26.4,6.16,Loamy,71.1,Yes,No,Improved,1.44
Zamfara,Sorghum,0.83,812.3,27.6,5.83,Loamy,26.6,Yes,No,Local,1.26
Niger,Rice,0.88,1190.8,26.3,5.49,Sandy,81.7,No,No,Improved,4.27
Yobe,Rice,2.76,547.7,29.3,5.52,Clay,152.8,No,No,Local,2.67
Edo,Rice,1.06,2178.1,29.8,6.44,Clay,133.8,No,No,Improved,3.77
Kaduna,Sorghum,0.52,729.2,28.3,5.68,Sandy,118.9,Yes,Yes,Local,1.36
Delta,Sorghum,3.04,1717,27.1,5.55,Loamy,34.4,Yes,No,Local,1.47
Cross River,Sorghum,0.36,2419,23.1,5.64,Clay,23.1,Yes,No,Local,1.08
Gombe,Sorghum,0.5,685,34.2,6.14,Sandy,79.8,No,No,Local,1.09
Ebonyi,Sorghum,11.14,1843.7,23.7,6.21,Clay,67,Yes,No,Improved,1.73
Niger,Cassava,0.29,1043.6,30.3,6.2,Loamy,100.2,No,No,Improved,10
Imo,Sorghum,7.56,1550.9,27.7,4.87,Clay,37.5,No,No,Improved,1.16
Zamfara,Yam,1.58,758.8,31.1,6.52,Loamy,125.3,No,Yes,Improved,10.99
Zamfara,Maize,3.78,826.3,26.9,5.1,Clay,83.6,No,No,Local,1.79
Benue,Maize,0.97,1313.2,30,5.99,Loamy,158.3,No,No,Local,2.16
Kwara,Yam,1.14,1289,27.7,7.47,Loamy,51.3,No,No,Local,5.25
Cross River,Rice,2.65,2056.2,29.8,6.51,Clay,99.4,No,No,Improved,3.12
Jigawa,Cassava,2.24,541.8,34.3,5.58,Sandy,117.1,Yes,No,Improved,10.08
Osun,Sorghum,0.42,1534,23.1,5.9,Clay,113.5,Yes,No,Local,0.51
Ondo,Yam,1.28,2436,24.9,6.07,Clay,98.1,No,No,Improved,9.01
Kano,Maize,2.81,706.8,29.3,5.36,Loamy,72.5,Yes,No,Improved,2.99
Borno,Sorghum,1.25,492.2,32.3,6.84,Sandy,101.2,No,No,Improved,1.53
Adamawa,Sorghum,2.95,1251.9,26.3,6.17,Sandy,36.8,Yes,No,Local,0.95
Yobe,Yam,0.36,452.7,32.5,5.74,Loamy,86.4,No,No,Local,8.4
Ondo,Rice,4.29,1934.8,27.2,4.73,Loamy,63.3,No,No,Local,2.19
Kebbi,Rice,0.84,723.5,32.8,6.55,Sandy,81.2,Yes,No,Improved,3.38
Cross River,Cassava,1.66,1773.1,23.4,5.46,Loamy,43.6,Yes,No,Local,7.69
Ebonyi,Sorghum,0.36,1897.7,26.6,6.05,Clay,26.4,Yes,No,Improved,1.85
Gombe,Sorghum,4.69,938.2,26.7,6.24,Sandy,64.7,No,Yes,Improved,2.04
Abia,Yam,0.79,1831.1,22.3,5.53,Clay,119.9,Yes,No,Improved,11.02
Lagos,Yam,0.41,1898.6,23.1,5.94,Clay,17.2,No,No,Local,7.11
Bauchi,Yam,0.38,633.8,30.6,6.16,Sandy,136.8,No,No,Improved,8.51
Kogi,Rice,1.52,1073.1,28.9,5.77,Sandy,76.1,No,No,Improved,3.13
Kaduna,Cassava,0.37,913.6,33.4,5.77,Sandy,159.4,No,Yes,Improved,9.55
Enugu,Maize,0.87,1607.9,28.6,6.41,Loamy,160.4,No,No,Improved,2.18
Cross River,Sorghum,1.94,1672.7,24.4,6.6,Clay,122.7,No,No,Improved,1.17
Ekiti,Yam,3.68,2438.1,26.2,6.33,Clay,137.8,No,No,Local,7.23
Adamawa,Sorghum,1.46,1179.4,31.1,6.27,Sandy,21,Yes,No,Improved,1.08
Kwara,Maize,1.8,1227.2,27.9,5.78,Sandy,83.1,No,No,Improved,2.59
Sokoto,Cassava,0.69,596,35.4,6.43,Sandy,108.4,Yes,Yes,Local,9.39
Cross River,Maize,1.09,2250.3,27.2,5.81,Loamy,137.7,No,No,Improved,1.87
Kaduna,Rice,1.82,750.8,27.6,6.47,Loamy,186.4,Yes,No,Local,2.85
Ekiti,Yam,0.98,1694.6,28.2,6.2,Clay,71.1,No,No,Local,7.21
Kogi,Rice,1.14,1199,24.8,5.26,Loamy,59.2,Yes,Yes,Local,2.96
Plateau,Yam,1.34,1030.1,30.5,5.95,Loamy,48.6,No,No,Local,6.92
Ondo,Sorghum,1.71,1861.5,27.2,5.07,Sandy,45.1,Yes,No,Local,1.1
Sokoto,Yam,2.24,355.6,32.4,5.65,Clay,32,No,No,Improved,8.39
Cross River,Rice,4.61,1757.1,22.8,4.18,Loamy,87.3,No,No,Local,2.62
Enugu,Rice,1.18,1564.5,28.7,6.1,Clay,34.2,No,No,Local,2.92
Osun,Sorghum,0.54,2160.9,29.1,5.55,Clay,91.5,No,No,Local,1.29
Nasarawa,Yam,1.09,1418.8,29.9,5.72,Clay,137.7,Yes,No,Improved,8.83
Katsina,Sorghum,2.02,315.2,29.8,6.49,Sandy,111.2,No,No,Improved,1.31
Oyo,Yam,0.94,1545.8,29.8,5.56,Clay,91.2,No,Yes,Improved,10.3
Osun,Cassava,1.03,2115.7,26.3,5.02,Clay,30.2,No,No,Improved,9.02
Kebbi,Yam,1.33,632.5,29.3,6.92,Loamy,131.1,No,No,Improved,8.33
Sokoto,Yam,1.53,342.9,37.9,5.94,Loamy,152.5,Yes,No,Local,8.1
Bayelsa,Cassava,0.7,1814.8,24.2,7.46,Loamy,65.7,Yes,No,Improved,10.74
Imo,Sorghum,1.68,2489.8,28.5,5.51,Clay,64.5,Yes,No,Improved,1.32
Nasarawa,Rice,0.57,1085.2,31.6,6.26,Loamy,87.4,Yes,No,Local,2.82
Kaduna,Cassava,1.81,948,32.6,6.02,Clay,93.9,Yes,Yes,Local,10.77
Kaduna,Cassava,1.39,692.9,33.5,7.14,Sandy,79.1,Yes,No,Local,10.36
Kebbi,Yam,4.28,834.8,29.3,5.23,Sandy,43.3,No,No,Local,6.34
Imo,Cassava,0.47,2193.9,27.6,5.47,Loamy,33.1,Yes,Yes,Improved,12.18
Yobe,Cassava,1.25,628.6,32.7,6.27,Sandy,57.7,No,No,Local,8.8
Sokoto,Yam,1.1,338.9,36,5.51,Sandy,60.8,No,No,Local,6.63
Oyo,Cassava,0.49,1793,27.1,5.54,Sandy,90.4,No,No,Improved,14.07
Ogun,Cassava,2.7,1584.9,27.9,6.27,Clay,163.3,Yes,Yes,Local,9.5
Kogi,Sorghum,4.5,1420.9,29.8,5.03,Loamy,18.6,Yes,No,Local,0.97
Ekiti,Maize,6.19,1600.6,29.1,7.2,Clay,147.9,Yes,No,Local,1.72
Kebbi,Sorghum,2.14,985,34.7,6.18,Sandy,0,No,No,Local,1.15
Ogun,Yam,5.27,2418.6,26.2,6.51,Clay,148.6,No,No,Local,7.76
Kwara,Cassava,0.92,1383.3,25.3,7.3,Clay,146.7,No,No,Improved,9.4
Kebbi,Rice,2.53,663.1,26.5,6.52,Sandy,118.1,Yes,No,Improved,4.17
Rivers,Cassava,0.66,1616.1,24,6.22,Sandy,25.6,No,No,Local,7.12
Benue,Cassava,1.45,1271.9,28.3,4.72,Loamy,46.5,No,No,Improved,10.35
Yobe,Cassava,1.75,338,34.5,5.49,Sandy,83.6,No,No,Local,7.34
Benue,Rice,2.51,1197.9,25.1,6.63,Loamy,132.4,No,No,Improved,3.48
Zamfara,Yam,0.6,843.1,31.7,5.94,Sandy,109,No,Yes,Local,8.26
Abia,Sorghum,2.45,1823.2,26.1,6.03,Sandy,35.8,Yes,Yes,Improved,2.3
Bauchi,Rice,0.31,657.3,26.8,6.84,Sandy,85.6,Yes,No,Local,3.15
Bauchi,Maize,0.72,664.8,26.6,5.27,Sandy,164.6,No,No,Improved,2.17
Edo,Maize,0.44,2436.6,24.7,6.82,Clay,119.3,No,No,Improved,2.71
Kwara,Yam,0.98,1223.5,26.6,6.53,Clay,48.9,No,No,Improved,9.69
Delta,Maize,0.93,1725.2,27.6,6.03,Clay,107.1,No,Yes,Local,2.39
Akwa Ibom,Rice,1.76,2461.5,24.9,6.19,Loamy,150.8,No,Yes,Local,2.69
Bauchi,Cassava,1.08,889.3,29.8,6.76,Clay,50.9,No,No,Improved,12
Abia,Rice,1.73,2173.3,26.1,6.79,Sandy,109.3,Yes,No,Local,3.97
Anambra,Yam,4.53,1982.2,28.9,6.19,Loamy,83.5,Yes,No,Local,7.11
Zamfara,Yam,1.83,787.7,32.8,5.35,Clay,99.5,Yes,No,Improved,3.72
Adamawa,Maize,0.44,1146.2,26.6,6.4,Sandy,221,No,No,Improved,2
Oyo,Cassava,1.23,1932.4,25.6,6.5,Sandy,104.1,No,No,Local,6.25
Bayelsa,Yam,2.07,1769.6,22.5,7.06,Loamy,188.2,Yes,No,Local,7.63
Anambra,Maize,0.75,1995.9,23.8,6.94,Loamy,161.8,No,No,Improved,2.38
FCT,Sorghum,4.16,1216.1,30.5,7.06,Loamy,121.5,No,No,Improved,1.19
Bauchi,Cassava,0.74,614.4,32.7,5.73,Clay,76.3,Yes,No,Local,8.89
Nasarawa,Rice,0.7,1330.7,24.2,5.12,Loamy,84.8,No,No,Local,3.21
Gombe,Yam,1.01,694.6,29,6.56,Clay,168.6,No,No,Local,6.24
Kogi,Cassava,2.25,1426.9,29.9,7.12,Loamy,133,No,No,Local,8.51
Ogun,Yam,4.68,2411.2,22.7,6.12,Loamy,63,No,No,Improved,8.2
Imo,Sorghum,0.95,2140.8,24.9,5.69,Clay,47.7,No,No,Local,1.2
Akwa Ibom,Rice,5.09,2062,22.6,6.63,Clay,97.5,No,No,Local,3.01
Imo,Yam,1.19,1612.1,25.4,7.04,Sandy,117.6,No,No,Local,7.42
Akwa Ibom,Sorghum,2.09,1919,27.5,4.29,Clay,60.2,Yes,Yes,Improved,1.71
Katsina,Sorghum,0.97,420.9,35.1,4.86,Sandy,137.2,Yes,Yes,Improved,1.54
Gombe,Maize,6.3,625.8,32.4,5.38,Loamy,89.4,Yes,No,Local,1.58
Enugu,Cassava,0.24,2401.8,26.3,5.61,Clay,133.5,No,No,Improved,8.44
Kaduna,Yam,0.89,684.7,31.4,5.65,Loamy,112.2,Yes,No,Improved,10.74
Ogun,Rice,5.36,2260.8,28.5,5.35,Loamy,145.4,No,No,Improved,3.49
Ondo,Sorghum,1,1577.5,26,6.29,Loamy,38.4,No,Yes,Local,1.61
Kebbi,Yam,1.05,812.8,29.5,6.03,Loamy,91,No,No,Local,7.09
Bayelsa,Sorghum,1.96,2263.1,29,6.11,Loamy,12.1,No,Yes,Local,1.4
Zamfara,Sorghum,1.63,857.6,34.5,5.89,Loamy,115.1,No,No,Improved,1.68
Katsina,Maize,1.44,485.4,30.5,5.65,Sandy,87.1,No,No,Local,2.06
Kaduna,Sorghum,0.96,646.6,34.6,6.64,Clay,113.8,No,No,Local,1.16
Borno,Yam,0.47,642.6,35.8,5.92,Sandy,116.6,Yes,No,Improved,10.16
Kogi,Yam,2.43,1094.8,31.5,5.58,Clay,85.7,No,No,Local,6.69
Osun,Maize,1.37,2193.4,29.6,6.01,Clay,125.9,No,No,Improved,2.18
Taraba,Rice,1.61,1029.4,27.9,6.71,Clay,148.2,No,No,Local,2.21
Ogun,Sorghum,1.21,2443.3,29,6.14,Loamy,74.7,Yes,No,Local,1.33
FCT,Yam,2.96,1253.9,24.1,5.66,Clay,133.8,No,Yes,Local,10.57
Taraba,Cassava,4.76,1289.7,25,5.86,Sandy,125.3,No,No,Local,8.08
Plateau,Yam,0.82,1496.5,27.6,6.64,Clay,44.5,Yes,No,Improved,9
Enugu,Sorghum,1.89,1969.3,22.2,5.72,Loamy,75.1,Yes,No,Local,1.26
Osun,Rice,1.97,1535,22.2,5.29,Clay,110.7,No,No,Local,2.27
Ebonyi,Rice,2.79,1780.9,22.6,6.24,Clay,78.6,Yes,No,Improved,2.68
Borno,Sorghum,1.44,697.1,29.4,6.09,Clay,93.6,Yes,No,Local,1.31
Oyo,Cassava,1.24,2029.5,27.5,6.07,Clay,87.7,No,No,Local,8.79
Rivers,Yam,2.78,2078.2,27.8,6.03,Clay,130.2,Yes,Yes,Local,8.8
Enugu,Rice,2.34,1639.2,22.5,6.43,Loamy,183.6,Yes,No,Improved,3.11
Kebbi,Sorghum,2.07,648.2,27,6.23,Clay,68.4,Yes,No,Local,1.05
Taraba,Yam,2.59,1230.1,27,6.99,Clay,133.1,No,No,Improved,8.69
Delta,Yam,2.65,2147.6,22.2,6.09,Clay,51.7,Yes,No,Local,7.24
Jigawa,Rice,3.32,340.5,32.5,6.58,Sandy,71.8,Yes,Yes,Local,2.87
Kebbi,Maize,5.07,621.9,26.5,4.45,Loamy,86.8,Yes,No,Improved,2.38
Lagos,Yam,2.21,2205,23.5,4.55,Sandy,30.6,No,No,Local,6.01
Anambra,Rice,0.73,1787.2,25.2,5.7,Clay,107,No,Yes,Improved,4.55
Kaduna,Sorghum,0.96,969.4,33.7,5.51,Loamy,20.2,No,No,Local,1.14
Ekiti,Sorghum,5.44,1750.6,22,5.37,Sandy,141.3,No,No,Improved,1.12
Rivers,Rice,0.71,1930.6,23.5,6.28,Clay,14.4,No,No,Local,2.78
Kano,Rice,3.86,881.2,34.5,6.5,Sandy,149.9,Yes,No,Local,2.83
Jigawa,Sorghum,0.98,627,37.5,5.97,Sandy,31.3,No,No,Local,1.19
Bayelsa,Maize,0.53,2125.6,26,5.79,Clay,106.5,Yes,No,Local,2.2
Kebbi,Sorghum,3.75,818.7,32.3,5.29,Loamy,113.4,Yes,Yes,Improved,1.49
Jigawa,Cassava,4.12,618.2,33.2,5.34,Sandy,104.7,Yes,No,Local,9.86
Katsina,Sorghum,3.9,413.5,37.6,6.19,Clay,69.2,No,No,Improved,1.53
Rivers,Maize,0.64,1965.1,24.5,6.25,Sandy,100.3,No,Yes,Improved,3.27
Kano,Maize,2.14,620.3,28.3,6.04,Sandy,97.7,No,No,Improved,2.49
Kebbi,Sorghum,2.07,653.2,29.4,5.49,Clay,61.1,No,No,Local,1.22
Ondo,Yam,6,2295.2,29.1,4.56,Clay,135.9,No,No,Improved,7.01
Borno,Maize,8.09,402.5,35.7,6.12,Sandy,93.9,Yes,Yes,Improved,2.54
Yobe,Rice,1.38,452.4,31.2,6.25,Loamy,71.3,No,No,Improved,2.87
Benue,Sorghum,2.2,1267.8,29.8,5.79,Loamy,11.3,Yes,Yes,Improved,1.57
Gombe,Sorghum,2.53,656.8,30.1,5.84,Clay,117.9,No,No,Improved,1.2
Borno,Sorghum,2.42,640.9,32.3,7.08,Sandy,105.5,No,No,Local,1.36
Jigawa,Rice,0.79,567.2,33.7,5.48,Clay,54.2,No,No,Local,2.21
Niger,Sorghum,3.7,1313.2,28.6,7.27,Clay,71.3,Yes,No,Local,1.31
Edo,Sorghum,0.31,2353.1,23.5,5.75,Clay,44.8,Yes,No,Local,0.62
Delta,Maize,1.11,2132,22.9,4.45,Clay,171.8,No,No,Improved,2.01
Delta,Sorghum,5.19,2046.4,26.3,5.36,Clay,97.5,No,No,Local,0.94
Plateau,Yam,0.24,1040.4,31.9,6.1,Sandy,83.9,No,No,Improved,9.2
Kaduna,Yam,1.17,975.3,26.9,6.48,Loamy,29.6,Yes,No,Improved,6.21
Zamfara,Maize,1.06,762.8,32.5,6.33,Sandy,142.4,No,No,Local,1.97
Kebbi,Sorghum,3.4,733.7,28.2,5.57,Sandy,38.4,No,No,Local,1.45
Gombe,Yam,1.18,899.9,28.7,6.02,Clay,4.4,No,No,Local,6.71
Ogun,Maize,1.37,2088.8,26.8,7.33,Loamy,89.6,No,Yes,Local,2.19
Bauchi,Yam,7.69,890.4,31.7,6.15,Sandy,66.9,Yes,No,Local,7.01
Osun,Maize,6.64,1682.4,26.2,5.35,Clay,86.7,No,No,Local,2.11
Akwa Ibom,Maize,6.38,1688.4,25.7,6.26,Sandy,182.8,No,No,Improved,2.54
Enugu,Sorghum,1.45,2375.1,25.8,4.56,Clay,68.1,No,Yes,Local,1.09
Gombe,Yam,0.59,646.4,26.4,5.05,Sandy,32.2,No,No,Improved,7.04
Kwara,Sorghum,1.71,1261,31,5.69,Clay,39.4,No,No,Local,1.4
Delta,Rice,0.63,1757,29.3,5.61,Clay,119.9,Yes,No,Local,3.15
Kogi,Maize,1.43,1498.1,28.6,5.08,Loamy,151.4,Yes,No,Improved,2.73
Bauchi,Yam,0.26,714.2,28.7,5.64,Sandy,157.1,No,No,Local,7.75
Niger,Rice,1.02,1081.9,29.4,6.42,Loamy,83.9,No,No,Improved,3.73
Ekiti,Rice,0.74,2026,29.9,7.26,Loamy,91.6,No,No,Improved,3.87
Kaduna,Maize,0.3,880.3,31.6,6.22,Clay,142.7,No,Yes,Improved,3.25
Kano,Yam,2.06,711.4,28.6,5.14,Sandy,78.6,Yes,No,Improved,9.51
Niger,Rice,3.97,1314.1,24.3,5.45,Clay,87.5,Yes,Yes,Improved,4.64
FCT,Sorghum,7.5,1440.9,30.2,5.46,Sandy,0,Yes,Yes,Improved,1.67
Imo,Sorghum,3.54,1744.9,28.9,4.73,Clay,40.7,No,No,Local,1.29
Adamawa,Maize,0.54,1277.1,28.6,5.42,Loamy,107.1,No,No,Improved,2.38
Edo,Sorghum,9.05,2160.5,26.5,6.84,Sandy,54.7,No,Yes,Improved,1.76
Yobe,Cassava,16.53,415.6,34.5,6.28,Clay,84.5,No,No,Local,7.55
Borno,Cassava,0.42,466.1,37.9,7.33,Loamy,75.7,No,No,Local,7.48
Ekiti,Rice,6.95,2041.8,22.9,6.26,Sandy,111.9,No,No,Improved,3.19
Kwara,Maize,0.96,1400.5,27.9,6.87,Clay,143.8,Yes,No,Improved,2.65
Plateau,Maize,0.82,1178.6,31,6.01,Clay,164.8,No,No,Local,1.61
Kwara,Yam,0.2,1104.6,28.1,6.22,Loamy,96,No,No,Local,8.27
Osun,Yam,1.06,2189.8,28.2,5.42,Loamy,55.2,No,No,Improved,8.37
Delta,Sorghum,0.28,2127.3,29.9,6.08,Loamy,25.4,No,No,Local,0.99
Yobe,Yam,8,678.6,37.9,5.27,Sandy,82.2,Yes,No,Improved,2.52
Kano,Sorghum,0.95,759.3,30.6,5.8,Sandy,5.1,No,No,Local,1.34
Enugu,Maize,10.28,2292.7,29.8,6.69,Clay,185.6,No,No,Improved,2.03
Ondo,Rice,1.41,1750.5,26.8,6.48,Clay,175.6,Yes,No,Local,3.15
Abia,Sorghum,1.14,1531.7,27.9,7.92,Clay,51.8,No,No,Local,1.26
Gombe,Cassava,0.81,683.9,28.4,4.59,Sandy,88.9,No,No,Local,7.16
Sokoto,Maize,0.51,408,37,5.95,Loamy,164.8,No,Yes,Improved,2.69
Ogun,Sorghum,0.69,2386.7,27.2,6.17,Loamy,61.7,No,No,Improved,1.43
Sokoto,Yam,0.46,581.2,37.8,6.19,Sandy,152.6,Yes,No,Local,4.75
Kano,Yam,0.4,672.5,26.2,5.98,Sandy,116.1,Yes,No,Improved,11.32
Lagos,Cassava,3.34,2137.6,25,7.21,Clay,69.7,No,No,Improved,9.22
Edo,Rice,5.34,1767.7,22.8,5.19,Clay,89.5,No,No,Improved,3.3
Bayelsa,Sorghum,0.86,1866.6,22.8,6.35,Sandy,42.7,No,No,Improved,1.24
Kaduna,Maize,0.72,647.2,27.8,6.12,Sandy,181.9,No,No,Local,2.2
Rivers,Sorghum,0.22,2055.3,28.1,4.86,Clay,11.5,No,No,Local,1
FCT,Yam,0.31,1216.2,27.5,4.18,Loamy,119.9,No,No,Improved,8.93
Adamawa,Maize,0.35,1362.7,28.5,7.18,Loamy,120.2,Yes,No,Local,2.17
Ogun,Rice,0.2,2413.1,28.9,5.45,Clay,92.1,Yes,No,Improved,3.4
Yobe,Sorghum,1.37,650.2,31.9,6.02,Sandy,33,No,No,Improved,1.43
Ebonyi,Rice,1.31,1982.1,28.9,5.54,Loamy,158.5,No,No,Local,3.15
Abia,Rice,1.6,2292.1,24.7,6.61,Loamy,15.8,No,No,Local,2.16
Kano,Cassava,1.1,843.9,32,7.63,Sandy,95,No,No,Improved,11.22
Borno,Sorghum,0.2,620,33.1,6.47,Sandy,94,No,Yes,Local,1.39
Ekiti,Sorghum,2.64,1675.7,25,5.73,Loamy,65.9,Yes,No,Improved,1.86
Kogi,Sorghum,2.53,1354.9,30.7,5.71,Clay,15.1,No,No,Local,1.36
Edo,Maize,2.59,1864.9,29.7,6.76,Clay,132.5,Yes,No,Improved,2.55
Taraba,Yam,0.5,1265.6,26.8,4.54,Loamy,113.5,No,Yes,Improved,9.1
Kogi,Maize,1.5,1307.7,29.4,6.52,Clay,155.5,Yes,No,Local,1.73
Borno,Maize,7.02,347,36.7,5.59,Sandy,92.1,Yes,No,Improved,1.99
Adamawa,Sorghum,0.32,1236.4,27.6,7.16,Loamy,0,No,No,Local,1.08
Bayelsa,Cassava,1.08,1596.5,28.6,6.19,Clay,48.7,No,No,Improved,11.03
Anambra,Cassava,0.48,2259.4,29.7,6.31,Clay,66.8,Yes,No,Local,8.77
Bayelsa,Yam,1.19,2057.6,22.8,6.22,Loamy,106.5,No,No,Local,8.31
Nasarawa,Sorghum,0.64,1135.7,30.7,6.88,Loamy,5.8,No,No,Improved,1.61
Yobe,Cassava,0.92,693.1,28.4,5.79,Sandy,137,No,No,Local,8.46
Katsina,Sorghum,1.24,356.4,32.8,4.21,Sandy,119.4,No,No,Improved,1.54
Jigawa,Maize,1.34,332.8,37.7,6.23,Sandy,142.4,No,Yes,Local,2.01
Ondo,Yam,1.27,1568.2,24.3,5.93,Loamy,120.1,No,No,Improved,9.76
Ondo,Maize,0.88,2231.5,28.3,5.15,Sandy,131.1,No,No,Local,1.82
Delta,Cassava,2.28,1872.3,27.9,6.89,Loamy,170,Yes,No,Local,5.62
Bayelsa,Rice,2.05,1500.1,28.4,6.45,Sandy,104.5,No,No,Local,2.77
Ekiti,Yam,1.22,2441.8,24.4,4.88,Loamy,68.2,No,Yes,Improved,10.18
FCT,Yam,1.19,1040.8,31.6,6.45,Clay,108.5,Yes,Yes,Local,7.31
Enugu,Rice,5.23,2273.9,26.8,6.46,Clay,101,Yes,No,Local,3.17
Abia,Maize,1.08,2451.7,28.7,5.4,Loamy,118.6,No,No,Improved,2.22
Edo,Maize,1.29,1973.1,22.8,6.44,Clay,113,Yes,No,Local,2.47
Ekiti,Sorghum,5.77,2473.7,24.6,6.12,Loamy,65.5,No,No,Improved,1.42
Kaduna,Cassava,3.16,731.7,34.4,6.07,Loamy,89.1,Yes,No,Improved,10.69
Zamfara,Sorghum,1.54,858.2,32.9,4.76,Sandy,65.2,No,No,Improved,0.65
Imo,Maize,1.44,2403.4,25.1,5.59,Loamy,169.4,Yes,No,Local,1.99
Akwa Ibom,Maize,0.61,1528.1,29.3,5.7,Clay,179.5,No,No,Local,1.73
Imo,Sorghum,0.91,2368.7,23.5,6.76,Clay,0,No,Yes,Improved,1.16
Imo,Cassava,1.07,2008,27.5,5.13,Loamy,101.7,No,No,Improved,10.03
Edo,Sorghum,3.35,2498.5,24.9,4.79,Clay,142.3,No,No,Improved,0.97
Kwara,Cassava,2.29,1464.3,30.2,6.66,Loamy,130.8,No,No,Local,8.99
Kogi,Maize,4.37,1316.7,31,6.06,Loamy,164.8,Yes,No,Improved,3.12
Ekiti,Cassava,4.9,2396.6,28.6,7.4,Clay,83.3,No,No,Local,9.37
Bauchi,Yam,1.74,605.9,32.7,5.73,Loamy,171.3,No,Yes,Improved,11.35
Ekiti,Maize,0.83,1831.8,24.6,5.66,Clay,50.3,No,No,Local,1.86
Cross River,Rice,5.55,2479.1,23.7,5.91,Loamy,133.4,Yes,No,Improved,3.61
Kano,Sorghum,2.26,705.3,29.8,7.67,Clay,59.4,No,Yes,Improved,2.11
Delta,Maize,8.3,1584.3,22.4,5.96,Sandy,172.4,Yes,No,Local,2.28
Nasarawa,Rice,2.29,1391.5,24.2,7.12,Sandy,97.9,Yes,No,Local,3.29
Jigawa,Cassava,3.46,424.3,29.2,5.3,Sandy,139.4,No,No,Local,8.79
Lagos,Sorghum,3.83,1693.5,26.9,6.21,Loamy,54.7,Yes,No,Local,1.45
Borno,Yam,1,679.1,33.6,5.06,Clay,90.8,No,No,Improved,8.61
Enugu,Sorghum,0.9,1870.3,27,6.36,Loamy,32.2,No,No,Local,1.2
Katsina,Rice,1.91,365.6,35.8,4.71,Sandy,117.7,No,No,Local,2.01
Edo,Sorghum,0.64,1530.2,27.5,6.45,Clay,55.4,No,Yes,Local,1.31
Delta,Cassava,0.59,2338.2,28.2,5.68,Sandy,119.2,Yes,No,Local,7.4
Edo,Maize,0.94,2337,27.1,6.17,Loamy,40.5,Yes,No,Local,1.72
Nasarawa,Yam,0.38,1267.5,30.9,6.67,Clay,167.5,No,No,Improved,8.61
Enugu,Sorghum,2.2,2360.1,28.8,6.23,Loamy,31.8,No,No,Improved,0.49
Kaduna,Yam,0.74,784.8,31.2,4.82,Sandy,80.2,No,No,Local,5.45
Taraba,Rice,0.71,1327.2,26.6,7.18,Loamy,98.9,Yes,Yes,Improved,4.74
Lagos,Cassava,0.73,2390.7,29.4,6.34,Sandy,52.2,No,No,Improved,4.3
Anambra,Yam,2.86,2357.9,22.8,5.5,Clay,71.3,Yes,No,Improved,10.13
Ebonyi,Sorghum,1.49,2287.2,27.4,6.41,Clay,43.8,Yes,No,Improved,1.56
Bayelsa,Yam,0.25,1828.9,22.2,7.38,Loamy,196.8,No,No,Improved,6.02
Rivers,Cassava,3.76,2286.2,27,5.91,Loamy,87,No,Yes,Improved,11.31
Enugu,Rice,2.89,2472.2,24.6,5.39,Loamy,89.2,Yes,No,Local,2.78
Jigawa,Rice,0.66,480.3,30.5,7.01,Clay,124.6,No,No,Local,2.37
Cross River,Sorghum,3.32,2180.6,26.1,6.25,Loamy,8.1,No,No,Local,0.71
Delta,Sorghum,1.62,2303.3,22.4,5.37,Loamy,37.3,No,No,Local,1.06
Kogi,Cassava,1.69,1315.6,29.8,6.18,Clay,94.7,Yes,No,Improved,12.25
Taraba,Yam,1.62,1269.2,25.2,4.09,Sandy,76.6,No,No,Improved,7.15
Lagos,Yam,0.74,1781.7,25.8,6.61,Loamy,100.6,Yes,No,Local,6.89
Zamfara,Yam,2.93,829.6,29.3,5.72,Sandy,108.3,Yes,No,Local,9.63
Adamawa,Rice,1.02,1353.4,25,6.76,Clay,62.3,No,No,Local,2.25
Adamawa,Yam,8.46,1211.6,30,5.96,Loamy,142.7,Yes,No,Local,9.04
Yobe,Maize,0.61,382.7,35,5.73,Sandy,103.8,No,No,Local,2.14
Kebbi,Maize,1.97,794.8,27.8,4.05,Sandy,66,Yes,Yes,Local,2.33
Zamfara,Cassava,0.54,850.2,32.9,6.65,Loamy,72.5,No,No,Local,8.76
Niger,Rice,1.79,1102.9,30.5,6.18,Sandy,157.9,No,No,Local,2.19
Imo,Rice,0.54,1825.2,29.9,5.4,Clay,61.1,No,No,Local,2.61
FCT,Maize,3.02,1071.9,27.2,5.42,Loamy,71.7,No,No,Local,2.15
Nasarawa,Rice,1.94,1019.1,30.9,6.96,Clay,110.7,No,No,Local,2.64
Kebbi,Sorghum,2.96,890.3,34.8,5.87,Loamy,65.9,Yes,No,Local,1.75
Abia,Maize,0.92,1884.5,29.3,7.33,Loamy,161.8,Yes,No,Improved,2.96
Rivers,Yam,3.49,1905.9,24.7,6.86,Clay,76.8,Yes,No,Local,6.03
Delta,Rice,1.74,2440,24.1,5.77,Loamy,175.9,No,No,Improved,4.09
FCT,Yam,2.27,1292.5,27,7.03,Sandy,105,No,No,Local,7.45
Oyo,Rice,4.56,2435.8,24.6,6.97,Clay,70.2,No,No,Local,2.72
Ogun,Rice,5.45,2292,25.1,6.58,Clay,91.7,No,No,Local,2.68
Lagos,Yam,0.86,2347,23.4,7.94,Clay,89.3,Yes,No,Improved,8.05
Katsina,Cassava,0.99,473.7,30.7,5.09,Sandy,48.3,Yes,No,Local,9.89
Imo,Cassava,0.28,1808.8,25.3,5.92,Loamy,65.3,Yes,No,Improved,11.6
Osun,Rice,0.49,2166.9,27.9,5.4,Loamy,132,No,No,Improved,3.55
Kaduna,Sorghum,1.13,885.7,28.3,5.76,Loamy,93.9,Yes,No,Local,1.41
Ogun,Cassava,0.2,1716.9,26.8,5.4,Clay,67.1,No,No,Improved,12.94
Ondo,Rice,2.42,2181.3,26.3,5.88,Clay,121,Yes,No,Improved,3.48
Kaduna,Yam,0.42,803.5,32.3,5.64,Sandy,97,Yes,No,Local,8.35
Ebonyi,Rice,2.03,2479.2,26.1,5,Loamy,156.2,No,No,Improved,2.6
Ogun,Maize,1.42,2134.8,27.7,5.86,Loamy,185.2,No,No,Local,1.76
Gombe,Maize,1.66,775.5,26.7,6.75,Loamy,68.9,Yes,No,Improved,3.52
Ebonyi,Yam,6.84,2298.7,28.2,4,Clay,35.3,No,Yes,Local,6.51
Rivers,Rice,3.8,2210.3,29.1,5.13,Loamy,99.1,No,No,Improved,2.87
Ekiti,Yam,4.25,2387.8,25.7,6.78,Loamy,102.4,No,No,Improved,10.15
Adamawa,Sorghum,1.33,1339.8,26.2,5.62,Sandy,52.1,No,No,Improved,1.6
Delta,Yam,0.99,1643.2,29.4,5.93,Loamy,81.9,No,No,Improved,8.63
Oyo,Yam,10.45,2002.8,23.1,6.42,Clay,106.8,Yes,No,Local,7.23
Jigawa,Yam,0.82,513,34.1,6.72,Sandy,158.3,Yes,No,Improved,8.49
Benue,Yam,2.06,1419.6,24.2,6.08,Loamy,74.3,No,No,Local,7.22
Bayelsa,Cassava,1.36,2276.3,23.5,6.15,Loamy,109.1,No,No,Improved,10.63
Osun,Yam,1.52,1953.2,22.2,6.57,Clay,149,Yes,No,Improved,9.93
Benue,Rice,1.82,1008.6,27.1,6.24,Loamy,170.4,Yes,No,Improved,1.79
Anambra,Rice,0.83,1829.1,28.4,6.13,Loamy,32.4,No,No,Local,3.12
Rivers,Sorghum,1.79,1925.8,27.8,6.11,Clay,100.4,No,No,Improved,1.05
Oyo,Rice,0.76,2227.2,26.5,5.38,Sandy,89.1,Yes,No,Local,2.71
Imo,Rice,0.31,2373.1,24.7,6.12,Clay,174.6,Yes,No,Improved,3.79
Akwa Ibom,Sorghum,4.24,2247.4,27.1,5.51,Clay,63.5,Yes,No,Improved,1.55
Borno,Maize,1.99,624.3,33.7,4.7,Sandy,151.3,No,Yes,Local,2.89
Kano,Maize,0.23,922.6,33,4.83,Clay,74.2,No,No,Local,2.13
Kogi,Maize,2.14,1219.1,31.8,5.93,Sandy,176.9,No,Yes,Local,2.51
Lagos,Maize,3.57,2118.7,24.4,7.25,Loamy,105.8,No,No,Local,2.23
Lagos,Rice,0.69,1757,24.1,6.85,Loamy,130.3,No,No,Local,2.69
Oyo,Yam,0.8,1687.4,26,6.26,Sandy,103.2,No,No,Local,6.88
Edo,Sorghum,1.13,1850.9,22.6,5.77,Loamy,58.6,No,No,Improved,1.34
Osun,Maize,1.27,2359.1,24.7,5.53,Loamy,177.8,No,No,Local,1.83
Rivers,Sorghum,0.98,2204.1,25.3,5.74,Loamy,33.5,No,No,Improved,1.58
Sokoto,Rice,1.54,431.8,32.3,6.27,Loamy,68.3,No,No,Local,3.12
Zamfara,Maize,2.56,775,30.8,5.42,Clay,181.6,No,No,Improved,2.52
Delta,Cassava,0.43,1928.6,24.1,4.43,Clay,83,No,No,Improved,9.23
Bayelsa,Yam,0.88,1786.6,25.1,5.43,Clay,96.2,No,No,Local,9.31
Bayelsa,Cassava,1.88,2020.8,28.1,6.97,Loamy,128.4,Yes,Yes,Local,9.86
Ondo,Yam,0.31,2249.1,29.6,6.98,Sandy,77.3,No,No,Local,7.49
Zamfara,Maize,2.22,960.3,29.4,5.48,Loamy,110.1,No,No,Local,2.67
Delta,Maize,1.03,2189.8,22.8,6.65,Loamy,74.3,No,No,Local,1.54
Imo,Sorghum,0.71,2044.2,28.3,6,Clay,78.1,No,No,Local,1.1
Akwa Ibom,Yam,1.98,2440.6,29.2,4.74,Clay,95.1,Yes,No,Local,7.14
Plateau,Cassava,2.95,1414.3,26.7,6.1,Loamy,43.1,No,No,Local,9.66
Sokoto,Rice,1.5,560.8,35.5,5.04,Sandy,147,Yes,Yes,Improved,3.69
Kwara,Maize,2.52,1455.3,30.9,6.93,Loamy,46.8,No,No,Improved,2.6
Taraba,Sorghum,3.55,1160.8,27.4,5.75,Loamy,122.7,Yes,No,Local,1.15
Ogun,Rice,0.74,2446.3,27.9,5.68,Loamy,122.2,No,No,Local,3.29
Niger,Maize,1.1,1280.3,28.5,4.93,Clay,93,Yes,No,Local,2.02
Ekiti,Cassava,3.16,2430.8,23.1,7,Loamy,49.1,No,No,Local,7.38
Ebonyi,Cassava,0.64,1771.1,25.4,5.62,Clay,116.9,No,No,Local,6.96
Jigawa,Cassava,2.06,516.5,35.2,4.53,Sandy,64.9,No,No,Local,7.98
Kano,Cassava,0.83,905.9,31.9,6.4,Loamy,98.6,No,No,Improved,11.52
Osun,Sorghum,1.82,2169,29.3,7.8,Clay,33.4,Yes,No,Improved,1.5
Lagos,Yam,3.75,2189.7,27.9,6.64,Loamy,163.8,No,No,Local,8.77
Kaduna,Yam,1.91,913.8,33.2,6.65,Loamy,168.2,No,No,Improved,7.94
Adamawa,Rice,1.01,1226.9,27.5,4.58,Loamy,147,No,No,Improved,3.45
Borno,Rice,1.17,611.5,32,6.38,Loamy,160.1,No,No,Local,2.71
Benue,Rice,0.99,1463.8,24.7,6.3,Clay,39.5,No,No,Improved,3.51
Ogun,Maize,2.5,1712,27.6,6.83,Sandy,99.1,No,No,Improved,2.7
Kaduna,Sorghum,1.83,643.9,26,5.33,Sandy,44.1,Yes,No,Improved,0.81
Gombe,Yam,0.62,868.1,33.3,5.21,Clay,81.3,No,No,Improved,11.34
Benue,Maize,5.15,1321,27.2,4.92,Clay,66.8,No,No,Local,1.79
Delta,Cassava,4.26,2272.9,23.5,7.45,Clay,62.1,No,No,Local,6.74
Osun,Cassava,0.62,2480.4,28.7,6.46,Clay,86.4,No,No,Improved,9.87
Yobe,Sorghum,0.77,658.7,37.4,5.9,Clay,34.8,No,No,Improved,1.6
Ebonyi,Yam,0.41,1829.3,25.9,6.15,Loamy,167,No,No,Local,6.99
Akwa Ibom,Rice,0.26,1899.4,29,4.82,Loamy,141.8,Yes,No,Local,3.02
Taraba,Sorghum,1.84,1390.9,30.1,5.22,Loamy,2.3,No,No,Local,1.12
Zamfara,Cassava,0.74,850.9,30.1,5.67,Loamy,81.3,Yes,No,Local,9.48
Ekiti,Rice,2.93,1978.5,23.9,6.87,Loamy,103.4,Yes,No,Local,2.95
Zamfara,Maize,5.61,989.1,29.3,4.22,Sandy,51,No,Yes,Improved,2.59
Rivers,Rice,1.73,1990.3,24.9,5.02,Loamy,164.6,No,No,Local,2.76
Borno,Yam,1.26,380.4,28.9,5.71,Sandy,69.8,No,No,Improved,7.63
Zamfara,Sorghum,3.83,736.6,31.7,6,Clay,139,Yes,No,Local,1.37
Anambra,Cassava,1.05,2362.6,23,4.84,Sandy,145,No,No,Local,8.23
Gombe,Rice,5.33,614.2,30.3,4.98,Sandy,60.8,Yes,No,Local,2.88
Kaduna,Rice,0.72,803.5,33.6,4.83,Sandy,155.5,No,No,Improved,2.83
Akwa Ibom,Rice,0.66,2176.7,24.7,5.36,Clay,206,No,No,Local,2.56
Akwa Ibom,Sorghum,1.69,2179.6,29.5,6.64,Sandy,76,Yes,No,Local,1.45
Cross River,Sorghum,1.44,2303.6,24.2,5.22,Clay,0,No,No,Local,0.78
Kano,Maize,0.65,701,32.3,4.18,Clay,205.7,No,Yes,Local,2.1
Ebonyi,Yam,1.77,2192.1,22.4,5.58,Loamy,83.2,No,No,Improved,9.21
FCT,Yam,1.17,1461,30.6,6.47,Loamy,156.7,No,No,Local,7.61
Nasarawa,Rice,1.68,1453.5,28.5,5.78,Clay,172.2,No,No,Improved,3.5
Kogi,Yam,1.07,1347,26.9,5.76,Clay,65.3,No,No,Local,6.97
Abia,Cassava,4.1,1610,22.1,5.61,Loamy,63.9,Yes,No,Local,9.13
Bauchi,Rice,0.95,730.9,33.2,5.7,Sandy,142,Yes,No,Local,2.99
Ebonyi,Cassava,3.78,2087,28.1,6.28,Loamy,56,No,No,Improved,11.04
Cross River,Yam,1.74,1767.8,24,5.62,Sandy,86.1,Yes,No,Local,9.58
Rivers,Maize,1.07,1972.9,24.3,5.1,Clay,115.4,No,No,Local,2.11
Jigawa,Cassava,0.45,632.1,28.7,5.62,Clay,74.2,No,No,Local,6.03
Sokoto,Yam,1.63,369.4,36.1,6.57,Sandy,41.9,Yes,No,Local,5.46
Osun,Rice,0.58,2014.7,26.6,5.16,Loamy,4.1,Yes,No,Improved,3.65
Gombe,Yam,2.4,834.5,31.7,6.14,Sandy,73.9,No,Yes,Local,8.21
Gombe,Cassava,0.99,680.9,26.5,7.54,Loamy,44.8,No,No,Improved,9.98
Niger,Rice,0.67,1381.8,27.9,6.47,Loamy,199.2,Yes,No,Local,3.54
Sokoto,Sorghum,1.12,489.5,33,6.6,Sandy,106.4,No,No,Improved,2
Akwa Ibom,Rice,2.09,1591.5,22.4,6.2,Clay,66.2,Yes,No,Local,2.88
Anambra,Rice,1.78,1739.6,29.7,6.57,Sandy,123.5,Yes,No,Local,2.88
Sokoto,Sorghum,0.9,353.4,29.6,5.6,Sandy,44.7,No,No,Local,1.43
Taraba,Yam,0.57,1255,26.6,5.63,Loamy,119.3,No,Yes,Local,7.65
Kogi,Maize,0.51,1325.8,30.7,5.88,Loamy,52,No,No,Local,1.98
FCT,Cassava,1.32,1327.8,28.1,6.94,Loamy,134.2,No,No,Local,7.72
Kogi,Cassava,0.45,1274.1,29.2,6.14,Sandy,96.6,No,No,Local,9.27
Delta,Yam,0.6,2380.9,22.8,6.75,Loamy,102.4,Yes,No,Local,7.67
FCT,Cassava,1.26,1010.6,25.3,5.77,Loamy,21.5,No,No,Improved,10.8
Nasarawa,Cassava,0.95,1351.5,30,6.34,Loamy,119.6,No,No,Local,9.34
Lagos,Cassava,1.43,1662.4,25.2,7.3,Clay,43,No,No,Local,9.02
Abia,Yam,4.7,2045.3,26.3,6.55,Clay,131.6,No,No,Local,7.63
Kano,Yam,3.1,652.4,27.5,6.67,Sandy,158.1,Yes,No,Local,7.53
Niger,Sorghum,1.64,1334.2,24.6,5.63,Clay,56.9,No,No,Local,1.13
Katsina,Yam,1.04,575.1,30.9,6.01,Sandy,177.3,No,No,Improved,9.63
Anambra,Rice,1.07,1578.4,29,6.05,Clay,54.1,Yes,No,Local,2.78
Enugu,Rice,6.68,2200.4,24.4,6.29,Clay,90.9,No,No,Local,3.41
Akwa Ibom,Yam,0.26,1744,22.4,6.66,Loamy,66.4,No,No,Improved,8.97
Adamawa,Maize,0.67,1152.6,25.7,4.76,Clay,91.5,No,Yes,Local,1.98
Niger,Yam,1.42,1231.4,29.4,7.52,Clay,119.6,Yes,Yes,Local,8.45
Benue,Sorghum,0.8,1038.9,30.6,6.47,Loamy,120.7,Yes,No,Improved,1.38
Taraba,Cassava,1.88,1394.9,25.6,6.48,Clay,134.6,No,No,Local,9.62
Edo,Maize,0.49,1672.7,25.1,5.28,Clay,71.2,No,No,Improved,2.25
Nasarawa,Cassava,1.29,1351.6,28.4,6.13,Loamy,33,Yes,Yes,Improved,11.65
Oyo,Sorghum,0.83,1689.2,25.6,5.11,Clay,146.2,Yes,No,Improved,1
Ondo,Cassava,3.66,1730,27.5,5.61,Loamy,123.7,Yes,Yes,Local,10.78
Kaduna,Yam,4.86,730.1,34.4,6.16,Sandy,118.2,Yes,No,Improved,8.53
Cross River,Sorghum,1.91,2011.3,29.1,7.16,Loamy,83.3,Yes,No,Improved,1.57
Abia,Yam,1.82,1985.3,24.7,6.47,Loamy,169.7,Yes,No,Local,7.3
Osun,Rice,0.71,1813.9,25.8,5.74,Clay,91,No,No,Improved,3.44
Ebonyi,Sorghum,1.4,2233,25.1,6.98,Sandy,147.9,No,No,Improved,0.97
Adamawa,Sorghum,0.4,1293.6,31.7,7.41,Sandy,45.8,Yes,No,Local,1.58
Enugu,Cassava,2.2,2369.3,29.2,6.46,Loamy,129.3,No,No,Local,8.93
Bauchi,Cassava,1.45,962.6,33,6.44,Sandy,105.7,No,No,Improved,9.85
Osun,Sorghum,1.03,1533.3,28.9,5.05,Clay,92.5,No,No,Improved,1.34
Abia,Rice,2.65,1767.3,24.1,6.09,Loamy,80.4,No,No,Improved,3.25
Rivers,Maize,0.53,1610,25.8,4.72,Clay,164.2,No,Yes,Local,1.77
Zamfara,Rice,2.43,752,27.4,5.81,Sandy,109.7,Yes,No,Improved,3.61
Borno,Sorghum,2.46,552.9,35.1,5.77,Sandy,0,No,No,Local,0.95
Benue,Yam,0.51,1433.9,31.9,6.02,Loamy,100,Yes,No,Local,2.45
Bayelsa,Maize,3.84,2139.4,24.9,5.45,Loamy,104.4,Yes,No,Improved,2.55
Delta,Cassava,1.32,2025.9,27.7,5.38,Clay,147.6,Yes,No,Local,8.43
Nasarawa,Yam,2.42,1468.5,31.6,6.87,Clay,110.5,Yes,No,Improved,11.78
Katsina,Cassava,11.36,488.6,36,6.73,Clay,95.2,No,No,Improved,9.18
Kano,Rice,2.98,822.5,30.6,6.45,Clay,90.2,No,No,Local,2.53
Gombe,Maize,0.58,951.3,26.2,5.99,Loamy,132.4,No,No,Local,2.19
Ogun,Rice,2.88,2314.8,25.4,4.74,Clay,141.8,No,No,Improved,2.78
Ekiti,Sorghum,1.24,1854.3,28,6.08,Clay,30.2,Yes,No,Improved,1.63
Kebbi,Yam,0.34,601.9,32.6,5.63,Loamy,112,No,No,Improved,8.58
Bauchi,Sorghum,0.26,974.4,28.9,6.25,Sandy,69.7,Yes,No,Local,1.36
Zamfara,Maize,0.47,618.2,27.6,5.44,Clay,130.3,No,No,Local,1.95
Osun,Maize,3.3,2491.5,29.9,5.17,Loamy,171,Yes,Yes,Local,2.31
Yobe,Yam,3.38,584.8,36.1,6.73,Sandy,84,No,No,Improved,8.04
Abia,Rice,0.38,1930.6,26.2,7.54,Clay,85.9,No,No,Improved,3.63
Akwa Ibom,Sorghum,0.72,2117.1,27.5,5.95,Loamy,26.9,No,No,Local,0.88
Ogun,Yam,2.6,1550,29.2,5.73,Loamy,96.3,Yes,No,Local,8.77
Rivers,Maize,2.74,2016.8,24.5,6.49,Clay,143.3,Yes,No,Local,2.23
Bauchi,Sorghum,5.05,674.5,34.9,5.36,Sandy,15.4,No,No,Improved,1.46
Kogi,Rice,0.77,1200.9,30,7.04,Sandy,104.4,No,No,Local,2.73
Nasarawa,Cassava,4.83,1358.1,26.3,6.99,Sandy,40.7,Yes,No,Improved,9.66
Plateau,Rice,0.2,1279.8,31.5,6.66,Loamy,135.7,No,No,Local,2.82
Plateau,Maize,0.62,1076.2,31.7,5.79,Clay,113.5,No,No,Improved,3.02
Katsina,Rice,0.28,593.1,30.6,5.73,Sandy,145.3,No,No,Improved,3.43
Delta,Cassava,1.74,2157.5,26.2,4.13,Loamy,99.6,No,Yes,Improved,11.85
Taraba,Sorghum,3.18,1243.1,25.8,5.44,Loamy,0,Yes,No,Improved,1.08
Bayelsa,Sorghum,3.82,1836.6,29.9,6.59,Loamy,90.2,No,No,Improved,1.6
Benue,Sorghum,25,1016,28.7,5.31,Loamy,52.2,No,No,Improved,1.67
Kebbi,Rice,1.31,866.7,28.3,4.83,Sandy,203.3,Yes,No,Local,3.15
Gombe,Rice,1.63,701.9,28.7,7.02,Loamy,16.3,Yes,No,Improved,2.7
Ondo,Sorghum,2.65,2102.5,24.2,6.96,Sandy,95.7,Yes,No,Local,1.27
Oyo,Yam,0.54,1679.6,24.5,4.55,Loamy,119.4,Yes,No,Improved,10.44
Sokoto,Cassava,0.35,365.2,28.2,5.56,Loamy,75.9,No,No,Improved,10.98
Edo,Yam,2.72,1711.4,22.9,6.03,Sandy,96.2,No,No,Local,8.56
Cross River,Sorghum,1.78,1692.3,22.7,6.29,Loamy,91.3,No,No,Improved,1.28
Delta,Rice,0.4,1932.4,26.8,5.35,Clay,79.3,No,No,Improved,3.25
Kaduna,Maize,2.37,606.2,33.8,4.7,Sandy,143.1,Yes,No,Local,1.72
FCT,Maize,25,1361.9,31.1,6.43,Loamy,96.8,Yes,No,Improved,2.94
Enugu,Cassava,3.73,2153.4,22.9,5.99,Clay,69.3,Yes,No,Local,7.92
Kwara,Yam,2.53,1284.5,30.5,5.52,Loamy,132.6,Yes,Yes,Local,9.69
Anambra,Sorghum,2.52,2138.8,29.5,6,Sandy,90,No,Yes,Local,1.44
Kogi,Maize,1.92,1362.3,28.1,5.17,Sandy,132.1,Yes,No,Improved,2.79
Benue,Maize,0.96,1025.8,27.1,6.95,Loamy,84.4,Yes,No,Improved,2.59
Enugu,Cassava,2.07,2303,22,6.33,Clay,170.4,No,No,Improved,9.96
Kano,Rice,2.39,684.3,26.3,5.82,Clay,66.4,No,No,Local,2.26
Oyo,Cassava,1.49,2135.1,27.1,6.21,Clay,143.9,Yes,No,Improved,12.93
FCT,Yam,4.67,1360.1,28.2,5.06,Sandy,105.2,No,No,Local,7.87
Jigawa,Rice,0.62,525.3,30.1,6.88,Clay,136.1,No,No,Improved,3.08
Bayelsa,Yam,0.9,1531.2,26,6.04,Clay,157.1,Yes,No,Improved,12.46
Kogi,Sorghum,0.34,1285.2,31.5,6.33,Sandy,38.2,No,No,Local,1.09
Katsina,Maize,0.87,460.4,37.9,5.08,Sandy,120.1,No,No,Local,1.65
Imo,Yam,0.78,1719.4,23.6,5.21,Loamy,55.8,No,No,Local,3.13
Bauchi,Maize,1.73,659,33.1,5.43,Clay,168.6,No,No,Improved,2.32
Kwara,Yam,2.23,1219.7,26.9,6.43,Sandy,185.8,Yes,No,Local,5.79
Zamfara,Sorghum,0.84,843.1,33.4,6.58,Sandy,49.6,No,No,Local,1.35
Plateau,Rice,1.59,1164.4,24.7,6.62,Clay,149.4,No,Yes,Local,3.45
Katsina,Cassava,1.16,474,36.4,5.85,Loamy,33.3,Yes,No,Local,7.08
Nasarawa,Yam,1.23,1313.5,28.2,6.79,Clay,177.3,No,No,Local,6.36
Zamfara,Cassava,0.36,993.4,26.5,6.36,Loamy,110.9,No,No,Local,7.43
Oyo,Cassava,1.55,1803.4,28.6,7.19,Loamy,41.5,No,No,Improved,8.93
Anambra,Cassava,2.72,2102.8,24.4,5.97,Loamy,2.1,Yes,No,Local,7.35
Imo,Cassava,0.49,1864.4,28.8,7.01,Clay,79.5,No,No,Improved,10.16
Ekiti,Rice,0.37,1732.6,25.5,4.11,Clay,99.4,No,No,Local,2.53
Abia,Maize,0.97,2261.7,25.1,6,Clay,192.1,No,Yes,Local,2.35
Adamawa,Sorghum,0.4,1093.3,26.3,5.33,Loamy,99.3,No,No,Local,1.28
Kebbi,Sorghum,3.1,764.6,31.9,6.85,Sandy,25.3,Yes,No,Local,1.46
Bayelsa,Rice,2.72,1811.5,22.3,6.95,Loamy,109.2,Yes,No,Local,3.21
Imo,Cassava,3.16,1721.8,25.5,6.52,Clay,150,No,Yes,Improved,10.02
Niger,Sorghum,12.94,1001.9,24.2,5.84,Sandy,49.5,No,No,Local,1.19
Ondo,Rice,2.07,2378.3,27.7,5.95,Sandy,152.3,Yes,No,Improved,4.41
Kano,Yam,1.68,684.2,34.7,6.53,Loamy,40.8,Yes,No,Improved,6.62
Taraba,Sorghum,1.69,1477.2,27.7,6.74,Loamy,142.3,Yes,No,Local,1.03
Benue,Sorghum,1.7,1278.5,30,5.98,Loamy,65.8,No,No,Local,1.31
Delta,Sorghum,1.75,1924.5,22.6,7.15,Clay,83,Yes,No,Local,1.22
Bayelsa,Sorghum,1.49,1914.3,28.1,7.41,Loamy,83.1,No,No,Local,1.23
Kebbi,Cassava,9.85,842.8,30.8,6.78,Loamy,97,No,No,Local,8.46
Niger,Sorghum,1.96,1402.2,26.1,5.86,Loamy,135.5,Yes,No,Local,1.14
Kebbi,Yam,4.54,724.8,26.1,5.52,Sandy,152.4,No,No,Local,6.85
Kogi,Rice,4.22,1415.5,28.9,6.52,Clay,64.7,No,No,Local,2.34
Osun,Rice,0.82,2125.4,23.7,5.71,Loamy,119.8,No,No,Local,2.86
Enugu,Maize,6.29,1613.7,28.8,5.32,Loamy,48.1,No,Yes,Improved,2.58
Oyo,Rice,0.37,2131.1,29.4,7.58,Clay,164.1,No,No,Local,2.83
Edo,Maize,1.44,1790.6,22.8,5.39,Clay,92.5,Yes,No,Improved,2.65
Edo,Maize,2.64,2467.7,22.4,5.99,Clay,194.4,Yes,No,Improved,2.55
Ogun,Maize,0.84,1719.4,29.1,5.5,Loamy,185,No,Yes,Local,2.2
Sokoto,Cassava,0.29,662.2,28.9,5.43,Clay,87.5,No,No,Improved,9.77
Ekiti,Yam,2.07,1703.5,24.4,5.67,Loamy,201.6,Yes,Yes,Improved,11.02
Kebbi,Cassava,1.77,719.4,31.8,6.81,Sandy,105.5,Yes,Yes,Improved,13.73
Zamfara,Yam,0.2,806.7,34.5,6.26,Sandy,143.8,No,No,Improved,8.58
Kaduna,Cassava,1.35,661,28.2,5.9,Clay,115.1,Yes,No,Local,8.67
Adamawa,Sorghum,0.33,1332.7,25.2,6.77,Loamy,26.8,Yes,No,Local,1.26
Katsina,Yam,1.45,691.3,37.1,5.82,Loamy,105,No,No,Local,6.38
Bauchi,Rice,1.08,744.8,31,6.24,Loamy,84.7,No,No,Improved,2.68
Edo,Sorghum,2.69,1893.1,29.9,6.68,Sandy,57.4,No,Yes,Local,1.3
Taraba,Rice,5.9,1066.6,26.3,5.54,Clay,87.1,No,No,Local,2.85
Akwa Ibom,Maize,0.2,1537.8,22.8,7.43,Loamy,117,No,No,Improved,2.75
Benue,Maize,1.88,1465.2,26.4,6.06,Clay,129.6,No,No,Improved,2.44
Katsina,Maize,3.05,484.7,32.4,6.6,Sandy,135.9,Yes,No,Local,2.33
Kaduna,Maize,0.9,913,30.1,6.03,Loamy,217.7,No,No,Local,1.88
Jigawa,Rice,1.09,310.6,28.9,5.62,Sandy,49.2,No,No,Improved,3.06
Edo,Maize,4.66,2037.8,27.8,5.81,Clay,112.9,No,No,Local,1.74
Rivers,Cassava,2.98,2049.8,28.7,5.92,Clay,67,No,No,Improved,10.7
Delta,Rice,0.67,2371.1,26.5,6.72,Sandy,106.3,No,No,Local,2.66
Zamfara,Rice,0.46,821,30.7,6.54,Sandy,9.8,No,No,Improved,3.08
Niger,Cassava,0.8,1461,29.1,6.8,Clay,63.4,Yes,No,Improved,11.28
Kano,Rice,1.87,784.7,34.8,7.33,Loamy,76.6,Yes,No,Improved,3.28
Ebonyi,Cassava,0.47,2109.9,25.7,6.56,Clay,57.7,No,No,Local,8.93
Ondo,Sorghum,0.57,1825.5,23.9,4.73,Loamy,117.5,No,No,Improved,1.23
Ekiti,Cassava,1.1,1689.1,25.1,4.84,Clay,58.9,No,No,Improved,9.8
FCT,Sorghum,2.06,1272.8,26.6,5.72,Loamy,22.1,No,No,Local,0.92
Sokoto,Rice,0.37,307.3,36.9,5.85,Sandy,59.2,Yes,No,Local,2.49
Cross River,Cassava,1.27,2380.1,27.8,5.47,Sandy,58.6,Yes,No,Local,3.38
Kogi,Maize,2.02,1135.7,27.8,5.59,Loamy,116.6,Yes,No,Local,2.56
Kaduna,Rice,1.21,784.6,28.8,6.22,Loamy,109.7,Yes,Yes,Local,3.34
Akwa Ibom,Sorghum,4.19,2395,26.5,6.56,Clay,0.2,No,Yes,Local,1.22
Taraba,Cassava,0.43,1061.2,28,7.08,Loamy,182.4,No,No,Improved,7.02
Yobe,Maize,4.93,328.9,32.7,5.46,Sandy,91.6,No,Yes,Local,0.88
Ekiti,Maize,0.46,1777.6,22.4,5.7,Sandy,108.9,No,No,Improved,2.8
Yobe,Maize,0.3,614,31.3,6.66,Sandy,145.1,No,No,Local,0.93
Imo,Sorghum,7.98,1715.7,27.6,5.72,Loamy,42.7,No,No,Local,1.15
Sokoto,Cassava,0.49,619,36.2,6.12,Sandy,86.8,Yes,No,Local,7.91
Ebonyi,Sorghum,2.46,1609.1,26.5,6.33,Loamy,82,No,No,Improved,1.28
Ebonyi,Sorghum,3.53,2383.7,29.1,5.62,Clay,75.9,No,No,Local,1.47
Cross River,Cassava,2.22,2235.7,23.6,5.23,Loamy,97.4,No,No,Improved,11.3
Taraba,Rice,8.93,1106.7,29.1,6.05,Clay,90.3,Yes,No,Improved,3.92
Ebonyi,Rice,1.53,2013.5,25.4,4.95,Clay,108.1,No,No,Local,2.66
Taraba,Rice,0.61,1101.8,26.1,6.82,Sandy,74.8,No,No,Local,2.29
Akwa Ibom,Yam,2.72,2240.8,22.1,5.83,Loamy,87.2,No,No,Improved,8.94
Adamawa,Sorghum,3.89,1055.9,24.4,6.93,Loamy,119.2,No,No,Local,1.18
Kaduna,Maize,3.13,936.6,31.2,5.89,Clay,115.7,Yes,No,Local,2.41
Gombe,Cassava,1.5,601.2,27.9,5.44,Clay,104.9,Yes,No,Improved,11.02
Akwa Ibom,Rice,5.52,1970.3,23.2,6.99,Clay,111,Yes,No,Improved,3.66
Cross River,Maize,1.33,1731.1,27.8,5.38,Clay,134.4,Yes,Yes,Improved,3.32
Adamawa,Sorghum,1.33,1479.8,27.9,6.17,Loamy,26.1,No,No,Improved,1.41
Niger,Maize,1.18,1291.6,27.2,6.39,Loamy,139.2,No,No,Improved,3.43
Kwara,Sorghum,0.98,1245.7,26.3,5.9,Sandy,99.5,No,No,Local,1.18
Ondo,Rice,0.9,2471.9,28.4,5.28,Loamy,139.1,No,Yes,Improved,3.67
Bayelsa,Sorghum,2.14,1681.6,26.1,4.34,Loamy,135.1,No,Yes,Local,1.09
Nasarawa,Cassava,0.38,1341.1,31.4,5.14,Loamy,113.5,No,No,Local,9.45
Plateau,Cassava,14.25,1117.4,24.9,6.71,Loamy,99.6,No,No,Local,8.58
Edo,Sorghum,2.89,2200.5,28.6,5.6,Clay,18,No,No,Improved,1.57
Anambra,Maize,1.52,1524.1,29.3,6.32,Loamy,42.3,No,No,Local,1.73
Kogi,Rice,0.53,1035.3,28,4.42,Clay,84.7,No,No,Improved,3.09
Bauchi,Maize,4.44,964.4,26.7,4.79,Loamy,96.7,Yes,No,Local,2.02
Edo,Sorghum,1.69,2291.7,23.3,5.21,Clay,21.6,No,No,Improved,1.39
Plateau,Sorghum,4.98,1154.3,31.2,5.73,Clay,72.8,No,No,Improved,0.87
Anambra,Cassava,2.73,1747.8,28.8,5.66,Clay,28.9,No,No,Local,7.11
Osun,Rice,4.37,2322.9,22.8,5.1,Clay,79,No,No,Improved,2.74
Nasarawa,Sorghum,2.51,1164.7,28,5.81,Clay,27.3,Yes,No,Local,1.37
Niger,Maize,1.91,1489.9,30.8,6.12,Clay,58,No,No,Improved,2.47
Gombe,Yam,1.05,755.7,34.3,5.76,Loamy,147.3,No,Yes,Local,5.02
Adamawa,Yam,1.46,1437.8,24,6.12,Loamy,61.9,No,No,Local,9
Bauchi,Cassava,2.81,962.2,30.6,5.64,Loamy,37.2,No,No,Local,8.94
Rivers,Sorghum,0.2,2426.9,22.3,6,Loamy,16.1,Yes,No,Local,0.91
Osun,Maize,4.75,2108.6,25.2,6.93,Clay,156.5,Yes,Yes,Improved,2.86
Gombe,Cassava,0.39,959.9,34.7,5.7,Clay,120,Yes,No,Local,8.4
Kwara,Yam,0.89,1165.3,25.3,5.55,Sandy,123.1,Yes,No,Local,9.11
Bauchi,Cassava,2.34,901.6,29.4,6.9,Sandy,140.6,No,No,Local,8.47
Benue,Rice,5.87,1323.8,31.7,4.57,Sandy,117.5,No,No,Local,2.43
Adamawa,Yam,4.27,1381.2,28.5,5.86,Loamy,67.3,No,No,Local,9.22
Katsina,Maize,2.56,402.5,34.9,5.89,Sandy,162.4,Yes,No,Improved,2.33
Zamfara,Rice,0.47,989.9,31.1,5.91,Sandy,51,Yes,No,Improved,4.13
Yobe,Maize,2.36,402.5,29.2,5.85,Sandy,172,No,No,Improved,2.22
Kano,Cassava,1.26,998.2,30.8,6.94,Clay,114.2,No,Yes,Improved,13.19
Nasarawa,Maize,1.11,1436.1,31.8,7.2,Loamy,122.9,No,No,Local,1.75
Kebbi,Cassava,1.42,784,28.3,6.36,Clay,86.7,No,No,Improved,12.43
Ebonyi,Sorghum,0.73,2089.6,26.6,5.58,Clay,125.3,Yes,No,Improved,1.51
Taraba,Cassava,4.54,1219.7,27.4,6.95,Clay,21,No,No,Improved,11.48
Ogun,Cassava,1,2336.3,29.6,6.35,Clay,154.9,Yes,No,Improved,11.36
Kaduna,Sorghum,1.77,804.2,28.6,6.01,Sandy,51.1,Yes,No,Improved,1.88
Abia,Cassava,1.62,2113.7,23.1,6.78,Loamy,130.8,No,No,Local,9.1
Ondo,Sorghum,1.14,2166.7,27.6,6.22,Loamy,29.9,No,No,Local,1.29
Kebbi,Rice,1.77,847.1,29.4,6.92,Sandy,107.7,No,No,Local,2.31
Cross River,Cassava,1.09,1749,29.4,5.61,Loamy,136.5,Yes,No,Local,8.47
Edo,Sorghum,3.11,2007.6,24.4,5.64,Clay,83.2,No,No,Local,1.22
Sokoto,Rice,0.73,561.9,34.2,4.82,Sandy,157.5,No,Yes,Local,2.75
Ekiti,Cassava,0.39,1761.4,24.4,6.46,Clay,41.5,No,No,Local,10.97
Enugu,Cassava,2.69,1903.2,22.6,6.7,Loamy,101.4,No,No,Local,6.87
Osun,Sorghum,1.64,1887.8,25,6.17,Sandy,13,Yes,No,Improved,1.72
Imo,Maize,4.37,1657.9,27.9,4.95,Loamy,146.3,No,No,Improved,2.61
Ondo,Sorghum,0.42,2370.8,26.9,7.32,Clay,45.4,No,No,Local,1.07
Kebbi,Maize,2.72,877.3,29.2,6.82,Sandy,141.6,Yes,No,Improved,2.97
Plateau,Maize,0.47,1394,24.4,5.55,Loamy,150,Yes,Yes,Improved,3.85
FCT,Sorghum,1.87,1090.3,29.1,6.03,Loamy,113.8,No,No,Local,1.21
Kogi,Yam,0.53,1319.8,25.4,6.4,Sandy,68.4,Yes,No,Improved,11.19
Oyo,Maize,2.38,2320.3,23.4,5.21,Sandy,143.3,Yes,No,Improved,2.67
Enugu,Rice,1.17,2204,28.3,6.17,Loamy,63.6,No,No,Improved,3.76
Katsina,Cassava,1.27,609.5,29.2,4.83,Sandy,67.6,No,No,Improved,8.47
Kogi,Maize,1.17,1121,31.2,6.06,Clay,105.3,No,Yes,Improved,3.95
Yobe,Maize,2.19,526.6,33.9,6.49,Sandy,113.9,No,No,Local,1.72
Borno,Maize,1.8,615.9,29,5.92,Sandy,98.4,No,No,Improved,2.69
Kwara,Maize,4.02,1006.4,31.2,6.27,Loamy,135.7,Yes,No,Local,2.07
Bauchi,Yam,0.98,605.7,32.6,6.27,Clay,63.6,Yes,No,Improved,5.78
Lagos,Cassava,0.3,1840,27.8,5.71,Clay,95.4,No,No,Improved,9.78
Ondo,Rice,5.59,2111.3,28.5,6.07,Sandy,133.9,Yes,No,Improved,3.26
Katsina,Sorghum,1.07,694.9,37.1,5.94,Loamy,58.4,Yes,No,Local,1.55
Delta,Sorghum,5.5,1584.9,23.6,7.03,Sandy,32,Yes,No,Local,1.24
Osun,Yam,1.26,1943.2,23.8,5.71,Sandy,104.9,Yes,No,Local,9.14
Ogun,Cassava,0.49,2181.6,25.3,5.01,Loamy,113.3,No,No,Local,9.58
Jigawa,Cassava,0.3,668.4,30.6,5.17,Loamy,53.7,No,No,Local,8.96
Ondo,Yam,3.82,2266.8,26.1,5.91,Sandy,144.1,No,No,Improved,11.7
Jigawa,Maize,6.43,668.1,29,4.8,Loamy,37.6,No,No,Local,1.85
Abia,Sorghum,1.17,1899.8,27.8,6,Loamy,90,No,No,Local,1.31
Sokoto,Yam,1.98,587,29.8,5.86,Sandy,88.7,No,No,Local,7.62
Anambra,Maize,1,2407.1,29.9,6.25,Loamy,133.1,No,No,Improved,2.63
Bauchi,Yam,6.77,799.9,29.8,6.62,Sandy,117.7,No,No,Improved,9.19
Yobe,Maize,1.15,565.9,37.1,7.04,Loamy,105.3,Yes,No,Local,2.23
Kano,Rice,0.68,879.8,29.2,6.16,Clay,51.3,No,No,Improved,4.38
Adamawa,Yam,5.94,1030.3,27.6,4.91,Loamy,166.8,Yes,No,Improved,8.01
Bayelsa,Sorghum,2.13,2107,23.1,4.86,Loamy,108.8,No,No,Local,0.8
Delta,Cassava,2.52,2415.5,28,6.04,Loamy,54.5,No,No,Local,9.21
Akwa Ibom,Rice,1.27,2340.8,24.5,5.94,Clay,70,No,Yes,Improved,3.95
Niger,Yam,5.19,1284.7,24.3,6,Loamy,124.8,Yes,No,Improved,11.16
Nasarawa,Cassava,1.83,1051.4,26.6,6.33,Clay,112.7,Yes,No,Local,10.1
Enugu,Sorghum,1.36,1652,25.1,6.35,Loamy,5.6,Yes,No,Local,1.12
Ekiti,Sorghum,1.95,2141,29.6,5.43,Loamy,84.2,Yes,No,Improved,1.73
Enugu,Maize,5.35,1834.3,23.2,6.06,Sandy,75,No,No,Improved,2.11
Bauchi,Yam,3.47,749.6,27,6.23,Loamy,118.1,Yes,Yes,Improved,12.83
Niger,Maize,0.86,1174.7,31.2,6.01,Loamy,114.7,No,Yes,Improved,3.45
Niger,Yam,5.23,1137.2,28.8,6.06,Loamy,133.1,Yes,No,Improved,11.89
Lagos,Rice,2.31,2367.7,26.6,5.82,Clay,74.6,Yes,No,Improved,3.71
Jigawa,Yam,1.53,648.8,34.4,6.68,Loamy,157,No,No,Improved,7.04
Anambra,Rice,1.04,2289.4,27.7,6.47,Sandy,133.3,No,No,Local,2.75
Borno,Rice,1.36,669.4,31.2,6.72,Loamy,47.1,Yes,No,Improved,3.44
Benue,Yam,2.59,1392.3,31.4,5.78,Sandy,64,Yes,No,Improved,10.32
Jigawa,Rice,0.25,629.1,34.3,5.81,Sandy,111.1,No,No,Local,1.11
Bayelsa,Maize,1.13,2373.4,29.2,6.26,Clay,90.7,No,No,Improved,1.1
Kogi,Maize,3.41,1478.6,26.7,5,Loamy,79,No,No,Local,2.18
Yobe,Rice,0.95,679,32.2,5.45,Loamy,149.7,No,No,Local,2.35
Lagos,Maize,2.88,1903.4,26.7,5.36,Clay,71.5,No,No,Local,1.79
Cross River,Rice,0.38,2341.9,28.5,5.57,Loamy,49,No,Yes,Improved,4.3
Adamawa,Maize,1.9,1052.4,27,7.48,Clay,60.9,No,No,Local,1.72
Anambra,Yam,1.23,2461.1,26.9,5.5,Loamy,78.5,No,No,Local,7.34
Ekiti,Maize,0.69,1668.2,23.3,5.54,Loamy,56.1,No,No,Local,1.96
Edo,Maize,1.47,1721.6,23.8,6.28,Sandy,160.3,No,No,Local,2.06
Osun,Cassava,3.47,1611,24.4,4.39,Loamy,163.3,Yes,No,Improved,9.56
Akwa Ibom,Rice,0.85,2256.3,28.6,7.14,Clay,31.8,Yes,No,Improved,1.41
Abia,Maize,1,2462.2,23.6,6.77,Loamy,135,Yes,No,Local,2.25
Nasarawa,Cassava,2.12,1056.5,24.5,6.13,Sandy,109.4,No,No,Improved,11.86
Taraba,Cassava,0.6,1110.2,30.8,5.47,Clay,99.6,Yes,No,Improved,11.18
Ondo,Cassava,1.59,1529,24.9,5.86,Clay,94.8,Yes,No,Improved,13.94
Taraba,Maize,0.61,1075.9,28.4,5.49,Clay,126,No,No,Improved,2.97
Niger,Cassava,0.62,1077.5,25.3,5.57,Loamy,45.9,No,No,Local,7.22
FCT,Cassava,2.55,1481.4,29.9,6.52,Loamy,68.5,Yes,No,Improved,13.16
Akwa Ibom,Rice,1.22,1823.4,26.2,5.8,Sandy,67.6,No,No,Local,2.53
Ondo,Cassava,0.61,1797.9,27.4,5.49,Sandy,75.4,No,No,Improved,10.75
Jigawa,Rice,3.71,469.8,37.6,6.6,Sandy,117,Yes,No,Improved,3.71
Gombe,Cassava,3.45,860.1,28.8,6.11,Sandy,67.4,Yes,No,Local,9.06
Cross River,Sorghum,5.85,1568.2,25.1,7.75,Clay,187.7,Yes,No,Improved,1.01
Akwa Ibom,Rice,1.84,2392,22.9,4.95,Clay,136.9,No,Yes,Improved,3.78
Plateau,Sorghum,0.63,1338.3,26.4,7.29,Sandy,59.4,Yes,No,Local,1.45
Akwa Ibom,Rice,4.78,1538.2,29.7,5.45,Loamy,61.2,No,No,Improved,4.08
Lagos,Sorghum,2.72,2480.2,24.5,5.16,Clay,79.5,Yes,No,Improved,1.27
Enugu,Rice,0.74,1557.6,28.2,5.22,Loamy,161.4,No,No,Improved,3.67
Ebonyi,Rice,0.74,1793.9,27.1,6.53,Loamy,0,No,Yes,Local,3.32
Adamawa,Yam,1.58,1246.7,27.2,4.55,Loamy,99.7,No,No,Improved,6.87
Borno,Rice,1.66,652.9,30.1,6.16,Sandy,176.2,No,No,Local,2.82
Yobe,Rice,3.12,625.2,30.8,5.42,Sandy,100.3,Yes,No,Improved,4.3
Cross River,Maize,2.33,2471.1,23.6,6.48,Loamy,127.5,No,No,Improved,2.15
Gombe,Sorghum,1.85,913,29.1,7.37,Clay,84.3,No,No,Local,1.05
Ebonyi,Sorghum,0.8,1627.9,26.1,6.07,Sandy,65.1,Yes,No,Improved,1.79
Nasarawa,Sorghum,0.47,1335.5,24.3,6.33,Clay,79.7,No,No,Improved,0.84
Adamawa,Cassava,0.53,1187.8,25.1,5.65,Clay,103,No,No,Local,8.95
Niger,Cassava,5.13,1034.7,30.3,6.21,Clay,117.9,Yes,No,Improved,11.96
Abia,Sorghum,3.13,1573.4,26.4,6.08,Loamy,38.8,No,No,Local,1.12
Ebonyi,Rice,6.15,2208.5,24.8,4.58,Loamy,88.6,Yes,No,Local,2.5
Ebonyi,Rice,0.26,1513.6,29.3,6.2,Sandy,96.5,Yes,No,Local,3.45
Taraba,Maize,2.3,1277.9,25,6.68,Loamy,135.9,Yes,No,Local,2.09
Niger,Cassava,3.23,1264.6,28.7,6.13,Loamy,85.6,No,Yes,Local,9.15
Kebbi,Cassava,1.09,982.4,27.6,4.59,Clay,36.9,Yes,No,Improved,10.25
Yobe,Maize,0.59,687.8,31.4,6.18,Clay,128.2,Yes,Yes,Local,2.78
Delta,Sorghum,1.5,1808,22.9,4.97,Clay,27.4,No,No,Local,1
Rivers,Yam,2.31,1735.7,22.3,6.6,Loamy,155.4,Yes,No,Improved,8.63
Benue,Cassava,2.51,1112.2,24.7,5.91,Loamy,107.3,Yes,No,Improved,10.71
Bauchi,Rice,5.95,746.3,30.4,5.27,Loamy,163.7,No,No,Improved,3.01
Anambra,Yam,2.11,2088.7,29.5,6.29,Clay,88.2,Yes,No,Local,8.6
Rivers,Maize,3.1,1670.4,26.2,5.12,Loamy,113.6,No,No,Improved,2.47
Taraba,Sorghum,0.77,1242,31.9,5.52,Loamy,58.5,No,No,Improved,1.39
Kano,Rice,0.51,731.1,27.7,5.62,Sandy,68.1,Yes,No,Local,2.6
Abia,Yam,2.05,2103.2,29.9,5.4,Clay,64.5,Yes,No,Local,8.69
Ogun,Cassava,1.32,1981.1,23.5,5.98,Loamy,105.4,Yes,No,Local,10.04
Delta,Yam,0.62,2322.2,26.5,5.92,Clay,103.3,Yes,No,Improved,10.38
Ogun,Rice,1.82,1528.3,22.7,6.98,Clay,63.7,No,No,Local,2.91
Ebonyi,Sorghum,0.2,2187.6,28.4,6.1,Clay,21.2,No,No,Improved,1.44
Borno,Rice,0.82,513.5,34.7,6.04,Sandy,100.2,No,No,Improved,3.27
Sokoto,Yam,0.59,568,30.1,6.47,Sandy,144.7,Yes,No,Improved,7.62
Plateau,Cassava,3.79,1496.9,28.6,6.18,Loamy,73.8,Yes,No,Local,8.37
Anambra,Sorghum,2.82,2076.6,29.9,5,Clay,108,No,No,Local,0.92
Kano,Sorghum,2.58,799.7,30.1,5.35,Loamy,71.8,Yes,No,Local,1.69
Lagos,Maize,6.41,1998.9,29.2,4.96,Clay,170.3,No,No,Improved,2.07
Borno,Sorghum,0.28,385.2,35.2,6.73,Sandy,114.9,Yes,No,Local,1.48
Anambra,Yam,1.58,1739.5,25.1,5.36,Sandy,107.4,No,No,Local,6.91
Bauchi,Cassava,1.33,870.9,34.2,7.63,Clay,68.6,No,No,Improved,11.28
Ogun,Maize,0.82,2121.7,29.8,7.18,Clay,102.2,No,No,Local,1.96
Niger,Maize,1.33,1419.2,31.1,5.53,Clay,159,No,No,Improved,2.78
Taraba,Rice,8.15,1292.6,31,5.5,Clay,175.2,Yes,No,Local,2.92
Edo,Sorghum,3.34,2333.7,26.3,5.97,Loamy,114.7,Yes,No,Local,1.07
Bauchi,Sorghum,0.38,773.9,28,6.38,Loamy,125.9,Yes,No,Improved,1.4
Cross River,Maize,11.04,2431.4,25.6,6.69,Clay,152,No,No,Local,1.99
Sokoto,Yam,2.5,351.5,35.9,6.99,Sandy,144.1,No,No,Local,4.94
Ebonyi,Maize,2.2,1796.5,26.5,6.94,Loamy,121.6,No,No,Improved,2.35
Anambra,Cassava,0.66,1842.2,23.4,5.71,Loamy,39.2,Yes,No,Improved,11.07
Nasarawa,Sorghum,0.2,1171.1,27.7,5.79,Loamy,43.8,No,No,Local,1.34
Kogi,Rice,1.52,1376.6,28.5,5.8,Loamy,130.1,No,No,Local,3.46
Ebonyi,Rice,0.92,2005.6,23.3,7.62,Loamy,157,No,No,Improved,4.05
Borno,Cassava,1.06,608.3,33,6.53,Sandy,48.9,Yes,No,Local,8.98
Ogun,Sorghum,0.3,2114.6,28.1,6.56,Loamy,34.7,Yes,Yes,Improved,1.7
Kwara,Cassava,2.22,1131.6,25,5.53,Clay,125.7,Yes,No,Improved,10.04
Niger,Rice,6.22,1169.4,27.1,5.87,Clay,185,No,No,Local,2.69
Kaduna,Cassava,1.09,624.2,27.7,5.58,Loamy,33.7,No,No,Local,7.35
Kogi,Cassava,3.6,1499.6,29.9,4.67,Sandy,76.9,Yes,No,Local,11.4
Lagos,Yam,0.2,1961.3,26.8,5.44,Clay,17.3,No,No,Local,6.67
Akwa Ibom,Sorghum,0.75,1738.8,28.6,5.61,Clay,22.4,Yes,No,Local,1.37
Benue,Rice,1.16,1143.2,26.7,6.2,Clay,86.7,Yes,No,Improved,3.78
Enugu,Maize,0.2,2406.2,24.5,5.88,Clay,145.5,No,No,Local,1.98
Anambra,Cassava,1.89,1991.1,23.5,5.61,Clay,126.8,No,No,Local,8.52
Kwara,Sorghum,2.45,1139.9,28.7,6.08,Loamy,97.1,Yes,No,Local,1.18
Edo,Maize,1.66,1566.7,28.5,5.67,Sandy,100.6,No,Yes,Improved,2.85
Enugu,Cassava,2.34,2087.8,28.3,5.2,Loamy,108.1,No,No,Local,8.38
Imo,Cassava,0.45,1748.1,23,6.43,Clay,124.5,No,No,Improved,7.87
Rivers,Maize,2.06,1646.4,22.6,5.66,Loamy,133.2,No,No,Improved,2.11
Bayelsa,Rice,3.26,1641.2,29.6,5.91,Loamy,135.5,Yes,No,Improved,3.36
Plateau,Yam,0.31,1091.1,28.2,5.19,Clay,74.5,Yes,No,Local,6.5
Osun,Yam,1.32,2041.3,24.2,5.06,Loamy,145.3,No,Yes,Improved,8.44
Ebonyi,Cassava,1.08,1569.2,23.5,6.62,Clay,91,Yes,No,Improved,11.51
Akwa Ibom,Cassava,0.27,2247.5,25.5,6.41,Clay,101.2,Yes,No,Local,7.41
Nasarawa,Yam,1.83,1084.2,26.9,5.9,Clay,115,No,No,Local,9.26
Sokoto,Yam,0.91,348,31.6,6.87,Loamy,75.6,No,Yes,Improved,8.36
Edo,Rice,2.94,2089.2,25.3,6.54,Loamy,142.8,Yes,No,Improved,2.84
Anambra,Cassava,1.99,1506.2,29.1,5.91,Loamy,79.1,Yes,No,Local,8.56
Niger,Cassava,0.42,1111.3,27.3,6.76,Loamy,131.6,Yes,No,Local,8.73
Benue,Rice,2.76,1178.2,25.5,6.34,Loamy,110.8,Yes,Yes,Improved,5.27
Kaduna,Yam,2.28,955.8,33.4,7.06,Clay,85.5,No,No,Local,6.19
Lagos,Yam,0.32,2205.3,24.4,6.25,Sandy,69.6,No,No,Local,7.01
Benue,Yam,2.18,1365.1,26.2,6.19,Clay,90.9,Yes,No,Improved,11.45
Ekiti,Cassava,3.05,1823.8,23.8,5.77,Clay,80.6,No,No,Local,9.48
Abia,Maize,4.4,2264.2,29.5,5.62,Loamy,181.1,Yes,Yes,Local,2.21
Adamawa,Yam,4.22,1066.3,29.5,5.06,Clay,88.9,Yes,No,Local,6.31
Benue,Yam,1.22,1073.6,27.1,5.12,Loamy,84.2,Yes,No,Improved,10.33
Jigawa,Maize,3.21,696.4,37.8,6.53,Clay,116.7,Yes,Yes,Improved,2.13
Gombe,Yam,1.33,925,26.4,5.2,Clay,118.7,No,No,Improved,8.26
Plateau,Yam,1.18,1115.1,24.8,5.69,Clay,105.1,Yes,No,Improved,9.47
Borno,Yam,1.54,644.7,36.5,6.45,Sandy,15,Yes,No,Improved,7.43
Rivers,Sorghum,0.73,2294.9,25.5,7.01,Loamy,34.9,No,No,Local,1.08
Katsina,Cassava,1.35,317.9,31.8,6.82,Loamy,97.6,No,No,Local,9.23
Cross River,Rice,2.86,1540.9,26.4,6.19,Clay,106.8,No,No,Improved,3.42
Ondo,Yam,9.46,1718,23,5.71,Clay,37,Yes,No,Improved,10.76
Delta,Maize,1.1,2071.2,23.2,5.8,Sandy,129.7,Yes,Yes,Local,2.75
Osun,Sorghum,0.54,2202.1,29.7,5.68,Loamy,0,Yes,No,Improved,1.42
Lagos,Yam,2.98,1892.5,27.1,6.13,Loamy,36.7,No,No,Improved,7.01
Kogi,Maize,2.66,1393.8,25.1,5.15,Loamy,50.5,Yes,No,Improved,2.2
Borno,Maize,1.07,575.7,32,5.36,Clay,93,Yes,No,Local,2.06
Delta,Rice,15.6,2228.7,22.8,5.4,Clay,72.4,Yes,No,Improved,3.21
Kwara,Rice,0.72,1380,26.6,4.55,Loamy,93.2,No,No,Improved,3.59
Bauchi,Cassava,0.89,822.6,26.3,6.56,Loamy,117.3,Yes,Yes,Local,11.46
Gombe,Sorghum,1.53,731.4,30.7,5.34,Clay,38.8,No,No,Improved,1.61
Gombe,Cassava,1.53,877.8,32.4,5.56,Sandy,110.2,Yes,No,Improved,11.55
Borno,Yam,1.06,461.3,31.5,5.6,Clay,154.6,No,No,Improved,9.19
Ogun,Yam,1.53,2111.1,29.7,7.37,Clay,93.3,Yes,No,Local,7.5
Cross River,Yam,2.34,1929.7,26.7,6.44,Sandy,57.6,No,No,Local,7.7
Ekiti,Sorghum,1.28,1839.4,25.4,6.38,Sandy,92,No,No,Improved,1.13
Enugu,Cassava,0.9,2314.2,29.5,5.78,Clay,122.1,No,No,Improved,8.98
Edo,Sorghum,0.55,1513.9,23.4,4.93,Clay,45.6,No,No,Improved,1.14
Oyo,Maize,1.12,1584.5,23.4,6.04,Sandy,207.1,Yes,Yes,Local,2.66
Abia,Yam,1.04,1776,22.5,5.32,Clay,111.3,No,Yes,Local,8.65
Ogun,Rice,1.77,1745.4,23.9,4.79,Sandy,117.6,No,No,Local,2.33
Jigawa,Rice,3.4,552,38,6.03,Sandy,105.8,No,Yes,Improved,2.92
Ebonyi,Yam,1.99,1823.2,22.7,6.26,Clay,73,No,No,Improved,11.61
Niger,Maize,0.79,1246.8,30.1,5.13,Loamy,104.1,Yes,No,Local,2.35
Ondo,Yam,0.59,2004.6,23.2,6.91,Loamy,93.3,No,No,Local,6.72
Delta,Cassava,1.73,1532.6,22.8,7.68,Loamy,66.9,Yes,Yes,Local,3.43
Cross River,Sorghum,1.57,2481.5,24.9,5.71,Clay,101.3,Yes,No,Local,1.25
Ebonyi,Rice,1.33,2350.7,24.6,6.45,Clay,63,No,No,Improved,3.3
Kaduna,Maize,1.37,825.2,34.6,6.26,Clay,203.7,No,No,Local,0.58
Borno,Rice,1.16,474.7,28.1,6.31,Sandy,159.7,No,No,Local,2.26
Taraba,Sorghum,1.73,1226.2,31.5,6.9,Clay,99.4,No,No,Local,0.97
Imo,Cassava,6.45,1777.7,28.5,5.3,Clay,84.5,No,No,Improved,10.07
Imo,Maize,2.03,1961.9,23.5,6.96,Clay,140.6,No,No,Local,1.05
Sokoto,Rice,1.22,613.9,33.4,7.25,Sandy,97.4,No,No,Local,2.87
Rivers,Rice,0.95,1910.5,27.6,5.64,Clay,114.7,No,No,Improved,2.97
Kogi,Yam,0.43,1083.3,28.2,6.23,Loamy,102.6,No,No,Local,7.88
Gombe,Yam,1.97,912.7,32.4,4.73,Loamy,135.3,No,No,Local,5.36
Edo,Sorghum,6.73,1635.7,26.5,4,Loamy,128.2,Yes,No,Local,0.7
Benue,Cassava,1.19,1324.6,28.9,6.59,Clay,41.3,No,No,Local,9.06
Kano,Rice,1.28,883.1,31.7,5.94,Sandy,109.3,No,No,Improved,3.32
Bauchi,Sorghum,2.95,862.9,29.9,5.46,Loamy,17,No,Yes,Improved,2.07
Kogi,Sorghum,1.16,1117.7,25.8,6.42,Loamy,125.7,Yes,No,Local,1.26
Imo,Yam,0.7,2434.7,22.8,5.32,Clay,81.2,No,No,Local,7.07
Kebbi,Sorghum,0.84,967.3,34.5,6.98,Sandy,61.8,No,No,Local,1.41
Ebonyi,Yam,0.43,2035,29.8,5.61,Loamy,70.1,Yes,No,Local,8.88
Zamfara,Yam,0.99,892.1,28.2,5.28,Clay,110.5,Yes,No,Improved,9.9
Katsina,Sorghum,1.89,524.3,29.9,4.86,Loamy,38.1,Yes,No,Improved,1.77
Oyo,Cassava,1.37,2303.6,28.8,5.69,Loamy,140.9,Yes,No,Improved,10.76
Jigawa,Yam,0.29,401,28.8,7.34,Sandy,147.2,Yes,No,Local,6.61
Kebbi,Sorghum,2.36,757.9,31.6,5.86,Loamy,76.2,No,No,Improved,1.9
Rivers,Cassava,0.96,2227.1,23.4,6.2,Loamy,82.9,No,No,Local,8.24
Bayelsa,Maize,1.52,1649.1,23.7,5.28,Clay,147.3,No,No,Local,1.76
Yobe,Cassava,5.76,311.3,32.4,6.32,Sandy,69.9,No,No,Local,8.47
Ondo,Maize,15.8,1657.5,23.8,5.5,Loamy,74.9,Yes,No,Improved,2.7
Imo,Yam,2.81,1650,25.2,4.59,Clay,66.5,Yes,No,Local,7.82
Anambra,Cassava,1.64,2417.3,25.6,6.36,Clay,15.2,Yes,No,Local,8.66
Gombe,Cassava,2.25,930.2,30.2,5.79,Sandy,61.9,No,Yes,Local,12.04
Abia,Maize,1.21,2419.7,24.4,5.66,Loamy,137.3,Yes,No,Local,2.44
Anambra,Yam,2.69,2016.6,29.6,6.13,Clay,156.2,Yes,No,Improved,9.29
Akwa Ibom,Yam,0.39,2029.8,25.4,5.17,Loamy,126,No,No,Local,7.46
Bauchi,Cassava,7.84,843.9,33.8,6.94,Sandy,78,Yes,No,Local,6.48
Kogi,Cassava,0.23,1467.2,24.2,5.22,Loamy,118,No,No,Improved,10.72
Yobe,Maize,13.93,349.9,34.6,5.3,Sandy,160.3,Yes,No,Local,1.92
Niger,Maize,1.11,1336.6,29.4,5.09,Loamy,101.1,No,No,Improved,2.77
Ogun,Yam,0.35,1842.1,25.1,5.95,Loamy,119.5,No,No,Improved,11.51
Kano,Rice,3.4,876.9,27.3,6.91,Sandy,131.9,Yes,No,Local,3.16
Bauchi,Rice,1.07,986.2,34,6.31,Loamy,118.4,No,No,Local,3.05
Zamfara,Yam,0.67,884,28.9,5.59,Sandy,110.4,Yes,No,Local,8.37
Abia,Rice,0.98,2404.2,27.2,5.59,Clay,121.5,Yes,No,Local,2.98
Kaduna,Sorghum,4.26,688.7,28.2,6.76,Clay,130.4,No,No,Local,1.06
Sokoto,Rice,1.43,504.2,35.4,6.18,Loamy,139.2,No,No,Local,2.72
Kaduna,Rice,1.83,872.6,34.1,5.3,Sandy,80.7,No,No,Local,2.53
Abia,Maize,0.23,2425.3,25.8,6.11,Sandy,152.6,Yes,Yes,Local,2.39
Zamfara,Rice,2.3,850.7,26.4,5.5,Clay,51.2,No,No,Local,2.63
Akwa Ibom,Sorghum,0.66,2162.7,25.4,5.17,Loamy,84.2,No,No,Improved,1.27
Adamawa,Yam,0.5,1275.5,25.2,7.04,Clay,102.1,No,No,Local,7.03
Kaduna,Cassava,1.37,831.7,27.1,5.66,Sandy,47.4,No,No,Local,8.28
Anambra,Sorghum,2.05,2198.4,27.1,6.64,Loamy,53.1,No,No,Local,1.11
Anambra,Rice,1.05,2300.1,23.1,7.04,Loamy,132.2,No,No,Improved,3.99
Kano,Sorghum,2.5,920.8,31.4,6.52,Sandy,59.7,Yes,No,Local,1.15
FCT,Sorghum,1.02,1099.8,30.7,5.49,Loamy,28,No,No,Local,1.17
Sokoto,Sorghum,4.11,427.2,38,6.31,Loamy,17,No,No,Improved,1.94
Abia,Cassava,1.44,1980.9,27.3,5.36,Sandy,115.7,No,No,Local,10.22
Ogun,Sorghum,1.79,2129.5,23.6,7.13,Clay,79.9,Yes,No,Improved,1.78
Zamfara,Cassava,0.95,669.7,31.6,5.95,Sandy,118.2,No,No,Local,8.12
Nasarawa,Yam,1.52,1416.8,27.8,6.18,Loamy,24,No,No,Local,6.34
Plateau,Rice,3.02,1410.3,25.5,5.63,Clay,106.6,Yes,No,Improved,4.25
Cross River,Cassava,0.58,1772,25.8,5.7,Clay,168.3,No,No,Improved,9.83
Edo,Sorghum,0.51,2127.4,24.8,6.41,Sandy,0,Yes,No,Improved,0.77
Zamfara,Yam,1.31,820.6,27.3,5.16,Loamy,13.2,Yes,No,Local,7.57
Enugu,Sorghum,1.07,2108.2,24.5,7,Loamy,93.7,No,No,Improved,1.36
Kano,Yam,1.12,773.7,26.4,5.43,Sandy,78.8,No,No,Improved,8.44
Delta,Maize,3.55,2104,25,6.91,Sandy,41.1,Yes,No,Improved,2.61
FCT,Maize,1.64,1263.6,27.5,6.3,Sandy,147.8,No,Yes,Local,1.96
Kwara,Yam,1.47,1491,25.2,5.87,Clay,140.3,Yes,Yes,Local,10.78
Niger,Rice,6.69,1098.8,24.6,7.88,Clay,156.2,No,No,Improved,2.97
Delta,Rice,1.28,1511.5,28.4,4.82,Loamy,125.5,No,No,Local,2.55
Ondo,Yam,3.65,1753.5,28.6,5.13,Clay,154.5,Yes,No,Improved,9.7
Ebonyi,Cassava,5.61,1736.9,23.5,6.03,Loamy,80.9,No,No,Improved,10.51
Kano,Rice,1.79,898.9,32.1,6.21,Loamy,117.4,No,No,Local,2.64
Enugu,Maize,0.45,1691,23.7,6.41,Clay,156.5,No,No,Improved,2.61
Anambra,Sorghum,1.6,1883.3,22.7,4.9,Loamy,97.6,Yes,No,Local,0.98
Akwa Ibom,Rice,0.43,2251.7,22.4,5.91,Sandy,148.8,Yes,No,Local,3.17
Lagos,Yam,8.94,1866.1,22.9,5.38,Clay,93.5,Yes,No,Local,4.35
Katsina,Rice,3.34,359.8,29.3,6.36,Clay,54.5,Yes,No,Local,3.65
Bayelsa,Sorghum,1.5,2383.4,22.2,6.29,Sandy,71,Yes,No,Improved,1.66
Ondo,Cassava,0.81,1568.2,25.5,5.16,Sandy,175.8,No,No,Local,6.81
Zamfara,Cassava,1.63,864.7,27,4.9,Sandy,22,Yes,No,Local,8.71
Kwara,Cassava,1.04,1004.5,24.9,5.24,Clay,171.4,No,No,Local,6.85
Akwa Ibom,Sorghum,2.74,1944.4,23.5,6.53,Loamy,63.1,No,No,Local,1.18
FCT,Cassava,0.83,1484.4,24.8,6.02,Loamy,112,Yes,Yes,Local,10.29
Gombe,Sorghum,2.32,878.2,26.4,5.76,Clay,26.1,No,No,Improved,1.79
Niger,Cassava,0.63,1006.3,28.3,4.75,Sandy,102.4,No,Yes,Local,10.55
Ondo,Cassava,1.22,1708,26.2,6.12,Loamy,96.4,Yes,No,Improved,14.6
Jigawa,Rice,1.31,308.7,36.9,6.25,Sandy,95.3,No,Yes,Local,2.24
Jigawa,Maize,3.33,301.7,37.6,6.64,Clay,124.2,No,No,Improved,2.35
Nasarawa,Cassava,1.6,1468.3,25.6,6.09,Clay,49.3,Yes,No,Local,7.69
Delta,Rice,3.43,2287.7,27.3,5.46,Loamy,43.7,Yes,No,Improved,3.75
Gombe,Rice,5.05,885.5,30.1,5.94,Loamy,72.3,No,No,Local,1.34
Ebonyi,Sorghum,0.75,2446.1,22.9,5.49,Clay,52.4,Yes,Yes,Local,1.14
Enugu,Maize,0.31,2140.7,26.9,5.78,Clay,134.5,No,No,Local,1.63
FCT,Sorghum,6.53,1287.8,31.8,6.15,Loamy,76.7,Yes,No,Local,1.68
FCT,Yam,2.52,1358.7,24.9,6.74,Clay,90.8,Yes,No,Improved,9.24
Enugu,Rice,2.53,2184.4,22,6.74,Clay,91.6,Yes,Yes,Local,3
Delta,Cassava,3.05,1639.6,24,5.26,Loamy,39.2,No,No,Local,7.91
Kogi,Sorghum,1.47,1245.3,29.2,5.65,Loamy,11.8,No,No,Improved,1.36
Bauchi,Maize,0.96,626.2,29.3,6.26,Sandy,88.2,Yes,No,Improved,2.51
Adamawa,Cassava,16.59,1362.2,31.8,4.64,Loamy,105.7,No,No,Local,2.88
Adamawa,Maize,1.43,1222.1,27.6,6.15,Loamy,78.2,Yes,Yes,Local,2.77
Ekiti,Rice,3.01,2307.7,22.5,6.01,Clay,101.3,No,No,Improved,3.57
Borno,Maize,1.08,480.1,32.7,7.27,Sandy,212,No,No,Local,1.81
Anambra,Maize,8.67,1583.9,25.3,6.43,Loamy,70.2,No,No,Local,1.67
Enugu,Cassava,1.32,1685.8,22.5,6.26,Clay,105.9,No,No,Local,5.13
Ekiti,Sorghum,1.47,1829.2,24.7,6.43,Clay,70.4,No,No,Local,1.47
Imo,Yam,3,1960.3,29.7,6.39,Loamy,97.8,No,No,Local,8.7
Ogun,Cassava,0.49,1971.9,24.5,5.91,Clay,83.6,No,No,Local,8.71
Adamawa,Cassava,2.13,1407.2,30.1,5.18,Loamy,103.8,Yes,No,Improved,10.22
Rivers,Rice,3.4,2100.6,26.6,6.02,Clay,134.8,No,No,Local,2.37
Bayelsa,Cassava,1.17,1508.5,23.6,5.09,Clay,89.3,No,Yes,Improved,15.08
Taraba,Cassava,3.5,1334.1,27.6,5.61,Loamy,18.8,No,No,Improved,4.97
Kaduna,Sorghum,0.67,735.3,27.1,5.85,Sandy,90.1,No,No,Improved,1.79
Delta,Rice,0.61,2272.7,27.3,6.85,Clay,99.7,No,No,Improved,3.97
Anambra,Sorghum,3.14,2388.1,28.2,5.41,Loamy,40.3,No,No,Improved,1.3
Imo,Sorghum,0.38,2413.6,22.5,5.22,Sandy,55.3,No,No,Local,1.08
Nasarawa,Cassava,2.18,1457.5,29.2,4.41,Clay,4.2,No,No,Local,6.43
Cross River,Maize,1.78,1590.8,25.4,6.96,Sandy,74.8,Yes,No,Local,0.69
Oyo,Rice,0.8,2089.7,22.6,6.68,Loamy,123.9,No,No,Local,2.98
Rivers,Cassava,1.59,1607.9,26.9,4.49,Sandy,33.7,No,No,Local,7.77
Nasarawa,Maize,1.6,1324,26.9,5.96,Clay,114.3,No,No,Improved,2.46
Nasarawa,Maize,1.15,1278.9,31.3,6.89,Sandy,167.3,No,No,Improved,2.87
Jigawa,Cassava,1.63,663.8,36.3,6.22,Sandy,107.3,No,No,Local,7.39
Plateau,Maize,10.09,1344.5,31,5.76,Loamy,110.1,Yes,No,Improved,2.56
Kogi,Rice,1.97,1289.8,27,5.15,Loamy,95,Yes,No,Local,2.89
Lagos,Yam,0.88,1759.2,24.7,5.91,Loamy,65,No,No,Local,8.49
Ekiti,Rice,1.49,1551.8,29.7,5.88,Loamy,136.4,No,No,Local,2.73
Borno,Maize,1.28,396.1,35.7,6.59,Loamy,113.8,Yes,No,Local,2.56
Taraba,Sorghum,0.66,1044.8,27,5.97,Loamy,6,Yes,No,Local,1.32
Cross River,Yam,0.47,1995.4,22.5,6.27,Loamy,143.2,No,No,Improved,9.07
Zamfara,Sorghum,17.42,634.3,27.8,5.91,Sandy,2,Yes,No,Local,1.22
Adamawa,Cassava,4.21,1442.2,28.8,5.82,Clay,125,Yes,No,Improved,9.94
Gombe,Rice,0.89,698.9,33.9,6.65,Sandy,86.5,No,No,Local,2.81
Edo,Sorghum,0.41,2269.2,29.4,5.54,Clay,108.1,Yes,No,Local,1.28
Plateau,Maize,1.05,1419.4,27.2,6.99,Loamy,98.3,No,Yes,Local,2.58
Kaduna,Rice,3.67,823.5,32.1,5.87,Sandy,185.6,Yes,Yes,Improved,4.19
Akwa Ibom,Sorghum,23.86,2240.6,26.2,6.42,Sandy,86.3,Yes,No,Improved,1.48
Edo,Sorghum,1.99,2298.5,27.4,6.99,Loamy,0,Yes,No,Improved,1.39
Kaduna,Maize,1.82,933.2,31.2,5.12,Sandy,91.9,No,No,Improved,2.48
Kwara,Sorghum,1.08,1473.6,26.1,6.36,Loamy,84.2,Yes,No,Improved,1.59
Akwa Ibom,Maize,1.33,2226.8,24.4,6.17,Clay,148.8,No,No,Improved,2.52
Enugu,Sorghum,3.58,1522,27.3,6.32,Clay,92.5,No,No,Improved,1.67
Bauchi,Rice,1.6,979.9,32.4,5.32,Sandy,205.3,Yes,No,Improved,3.22
Zamfara,Sorghum,3.93,672.3,33.7,6.1,Clay,64,No,No,Local,1.46
Jigawa,Maize,2.63,485,34.4,5.66,Loamy,84.8,No,Yes,Local,1.87
Lagos,Sorghum,0.36,2043.6,29.9,6.64,Loamy,137.7,Yes,No,Local,0.87
Ekiti,Rice,1.53,1636.4,28.9,5.57,Clay,135.3,Yes,No,Improved,4.07
Zamfara,Maize,1.24,658,26.7,6.51,Sandy,113.2,No,No,Local,2.23
Imo,Rice,3.01,1863.1,28.8,5.88,Loamy,40.7,Yes,Yes,Local,3.38
Gombe,Maize,3.17,761.4,32.5,5.58,Clay,111.9,Yes,No,Improved,3.22
Kebbi,Maize,1.41,968.5,29.3,6.48,Clay,123.3,Yes,Yes,Improved,3.25
Yobe,Rice,2.62,439.4,29.8,6.88,Loamy,126.5,No,No,Local,2.39
Imo,Rice,0.75,1532.7,25.1,6.51,Loamy,104.8,No,No,Local,2.49
Adamawa,Rice,0.46,1366.9,26,5.9,Sandy,126.4,Yes,No,Improved,4.79
Adamawa,Maize,1.91,1071.5,27,4.95,Loamy,84.1,No,No,Local,2.08
Benue,Sorghum,0.31,1363,25.6,5.43,Loamy,18.6,Yes,No,Improved,1.43
Jigawa,Cassava,0.71,483,32.6,6.28,Sandy,86,Yes,No,Local,7.7
Plateau,Sorghum,1.19,1422.4,25.9,6.19,Clay,74,No,No,Local,1.49
Kaduna,Sorghum,2.84,767.8,26.3,6.22,Clay,73,Yes,No,Local,1.59
Kwara,Maize,0.9,1001.4,27.9,6.54,Sandy,131.6,No,No,Improved,2.66
Nasarawa,Cassava,3.36,1176.2,26.8,6.15,Loamy,37,Yes,Yes,Improved,10.98
Kano,Rice,1.13,961.5,27.5,6.51,Sandy,59.4,No,No,Local,3.07
Lagos,Maize,3.53,1731.3,27.9,6.41,Loamy,210.3,No,Yes,Local,1.9
FCT,Maize,1.05,1243.6,31,5.35,Loamy,16.8,No,No,Improved,2.53
Kogi,Maize,3.95,1308.3,26.2,5.36,Loamy,85.6,Yes,Yes,Improved,3.24
Kano,Yam,1.12,755.9,32.5,5.79,Sandy,104.2,Yes,No,Improved,10.19
Zamfara,Sorghum,0.68,996,33,5.83,Loamy,33.9,No,No,Local,1.15
Anambra,Cassava,0.75,2103.2,24.4,6.15,Clay,185.2,No,Yes,Local,9.08
Kaduna,Maize,1.44,950.4,34.3,5.31,Loamy,154.6,No,No,Local,1.94
Bauchi,Maize,0.77,757,26.5,5.18,Loamy,59.5,No,No,Improved,2.17
Katsina,Sorghum,0.47,537,32,5.91,Sandy,57,No,No,Local,1.36
Yobe,Rice,10.27,575,32,5.8,Loamy,108.5,No,No,Local,3.25
Bauchi,Cassava,1.22,924.9,31.2,6.63,Sandy,50.8,No,No,Improved,10.52
Anambra,Rice,1.22,1532.9,26.2,6.08,Clay,112,No,No,Improved,4.07
Katsina,Maize,0.57,437.4,28.6,5.92,Sandy,112.6,No,Yes,Local,2.44
Abia,Sorghum,1.26,1962.9,22.2,5.69,Clay,90.8,No,Yes,Local,1.19
Abia,Rice,4.7,1926.1,22.1,6.09,Loamy,73.6,No,No,Local,2.68
Anambra,Sorghum,1.7,1593.9,26.9,5.74,Clay,8.7,No,No,Local,1.1
Kogi,Cassava,0.4,1012.9,30,5.81,Clay,74.1,Yes,No,Local,7.9
Benue,Rice,0.29,1239.7,31.7,6.05,Clay,101.3,No,No,Local,2.93
Bayelsa,Maize,1.92,2189.8,26.4,5.76,Clay,80.9,No,No,Improved,2.83
Yobe,Maize,0.25,544.5,31.5,5.87,Sandy,47.9,Yes,No,Improved,2.81
Anambra,Sorghum,5.64,1583,27.8,5.92,Clay,101.1,No,No,Local,0.94
Edo,Rice,3.22,1700.6,22.5,5.29,Loamy,102.6,Yes,No,Local,2.8
Yobe,Yam,2.07,449.4,28.3,6.04,Sandy,32,Yes,No,Improved,9.37
Osun,Rice,0.87,2261.2,26.7,5.53,Clay,93.6,No,No,Local,2.49
Ebonyi,Yam,1.61,1867.7,27,5.35,Clay,73,No,No,Improved,12.42
Osun,Maize,0.93,1803.3,28.4,6.22,Sandy,69.7,No,No,Improved,2.19
Zamfara,Rice,3.83,779.5,34.2,7.64,Loamy,112.8,No,No,Local,2.01
Kebbi,Rice,1.25,748.9,31.8,6.55,Clay,85.8,No,No,Improved,2.64
Imo,Cassava,0.92,2133.1,26,6.64,Clay,43.2,Yes,No,Local,6.95
Borno,Cassava,1.08,555.8,36.6,6.5,Clay,102.2,No,No,Local,8.49
Rivers,Yam,2.96,2484.7,29.8,6.05,Sandy,106.9,No,No,Local,7.57
Imo,Cassava,1.24,1733.5,26.9,6.13,Loamy,91.4,No,No,Local,10.73
Gombe,Maize,7.34,623.9,29.8,6.97,Clay,92.2,No,No,Improved,2.6
Abia,Sorghum,1.08,1628,24.7,5.52,Loamy,117.9,Yes,No,Local,1.05
Kebbi,Sorghum,2.79,649,34.5,5.58,Sandy,78.5,Yes,No,Local,1.47
Ebonyi,Yam,3.37,2282.4,27.3,4.43,Loamy,61.4,Yes,Yes,Improved,7.26
Edo,Maize,5.94,1784.3,28.8,6.66,Loamy,95.2,No,No,Local,1.83
Taraba,Cassava,0.96,1218.3,27.3,5.9,Loamy,142.4,No,No,Local,8.2
Kano,Rice,3.79,730.3,27.7,6.32,Loamy,148.1,No,No,Local,3.25
Katsina,Rice,3.67,340.9,30.9,7.19,Sandy,102.5,No,No,Improved,2.98
Akwa Ibom,Cassava,2.1,2127.8,26.2,5.72,Clay,81,No,No,Local,9.91
Kogi,Yam,0.87,1344.7,26.8,6.47,Clay,93,No,No,Local,7.83
Ondo,Rice,2.03,1930.2,27.3,6.34,Clay,46.7,Yes,No,Improved,4.52
Benue,Maize,0.83,1201.9,27.3,6.52,Loamy,57.2,Yes,Yes,Improved,3.54
Bauchi,Rice,3.87,852.1,32,6.22,Clay,142.9,No,No,Improved,4.07
Kebbi,Rice,3.18,950.6,30.3,4.63,Sandy,119.1,Yes,No,Local,3.2
Kwara,Maize,1.5,1367.2,28.3,5.26,Clay,116.2,Yes,No,Improved,2.7
Ogun,Rice,4.01,2135.1,28.9,7.1,Clay,137.9,No,No,Local,3
Nasarawa,Rice,1.52,1406,30.3,6.1,Loamy,111.5,No,No,Local,2.14
Yobe,Rice,7.99,573.6,29.2,5.87,Loamy,58.1,No,No,Local,3.13
Osun,Rice,1.86,2475.8,25.6,7.19,Clay,112.1,Yes,No,Local,3.45
Kaduna,Maize,0.4,735.9,29.7,5.77,Clay,144.2,Yes,No,Local,2.69
Jigawa,Yam,1.26,543.2,30.8,6.82,Sandy,58.4,Yes,Yes,Improved,10.85
Plateau,Sorghum,4.68,1221.7,30.3,7,Sandy,92.1,Yes,No,Improved,1.55
Anambra,Cassava,0.46,1840.8,22.6,5.55,Clay,44.5,Yes,No,Local,7.71
Enugu,Rice,1.02,2222.4,25.7,7.14,Sandy,67.3,No,No,Local,2.82
Kaduna,Sorghum,1.36,763,29.4,6.11,Loamy,45.4,No,No,Local,1.41
Cross River,Yam,3.45,2284,25.9,6.52,Loamy,132.5,No,No,Improved,9.86
FCT,Rice,0.97,1079.7,28.2,5.53,Loamy,146.7,Yes,No,Local,2.51
Akwa Ibom,Yam,25,2024.3,23.1,6.82,Clay,67.7,Yes,No,Local,9.04
Bauchi,Yam,3.83,990.9,31,5.17,Sandy,89.9,Yes,No,Improved,8.82
Anambra,Rice,3.67,2306.1,27.8,5.29,Loamy,90.4,No,No,Improved,2.88
Enugu,Rice,1.02,2465.6,25.8,6.77,Clay,137.4,Yes,No,Local,2.88
Cross River,Sorghum,0.41,2232.9,22,6.09,Loamy,44.2,No,No,Local,1.31
Delta,Maize,1.82,2012.4,24.2,5.85,Clay,127.2,Yes,No,Local,2.59
Ondo,Yam,0.96,2132.2,23.1,5.47,Loamy,132.4,No,No,Local,7.67
Benue,Rice,1.32,1456.1,28,5.21,Loamy,151.3,No,No,Improved,3.32
Bayelsa,Maize,1.66,1637.7,25.6,6.54,Clay,95.1,No,No,Improved,2.56
Lagos,Maize,2.58,2238.6,26.6,6.22,Loamy,146.9,No,No,Local,1.77
Bayelsa,Cassava,3.79,2499.2,28.5,7.46,Loamy,89.6,No,No,Local,7.05
Bauchi,Maize,3.12,990.5,30.2,6.15,Clay,143.7,No,No,Local,2.35
Kaduna,Sorghum,7.06,693.8,29.7,5.17,Sandy,67.4,No,Yes,Local,1.29
Abia,Maize,1.42,2360.8,23.8,6.78,Clay,167.5,Yes,No,Local,2.08
Akwa Ibom,Yam,0.71,1856,26,5.01,Loamy,73.1,Yes,No,Local,7.72
Oyo,Rice,1.65,2405.5,26.3,7.17,Clay,61,No,No,Local,1.76
Katsina,Rice,1.61,546.9,31.8,6.36,Sandy,83.3,No,Yes,Local,2.75
Niger,Sorghum,4.1,1135.3,28.6,5.74,Sandy,0,Yes,Yes,Local,1.17
Cross River,Yam,2.67,1715.4,28.5,7.45,Clay,115.2,Yes,No,Local,8.47
Adamawa,Rice,1.29,1449.3,27.2,5.91,Clay,78.6,Yes,Yes,Local,3.01
Benue,Yam,1.91,1047.7,27.5,5.53,Clay,92.5,No,No,Improved,10.55
Kwara,Maize,0.78,1211.1,25.7,5.05,Sandy,100.9,Yes,No,Local,2.45
Ebonyi,Cassava,2.64,1624.4,26.3,5.9,Loamy,141.6,Yes,Yes,Local,8.91
Rivers,Cassava,0.75,2128.9,28.8,6.13,Loamy,87.8,No,No,Local,8.34
Kano,Sorghum,2.29,810.1,29.3,5.41,Sandy,0,No,No,Improved,1.15
Akwa Ibom,Maize,6.38,1508.1,23.5,6.79,Clay,161.7,No,Yes,Improved,2.15
Benue,Cassava,4.46,1469.5,25.8,6.42,Loamy,51.3,No,No,Improved,9.67
Kogi,Rice,3.3,1039.3,31.5,6.96,Clay,109.3,No,No,Improved,3.33
Bauchi,Cassava,0.86,864.7,33.8,5.83,Clay,90.7,Yes,No,Local,8.84
Cross River,Sorghum,0.97,2371.2,25.8,6.56,Loamy,64.3,Yes,No,Local,1.45
Adamawa,Sorghum,0.54,1365.6,27.2,6.46,Loamy,68.6,No,No,Improved,1.59
Nasarawa,Sorghum,11.19,1193.2,25,6.02,Loamy,71.7,Yes,No,Local,1.3
Edo,Cassava,1.94,1716.4,24.2,5.06,Clay,90.2,Yes,Yes,Local,10.85
Plateau,Maize,1.12,1342.9,24.4,5.48,Clay,45.4,No,No,Local,2.07
Bauchi,Cassava,0.87,805.4,26.6,5.73,Clay,89.3,No,Yes,Improved,12.52
Abia,Maize,0.94,2409.6,23.9,4.81,Loamy,179.9,Yes,No,Improved,2.19
Ekiti,Sorghum,1.04,2179.9,25.5,5.87,Loamy,159.9,No,No,Improved,0.83
Kebbi,Cassava,2.61,874.8,31.1,7.22,Loamy,176,No,No,Local,5.62
Cross River,Maize,0.91,1561.5,27.9,6.21,Loamy,151.2,No,No,Improved,2.97
Jigawa,Maize,0.38,386,29.5,5.48,Clay,141.3,Yes,No,Local,1.59
Yobe,Maize,4.97,585.3,34.4,6.17,Loamy,110.7,No,No,Improved,2.76
Taraba,Yam,0.37,1267.7,31.2,5.96,Clay,116.6,No,No,Local,8.07
Gombe,Sorghum,0.75,883.1,33.9,5.96,Sandy,58.2,No,No,Improved,1.6
Ebonyi,Maize,0.32,2486.2,24,6.48,Clay,150.6,No,No,Improved,2.44
Bauchi,Sorghum,4.28,631.3,32.8,5.95,Clay,46.3,No,No,Local,1.47
Zamfara,Rice,0.96,930.3,32.9,5.26,Clay,108.9,Yes,No,Local,2.91
Ekiti,Yam,0.59,1552,28.7,4.48,Loamy,182.7,Yes,No,Local,6.48
Bauchi,Cassava,0.92,740.6,29.9,6.52,Sandy,67.8,No,No,Local,9.67
Ekiti,Yam,0.61,2309.7,25.4,5.18,Loamy,41.5,Yes,No,Local,7.02
Ondo,Rice,1.9,2325.1,29.3,5.08,Clay,167,No,No,Local,2.23
Katsina,Yam,1.29,618,31,5.84,Loamy,0,No,No,Local,5.25
Kebbi,Rice,23.37,871.5,30.7,4.8,Sandy,111.5,Yes,No,Local,2.58
Cross River,Rice,0.5,2288.3,24.2,6.02,Clay,149.6,No,No,Local,3.78
Kaduna,Rice,1.21,678.1,31.6,7.2,Clay,143.3,No,No,Improved,3.18
Sokoto,Sorghum,3.79,576.2,36.5,7.59,Sandy,19.6,No,No,Improved,1.59
Lagos,Cassava,2.32,1924.7,28.5,5.95,Clay,142,No,No,Improved,7.73
Benue,Sorghum,0.2,1475.7,26.1,6.44,Sandy,163.2,No,No,Local,0.82
Cross River,Rice,0.42,1912.6,22.8,6.36,Loamy,143.1,No,Yes,Improved,3.55
Abia,Sorghum,4.79,1655.8,24.6,5.14,Loamy,48.6,No,No,Improved,1.48
Abia,Rice,2.75,1623.8,29.6,5.73,Clay,66.4,No,No,Local,2.57
Enugu,Yam,0.89,2191.5,26.2,6.22,Loamy,23.4,Yes,No,Improved,10.73
Jigawa,Cassava,0.38,582.8,33.2,6.56,Clay,74.3,Yes,No,Local,8.24
Lagos,Rice,2.58,1567.1,25.1,6.05,Loamy,153.9,Yes,No,Local,3.16
Delta,Yam,3.22,1614.4,24.4,5.31,Sandy,118.6,No,No,Improved,8.7
Akwa Ibom,Rice,1.15,2106,22.6,5.81,Loamy,67.8,No,No,Local,3.02
Kaduna,Maize,2.15,921.4,26.2,6.42,Sandy,173.3,Yes,No,Improved,2.81
Kogi,Yam,2.01,1177.9,28.8,5.74,Loamy,99.3,Yes,No,Local,7.99
Katsina,Cassava,1.73,408.4,29.2,5.99,Sandy,57.5,Yes,No,Improved,9.78
Imo,Yam,5.26,1589.5,26.1,4.4,Loamy,46.3,No,No,Improved,9.1
Delta,Maize,6.94,1917.4,29.9,6.7,Clay,168.6,No,No,Local,2.02
Oyo,Cassava,1.4,2132.9,24.6,6.28,Loamy,108.2,Yes,No,Improved,10.77
Adamawa,Sorghum,0.89,1236.5,30.5,5.86,Loamy,104.2,No,No,Improved,1.3
Cross River,Yam,1.2,2465.1,26.5,7.57,Clay,125.3,No,No,Local,7.14
Kano,Sorghum,0.21,903.3,31.9,5.32,Sandy,72,No,No,Improved,1.59
Gombe,Rice,2.64,666,33.7,5.93,Loamy,85.9,No,No,Improved,3.12
Ogun,Sorghum,0.91,2464.7,29.7,6.69,Clay,58.7,No,Yes,Improved,1.95
Ogun,Sorghum,0.7,1659.4,29,6.38,Clay,65.4,No,No,Local,1.21
Anambra,Rice,1,2334.7,27.7,5.43,Loamy,170.7,No,No,Local,2.41
Sokoto,Maize,0.33,302.1,29.1,5.15,Sandy,164.8,No,Yes,Local,2.61
Nasarawa,Cassava,0.78,1137.9,27,6.17,Loamy,54.7,Yes,No,Local,9.17
Plateau,Rice,4.9,1403.5,26.2,5.32,Loamy,102.2,No,No,Improved,4.08
Adamawa,Cassava,1.55,1470,31.3,5.99,Clay,115.9,Yes,Yes,Local,8.94
Edo,Maize,2.36,1547.6,26.7,5.22,Clay,93.1,Yes,No,Improved,2.13
Katsina,Rice,0.53,666.6,33.5,5.25,Sandy,113.3,Yes,No,Local,3.09
Adamawa,Rice,2.52,1217.8,30.8,7.08,Clay,34.8,Yes,No,Local,2.99
Sokoto,Maize,1.54,458.1,33.5,5.67,Sandy,117,Yes,No,Improved,3.01
Imo,Cassava,3.51,1806,26.6,5.99,Loamy,170.5,No,No,Improved,9.14
Oyo,Maize,1.36,1674.8,27.4,5.69,Loamy,190.2,No,No,Local,1.81
Taraba,Maize,8.11,1462.2,29.8,4.65,Loamy,113.7,Yes,No,Local,2.19
Osun,Rice,0.6,2125.8,29.4,5.5,Clay,39.5,Yes,No,Improved,2.71
FCT,Maize,1.3,1369.5,25,6.01,Sandy,173.2,Yes,No,Improved,2.48
Akwa Ibom,Cassava,0.49,1562.7,25.9,5.5,Clay,54.5,Yes,No,Local,8.72
Kaduna,Cassava,4.12,894.2,31.9,6.13,Sandy,185.5,Yes,No,Local,7.1
Katsina,Cassava,7.26,403.7,30.4,7.05,Clay,86.7,No,Yes,Improved,13.43
Taraba,Sorghum,1.35,1461,26.2,5.55,Loamy,15.4,No,No,Local,1.1
Sokoto,Rice,0.43,430.4,32.4,6.73,Sandy,137.9,Yes,No,Local,2.52
Ogun,Maize,3.25,2102,25.5,7,Clay,75.1,Yes,No,Local,2.14
Plateau,Cassava,1.07,1252.2,26.1,6.23,Sandy,145,Yes,No,Local,9.51
Imo,Cassava,4.03,2393,27.3,5.84,Loamy,138.6,No,No,Improved,11.14
Zamfara,Maize,1.21,684.7,33,6.29,Loamy,115,Yes,Yes,Local,1.23
FCT,Rice,1.06,1271.1,26.7,5.74,Loamy,114.1,No,No,Local,2.65
Bayelsa,Cassava,1.34,2497.7,22.2,4.67,Loamy,132.1,Yes,Yes,Improved,10.56
Gombe,Sorghum,0.49,934.2,29.4,5.54,Sandy,117,No,No,Improved,1.47
Imo,Rice,2.01,1877.9,25.4,7.06,Clay,76,Yes,No,Improved,3.29
Plateau,Maize,0.36,1248.7,30.7,4.03,Loamy,189.7,No,No,Local,1.42
Plateau,Sorghum,0.6,1468.3,28.6,6.03,Loamy,9.8,No,Yes,Improved,1.47
Ebonyi,Sorghum,2.27,1544.9,27.7,5.1,Clay,142.3,No,No,Local,0.8
Borno,Sorghum,1.31,331.5,33.2,5.35,Sandy,9.3,Yes,No,Local,1.21
Oyo,Cassava,4.93,1814.2,28.4,5.65,Clay,99.9,Yes,Yes,Local,11.02
FCT,Rice,11.7,1300.6,30.3,5.36,Loamy,105.1,No,No,Improved,3.94
Delta,Cassava,2.15,1987.8,29.7,6.22,Loamy,147.6,No,Yes,Improved,10.02
Ekiti,Sorghum,0.5,2253.2,27.2,6.31,Sandy,52.2,Yes,No,Local,1.17
Enugu,Cassava,3.49,2259.3,22.6,5.16,Loamy,74.8,No,No,Local,8.27
Osun,Rice,15.38,2486.9,26.1,5.3,Clay,104.1,Yes,No,Improved,3.56
Edo,Sorghum,1.49,1644.6,26.5,5.16,Loamy,43.7,No,No,Local,1.05
Sokoto,Maize,1.15,517,34.3,5.26,Sandy,66.6,No,No,Local,2.04
Ogun,Rice,1.89,2258.5,28.5,5.47,Sandy,90.5,No,Yes,Improved,4.64
Kogi,Maize,0.57,1148,27.1,6.79,Loamy,109.5,No,No,Improved,2.61
Plateau,Rice,3.53,1326.8,26.1,4.83,Loamy,147.7,Yes,No,Local,2.6
Oyo,Maize,0.81,2146.1,28.5,5.97,Clay,116.1,No,No,Improved,2.75
Plateau,Cassava,0.86,1407.1,26.5,6.61,Sandy,145.9,Yes,No,Local,8.17
Osun,Cassava,4.51,2093.1,27.7,4.94,Loamy,190.8,No,No,Improved,8.72
Niger,Sorghum,1.32,1023.2,25.3,5.74,Loamy,52.5,Yes,No,Improved,1.72
Benue,Sorghum,0.2,1310.3,24.1,5.88,Loamy,58.8,No,No,Improved,1.93
Akwa Ibom,Rice,1.01,2126.1,26,6.39,Clay,102.1,Yes,No,Improved,3.92
Kano,Rice,0.63,788.3,27.3,6.27,Loamy,171.9,No,Yes,Local,3.14
Osun,Yam,1.34,1981.4,28.1,6.03,Clay,125,No,Yes,Local,9.37
Anambra,Rice,2.39,1959.2,22.5,5.38,Clay,155,No,No,Local,2.5
Cross River,Maize,0.54,2078.1,26.6,5.66,Clay,110.6,No,No,Improved,2.52
Adamawa,Cassava,0.88,1313.4,29.5,5.84,Clay,30,No,No,Improved,10.5
Oyo,Maize,1.81,2481,28.4,5.01,Loamy,90.4,Yes,No,Improved,2.5
Katsina,Sorghum,0.83,553.3,30.6,5.45,Clay,91.3,Yes,No,Improved,1.93
Plateau,Yam,1.94,1455.7,30.5,6.3,Clay,138.4,No,No,Local,6.18
Gombe,Sorghum,0.77,955.1,27.9,5.87,Sandy,85.8,Yes,Yes,Improved,1.81
Sokoto,Sorghum,1.39,568.4,37.3,6.63,Clay,54.1,No,No,Improved,1.42
Gombe,Yam,2.84,892.3,34.7,7.15,Clay,69.8,Yes,Yes,Improved,11.01
Anambra,Yam,0.72,2154.9,22.2,5.13,Clay,102.8,Yes,Yes,Improved,12.72
Edo,Sorghum,0.69,1831,24.6,7.03,Clay,22,No,No,Improved,1.56
Lagos,Sorghum,0.75,1760.9,29,6.85,Loamy,117.4,No,No,Local,1.13
Ekiti,Sorghum,1.71,2001.5,25.2,5.49,Clay,1.5,Yes,Yes,Local,1.17
Osun,Sorghum,4.01,1937.2,27.4,7.45,Clay,0,No,No,Local,0.92
Osun,Rice,0.83,1855,22.1,5.61,Clay,76.6,Yes,No,Local,2.68
Yobe,Sorghum,2.21,594,28,5.76,Clay,25.6,No,No,Improved,1.57
Kano,Maize,0.7,685.3,32,5.04,Sandy,134.9,Yes,No,Local,1.94
Nasarawa,Sorghum,0.83,1082.8,26.9,4.84,Sandy,41.5,Yes,No,Local,1.33
Enugu,Yam,2.7,2148.9,23.6,5.13,Clay,84.2,No,No,Improved,7.34
Oyo,Sorghum,3.03,1506.5,24.9,5.73,Sandy,42.3,Yes,No,Improved,2.14
Kaduna,Rice,0.34,849.2,31.1,5.86,Clay,153.5,Yes,No,Improved,3.37
Benue,Maize,0.2,1331.9,26.8,5.79,Loamy,90.1,No,No,Local,1.5
Abia,Rice,3.37,1737.7,28.7,5.65,Clay,99.6,Yes,No,Local,3.02
Bayelsa,Rice,2.36,2287.3,23.2,6.33,Sandy,85.8,No,No,Local,3.37
Ogun,Sorghum,0.86,1863,25.1,6.22,Clay,0,No,No,Local,1.06
Borno,Sorghum,1.14,540.6,30.1,5.83,Sandy,51.2,No,No,Local,1.45
Ogun,Rice,3.29,1585.3,28.3,5.11,Loamy,132.8,Yes,No,Local,3.38
Kebbi,Sorghum,0.85,921.6,34.8,5.13,Clay,26.7,Yes,No,Local,1.55
Yobe,Sorghum,1.67,392.5,36.9,5.16,Sandy,54,No,No,Improved,1.53
Imo,Sorghum,1.71,1927.6,22.7,6.3,Clay,95.5,No,No,Improved,1.59
FCT,Rice,1.63,1144.1,30.3,6.4,Sandy,86.4,Yes,No,Local,3.25
Ondo,Sorghum,2.62,2259,23.2,5.69,Sandy,77.3,Yes,No,Local,1.19
Edo,Yam,2.12,2041.8,24.6,6.03,Clay,172.9,Yes,No,Local,7.11
Ondo,Yam,0.92,1853.9,26.7,5.96,Loamy,141.3,No,No,Improved,11.04
Gombe,Yam,4.18,832.7,27.3,6.02,Sandy,104,No,No,Local,8.1
Ogun,Rice,1.56,2185.4,29.4,4.73,Loamy,112.8,No,No,Local,3.44
Niger,Maize,1.82,1337.4,28.4,5.92,Clay,161.7,No,No,Improved,2.6
Jigawa,Sorghum,2.4,596.4,33.4,5.7,Loamy,71.6,Yes,No,Local,1.61
Plateau,Rice,4.29,1211.6,25.9,5.78,Clay,148.5,Yes,No,Improved,4.08
Lagos,Cassava,2.17,2230.9,24.1,6.82,Clay,37,No,No,Improved,8.22
Cross River,Sorghum,2.78,2118.9,24.3,5.49,Loamy,0,Yes,No,Improved,1.27
Osun,Rice,2.96,2085.9,28.5,6,Loamy,143.6,No,No,Local,3.51
Ebonyi,Rice,1.23,2402.5,28.2,5.93,Clay,61.7,No,Yes,Improved,4.01
Yobe,Cassava,0.4,664.9,35,5.49,Sandy,154.8,No,Yes,Local,8.72
Enugu,Cassava,0.91,1982.1,23.1,7.18,Sandy,115.1,No,No,Improved,9.75
Ebonyi,Maize,2.69,2067.8,28.3,5.72,Loamy,84.9,Yes,No,Local,2.27
Cross River,Sorghum,0.37,1859.9,23,6.21,Clay,70.9,No,No,Improved,1.39
Lagos,Cassava,0.49,2141.4,29.6,5.87,Loamy,123,No,No,Local,6.3
Edo,Yam,2.18,1669.5,22.2,5.79,Loamy,141.1,No,No,Local,6.81
Niger,Sorghum,9.74,1442.3,26.2,6.51,Loamy,89.3,No,No,Local,0.96
Yobe,Sorghum,3.15,642.2,29.9,6.19,Loamy,29.4,Yes,No,Local,1.45
Cross River,Rice,1.15,1883.3,28.4,6.66,Clay,81.8,No,Yes,Improved,3.5
Ebonyi,Rice,0.98,2401.2,23.4,6.24,Loamy,141.6,Yes,No,Local,2.61
Kwara,Yam,0.71,1384.2,28.9,5.39,Clay,116.4,Yes,No,Improved,11.59
Anambra,Sorghum,1.95,1863.9,28.1,5.96,Loamy,215.6,No,Yes,Improved,0.87
Cross River,Rice,1.03,2495.7,26.9,4.01,Loamy,81.2,No,Yes,Improved,3.99
Benue,Cassava,1.41,1325.7,24.8,6.54,Clay,149.9,No,No,Local,8.41
Akwa Ibom,Maize,1.25,1668.7,27.3,7.43,Sandy,131.6,Yes,No,Local,2.21
Jigawa,Rice,1.22,349.5,32.6,5.54,Sandy,60.9,No,No,Local,2.68
FCT,Sorghum,1.78,1058.7,30.3,7.01,Sandy,48.6,Yes,Yes,Local,1.54
Niger,Cassava,2.65,1118.3,24.8,5.99,Sandy,81.4,No,No,Local,8.03
Abia,Rice,9.13,2170.7,26.2,6.46,Clay,42.9,Yes,Yes,Improved,3.98
Gombe,Maize,0.67,759.4,26.5,7.57,Clay,143.3,Yes,No,Local,2.59
Sokoto,Cassava,0.93,402.6,33.1,6.71,Sandy,87.9,No,No,Improved,9.66
Rivers,Sorghum,1.41,2091.6,29.3,5.86,Clay,101.3,Yes,Yes,Improved,1.64
Gombe,Cassava,1.17,905.3,28.1,5.56,Clay,78.5,No,No,Improved,10.64
Jigawa,Maize,15.79,518.9,29.7,6.44,Sandy,120.1,No,No,Local,2.23
Yobe,Maize,2.27,435.6,35.1,5.93,Sandy,90.8,No,Yes,Improved,2.47
FCT,Rice,1.4,1478.8,25.5,7.15,Loamy,68.4,No,No,Improved,3.95
Ebonyi,Yam,0.9,2491.8,23.2,5.04,Clay,141.6,Yes,No,Local,6.22
Kano,Yam,1.16,617.3,28.8,6.27,Loamy,85.1,No,No,Local,5.19
Osun,Rice,0.44,2092.4,25.8,6.03,Loamy,61.9,Yes,No,Local,1.54
Benue,Cassava,4.8,1167.9,31.5,5.79,Clay,51.7,Yes,No,Local,9.31
Adamawa,Cassava,2.21,1320.2,28,5.55,Loamy,6.8,No,No,Local,7.83
Kano,Maize,1.24,958.1,29.4,5.98,Sandy,131.9,No,Yes,Improved,2.98
Bayelsa,Maize,2.77,1539.2,29.7,5.39,Loamy,153.2,No,No,Local,2.15
Katsina,Sorghum,1.73,690.3,35.8,6.93,Sandy,67.7,Yes,No,Improved,1.63
Nasarawa,Rice,2.94,1254.8,29,5.97,Loamy,119.4,No,No,Local,3.28
Borno,Maize,0.24,367.3,31.7,5.5,Clay,79.6,No,No,Improved,2.78
Abia,Yam,3.34,1735.3,29.4,6.07,Loamy,126.9,Yes,No,Local,7.56
Cross River,Sorghum,1.82,2245.8,28.8,5.05,Clay,40.4,No,Yes,Improved,1.75
Imo,Sorghum,0.79,2088,23.2,5.63,Clay,62.7,No,No,Improved,1.48
Niger,Cassava,9.74,1181.2,24.5,4.8,Clay,37.5,No,No,Improved,10.27
Sokoto,Sorghum,1.41,671.7,33.2,5.86,Sandy,78.1,No,No,Local,1.29
Nasarawa,Yam,4.59,1039.8,25.7,5.86,Sandy,132.1,No,No,Improved,10.26
Jigawa,Rice,2.12,516.4,29.1,5.68,Sandy,139.4,Yes,No,Local,2.83
Enugu,Cassava,0.77,1990.9,29.4,5.59,Loamy,131.2,No,No,Improved,10.67
Rivers,Sorghum,0.31,1928.2,28.1,5.57,Loamy,25.7,No,No,Improved,1.32
Ekiti,Maize,0.25,1739.6,26.9,6.24,Clay,115.9,No,No,Improved,3.18
Ondo,Sorghum,1.65,1538.9,27.9,4.58,Clay,98.1,No,No,Local,0.68
Rivers,Rice,0.43,2463.5,22.3,6.33,Clay,70.4,No,No,Improved,3.01
Adamawa,Rice,0.49,1224.5,26.9,6.06,Loamy,76.4,Yes,No,Local,3.05
Zamfara,Maize,0.64,954.8,27.7,5.85,Sandy,64,No,No,Local,1.81
Plateau,Cassava,1.4,1111.1,27.9,5.66,Loamy,94.7,Yes,No,Improved,10.18
Ebonyi,Maize,0.81,1656.9,25.5,5.43,Loamy,143.6,No,No,Improved,2.5
Bauchi,Sorghum,0.87,660.7,31.7,7.02,Clay,111.5,No,No,Improved,0.63
Akwa Ibom,Maize,1.02,2126.5,29.3,5.83,Loamy,119,Yes,No,Local,2.2
Lagos,Maize,3.22,1539.3,26.2,5.87,Clay,150.2,Yes,No,Local,2.03
Ekiti,Sorghum,0.93,2065.8,25.2,5.84,Loamy,108.8,No,No,Improved,1.18
Niger,Yam,0.6,1133.3,26.4,6.33,Loamy,97.7,Yes,No,Local,8.49
Ogun,Cassava,0.5,2179.2,22,6.48,Clay,105.2,Yes,No,Local,9.19
Osun,Rice,0.4,1972.9,24.5,5.77,Sandy,102.8,Yes,No,Local,3.89
Enugu,Sorghum,2.01,2458.3,29.5,5.85,Clay,32.5,No,No,Local,1.19
Adamawa,Yam,1.95,1476.6,29.3,5.38,Sandy,64.8,No,No,Local,6.98
Delta,Sorghum,1.46,2448.2,27.8,6.64,Sandy,99,No,No,Improved,1.48
Enugu,Yam,0.2,1925,22.7,5.95,Clay,43.1,Yes,Yes,Local,9.92
Akwa Ibom,Yam,1.27,1514.3,26.4,6.67,Sandy,78.6,No,No,Local,8.12
Bayelsa,Sorghum,0.63,1807.5,22.8,5.81,Loamy,105.9,No,No,Improved,1.44
Rivers,Sorghum,2.93,2008.6,27,5.74,Clay,10.2,No,No,Improved,1.24
Ondo,Rice,1.41,2070.1,29,6.83,Sandy,101.5,Yes,Yes,Local,3.2
Niger,Maize,0.25,1253.3,24.1,4.78,Clay,102.5,No,No,Local,2.13
Osun,Rice,0.88,1998.3,23.2,5.79,Clay,146.5,No,No,Local,3.16
Akwa Ibom,Sorghum,0.59,2050.6,27.1,6.97,Loamy,95.5,Yes,No,Local,1.14
Akwa Ibom,Yam,1.88,2488.2,26.3,6.75,Loamy,128.5,Yes,No,Local,6.88
Ebonyi,Sorghum,1.2,2033.7,24.2,6.29,Clay,0,No,No,Improved,1.14
Bayelsa,Cassava,1.72,2450.3,28.5,4.95,Clay,104.6,Yes,No,Improved,10.78
Lagos,Rice,2.1,1900.3,23.2,6.14,Loamy,132.3,No,No,Improved,4.48
Kwara,Yam,0.24,1288.9,29.8,5.97,Clay,6.8,Yes,Yes,Local,8.65
Imo,Cassava,0.67,2090.3,26.2,5.01,Loamy,65.1,Yes,No,Local,8.21
Katsina,Cassava,2.17,694.7,32.6,6.33,Sandy,115,No,No,Local,4.02
Katsina,Cassava,2.17,625.9,35.3,5.41,Clay,86.6,Yes,No,Local,8
Borno,Sorghum,1.93,618,36.1,5.41,Sandy,109.8,No,No,Improved,1.14
Niger,Yam,5.45,1033.1,27.1,5.45,Loamy,96.7,Yes,No,Local,10.15
Cross River,Cassava,1.26,1672.9,26,5.44,Clay,156.6,No,No,Improved,10.26
Cross River,Rice,2.7,2483.3,23.9,6.31,Clay,58.7,No,No,Local,2.23
Katsina,Yam,1.03,302.5,28.4,6.99,Loamy,106.5,Yes,No,Improved,8.58
Imo,Maize,1.99,1927.1,28.8,6.39,Clay,82.2,Yes,No,Improved,2.22
Delta,Rice,4.9,2417.9,29.6,5.53,Loamy,121.1,Yes,No,Local,3.29
Anambra,Maize,0.79,2369,27.7,6.79,Sandy,138.2,Yes,No,Improved,3.18
Kwara,Rice,0.93,1162.5,30.5,5.77,Clay,156,No,No,Improved,3.1
Imo,Maize,2.93,2106.6,29.8,6.09,Clay,106.8,No,No,Local,2.09
Nasarawa,Maize,0.35,1187.4,27.3,5.96,Sandy,94,No,No,Local,2.25
Gombe,Yam,1.31,705.8,30.3,5.88,Sandy,101.6,No,No,Local,8.61
Benue,Yam,1.48,1000.9,31.8,6.82,Loamy,86,No,No,Improved,9.24
Enugu,Yam,0.47,2066.9,28.6,5.76,Loamy,139.3,Yes,Yes,Local,8.67
Kogi,Maize,0.73,1109,30.9,6.41,Sandy,63,Yes,No,Local,2.36
Benue,Maize,1.27,1493,28,6.61,Loamy,109,Yes,No,Local,1.94
Cross River,Maize,0.73,1746.6,23.1,6.5,Clay,145.3,No,No,Local,1.68
Delta,Cassava,12.15,2048.8,29.5,4.92,Loamy,75.5,No,No,Improved,9.41
Taraba,Yam,1.02,1373.2,25.5,6.32,Loamy,125.8,Yes,No,Local,9.88
Jigawa,Cassava,2.93,458.7,29.3,5.17,Loamy,42.5,Yes,No,Improved,11.4
Gombe,Cassava,1.92,773.2,27.5,5.5,Sandy,81.8,No,No,Improved,12.46
Borno,Cassava,1.68,300.5,33.7,6.36,Sandy,198.4,No,No,Improved,9.79
Kaduna,Cassava,0.71,988,27.4,7.49,Loamy,131.9,No,Yes,Local,10.86
Abia,Sorghum,1.31,2373.4,27.5,6.55,Loamy,113.4,No,No,Local,1.06
Anambra,Maize,0.99,2048.8,27.9,5.39,Clay,112.6,No,No,Improved,2.63
Bayelsa,Yam,0.61,2353.3,26.2,6.26,Loamy,55.8,Yes,Yes,Local,8.29
Enugu,Maize,2.18,1933.6,25.4,5.49,Loamy,80.5,No,No,Improved,2.75
Plateau,Maize,3.31,1106,27.4,4.87,Clay,142.4,No,Yes,Local,2.36
Kaduna,Sorghum,1.27,920.6,31.4,5.55,Sandy,104.5,No,No,Improved,1.69
Ogun,Yam,1.05,1513.8,29,6.29,Loamy,128,No,No,Local,8.49
Yobe,Maize,4.39,326.2,28.1,6.33,Sandy,120,No,No,Local,1.89
Zamfara,Maize,7.49,955.7,31.9,6.24,Loamy,142.4,Yes,Yes,Local,2.6
Sokoto,Rice,0.89,462.4,31.5,5.4,Sandy,145.9,No,No,Local,2.34
Rivers,Cassava,1.3,2377.2,22.8,6.9,Loamy,81,No,Yes,Local,11.06
Imo,Rice,0.92,2045.7,24.2,5.72,Loamy,172,No,No,Local,2.77
Kano,Maize,1.39,999.5,28.6,6.87,Clay,181,No,No,Improved,3.02
Kebbi,Yam,1.11,789,33.8,6.19,Sandy,70,Yes,Yes,Local,9.07
Kaduna,Sorghum,3.22,617.1,34.6,6.41,Sandy,82.9,No,Yes,Local,1.77
Lagos,Yam,0.51,2200.9,29.1,5.56,Clay,61.7,No,No,Improved,10.9
Jigawa,Yam,3.94,644.1,37.2,5.86,Clay,145.7,No,No,Improved,5.72
Bayelsa,Sorghum,1,1510.5,25.7,4.78,Loamy,32.1,No,No,Local,1.06
Anambra,Rice,4.38,1673.5,30,5.3,Loamy,76.1,No,No,Local,3.63
FCT,Sorghum,1.76,1148.5,24.7,5.23,Clay,62.5,No,No,Local,1.39
Nasarawa,Sorghum,1.55,1032,31.7,6.05,Clay,3.2,Yes,No,Improved,1.39
Enugu,Cassava,0.93,1506.8,25.8,5.69,Clay,149.9,No,No,Local,7.31
Niger,Rice,1.99,1311,24.4,5.48,Clay,60.8,Yes,No,Local,2.98
Borno,Maize,4.1,598.1,33.7,4.43,Loamy,72.7,Yes,No,Local,1.99
Sokoto,Rice,1.39,548.8,34.9,6.34,Sandy,148.8,No,No,Local,2.58
Ekiti,Yam,1.13,1719.9,25.3,7.31,Clay,99.6,Yes,No,Local,7.23
Ebonyi,Rice,3.09,2315,27.8,5.22,Loamy,56.8,No,Yes,Improved,3.92
Anambra,Sorghum,2.61,2274.5,22,4.75,Clay,49.9,No,No,Improved,1.39
Kaduna,Rice,2.35,846.5,30.9,6.83,Loamy,185.8,No,Yes,Improved,3.58
Ogun,Yam,5.75,2116.7,22.6,6.46,Clay,70.3,Yes,No,Local,5.88
Enugu,Cassava,8,2264.6,27.3,5.81,Loamy,63.5,No,No,Local,6.63
Bauchi,Cassava,3.24,948.5,32,6.54,Loamy,57.9,No,No,Local,7.88
Benue,Rice,2.65,1076.6,29.1,5.73,Loamy,145.4,No,No,Improved,1.92
Lagos,Cassava,3.89,2303.6,26.1,6.77,Clay,90.5,Yes,No,Local,4.15
Adamawa,Maize,1,1340.4,29.8,4.95,Sandy,80.3,Yes,No,Improved,2.77
Katsina,Sorghum,1.18,435.7,29.5,6.2,Loamy,50.5,No,No,Improved,1.77
Ogun,Cassava,1.47,1729.1,22.3,5.82,Clay,186.5,No,No,Improved,9.57
Anambra,Rice,1.24,2373,25.2,5.49,Clay,146.8,No,No,Local,1.97
Enugu,Sorghum,2.99,1534.8,24,6.83,Clay,57.5,Yes,No,Improved,1.53
Plateau,Yam,4.06,1210.8,28.9,5.76,Loamy,63.1,No,No,Improved,10.98
Edo,Yam,0.49,2274.3,27.9,4.69,Clay,112.2,No,No,Local,6.15
Ogun,Rice,1.22,2263.9,24.2,6.97,Sandy,73.5,No,No,Local,2.23
Osun,Yam,1.71,1623.8,26.4,5.23,Sandy,141.8,Yes,No,Local,7.69
Jigawa,Cassava,0.76,663,28.7,6.25,Loamy,45.2,No,No,Improved,11.1
Akwa Ibom,Rice,0.35,2078.7,23.9,6.21,Loamy,104.8,No,No,Improved,2.97
Bauchi,Sorghum,0.68,732.1,33,5.97,Loamy,0,No,No,Improved,1.46
Nasarawa,Yam,2.17,1189.8,31.3,6.29,Clay,109,No,No,Local,8.44
Osun,Yam,1.15,2049.5,28.5,5.13,Loamy,62.1,Yes,No,Local,7.74
Nasarawa,Maize,0.34,1383.1,30,5.47,Clay,129.1,No,No,Local,1.95
Abia,Sorghum,0.65,1591.4,25.9,5.98,Clay,16.7,Yes,No,Improved,1.69
Anambra,Rice,1.32,2142.2,29.3,6.94,Sandy,67.2,Yes,No,Improved,3.4
Plateau,Maize,1.42,1280.3,25.3,5.03,Loamy,72.8,No,No,Local,1.99
Benue,Cassava,0.29,1017.1,26.8,6.25,Loamy,69.9,Yes,No,Local,10.98
Kano,Yam,1.3,842.5,26.3,6.08,Clay,91.3,Yes,No,Local,10.56
Niger,Sorghum,1.8,1047.3,29.4,6.58,Sandy,0,No,No,Local,1.12
Jigawa,Maize,0.52,395.5,36.8,6.4,Sandy,106.6,Yes,No,Local,1.96
Anambra,Cassava,2.91,2026.8,28.5,5.84,Loamy,70.5,Yes,No,Improved,12.38
Kwara,Cassava,3.83,1115.2,28.6,5.69,Clay,102.4,Yes,No,Improved,12.69
Osun,Yam,0.82,2207.8,26.9,5.52,Clay,115.5,Yes,No,Local,7.76
Zamfara,Rice,6.98,824.3,29,6.22,Sandy,66.8,No,No,Improved,2.76
Lagos,Rice,1.1,2244.8,25.2,5.79,Clay,42.8,Yes,No,Local,2.77
Abia,Yam,5.3,1544.9,28,6.35,Loamy,108.4,No,No,Local,9.8
Rivers,Maize,9.26,1537.2,23.4,6,Clay,137.2,No,No,Local,1.66
Nasarawa,Maize,1.38,1166.4,28.2,5.26,Loamy,121.5,No,No,Local,2.26
Imo,Sorghum,0.83,2213.6,22.1,6.04,Loamy,7.4,Yes,No,Local,1.41
Gombe,Maize,2.62,881.1,29.8,6.51,Loamy,92.8,Yes,No,Local,2.14
Gombe,Sorghum,1.63,914.7,28.3,6.8,Sandy,123,No,No,Improved,1.27
Gombe,Rice,2.17,953.5,33,6.38,Loamy,141.9,No,No,Improved,3.09
Plateau,Rice,1.84,1151.8,28.4,6.29,Sandy,211.8,No,No,Improved,3.48
Taraba,Cassava,0.32,1007.3,27.5,6.06,Loamy,78.6,Yes,No,Local,8.74
Bayelsa,Rice,0.92,1710.3,29.7,7.9,Loamy,144.4,No,No,Improved,3.16
Sokoto,Maize,1.96,442.2,28.1,5.74,Sandy,141.5,No,No,Improved,2.01
Sokoto,Maize,1.28,639.3,30.1,5.13,Sandy,134.5,Yes,No,Local,1.99
Oyo,Yam,2.13,2143,29.9,5.28,Sandy,82,Yes,No,Improved,11.17
Akwa Ibom,Cassava,1.11,1933,29,5.52,Loamy,20.7,Yes,Yes,Local,8.27
Ogun,Rice,0.46,1779.1,23.6,6.23,Clay,78.9,Yes,No,Improved,3.77
Katsina,Maize,3.06,531.4,34.1,5.35,Sandy,102.1,No,No,Improved,2.52
Ebonyi,Rice,0.64,1740,23.7,7.21,Loamy,180.4,No,Yes,Improved,3.66
Kaduna,Yam,1.9,807.7,33.9,6.47,Sandy,68.9,No,No,Local,8.22
Kogi,Cassava,3.03,1329.7,27.5,5.77,Clay,0,No,No,Improved,7.4
Kano,Yam,1.37,830.1,28.6,5.68,Sandy,25.8,Yes,No,Improved,7.69
Katsina,Maize,0.72,648.9,35.5,5.7,Sandy,135,Yes,Yes,Improved,3.19
Akwa Ibom,Cassava,1.41,1923.2,22.5,6,Clay,0,Yes,No,Local,6.81
Adamawa,Maize,1.79,1223.3,28.6,6.08,Loamy,98.4,No,No,Local,2.44
Lagos,Cassava,0.2,2236.6,22.6,5.88,Clay,84.1,Yes,No,Improved,10.71
FCT,Maize,1.8,1066.6,30,5.94,Sandy,116.8,Yes,No,Local,2.35
Ebonyi,Sorghum,2.85,2270.9,29.6,6.76,Loamy,154.7,Yes,No,Improved,1.12
Akwa Ibom,Cassava,6.57,2330.8,26.6,5.08,Clay,77.2,Yes,No,Local,9.37
FCT,Rice,1.52,1233,29.5,5.9,Loamy,93.6,No,No,Improved,4.37
Bauchi,Yam,4.64,930.1,34.2,5.33,Sandy,167.6,No,No,Improved,8.17
Anambra,Sorghum,8.07,1585.4,27,4.99,Clay,131.1,Yes,No,Local,0.93
Imo,Rice,2.89,2176.5,29.1,6.5,Clay,154.9,No,No,Improved,3.49
Ogun,Sorghum,1.65,2097,27.9,5.76,Sandy,70.7,Yes,No,Local,1.29
Kano,Cassava,7.04,609.6,29.1,5.83,Sandy,67.3,No,No,Improved,10.92
Jigawa,Maize,0.71,459.6,36.8,5.63,Sandy,59.7,No,No,Improved,1.78
Ondo,Sorghum,0.89,2250.2,26.4,6.26,Sandy,33,No,No,Improved,1.2
Kebbi,Maize,3.41,913.9,30.2,6.28,Sandy,154.7,No,No,Local,1.97
Lagos,Sorghum,0.69,2447.7,24.1,5.59,Clay,77.8,Yes,No,Local,1.48
Akwa Ibom,Cassava,0.72,2081.7,25.4,5.35,Sandy,92.4,No,No,Local,8.01
Gombe,Rice,0.56,612.8,33.1,5.21,Sandy,108.6,No,Yes,Improved,3.51
Kano,Sorghum,3.34,863.6,33.5,4.77,Sandy,104.1,No,No,Local,1.01
Ogun,Yam,11.28,2116.1,24.3,6.73,Loamy,147.5,No,No,Improved,9.8
Edo,Yam,0.93,1583.6,24.7,6.02,Loamy,124.7,No,No,Local,7.6
Ogun,Yam,2.91,1517.4,27.2,6.51,Clay,74.7,No,No,Local,8.56
Bayelsa,Cassava,2.89,1972.8,26.6,5.27,Loamy,64.1,No,Yes,Local,10.93
Yobe,Rice,0.31,359.9,31.4,7.15,Loamy,98.4,No,Yes,Improved,3.14
Oyo,Maize,1.06,2236.9,23.1,6.08,Loamy,137.3,Yes,No,Local,1.65
Abia,Cassava,0.4,1730.7,29.5,5.79,Clay,80.9,Yes,No,Local,8.94
Ogun,Yam,0.78,1712,25.9,5.91,Sandy,75.1,No,No,Improved,8.49
Borno,Maize,0.99,456,32.5,6.83,Clay,88.7,No,No,Improved,2.56
Gombe,Yam,0.54,603,34,6.73,Clay,46.3,Yes,No,Local,7.72
Yobe,Sorghum,0.71,519,37.1,6.37,Sandy,82.9,No,No,Local,1.62
Imo,Maize,0.51,2333.6,23.3,5.64,Loamy,101,No,No,Local,1.75
Zamfara,Maize,2.12,764.4,31.8,6.44,Loamy,122.4,No,No,Local,2.39
Bauchi,Rice,1.71,858.9,34.1,5.72,Sandy,119.4,No,No,Improved,3.05
Lagos,Maize,0.8,2180.7,25.7,7.05,Loamy,84.2,No,No,Improved,1.89
Bayelsa,Rice,3.34,1710,29.9,5.67,Clay,138.6,Yes,Yes,Local,3.74
Abia,Cassava,2.69,1557,26.1,6.47,Loamy,0,Yes,No,Local,7.96
Bauchi,Maize,0.22,957.4,33.1,6.72,Sandy,116.4,No,No,Local,2.01
Gombe,Maize,0.45,716,28.6,5.29,Loamy,77.8,Yes,No,Improved,2.18
Ogun,Cassava,1.13,2370.1,24.8,5.57,Clay,95.8,No,No,Local,7.27
Akwa Ibom,Cassava,8.64,2442.1,30,4.96,Clay,60.6,No,Yes,Local,8.84
Plateau,Yam,0.34,1163.7,29.7,6.14,Sandy,79.1,Yes,No,Improved,11.31
Rivers,Rice,0.31,1889.9,29.2,6.98,Sandy,107.9,No,No,Local,2.72
Bauchi,Cassava,1.36,965.3,26.9,4.22,Sandy,163,Yes,No,Improved,8.15
Kogi,Sorghum,2.11,1064.6,26.6,5.21,Sandy,48.5,No,Yes,Local,1.83
Nasarawa,Cassava,1.98,1315.7,26.3,6.76,Sandy,64,No,No,Local,9.17
Sokoto,Sorghum,0.39,592.2,30.8,6.73,Sandy,122.7,No,No,Local,1.07
Ekiti,Maize,3.34,1646.4,25.9,6.99,Loamy,121.9,Yes,No,Local,2.36
Lagos,Maize,2.99,1908.2,29.2,4.96,Sandy,93.8,Yes,Yes,Local,2.51
Niger,Yam,9.51,1203.6,24.4,5.66,Loamy,63.8,Yes,No,Local,8.83
Benue,Yam,1.37,1304,28.1,5.98,Sandy,47.2,No,No,Improved,9.42
Kaduna,Cassava,3.14,793.9,31,7.25,Sandy,164.6,No,No,Improved,6.79
Rivers,Cassava,2.54,1855.1,27.5,5.32,Sandy,82.6,No,No,Local,8.31
Plateau,Cassava,0.43,1102.7,28.3,7,Sandy,90.2,No,No,Local,9.39
Kano,Sorghum,6.64,639.9,31.9,6,Sandy,42.6,No,Yes,Improved,2.15
Taraba,Maize,3.35,1095.5,31.3,5.62,Loamy,163.7,No,No,Local,2.05
Adamawa,Sorghum,0.39,1073.9,30.3,6.42,Loamy,15.2,Yes,No,Local,0.97
Benue,Cassava,0.26,1269.2,25.3,5.12,Sandy,50.3,No,No,Local,3.39
Jigawa,Rice,2.13,486.4,32.1,7.31,Clay,153.7,No,No,Local,2.59
Kwara,Cassava,0.89,1207.9,31.2,6.03,Clay,107.7,Yes,No,Local,9.04
Kogi,Sorghum,2.55,1212.9,24.7,5.41,Clay,58.9,No,No,Improved,1.83
Gombe,Sorghum,1.09,756.7,34.1,5.86,Loamy,47.4,No,No,Improved,1.81
Kano,Yam,0.34,843.5,32.5,7.45,Sandy,138.8,Yes,No,Improved,3.9
Borno,Cassava,3.95,330.2,28.2,5.98,Clay,67,No,Yes,Improved,12.38
Akwa Ibom,Sorghum,0.26,1928.3,28.3,6.1,Loamy,14.9,No,No,Local,1.05
Ondo,Cassava,1.04,2089.2,28.7,7.35,Sandy,71.6,Yes,Yes,Local,6.88
Bauchi,Sorghum,0.56,992.1,29.5,6.68,Loamy,74.7,No,No,Improved,1.9
Bauchi,Maize,3.04,666.2,32.5,7.07,Loamy,106.5,No,No,Local,1.66
Kebbi,Cassava,6.15,800.5,26.4,5.87,Loamy,91.5,Yes,No,Local,10.85
Bayelsa,Yam,2.43,2202.7,28.8,5.32,Loamy,138.3,No,No,Improved,9.17
Plateau,Sorghum,1,1274.9,25.5,6.09,Clay,79.7,No,Yes,Improved,1.92
Anambra,Rice,12.79,2453.8,24.6,5.46,Loamy,90.1,Yes,No,Local,1.39
Imo,Rice,5.18,2210.4,26,5.9,Sandy,139.4,No,No,Improved,3.88
Kebbi,Sorghum,2.35,965.8,29.9,6.59,Clay,100.3,Yes,No,Local,1.32
Abia,Cassava,2.5,2192.9,27.8,6.45,Loamy,86.2,No,No,Improved,12.94
Ekiti,Sorghum,0.42,1669.9,25.2,6.19,Loamy,116.2,Yes,No,Local,1.26
FCT,Rice,3.18,1185.7,31.5,5.67,Clay,148.3,No,No,Improved,3
Enugu,Cassava,0.65,1815.8,25.2,6.56,Loamy,77.3,Yes,No,Improved,9.65
Delta,Rice,1.82,2239.9,29.9,4.45,Loamy,113.4,No,No,Improved,2.78
Edo,Yam,0.38,1680.1,29.7,6.02,Sandy,81.8,Yes,No,Improved,9.69
Akwa Ibom,Yam,0.73,2139,27.2,7.54,Loamy,46.5,No,No,Improved,9.6
Imo,Sorghum,0.73,2063.1,28.9,6.02,Sandy,0,Yes,No,Improved,1.39
Adamawa,Rice,1.77,1479,31,5.57,Loamy,94.1,No,Yes,Improved,3.08
Kwara,Maize,1.85,1186.8,25.4,5.44,Sandy,102.2,Yes,No,Improved,2.91
Enugu,Maize,4.51,1996.5,27.1,6,Clay,76.6,Yes,No,Improved,1.92
Niger,Sorghum,1.92,1265.2,30.1,4.36,Loamy,21.2,Yes,No,Local,1
Yobe,Rice,2.7,675.6,29.8,6.06,Sandy,93.3,Yes,No,Improved,3.99
Plateau,Sorghum,3.14,1083.4,25.8,5.61,Clay,97.7,No,No,Improved,1.62
Jigawa,Yam,13.34,624.7,33.7,5.26,Sandy,100.9,Yes,No,Local,6.77
Kebbi,Sorghum,1.52,676.3,30.2,4.9,Clay,90,Yes,Yes,Improved,1.56
Imo,Yam,1.73,1896,27.3,4.88,Loamy,75.3,Yes,No,Improved,9.98
Rivers,Yam,2.83,2208.3,22.5,6.07,Clay,69.7,Yes,Yes,Improved,11.73
Taraba,Rice,2.74,1279.9,29.2,6.62,Sandy,77,Yes,No,Improved,3.2
Bauchi,Cassava,1.74,943.3,31.4,7.14,Clay,127.8,Yes,No,Improved,10.5
Adamawa,Cassava,1.1,1261.9,29.3,5.46,Loamy,163,No,No,Local,8.1
Ogun,Maize,1.05,1992.5,27.6,6.62,Clay,83.6,No,No,Local,1.93
Edo,Sorghum,2.91,1570.6,25.4,5.82,Clay,73.9,No,No,Improved,1.56
FCT,Yam,0.43,1280,25,5.01,Sandy,160.3,No,No,Improved,7.55
Zamfara,Maize,1.05,617.4,27.7,6.06,Clay,150.2,No,No,Improved,2.12
Kogi,Yam,0.35,1070.2,31,5.71,Loamy,127.5,Yes,No,Local,9.74
Yobe,Cassava,0.2,547.2,36,5.9,Loamy,51.6,No,No,Local,4.67
Cross River,Sorghum,2.17,1590.4,24.3,4.87,Clay,36.9,No,No,Local,1.09
Benue,Yam,0.52,1104.5,24.6,5.27,Sandy,98,No,No,Local,7.96
Kebbi,Yam,2.22,797,26.2,6.32,Sandy,70.4,No,No,Local,8.1
Osun,Sorghum,4.72,1830.2,26.5,5.56,Sandy,116.7,No,No,Improved,1.28
Katsina,Cassava,14.39,461,33.2,6.11,Loamy,56.8,Yes,No,Local,7.56
Zamfara,Rice,0.65,825,32.1,4.88,Loamy,94.2,Yes,Yes,Improved,4.57
Enugu,Rice,1.05,1705,22.4,6.84,Loamy,168.2,No,Yes,Local,3.03
Adamawa,Cassava,7.68,1401,26.5,6.44,Loamy,79.8,No,No,Improved,13.08
Jigawa,Maize,2.91,420.3,30,5.46,Sandy,157.5,No,Yes,Local,2.52
Osun,Maize,3.47,2357.9,25.9,6.4,Loamy,105,No,No,Local,2.44
Zamfara,Maize,0.21,718.5,26.9,6.51,Clay,188.2,Yes,No,Local,2.06
Bayelsa,Maize,0.85,2177,22.1,4.58,Sandy,59.5,No,No,Improved,1.9
Niger,Maize,3.01,1329.9,27,5.66,Clay,128,No,Yes,Improved,2.81
Oyo,Rice,0.68,1797.7,23.7,4.8,Loamy,155.2,No,No,Improved,2.97
Plateau,Yam,1.12,1491.6,29.9,5.09,Sandy,174.2,Yes,No,Local,7.12
Zamfara,Maize,0.24,944.5,33.6,6.32,Sandy,120,Yes,No,Local,1.8
Gombe,Sorghum,1.01,823.1,31.9,7.17,Loamy,67,Yes,No,Improved,1.86
Imo,Sorghum,6.08,1789.9,24.4,6.43,Clay,9,Yes,No,Local,1.21
Lagos,Sorghum,2.38,1813.8,23.5,5.38,Clay,93.8,No,No,Local,1.06
FCT,Yam,1.33,1295.9,29.4,6.1,Loamy,144,Yes,No,Improved,7.17
Plateau,Sorghum,0.92,1185.4,26.3,7.14,Sandy,57.2,Yes,No,Local,1.57
Osun,Maize,4.39,2363.8,23.7,6.06,Clay,127,Yes,No,Improved,2.12
Delta,Yam,0.62,1911.5,29,6.2,Clay,71.8,Yes,No,Local,3.71
Plateau,Maize,1.44,1469.2,26,5.19,Loamy,118.9,No,No,Local,1.62
Oyo,Cassava,0.5,2412.6,29,6.5,Clay,102.7,No,Yes,Local,10.38
Akwa Ibom,Cassava,0.57,1531.3,27.2,6.01,Loamy,46.5,Yes,Yes,Improved,14.15
Edo,Rice,2.66,2462.8,25.4,5.31,Loamy,94.5,No,No,Improved,3.72
Lagos,Maize,0.86,1720.9,23.8,6.51,Clay,37.2,No,No,Improved,2.18
Bayelsa,Rice,0.33,2383.9,27.6,6.16,Clay,133.4,No,No,Improved,3.94
Abia,Yam,0.5,2461.1,24.3,6.06,Loamy,153,No,Yes,Improved,10.92
Abia,Maize,0.32,2318.6,24.3,6,Clay,120.6,No,No,Local,1.99
Edo,Maize,1.93,1912,25.4,5.94,Sandy,192.8,No,No,Local,1.27
Enugu,Rice,1.49,2434.6,24,5.78,Clay,155.2,Yes,No,Improved,3.68
Adamawa,Rice,3.67,1292.6,28.4,6.46,Clay,99,Yes,No,Improved,3.77
Lagos,Sorghum,1.65,2476.4,29.7,5.68,Sandy,92.4,Yes,No,Local,1.21
Jigawa,Maize,1.72,498.4,29.9,6.54,Loamy,167.4,No,No,Improved,2.4
Ogun,Yam,2.96,2045.4,22.9,5.95,Loamy,63.2,Yes,No,Local,7.79
Lagos,Cassava,3.35,1805.8,22.4,4.67,Loamy,107.6,No,No,Local,7.06
Gombe,Maize,0.78,769,27,6.72,Sandy,136.1,Yes,No,Improved,3.21
Ondo,Sorghum,2.4,2054.5,28.2,6.08,Clay,34.9,No,No,Local,1.14
Katsina,Yam,7.28,321.5,33,6.25,Loamy,135.6,Yes,No,Improved,9.45
Imo,Yam,8.61,2259.1,29.8,6.1,Loamy,115,No,No,Improved,4.17
Kebbi,Yam,0.54,834.4,32.4,5.91,Clay,49.9,Yes,No,Local,6.98
Edo,Yam,0.72,1769.3,26.6,7.13,Clay,184.8,Yes,No,Local,6.74
FCT,Sorghum,0.67,1251.5,29.2,6.31,Loamy,81.4,No,Yes,Improved,1.61
Anambra,Maize,0.63,1922.5,23.1,5.81,Loamy,45.2,Yes,No,Local,2.07
Zamfara,Cassava,4.38,608.1,28.7,4.21,Sandy,85.4,No,No,Improved,8.99
Borno,Sorghum,3.68,598.5,29.5,5.73,Sandy,81.3,No,Yes,Improved,2.11
Nasarawa,Rice,1.85,1199.6,24,6.37,Loamy,110.8,No,Yes,Local,3.29
Taraba,Rice,2.14,1231.9,30.9,6.56,Loamy,149.9,Yes,No,Improved,3.58
Ekiti,Rice,4.82,1742.4,28.8,4.6,Clay,106.8,No,No,Improved,3.84
Edo,Sorghum,0.83,1905.7,30,5.02,Loamy,55.6,No,Yes,Improved,1.72
Enugu,Rice,1.79,1829.7,22.3,5.83,Clay,89.1,Yes,Yes,Improved,4.65
Borno,Maize,1.76,511.2,30.9,5.76,Loamy,71.9,No,No,Local,2.05
Delta,Sorghum,2.26,1922.5,27.3,5.8,Clay,77.2,No,Yes,Local,1.25
Anambra,Maize,0.43,2102,24,6.24,Clay,112.1,No,No,Local,1.91
Cross River,Maize,6.98,2073,27.3,4.83,Clay,148.9,Yes,No,Local,1.12
Ekiti,Yam,1.33,1870,27.3,5.26,Sandy,105.4,Yes,No,Improved,7.52
Sokoto,Sorghum,1.28,465.3,35.9,5.06,Clay,0,No,No,Local,1.06
Katsina,Cassava,2.21,610.7,35,4.97,Loamy,115.9,Yes,No,Local,8.39
Kebbi,Yam,0.58,980.4,35,5.2,Clay,208,No,No,Improved,7.17
Katsina,Sorghum,0.63,532.1,32.8,6.1,Sandy,29.5,No,No,Improved,1.5
Jigawa,Cassava,1.35,531.1,37,6.59,Clay,106.7,No,No,Local,6.96
Ebonyi,Rice,2.37,1619.8,22.6,5.7,Clay,143.8,Yes,No,Improved,3.7
Anambra,Maize,2.69,2414.4,25.3,6.17,Loamy,197.4,No,No,Improved,1.86
Kwara,Rice,5.17,1129.7,24.5,6.14,Loamy,83.7,No,No,Improved,3.82
Taraba,Sorghum,1.25,1140.5,27.5,6.09,Loamy,127.4,No,No,Local,0.76
Akwa Ibom,Sorghum,3.11,1840.8,26,5.97,Clay,70.8,Yes,No,Improved,2.21
Imo,Cassava,1.15,2350.7,26.8,6.47,Loamy,59.3,No,No,Local,7.92
Oyo,Rice,0.81,2094.4,29.8,4.73,Loamy,45.4,No,No,Improved,1.77
Rivers,Yam,0.82,1635.6,29.3,6.31,Clay,52.9,Yes,No,Local,7.64
Nasarawa,Rice,1.98,1177,25.9,5.84,Clay,123.8,Yes,No,Local,3.04
Benue,Cassava,2.94,1149.4,29.2,6.78,Loamy,119.1,Yes,Yes,Local,13.17
Anambra,Yam,1.33,2406.6,29,5.51,Clay,94.6,Yes,No,Local,8.79
Anambra,Cassava,1.09,1552.4,28.1,5.85,Clay,112.2,Yes,No,Improved,11.2
Kogi,Sorghum,3.16,1469.6,27.3,5.9,Loamy,57.9,No,No,Improved,1.47
Ebonyi,Sorghum,3.76,1754.3,22.9,5.44,Clay,56,No,No,Improved,1.52
Delta,Yam,0.71,1805,26.3,5.75,Clay,80.6,No,No,Improved,9.36
Gombe,Yam,2.36,940.3,32.5,5.86,Loamy,140.6,Yes,No,Local,8.5
Imo,Cassava,1.22,1779.4,23.2,5.2,Clay,122.7,Yes,No,Local,7.91
Ondo,Yam,0.74,2092.7,22.8,6.52,Loamy,54.6,No,Yes,Improved,10.63
Kogi,Rice,1.86,1233,31.8,6.58,Clay,69.7,Yes,Yes,Improved,3.8
Enugu,Maize,1.36,1870.5,26.5,5.43,Sandy,62.1,No,No,Local,1.72
Abia,Maize,1.44,2046.7,24.7,5.37,Clay,51.9,Yes,No,Local,1.98
Zamfara,Rice,1.13,864,33.4,6.03,Sandy,178,No,No,Local,2.38
Benue,Maize,0.56,1398.9,30.9,7.03,Sandy,108.8,No,No,Improved,2.4
Rivers,Rice,1.67,2091.3,25.8,5.45,Clay,149,Yes,No,Improved,4.87
Ekiti,Rice,1.02,2065.2,22.4,5.62,Loamy,69,No,No,Local,2.76
Abia,Yam,0.8,2376.2,26.8,5.35,Sandy,81.3,No,No,Local,8.69
Gombe,Yam,1.59,613.8,28.4,6.57,Loamy,169.9,Yes,No,Local,7.86
Taraba,Maize,1.52,1472,29.8,5.61,Loamy,160.7,No,No,Local,1.79
Cross River,Maize,0.49,2352.9,29.6,6.15,Clay,209.6,No,No,Improved,2.1
Bauchi,Yam,6.58,980.7,26.2,7.47,Loamy,150.6,No,No,Improved,8.37
Niger,Rice,0.27,1080.3,26.5,4.25,Sandy,144.2,No,No,Improved,2.57
Kogi,Cassava,1.83,1158.1,31.2,6.24,Sandy,125.4,Yes,No,Local,8.51
Kaduna,Maize,1.05,824.1,29.1,6.55,Clay,89.5,Yes,No,Local,2.16
Akwa Ibom,Yam,3.37,2118,27.8,6.43,Loamy,155.4,Yes,No,Local,9.05
Delta,Maize,1.06,2023.4,26.8,5.93,Sandy,133.6,Yes,No,Local,2.11
Gombe,Yam,0.67,753.6,31,5.49,Clay,51.9,No,No,Local,7.16
Taraba,Rice,2.03,1368.4,29,5.8,Sandy,19.6,Yes,No,Improved,3.38
Nasarawa,Sorghum,1.6,1467.1,29.9,5.76,Loamy,53.4,No,Yes,Improved,1.93
Jigawa,Rice,2.16,603.3,37.5,6.76,Clay,69.6,Yes,No,Local,2.97
Zamfara,Yam,1.4,937.5,28.3,6.04,Loamy,103.8,Yes,No,Local,9.49
Rivers,Maize,0.39,2154.3,25.4,5.28,Clay,128.2,Yes,No,Local,2.31
Ogun,Cassava,1.12,1939.4,22.6,5.52,Sandy,44.9,No,No,Local,8.98
FCT,Yam,4.11,1353.5,31.1,5.85,Clay,85.9,No,No,Local,2.45
Abia,Cassava,1.05,2337.8,23.6,6.11,Clay,38.4,Yes,No,Local,4.26
Enugu,Sorghum,2.57,2479.8,29.5,4.93,Sandy,2.1,Yes,No,Local,0.84
Osun,Yam,4.78,1775.1,28.1,6.99,Clay,138.1,No,No,Local,7.73
Plateau,Sorghum,0.47,1498,31,5.59,Sandy,40.9,No,No,Improved,1.38
Bauchi,Cassava,1.63,705,33.1,4.97,Loamy,66.5,No,No,Improved,12.17
Rivers,Rice,3.11,2343.5,29.6,6.97,Loamy,127.7,No,Yes,Local,3.25
Cross River,Yam,0.25,1551.9,26.1,6.21,Loamy,93.2,Yes,Yes,Local,9.47
Adamawa,Sorghum,0.5,1041.3,28.5,6.15,Loamy,64.1,Yes,No,Improved,1.78
Plateau,Maize,1.92,1392.4,24.4,5.97,Loamy,126,No,No,Local,2.12
Plateau,Cassava,0.33,1392.7,29.8,6.74,Sandy,102.7,No,No,Improved,10.01
Imo,Sorghum,0.83,2050.2,22.4,6.07,Sandy,23.8,Yes,No,Improved,0.84
Edo,Maize,0.44,1978.9,30,6.11,Loamy,88.2,No,No,Local,1.96
Benue,Rice,0.78,1095.6,30.7,6.61,Clay,102.2,Yes,No,Local,1.53
Nasarawa,Cassava,0.61,1145.2,30.7,6.38,Loamy,66.4,No,No,Local,8.5
FCT,Yam,0.78,1065.6,31.5,6.59,Clay,118.3,No,No,Improved,8.38
Ogun,Rice,3.3,1598.1,23.5,7.93,Loamy,160.9,Yes,No,Improved,2.89
Ebonyi,Rice,7.47,1620,29.5,5.74,Clay,49.2,No,No,Local,2.63
Niger,Sorghum,1.11,1246.9,31.6,5.43,Clay,43.9,No,No,Improved,1.31
Taraba,Cassava,2.3,1464,28.7,5.27,Clay,54.8,No,No,Local,3.76
Sokoto,Cassava,3.48,535,30.4,7.46,Clay,72.3,Yes,No,Improved,9.08
Cross River,Yam,4.63,2252.5,25.3,5.31,Clay,103.7,No,Yes,Local,3.6
Nasarawa,Rice,1.98,1128,25,5.86,Loamy,24,No,No,Local,2.69
Adamawa,Sorghum,2.82,1089.9,31.1,6.54,Clay,134,No,No,Local,1.06
Ekiti,Cassava,0.44,1798.2,26.1,6.08,Loamy,22.7,No,No,Improved,10.24
Taraba,Rice,1.98,1110.4,26,5.74,Loamy,120.6,No,No,Improved,3.52
Jigawa,Cassava,0.6,688.5,36.1,6.79,Loamy,103.3,No,No,Improved,10.52
Zamfara,Rice,0.97,755.9,31.4,6.36,Sandy,149,Yes,Yes,Improved,3.97
Niger,Sorghum,1.03,1365.2,27.8,6.63,Clay,53,No,No,Improved,1.54
Adamawa,Cassava,0.72,1437.7,31.7,5.14,Sandy,101,Yes,No,Improved,16.06
Ondo,Cassava,1.63,2464.7,26.6,5.69,Loamy,63.8,Yes,No,Improved,11.38
Edo,Rice,0.89,1875.9,29.2,7.05,Loamy,116.4,No,No,Local,3.12
Nasarawa,Yam,4.01,1148.4,27.9,6.87,Loamy,56.8,No,No,Local,6.34
Anambra,Rice,1.04,1767.6,23.5,5.52,Loamy,85.9,No,Yes,Improved,4.09
Osun,Maize,5.98,1819.1,27.7,5.9,Loamy,171.8,Yes,No,Improved,2.51
Cross River,Rice,1.33,2215.3,22.8,6.55,Clay,73.8,Yes,No,Local,3
Sokoto,Sorghum,3.92,524.8,33,6.23,Sandy,0,Yes,No,Improved,1.74
Taraba,Cassava,2.25,1444.1,26.8,6.96,Loamy,50.7,No,No,Improved,10.5
Zamfara,Sorghum,0.42,826.4,33.6,8.02,Clay,92.6,Yes,No,Improved,1.55
Delta,Sorghum,3.83,2114.1,26.5,6.27,Clay,0,No,Yes,Local,1.3
Ondo,Yam,1.03,2359.3,29.6,6.39,Sandy,145.2,Yes,No,Local,7.05
Niger,Yam,3.93,1039,24.1,5.49,Loamy,109.9,Yes,No,Local,6.31
Enugu,Maize,0.55,1959,28.2,6.62,Loamy,103.6,Yes,No,Improved,2.51
Kaduna,Rice,3.45,762.4,34.3,6.51,Loamy,94,No,No,Local,2.26
Delta,Rice,1.95,1576.7,25.3,6.3,Loamy,109,No,No,Local,2.66
Lagos,Yam,0.78,2120.6,24.1,6.25,Sandy,125.6,No,Yes,Local,8.5
Zamfara,Maize,1.66,749.8,34.9,5.57,Loamy,164.6,Yes,No,Local,2.03
Lagos,Rice,1.76,2273,28.9,5.2,Clay,67,Yes,No,Improved,3.79
Niger,Cassava,0.73,1473.2,28,5.08,Loamy,93.3,Yes,Yes,Local,9.49
Ebonyi,Sorghum,2.92,2004.8,23.7,5.91,Loamy,144,No,Yes,Local,0.95
Ogun,Sorghum,2,2093.6,26.3,6.14,Clay,66.3,Yes,No,Improved,1.5
Nasarawa,Yam,7.26,1377.1,25.6,6.28,Clay,70.1,Yes,Yes,Improved,10.54
Kwara,Maize,1.03,1064,24,5.7,Loamy,122.7,No,No,Improved,2.78
Akwa Ibom,Maize,0.45,1675.2,27.4,6.47,Loamy,139.1,Yes,No,Improved,3.27
Kaduna,Yam,1.54,968.3,33.9,6.48,Clay,37.5,Yes,No,Local,8.25
Taraba,Yam,1.08,1152.7,30.1,5.48,Clay,123.3,No,No,Improved,11.17
Taraba,Sorghum,2.88,1299.2,24.4,6.49,Loamy,0,Yes,No,Improved,1.5
Ogun,Yam,6.22,1859.6,23.3,6.96,Sandy,95.2,No,No,Local,6.92
Abia,Rice,1.35,1811.4,28.9,5.6,Clay,100.4,No,Yes,Local,4.48
Kwara,Maize,11.42,1152.1,29.4,4.91,Sandy,99.1,Yes,Yes,Local,2.8
Imo,Sorghum,1.7,2148.5,22,5.55,Loamy,77.9,No,No,Improved,1.58
Ogun,Yam,1.24,2420.4,22.2,6.59,Loamy,93.4,Yes,No,Local,7.03
Katsina,Yam,0.37,428.2,29.8,6.15,Loamy,99.1,No,No,Local,7.56
Ogun,Rice,1.15,1801.1,23.1,6.92,Clay,204.5,No,No,Local,2.21
FCT,Yam,1.5,1049.8,31.3,5.65,Sandy,83.8,No,Yes,Local,8.47
Ogun,Maize,9.38,1954.7,24.3,5.79,Clay,141.1,No,No,Improved,2.33
Yobe,Rice,0.6,325.2,29.2,7.13,Sandy,121,Yes,Yes,Local,3.43
Cross River,Cassava,1.72,1690.3,24.9,5.81,Clay,110.1,No,No,Local,9.48
Borno,Rice,8.9,535.1,30.9,7.09,Sandy,99,No,No,Local,2.35
Adamawa,Yam,0.87,1085.2,24.6,5.24,Clay,117.5,Yes,No,Local,6.84
Anambra,Yam,8.99,1675.6,26.8,5.66,Loamy,145.2,No,Yes,Local,7.73
Adamawa,Rice,6.24,1011.9,26.2,7.56,Loamy,62.9,No,No,Local,2.71
Rivers,Cassava,1.38,2387.7,27.5,6.23,Loamy,111.5,No,No,Local,8.2
Ondo,Cassava,6.09,2130.2,24.7,6.38,Clay,175.9,Yes,No,Improved,9.94
Ekiti,Sorghum,0.36,2397.6,26.7,5.62,Clay,28.4,Yes,No,Improved,1.28
Oyo,Cassava,3.03,2489.9,26.6,5.54,Clay,84.2,Yes,No,Local,10.4
FCT,Rice,1.37,1183.2,25.4,5.95,Loamy,75.6,No,No,Improved,4
Abia,Maize,1.2,1854.9,23,6.03,Clay,121.9,Yes,No,Improved,2.54
Akwa Ibom,Cassava,2.58,1971,22.8,6.42,Clay,94.4,No,No,Improved,10.08
Bayelsa,Cassava,0.67,2211.3,24.6,5.6,Clay,72.7,Yes,No,Improved,12.7
Katsina,Yam,1.91,529.8,32.9,5.03,Clay,122,Yes,No,Improved,9.33
FCT,Rice,0.66,1447.5,25.6,5.6,Loamy,94.8,Yes,No,Local,2.56
Kwara,Maize,4.72,1308.5,29.6,5.96,Clay,90.9,Yes,Yes,Local,2.41
Osun,Cassava,2.45,1711.3,22.5,6.63,Sandy,29.9,No,No,Local,7.85
Lagos,Cassava,3.93,1794.5,25,5.83,Clay,74.2,No,No,Local,10.62
Kaduna,Rice,0.31,769,31.8,5.81,Sandy,90.3,Yes,No,Improved,3.23
Plateau,Rice,2.06,1091.8,26.1,5.61,Sandy,120.5,Yes,No,Improved,3.99
Oyo,Yam,2.47,1698.3,26.9,4.69,Loamy,105.3,No,No,Improved,10.16
Imo,Rice,0.88,2473.3,22.9,7.08,Sandy,88.9,Yes,No,Improved,2.91
Zamfara,Yam,0.44,617.1,31.1,5.57,Clay,47.3,Yes,No,Local,6.84
Zamfara,Rice,0.37,943.5,31.9,5.38,Sandy,124.6,No,Yes,Improved,3.73
Ogun,Sorghum,0.2,1740.3,23.8,5.89,Clay,60.1,No,Yes,Improved,1.94
Zamfara,Cassava,5.47,960.8,26.6,5.42,Sandy,91,Yes,Yes,Local,10.04
Imo,Maize,1.15,2094.5,27.5,6.55,Loamy,129.3,No,No,Local,1.65
Nasarawa,Maize,0.57,1182.1,26.5,7.82,Clay,142,Yes,No,Local,2.11
Bayelsa,Yam,2.38,1717,29.1,7.51,Loamy,87.6,No,No,Local,5.85
Gombe,Rice,5.1,827.4,29.1,6.32,Loamy,111.8,No,No,Improved,4
Kaduna,Maize,7.04,854.9,30.7,6.02,Sandy,94.4,Yes,No,Local,2.57
Delta,Yam,4.28,2201.4,29.8,6.51,Clay,78.9,No,No,Local,5.56
Adamawa,Rice,0.65,1181.9,29.3,5.33,Clay,53.2,Yes,No,Improved,3.84
Anambra,Rice,0.99,2300,22.6,6.53,Sandy,168.6,No,No,Local,2.76
Akwa Ibom,Sorghum,0.93,2094.9,25,5.74,Loamy,56.2,No,No,Local,0.8
Kogi,Maize,0.72,1163.9,24.5,6.55,Sandy,52.9,Yes,No,Local,2.22
Kaduna,Cassava,0.51,942.8,26.2,5.35,Sandy,130,Yes,No,Local,10.24
Adamawa,Yam,1.11,1027.7,25.8,5.72,Loamy,90.5,No,No,Improved,9.61
Bayelsa,Yam,0.39,1726.7,22.1,6.75,Loamy,45.3,Yes,No,Improved,8.75
Anambra,Sorghum,1.84,2269.6,23,6.03,Clay,77.3,No,Yes,Improved,1.74
Akwa Ibom,Sorghum,0.55,2086.9,24.1,6.51,Loamy,42.8,Yes,No,Local,1.34
Zamfara,Yam,0.48,791,31.9,5.81,Sandy,129.2,No,No,Local,6.56
Kaduna,Sorghum,2.53,821.1,31.3,5.19,Sandy,32.4,Yes,No,Local,1.49
FCT,Rice,4.17,1302.5,31,5.3,Sandy,168.7,Yes,No,Improved,2.8
Ekiti,Maize,6.3,1895,29.6,4.98,Loamy,132.1,No,No,Local,1.62
Ebonyi,Cassava,0.86,1907.8,29,6.51,Clay,139.1,No,No,Improved,10.22
Kaduna,Rice,0.23,606.1,31.1,6.14,Loamy,116.9,No,No,Improved,3.4
Abia,Cassava,1.66,1737,22.8,4.57,Loamy,109.9,No,No,Local,7.06
Bayelsa,Cassava,1.31,1647.2,29,6.39,Sandy,102.7,No,No,Improved,12.44
Plateau,Maize,3.82,1060.9,26.3,4.95,Clay,96.6,No,No,Improved,2.55
Cross River,Cassava,1.45,1800,28.3,7.59,Clay,52.9,No,No,Local,6.87
Niger,Rice,0.99,1357.1,29.1,4,Loamy,106.9,Yes,No,Local,2.99
Plateau,Rice,1.21,1347.7,25.3,5.75,Clay,98.2,No,Yes,Local,3.37
Plateau,Maize,4.92,1265.4,25,5.7,Loamy,44.7,Yes,No,Local,2.1
Imo,Sorghum,1.75,1720.2,25.5,6.85,Clay,63.7,Yes,No,Local,1.34
Benue,Rice,1.93,1211.8,27.6,5.77,Loamy,80.3,Yes,Yes,Improved,4.89
Nasarawa,Rice,0.44,1456.6,31.2,6.47,Loamy,69.1,No,No,Improved,4.14
Ondo,Maize,2.71,1588.6,25.6,5.3,Clay,163.1,Yes,No,Improved,2.73
Abia,Cassava,3.55,1687.4,30,6.75,Sandy,107.8,Yes,No,Local,10.59
Plateau,Rice,1.72,1197.3,24.3,6.85,Sandy,43.7,No,No,Local,2.55
Bauchi,Cassava,2.59,647.5,34.4,7.37,Clay,109,No,No,Improved,11.19
Taraba,Maize,1.41,1387.3,26.2,6.3,Loamy,55.5,Yes,Yes,Local,2.21
Ogun,Rice,2.66,2334.5,26.1,5.96,Sandy,121,No,No,Local,2.59
Delta,Rice,0.23,2284.4,25.2,6.44,Loamy,173.3,No,No,Local,2.27
Ekiti,Cassava,1.19,1595.7,26.1,5.53,Sandy,94.4,Yes,No,Improved,10.23
Ogun,Yam,4.48,2472.4,22.2,5.67,Clay,0,No,No,Improved,9.03
Rivers,Yam,0.72,2288.2,23.2,5.76,Clay,87.7,Yes,No,Local,7.18
Edo,Yam,6.05,1913.3,22.1,6.44,Loamy,84.4,No,No,Local,7.16
FCT,Sorghum,0.25,1440.4,25.9,5.68,Loamy,84.5,No,No,Local,1.36
Kogi,Rice,1.71,1121.1,29.3,6.76,Sandy,108.9,No,No,Local,3.31
Zamfara,Sorghum,2.69,923,34.6,5.81,Sandy,57.6,No,No,Improved,1.73
Bauchi,Rice,0.73,957.1,33.7,6.74,Sandy,126.7,No,No,Improved,3.41
Jigawa,Rice,1.63,572.7,30.8,5.98,Loamy,134.4,No,No,Local,2.6
Kebbi,Maize,0.7,769.5,31.6,7.38,Sandy,163.4,No,Yes,Improved,2.61
FCT,Maize,1.75,1359.3,27.9,6.45,Clay,116.9,No,No,Local,1.8
Borno,Rice,0.73,640.4,34.8,6.42,Clay,165.6,No,No,Local,2.17
Ebonyi,Rice,1.17,1649.6,26.8,6.88,Clay,201.4,No,No,Local,2.53
Nasarawa,Maize,3.92,1338.2,25.5,8.04,Loamy,39.4,No,No,Improved,1.94
Oyo,Rice,1.06,2499.1,25.9,6.57,Loamy,167.4,No,No,Improved,3.95
Benue,Maize,5.59,1356.1,24.6,6.28,Loamy,144.5,Yes,No,Improved,3.22
Zamfara,Maize,0.69,681.1,26.1,5.42,Loamy,149.4,No,No,Improved,2.89
Borno,Rice,2.41,534.3,33.2,5.77,Sandy,90.1,Yes,No,Local,2.62
Plateau,Sorghum,1.88,1344.7,27.4,6.55,Loamy,68.9,No,No,Local,1.38
Anambra,Maize,1.06,2452.1,26.8,6.22,Loamy,94.4,No,No,Local,1.97
Lagos,Cassava,2.82,2450.1,27.4,5.88,Clay,85.6,No,No,Improved,10.65
FCT,Sorghum,0.84,1431.3,26.7,5.75,Loamy,132.1,No,No,Local,0.86
Bayelsa,Yam,1.63,1791.6,25.3,5.08,Clay,105.2,No,Yes,Local,8.05
Kwara,Yam,0.35,1211.1,30.3,5.56,Sandy,86.9,Yes,No,Local,8.01
Ogun,Rice,0.92,2312.7,22.3,6.42,Sandy,118.6,Yes,No,Improved,3.77
Benue,Cassava,1.44,1314.4,28.5,6.25,Loamy,150.7,No,No,Local,5.83
Zamfara,Sorghum,0.74,605.5,30.7,6.44,Clay,67.7,Yes,No,Improved,1.76
Kaduna,Maize,0.83,985.3,34.7,5.3,Loamy,153.4,Yes,No,Improved,2.57
Borno,Sorghum,0.39,626.2,30.5,6.82,Sandy,185.4,Yes,No,Local,0.85
Delta,Rice,2.05,2429.7,25.5,5.72,Loamy,120.8,Yes,Yes,Improved,3.61
Enugu,Rice,2.06,1576.2,23.8,5.95,Clay,79.2,No,No,Improved,3.76
Ondo,Yam,2.52,2462.4,27.8,6.83,Clay,98.9,Yes,No,Improved,8.23
Cross River,Sorghum,1.69,1920.4,28.6,6.6,Clay,88,Yes,Yes,Improved,2.1
Adamawa,Cassava,1.86,1498.9,26.2,5.4,Loamy,122.6,No,No,Local,8.49
Ekiti,Cassava,2.57,1976,29.2,5.64,Clay,56.3,Yes,No,Local,9.09
Taraba,Rice,1.2,1444.2,27.2,6.5,Clay,102.9,Yes,Yes,Improved,3.91
Adamawa,Maize,1.02,1074.8,28.1,7.09,Loamy,172.7,No,No,Improved,2.96
Benue,Rice,1.4,1284.7,27.5,6.57,Loamy,117.6,No,No,Improved,4.11
Ebonyi,Rice,2.66,1679.2,25.9,6.88,Loamy,46.6,Yes,No,Local,2.95
Ekiti,Maize,1.67,1561.7,29.7,5.44,Clay,107.6,No,No,Local,1.83
Edo,Maize,1.67,2306.4,28.6,6.34,Sandy,68.7,Yes,No,Improved,2.38
Nasarawa,Cassava,0.71,1141.3,28.1,6.71,Loamy,140.5,Yes,No,Improved,10.36
Rivers,Sorghum,1.27,2033.1,27.2,5.06,Loamy,16.2,Yes,Yes,Improved,1.71
Abia,Cassava,8.32,1652.7,27.1,6.27,Loamy,116.6,Yes,No,Improved,10.55
Osun,Cassava,1.6,2388.8,25.6,6.34,Clay,133.3,Yes,Yes,Improved,13.2
Oyo,Cassava,2.59,2440.6,24.2,5.68,Sandy,111.4,No,No,Improved,10.29
Niger,Sorghum,1.77,1108.8,24.7,6.48,Clay,5.8,Yes,No,Improved,1.43
Adamawa,Yam,0.34,1442.5,27.4,6.07,Clay,66.9,No,No,Local,8.22
Abia,Sorghum,0.59,2212.9,27.4,6.67,Clay,48,No,No,Improved,1.61
Sokoto,Yam,7.55,449.8,28.5,6.17,Sandy,100.3,No,No,Improved,4.7
Imo,Sorghum,1.26,2101.7,28.9,5.11,Loamy,124.5,No,No,Local,0.89
Oyo,Maize,1.35,2406.3,28.7,5.96,Clay,42,Yes,No,Local,1.2
Kebbi,Cassava,1.49,848.9,34.8,6.27,Sandy,123.6,No,No,Improved,9.46
Enugu,Rice,0.97,1896.4,28.5,5.07,Sandy,84,No,No,Local,2.58
Cross River,Rice,1.65,1561.2,26.6,5.8,Clay,101.8,Yes,No,Improved,2.29
Taraba,Cassava,1.84,1153,25.5,6.42,Clay,90.2,Yes,No,Local,9.98
Bauchi,Rice,1.14,992,32.8,6.48,Sandy,118.4,No,No,Improved,3.89
Enugu,Yam,0.73,2074.2,24.3,5.17,Sandy,57.6,Yes,No,Local,7.32
Niger,Yam,0.62,1394,30.3,5.63,Sandy,134.6,No,No,Improved,10.62
Oyo,Yam,0.94,2209.8,26.9,4.87,Loamy,49.7,Yes,No,Local,7.08
Ogun,Sorghum,2.67,1585.2,26,7.43,Sandy,183.9,No,Yes,Local,0.93
Abia,Maize,1.64,2436.5,22.2,6.14,Loamy,106.9,Yes,Yes,Improved,2.87
Oyo,Rice,0.53,1979.3,24,6.42,Clay,132.8,Yes,No,Improved,3.77
Anambra,Sorghum,0.25,1711.8,26.1,5.46,Clay,31,Yes,No,Local,1.11
Bauchi,Sorghum,4.72,985.9,31.8,5.67,Loamy,145.4,Yes,No,Local,1.2
Osun,Sorghum,2.45,1723.3,23.9,4.97,Loamy,124.7,No,No,Improved,1.32
Jigawa,Rice,1.23,383,32,5.86,Sandy,152,No,No,Local,2.76
Sokoto,Maize,0.57,521,34.6,6.53,Loamy,87.3,No,No,Local,1.97
FCT,Cassava,1.27,1391.2,30.5,6.55,Clay,95.4,Yes,Yes,Local,9.37
Niger,Rice,1.98,1379.5,28.6,6.49,Loamy,51.1,No,No,Local,3.5
Anambra,Rice,0.81,1832.4,23.5,6.11,Loamy,79,Yes,No,Improved,3.49
Kano,Rice,1.6,631.7,32.1,6.04,Sandy,89.4,Yes,No,Local,3.55
FCT,Rice,11.67,1137.9,27.5,5.45,Clay,114.5,No,No,Improved,3.68
Ogun,Sorghum,7.83,1555,25,6.01,Clay,23,Yes,Yes,Improved,1.35
Delta,Rice,0.37,2229.5,27.4,7.81,Clay,125.7,No,No,Local,1.89
Kwara,Cassava,2.01,1099,30.4,6.18,Loamy,145.2,No,No,Improved,10.02
Plateau,Yam,0.96,1372.6,26.1,6.23,Loamy,64.7,No,No,Local,9.18
Borno,Sorghum,1.47,478,37.4,6.68,Sandy,25.2,No,No,Local,1.31
Delta,Cassava,0.46,1936.3,28.8,5.71,Loamy,75.6,No,No,Improved,9.58
Kogi,Maize,0.33,1146.3,28.9,7.31,Loamy,146.9,Yes,No,Local,2.27
Katsina,Sorghum,1.23,492.4,28.4,6.59,Clay,49.2,Yes,Yes,Improved,2.21
Oyo,Rice,2.99,2128.9,25.4,5.63,Loamy,84.1,Yes,No,Improved,3.87
Anambra,Yam,0.69,1971.6,27.2,6.36,Loamy,149.8,Yes,Yes,Local,3.14
Akwa Ibom,Rice,0.81,2401,25.1,8.17,Loamy,156.3,No,No,Local,2.56
Anambra,Sorghum,2.21,1708,22.6,5.6,Clay,47.4,No,No,Local,1.23
Cross River,Maize,5.03,1909,23.8,6.71,Loamy,148.1,No,No,Local,1.35
Oyo,Maize,1.67,2325,25.6,6.31,Clay,101.3,No,No,Local,2.17
Borno,Sorghum,0.65,394.1,31,5.26,Sandy,130.5,No,No,Local,1.2
Taraba,Maize,0.27,1306.7,25,5.18,Clay,76.9,No,No,Improved,2.48
Kano,Maize,2.09,766.7,26.4,4.77,Sandy,145.9,No,No,Local,2.38
Kano,Cassava,2.46,967.7,32.3,6.68,Loamy,92,No,No,Improved,11.43
Yobe,Yam,0.96,580.7,36.2,6.65,Sandy,111.7,No,Yes,Local,7.84
Gombe,Yam,1.81,778.4,28.6,6.19,Sandy,35.9,No,No,Improved,9.05
Kogi,Sorghum,0.67,1463.5,31.2,6.68,Clay,100.5,Yes,No,Local,1.05
Bayelsa,Sorghum,2.68,2361.5,23.4,6,Sandy,65,Yes,No,Improved,1.8
Yobe,Cassava,2.46,536.2,32.7,6.25,Loamy,99.1,No,No,Improved,11.2
Kogi,Cassava,2.05,1403.1,26.8,6.62,Loamy,118.2,No,No,Local,7.95
Rivers,Cassava,1.63,2127.5,22.1,6.04,Clay,137,No,No,Improved,9.84
Ekiti,Sorghum,0.56,2465.1,26.5,6.64,Clay,86.5,No,No,Local,1.3
Plateau,Maize,6.22,1336,24.7,6.5,Clay,86.7,Yes,No,Local,2.25
Plateau,Maize,2.13,1257.5,24.2,5.86,Loamy,207.9,No,No,Improved,2.73
Yobe,Yam,3.78,450.3,29.6,5.84,Clay,44.3,No,No,Local,6.61
Anambra,Sorghum,3.56,2419.1,30,5.95,Clay,0,Yes,No,Improved,1.37
Ekiti,Maize,1.47,2050.8,24.8,6.2,Loamy,165.5,No,No,Local,2.03
Yobe,Maize,0.95,644.4,33.4,5.76,Sandy,146.2,Yes,Yes,Improved,2.79
Sokoto,Maize,1.93,557.6,33.3,5.6,Sandy,125.1,Yes,No,Improved,2.96
Kano,Maize,0.9,831.4,29.8,5.97,Loamy,81,Yes,No,Local,2.82
Plateau,Rice,1.08,1419.2,27.9,6.94,Sandy,59.9,Yes,No,Improved,3.96
Zamfara,Rice,0.2,716.2,27.7,7.14,Loamy,72.9,No,No,Local,3.2
FCT,Yam,0.46,1493.3,24.5,4.87,Clay,101.8,Yes,No,Improved,8.76
Yobe,Rice,3.1,416.7,28.1,5.08,Sandy,90,No,No,Local,2.3
Bauchi,Cassava,2.65,936.9,27.1,5.7,Sandy,44.4,Yes,No,Local,9.47
Jigawa,Sorghum,1.02,572.2,37.7,6.71,Sandy,80,No,No,Local,0.63
Katsina,Yam,1.01,571.3,33.1,4.82,Sandy,94.1,Yes,No,Improved,9.51
Lagos,Sorghum,2.18,2224.7,23.5,6.71,Clay,65.1,No,No,Local,1.14
Kano,Sorghum,2.17,933.2,26.8,6.54,Clay,4.2,Yes,Yes,Improved,1.62
Taraba,Maize,0.49,1116.8,28.3,4.88,Loamy,86.1,Yes,No,Improved,3.32
Ogun,Yam,0.53,2081.1,25.6,5.81,Clay,120.7,No,No,Improved,8.58
Edo,Yam,6.4,1998.4,26.3,4.85,Clay,109.6,No,No,Improved,8.43
Yobe,Maize,1.78,414.4,36.3,6.41,Loamy,79.2,Yes,No,Local,1.68
Lagos,Maize,7.13,1988,23.6,6.15,Loamy,131.3,No,No,Improved,2.55
Kwara,Yam,0.68,1053.6,29.7,5,Clay,130.5,No,Yes,Improved,11.65
Cross River,Sorghum,1.53,2399.6,23.6,6.49,Loamy,34.7,Yes,No,Local,1.11
Osun,Yam,0.48,2339.2,28.9,6.74,Sandy,47,No,No,Improved,8.38
Ondo,Maize,0.89,2499,23.7,6.32,Loamy,97,No,No,Local,1.88
Borno,Yam,1.27,608,35.6,6.62,Sandy,107.1,No,No,Local,6.76
Ebonyi,Sorghum,0.81,1809.7,30,7.24,Clay,0,Yes,No,Improved,1.37
Enugu,Cassava,1.42,1763.3,25,6.16,Clay,112.8,Yes,No,Improved,8.13
Jigawa,Rice,2.24,587,34.8,5.56,Sandy,91.6,Yes,No,Improved,3.03
Edo,Cassava,0.34,2200.5,29.3,6.51,Sandy,100,Yes,No,Improved,14.44
Akwa Ibom,Yam,2.37,1601.3,22.4,5.55,Loamy,86.9,No,No,Local,8.62
Ondo,Cassava,7.49,1509.1,27.6,7.7,Loamy,101.3,Yes,No,Improved,10.21
Anambra,Maize,2.72,1506.6,22.6,6.28,Loamy,103.4,No,No,Local,2.08
Imo,Cassava,0.41,2440.2,24.2,6.95,Loamy,142.7,No,No,Local,7.48
Rivers,Sorghum,4.23,2125.3,27.1,6.83,Clay,120.8,No,Yes,Local,1.04
FCT,Yam,1.5,1224.7,31.9,6.76,Sandy,4.7,Yes,No,Local,5.48
Ondo,Maize,0.45,2413.9,27.6,6.01,Loamy,121.5,No,No,Improved,2.39
Anambra,Sorghum,1.43,2258.8,24.1,4.61,Clay,21.2,No,No,Improved,1.12
Taraba,Rice,2.04,1251.2,24.5,7.2,Loamy,50.1,Yes,No,Local,3
Bayelsa,Cassava,1.4,1880.3,27.9,5.82,Clay,74.5,Yes,Yes,Local,11.9
Ebonyi,Yam,0.84,1870,23.5,5.41,Sandy,63.1,No,No,Improved,7.78
Enugu,Yam,4.21,1776.6,26.4,4.86,Loamy,147.4,No,No,Local,7.61
Bayelsa,Sorghum,3.84,2021.5,22.7,5.36,Loamy,136.9,No,No,Local,0.67
Borno,Rice,0.91,306.1,34.4,6.52,Clay,150.6,Yes,No,Improved,3.58
Katsina,Sorghum,3.04,491.9,33.3,6,Loamy,79.3,Yes,No,Improved,1.78
Borno,Sorghum,1.24,385.3,38,5.96,Clay,53.2,No,No,Local,1.21
Niger,Cassava,0.35,1131.1,24.1,6.55,Loamy,71.2,Yes,No,Local,8.92
Lagos,Maize,2.06,2371.7,25.4,6.67,Clay,128.6,No,No,Improved,2.52
Taraba,Maize,0.67,1241.4,28.3,7.13,Loamy,70.5,No,No,Local,1.85
Imo,Sorghum,1.57,1877.1,26.7,6.34,Clay,108.2,Yes,No,Improved,0.52
Lagos,Maize,1.23,1571.1,27.1,6.91,Loamy,111.6,Yes,No,Local,1.01
Imo,Yam,0.44,2486.7,24.6,6.5,Loamy,128.9,No,No,Improved,10.16
Anambra,Cassava,2.32,2309.6,28.2,6.88,Clay,89.8,Yes,No,Improved,11.6
Nasarawa,Cassava,1.07,1087.1,31.8,5.6,Loamy,90.1,No,No,Improved,11.82
Cross River,Yam,0.2,2408.1,26.9,5.73,Sandy,96.2,No,Yes,Improved,10.12
Gombe,Rice,1.5,859.9,33.9,7.28,Sandy,49.6,No,No,Local,2.05
Kano,Sorghum,2.35,980.9,33.8,6.22,Sandy,66.2,Yes,No,Improved,1.45
Plateau,Sorghum,0.2,1107.2,24.3,5.8,Loamy,4.3,No,No,Local,1.1
Edo,Sorghum,0.6,2472.4,23.4,6.2,Clay,70.8,No,Yes,Improved,1.14
Sokoto,Rice,1.62,364.2,37.7,5.23,Sandy,139.5,No,No,Local,1.75
Kano,Cassava,4.55,683.2,33.6,6.35,Sandy,83.5,Yes,No,Improved,12.64
Plateau,Cassava,2.74,1261,30.1,5.06,Clay,138,Yes,No,Improved,11.73
Delta,Yam,4.75,1710,28.5,5.77,Clay,77.2,No,No,Local,8.66
Delta,Rice,0.52,1923.5,23.6,4.84,Loamy,120.1,Yes,Yes,Local,2.6
Bayelsa,Rice,0.53,1972.3,29.2,5.68,Sandy,142,No,No,Local,2.67
Ebonyi,Yam,1.7,1939.2,24,6.28,Loamy,107.8,Yes,No,Local,8.97
Jigawa,Cassava,0.36,621.3,31.9,6.6,Sandy,133.7,Yes,No,Improved,10.6
Kogi,Cassava,0.79,1312.1,29.3,6.06,Clay,103.9,No,No,Local,9.77
Kebbi,Maize,0.7,985.1,29.3,5.32,Sandy,121,No,No,Local,1.65
Benue,Rice,10.25,1228.4,29.9,5.48,Sandy,77.7,No,Yes,Improved,4.3
Yobe,Maize,0.92,591.6,30.8,7.36,Sandy,167.8,No,No,Local,2
Enugu,Rice,0.87,2224.5,27.1,5.96,Loamy,67.5,No,No,Improved,3.93
Kogi,Yam,3.53,1262.6,28.7,5.78,Loamy,155.3,No,Yes,Local,9.65
Adamawa,Yam,1.24,1214.3,29.3,6.39,Sandy,79.3,Yes,No,Improved,10.58
Katsina,Yam,1.49,587.9,36,6.14,Sandy,80.5,Yes,No,Improved,7.29
FCT,Sorghum,3.31,1453.6,27.5,5.81,Clay,0.8,No,No,Improved,1.22
Bayelsa,Yam,1.94,1628.1,27.4,6.67,Clay,107.7,No,No,Improved,8.27
Zamfara,Sorghum,6.16,774,29.1,6.14,Loamy,75.1,No,No,Improved,1.61
Katsina,Sorghum,1.31,672.5,34.5,6.3,Sandy,81.7,Yes,Yes,Local,1.46
Osun,Maize,0.39,1825.4,26.2,7.11,Loamy,160.9,No,No,Local,2.11
Katsina,Cassava,0.67,491.8,30.9,5.02,Loamy,71.2,No,Yes,Local,11.94
Kebbi,Maize,2.68,804.7,29.9,6.38,Sandy,142.2,Yes,No,Local,2.23
Rivers,Rice,1.72,2457.9,23.2,5.15,Clay,16.7,No,No,Local,2.09
Kaduna,Rice,2.01,845,28.1,5.74,Loamy,116.7,No,No,Local,3.42
Rivers,Cassava,2.3,1885.9,25.8,6.94,Loamy,70.5,Yes,No,Improved,10.56
Anambra,Maize,0.77,1843.5,26,5.46,Clay,0,No,No,Local,1.72
Jigawa,Sorghum,0.68,312.7,35.6,5.52,Sandy,26.4,Yes,No,Local,1.27
Ekiti,Maize,1.72,2300.7,26.7,5.96,Loamy,106,No,No,Local,2.19
Lagos,Cassava,1.32,1765.2,27.6,6.64,Loamy,97.9,Yes,No,Improved,12.26
Rivers,Sorghum,0.25,1844.8,23.5,5.12,Sandy,0,Yes,No,Local,1.13
Yobe,Sorghum,0.34,487,31.5,4.7,Sandy,0.6,No,No,Improved,1.33
Bauchi,Sorghum,8.74,657.2,26.1,5.91,Sandy,93.4,No,Yes,Improved,1.85
Bayelsa,Cassava,1.75,1776.6,22.7,6.98,Clay,143.4,No,No,Improved,8.58
Ekiti,Yam,1.08,2329.8,24.8,6.52,Loamy,60.1,No,No,Local,7.47
Oyo,Cassava,0.51,2151.7,22.8,4.56,Sandy,55.7,Yes,No,Improved,12.94
Katsina,Sorghum,2.62,699.1,28.4,6.03,Clay,44.5,No,Yes,Local,1.54
Kwara,Sorghum,1.25,1146.8,26,6.87,Loamy,116.7,No,No,Local,1.16
Oyo,Maize,1.22,2087.8,22.7,6.59,Clay,146.2,Yes,No,Local,1.83
Sokoto,Yam,0.74,393.7,33.5,5.7,Sandy,125.9,No,No,Improved,9.13
Jigawa,Cassava,0.54,375.7,32.6,5.64,Sandy,101.9,Yes,No,Improved,11.89
Enugu,Maize,7.99,1999.8,23.4,4.66,Loamy,188,No,No,Improved,1.77
Nasarawa,Cassava,1.38,1238.7,31.3,6.65,Loamy,156.6,No,Yes,Local,8.84
Kebbi,Cassava,1.46,744.2,33.2,6.18,Loamy,73.2,No,No,Improved,10.32
Bayelsa,Rice,0.78,2062.9,28,6.38,Clay,144,Yes,No,Local,2.88
Kwara,Yam,4.06,1438.7,28,6.43,Clay,97,Yes,No,Improved,9.95
Gombe,Maize,3.59,835,27.5,4.77,Clay,176.5,No,No,Local,1.92
Lagos,Maize,0.28,1858.5,23,6.59,Clay,143.1,Yes,No,Local,1.97
Delta,Rice,1.8,2434.7,24.6,5.06,Clay,83.8,Yes,No,Local,2.77
Anambra,Yam,0.38,2435.8,24.8,5.27,Clay,86.7,Yes,Yes,Local,9.56
Ebonyi,Sorghum,2.01,1565.5,22.1,6.63,Loamy,113.1,No,No,Local,1.09
Kwara,Cassava,0.86,1296.8,27,6.89,Sandy,19.8,Yes,No,Improved,8.85
Kaduna,Maize,0.3,924.6,29.8,6,Loamy,78.2,No,No,Improved,3.34
Katsina,Yam,0.95,617.5,36.8,6,Clay,101.5,Yes,No,Improved,9.66
Benue,Sorghum,1.76,1414.1,26.1,6.27,Sandy,41.2,Yes,No,Local,1.28
Akwa Ibom,Rice,3.8,2333.8,27.1,4.99,Loamy,66.5,No,No,Local,2.93
Benue,Cassava,0.6,1497.2,24.3,5.05,Loamy,98.5,No,No,Improved,8.78
Plateau,Rice,0.82,1107.4,30.1,6.94,Clay,70.8,No,No,Local,1.93
Niger,Rice,0.87,1266.2,24.2,5.73,Clay,58.8,No,No,Improved,3.76
Kano,Sorghum,0.93,645,30.9,5.57,Clay,0,No,No,Local,0.3
Edo,Rice,0.49,1585,29.7,5.01,Sandy,123.4,No,No,Local,2.46
Delta,Sorghum,0.4,1736.4,28.5,5.92,Loamy,35.5,No,No,Local,1.25
Katsina,Rice,0.93,650.2,31.1,6.09,Sandy,212.2,No,No,Improved,2.76
Borno,Rice,0.86,661.2,33.1,5.94,Sandy,164.7,No,No,Improved,3.02
Ondo,Sorghum,7.7,2349.8,25.4,5.5,Loamy,46.9,No,No,Improved,1.35
Bayelsa,Maize,3.17,1568.5,24.9,5.57,Clay,165.9,No,No,Local,0.56
Delta,Yam,1.76,2479.7,29.4,6.68,Clay,87.7,Yes,No,Local,7.44
Enugu,Sorghum,3.74,2110.1,22.2,6.38,Clay,5.9,Yes,No,Improved,1.24
Adamawa,Maize,1.59,1148.5,26.7,5.31,Sandy,46.2,No,Yes,Local,2.39
FCT,Maize,4.23,1075.8,28.4,6.49,Clay,81.6,No,No,Improved,2.55
Osun,Rice,2.05,1618.5,28.7,5.46,Clay,171.9,Yes,No,Local,2.91
Zamfara,Cassava,3.27,913,33.8,6,Clay,78.5,No,No,Local,10.1
Bauchi,Maize,0.34,835.8,28.5,5.82,Sandy,102.9,No,No,Local,1.92
Kano,Cassava,1.43,976.3,26.6,6.04,Sandy,85.3,Yes,No,Local,9.12
Kwara,Cassava,0.32,1268,30.4,5.26,Sandy,70.4,No,No,Improved,9.91
Bayelsa,Maize,0.73,1525.5,29.3,4.87,Sandy,156,Yes,Yes,Local,2.28
Osun,Yam,1.1,1673.4,22.9,6.36,Clay,118.8,No,No,Improved,8.08
Enugu,Yam,0.81,1615.8,23,5.58,Sandy,88.3,No,No,Local,8.91
Kebbi,Sorghum,4.05,859.9,27,5.82,Sandy,17.9,No,No,Local,1.17
Lagos,Maize,2.5,2494.7,27.1,6.22,Clay,103.7,No,No,Improved,2.27
Yobe,Yam,0.85,525,29.8,6.24,Clay,32.2,No,Yes,Improved,10.59
Imo,Maize,0.71,2368.7,23.1,5.41,Clay,131.1,No,No,Improved,2.41
Zamfara,Yam,1.8,728.2,29.2,6.5,Sandy,103.5,No,Yes,Local,7.64
Yobe,Sorghum,2.26,548.1,31.2,5.96,Sandy,70.1,No,No,Improved,1.79
Anambra,Rice,0.66,1611.8,22.9,6.38,Clay,135.9,No,No,Local,3.34
Delta,Yam,8.18,1711.3,26.3,6.75,Clay,89.4,Yes,Yes,Local,10.19
Katsina,Cassava,0.88,572.6,37.2,4.67,Sandy,45.9,No,No,Improved,7.4
Delta,Sorghum,6.26,1511.9,25.9,6.03,Clay,24.9,Yes,No,Local,1.29
Benue,Rice,3.56,1241.7,26.7,6.88,Loamy,63.9,Yes,No,Local,2.9
Ondo,Yam,1.23,1881.5,28.9,6.57,Clay,54.5,No,No,Improved,8.6
Edo,Maize,1.43,1920.4,27.8,6.66,Loamy,106.8,Yes,No,Local,2.56
FCT,Sorghum,1.9,1121.1,31.9,5.7,Sandy,60,No,No,Improved,1.48
Lagos,Rice,0.91,1529.5,22.4,6.01,Clay,122.8,No,Yes,Improved,3.94
FCT,Rice,2.3,1073.3,24.2,6.23,Clay,74.2,Yes,No,Improved,3.93
Ondo,Maize,8.72,2270,28.5,6.27,Loamy,128.6,No,No,Local,1.88
Edo,Cassava,0.37,2203.1,29.5,4.65,Clay,103.3,No,Yes,Improved,10.01
Sokoto,Rice,1.7,488.6,29.9,5.91,Sandy,124.7,No,No,Local,2.83
Kogi,Cassava,2.44,1498.5,30.7,5.4,Sandy,132.5,Yes,No,Improved,10.74
Oyo,Cassava,1.61,1610.5,23.4,5.64,Clay,112.9,Yes,No,Local,8.59
Kano,Maize,2.14,721.3,26.9,5.23,Sandy,103.5,Yes,No,Local,2.19
Benue,Sorghum,6.42,1127.2,26.6,6.13,Loamy,82,Yes,No,Local,0.99
Edo,Rice,0.94,1932.4,28.1,6.96,Loamy,72.3,Yes,No,Local,3.04
Oyo,Cassava,5.52,2268.3,27.4,6.1,Clay,116.2,No,No,Improved,10.36
Akwa Ibom,Maize,1.99,2061.5,29,5.32,Clay,192.6,No,No,Local,1.91
Bayelsa,Yam,0.48,2202.8,22.8,6.37,Clay,104,Yes,No,Local,8.26
Kebbi,Maize,0.79,688.2,28.1,6.02,Sandy,62.8,No,Yes,Local,2.47
Kebbi,Cassava,7.76,902.3,32.6,6.4,Loamy,49.3,Yes,No,Local,9.3
Adamawa,Cassava,0.4,1126.8,24.9,4.93,Clay,126.9,Yes,No,Improved,11.95
Kebbi,Yam,2.93,899.1,34.7,5.61,Sandy,110.3,Yes,No,Local,8.92
Imo,Yam,2.34,2195.2,23.9,6.58,Loamy,86.4,Yes,Yes,Local,8.63
Osun,Maize,2.01,2306.6,24.4,5.17,Sandy,98.4,Yes,No,Local,1.77
Akwa Ibom,Rice,2.82,2382.3,25.6,5.76,Sandy,42,Yes,No,Improved,2.77
Delta,Cassava,0.96,1536.9,27.2,6.02,Loamy,86.6,Yes,No,Improved,9.26
Ogun,Rice,4.65,2288.2,26,5.83,Clay,106.5,Yes,No,Improved,4.03
Adamawa,Rice,2.41,1322.5,25.4,5.95,Loamy,112.3,No,No,Local,2.92
Bayelsa,Rice,2.7,2345.3,25.4,6.93,Loamy,109.1,No,No,Local,2.46
Nasarawa,Sorghum,0.72,1154.1,25.4,5.66,Clay,118.3,No,No,Improved,0.94
Enugu,Maize,0.56,2300.8,29.1,5.7,Sandy,156.6,Yes,No,Local,2.48
Nasarawa,Cassava,1.41,1126.2,24.8,5.85,Clay,109,No,No,Improved,9.83
Anambra,Yam,6.91,2134.1,29.1,5.33,Loamy,149.8,Yes,Yes,Improved,5.14
Yobe,Sorghum,0.64,445.6,35.9,7.02,Loamy,61.5,Yes,No,Local,1.76
Osun,Maize,2.46,2443.8,26,6.1,Sandy,176.6,No,Yes,Local,2.03
Plateau,Sorghum,1.99,1140.2,26.3,6.17,Clay,22.5,No,No,Local,1.14
Abia,Cassava,0.5,1997.1,24.4,5.23,Loamy,80.4,No,No,Improved,10.4
Delta,Rice,0.51,1961.5,27.5,6.04,Clay,103.3,No,No,Improved,3.97
Rivers,Rice,1.33,1568.2,24,5.98,Clay,117.8,No,No,Improved,4.75
Rivers,Cassava,0.82,1587.5,23.6,6.42,Loamy,13.4,No,No,Local,9.25
Ekiti,Cassava,0.67,2070.6,22.6,5.31,Clay,95.9,Yes,No,Local,10.12
Cross River,Sorghum,0.86,2272.9,25.3,5.97,Sandy,71.1,No,No,Improved,1.31
Plateau,Maize,0.64,1273,25.9,5.53,Loamy,172.7,No,No,Local,1.66
Delta,Maize,1.01,1660.6,28,5.12,Sandy,82.1,Yes,No,Improved,2.04
Enugu,Sorghum,0.23,2428.4,24.4,6.7,Loamy,41.4,Yes,Yes,Local,1.12
Abia,Rice,8.69,1817.8,22.9,5.4,Loamy,127.9,Yes,No,Improved,3.4
Oyo,Maize,0.7,1835.2,29.9,6.6,Loamy,135.4,No,No,Improved,2.58
Ogun,Yam,4,2002.1,22,6.21,Loamy,62.6,Yes,No,Improved,8.33
Sokoto,Cassava,1,356.3,33.6,7.69,Sandy,110.1,Yes,No,Improved,8.7
Bayelsa,Cassava,2.67,1593.6,29.3,5.93,Loamy,71.5,Yes,No,Local,8.93
Kebbi,Sorghum,2,984,27.1,6.96,Loamy,97.7,Yes,No,Local,1.12
Gombe,Yam,0.84,751.5,27.8,6.56,Sandy,156.9,No,No,Local,7.37
Kwara,Rice,0.7,1106.2,26,5.84,Clay,114.7,Yes,No,Improved,3.03
Ondo,Rice,1.91,2173.3,23.1,4.37,Clay,74.5,Yes,No,Improved,1.1
Yobe,Maize,1.89,416.7,28.2,4.8,Sandy,107.1,Yes,No,Improved,2.64
Anambra,Cassava,5.4,1903.8,24.9,5.09,Clay,99.7,No,No,Improved,9.51
Benue,Maize,2.36,1049.2,26.1,5.37,Sandy,126.4,No,No,Local,2.25
Kaduna,Cassava,1.05,691,34.7,5.56,Loamy,54.9,Yes,No,Local,7.58
Edo,Sorghum,5.33,1650.3,28.7,5.39,Loamy,39.8,Yes,No,Improved,1.48
Osun,Yam,0.86,1921.8,27.1,6.58,Clay,148.2,Yes,No,Improved,10.31
FCT,Sorghum,1.86,1062.6,30.5,5.71,Sandy,121.5,No,No,Improved,1.55
Anambra,Maize,0.62,1697.7,27.8,6.22,Loamy,184.1,No,No,Improved,2.75
Osun,Yam,2.79,2426.7,27,6.25,Sandy,103.7,No,No,Local,8.43
Ebonyi,Sorghum,2.34,2332.9,30,6.35,Loamy,34.7,No,No,Local,1.16
Kaduna,Yam,0.7,856.7,30,6.24,Sandy,77.2,Yes,No,Local,7.35
Taraba,Cassava,2.22,1497.6,27.7,5.82,Sandy,107.3,Yes,No,Local,7.78
Kano,Yam,0.41,721.8,32.6,5.22,Loamy,39.1,No,No,Improved,7.04
Kaduna,Sorghum,1.35,694.1,27.6,6.26,Sandy,54.3,Yes,No,Local,1.91
Oyo,Rice,1.42,2355.9,27.9,5.92,Loamy,105.7,Yes,No,Improved,3.9
Cross River,Cassava,0.82,1950.4,25.4,5.82,Loamy,143.5,No,No,Improved,9.3
Yobe,Maize,0.96,621.7,34.2,5.65,Sandy,127.8,No,No,Local,1.66
Kano,Cassava,1.73,762.2,28.7,4.97,Loamy,121,Yes,No,Local,10.33
Bauchi,Cassava,1.38,682.6,31.7,5.5,Loamy,49.5,No,No,Improved,10.37
Gombe,Sorghum,3.03,750.4,27.8,5.94,Loamy,19.7,Yes,No,Improved,1.71
Osun,Maize,0.56,1973.3,23.2,5.86,Loamy,163.5,No,No,Local,1.98
Plateau,Cassava,2.85,1009,26.1,6.27,Loamy,84.1,No,No,Local,6.49
Abia,Yam,1.38,1966.7,28.9,7.86,Clay,182.8,Yes,No,Improved,7.69
Ondo,Cassava,2.99,2030.2,28,7.38,Loamy,132.6,No,No,Improved,9.34
Ekiti,Cassava,1.58,2101.7,24.4,6.7,Clay,38.2,No,No,Local,9.3
Plateau,Yam,3.03,1178.7,30.2,5.88,Sandy,46.7,No,No,Local,9.02
Kebbi,Cassava,2.46,970.7,33.5,4.74,Sandy,57.8,No,No,Improved,9.26
Niger,Maize,4.72,1261.1,29.8,5.7,Sandy,175.6,Yes,Yes,Improved,3.25
Kwara,Cassava,1.08,1313.7,31.4,6.06,Loamy,157.2,No,No,Local,8.81
Edo,Cassava,2.42,1578.3,28.9,5.56,Clay,56.2,No,No,Local,3.6
Gombe,Sorghum,3.01,784.8,30.5,5.87,Clay,19.7,Yes,No,Improved,1.72
Delta,Cassava,1.91,1949.1,26.5,6.38,Clay,30.4,Yes,No,Local,7.21
Plateau,Rice,1.7,1429.5,27.8,6.24,Loamy,107.1,No,No,Improved,4.11
Sokoto,Yam,2.2,445.9,35.1,6.46,Sandy,167.7,Yes,No,Local,8.38
Abia,Maize,0.37,2368.3,25.4,6.18,Loamy,90.4,No,Yes,Improved,3.04
Bauchi,Maize,0.48,856.4,28.7,6.65,Loamy,120.2,No,No,Improved,2.69
Enugu,Rice,2.87,1566.3,29.9,6.85,Clay,105.3,No,No,Improved,3.2
Ogun,Yam,1.85,1606.7,27.8,6.47,Loamy,116.7,Yes,Yes,Local,8.23
FCT,Cassava,0.7,1466,28.6,5.65,Clay,61,Yes,No,Local,11.59
Anambra,Rice,1.54,1885.7,25.8,5.83,Clay,127.3,Yes,Yes,Local,4.09
Gombe,Yam,0.48,911.8,31.7,5.49,Sandy,209.3,Yes,No,Improved,6.37
Nasarawa,Yam,0.6,1395.8,29,4.75,Clay,63.2,No,No,Local,6.9
Niger,Cassava,2.58,1447.6,26.2,6.56,Sandy,183.2,No,No,Improved,8.93
Nasarawa,Yam,3.73,1368.8,27.3,5.17,Loamy,138.7,Yes,No,Improved,11.22
Osun,Cassava,3.34,1554.9,23.4,7.11,Loamy,85.3,No,No,Improved,12.11
Kogi,Sorghum,0.71,1137.6,32,6.65,Loamy,167.6,No,No,Local,0.96
Plateau,Maize,0.43,1230.1,26.3,6.27,Sandy,161.9,Yes,No,Improved,2.75
Borno,Cassava,0.59,312.3,35.9,5.42,Sandy,114.1,No,No,Local,9.15
Osun,Yam,0.59,1668.6,26.8,6.41,Sandy,128.2,Yes,No,Improved,11.2
Imo,Yam,6.62,1809,29.4,7.33,Clay,78.1,Yes,Yes,Improved,12.93
Yobe,Rice,1.38,421.9,29,5.56,Clay,87.6,No,No,Improved,3.62
Jigawa,Rice,0.71,559.4,33.2,5.65,Clay,146.3,Yes,No,Improved,2.71
Kwara,Cassava,0.94,1359.7,26.6,5.51,Loamy,130.9,No,Yes,Improved,11.17
Ondo,Sorghum,0.42,2234.7,27.9,7.7,Clay,0,No,No,Improved,1.37
Sokoto,Rice,1.64,441.5,36.3,6.18,Sandy,113,Yes,Yes,Improved,3.08
Kogi,Yam,0.53,1490.5,29.3,6.5,Clay,60.9,Yes,No,Local,8.46
Akwa Ibom,Cassava,0.49,1618.7,26.3,6.9,Loamy,151.4,No,No,Local,7.82
Benue,Yam,1.47,1376,26.3,5.35,Loamy,112.5,No,No,Local,7.79
Ondo,Maize,0.24,1716.8,24.8,6.82,Sandy,81.4,No,No,Local,2.04
Abia,Rice,0.4,1675.5,23.4,6.27,Clay,113.8,Yes,No,Improved,3.19
Kano,Cassava,2.36,997.1,26.6,6.16,Clay,75.4,Yes,No,Improved,10.33
Benue,Maize,1.31,1420.7,31.7,5.42,Sandy,100.3,Yes,Yes,Local,2.42
Ogun,Maize,3.3,1506.6,25.4,6.7,Clay,88,Yes,No,Improved,1.16
Edo,Sorghum,1.49,1686.8,27.3,5.31,Clay,0,Yes,No,Improved,1.43
Zamfara,Maize,0.94,664,27.4,5.2,Sandy,41.5,Yes,No,Local,2.36
Kano,Yam,1.73,836.7,30.5,6.4,Sandy,97.7,No,No,Improved,10.56
Yobe,Rice,1.92,661.3,37.4,4.68,Sandy,118.3,No,No,Improved,2.64
Gombe,Maize,0.58,726.7,30.5,5.41,Loamy,110.9,No,No,Improved,2.79
Kaduna,Yam,0.49,835,32.1,6.96,Loamy,41.8,No,No,Local,5.49
Benue,Sorghum,0.86,1382.8,30.6,5.7,Sandy,92,No,Yes,Local,1.35
Rivers,Sorghum,1.58,2391,26.5,5.36,Clay,31.3,No,No,Improved,1.34
Abia,Rice,1.71,2187.1,23.4,5.45,Sandy,126.3,Yes,No,Local,2.72
Abia,Cassava,3.14,1704,22.7,5.22,Clay,123.6,No,Yes,Improved,11.71
Gombe,Maize,0.59,602.9,29,5.69,Loamy,130.9,No,No,Improved,2.9
Imo,Yam,2.78,2348.4,28.4,7.02,Clay,74.6,Yes,No,Improved,8.07
Kwara,Sorghum,3.38,1068.3,29.5,5.49,Clay,53.2,No,No,Local,1.24
Imo,Yam,8.67,2395.9,28.1,5.11,Clay,52.8,Yes,No,Local,7.53
Abia,Rice,0.25,2061.6,26.2,4.85,Clay,114.2,No,No,Local,2.98
Nasarawa,Rice,2.95,1278.9,24.3,5.12,Clay,65,No,No,Local,2.87
Kwara,Sorghum,13.51,1402.8,29.6,6.19,Loamy,84.5,No,No,Local,1.02
Benue,Cassava,0.63,1482.9,31.6,6.64,Loamy,178.7,No,Yes,Improved,6.38
Ondo,Sorghum,0.7,1527.8,29.1,6.36,Clay,0,No,No,Local,0.96
Ekiti,Cassava,2.22,2408.1,22.1,6.82,Loamy,61.8,No,Yes,Improved,11.45
Jigawa,Maize,3.05,457.2,29,5.71,Clay,75.8,No,No,Improved,2.35
Osun,Cassava,0.87,2246.7,26.2,5.89,Loamy,107.4,Yes,No,Local,8.97
Sokoto,Cassava,1.08,649.9,33.8,7.07,Loamy,126,Yes,No,Local,6.75
Niger,Sorghum,5.51,1362.7,28,5.32,Loamy,87,Yes,No,Local,1.36
Edo,Sorghum,0.51,2452.4,23.7,7.59,Clay,101.3,No,No,Improved,1.47
Ebonyi,Sorghum,0.4,2268.1,24.8,5.53,Loamy,34.3,No,Yes,Improved,1.37
Gombe,Cassava,3.38,853.9,29.9,8.5,Loamy,114.1,No,No,Improved,8.64
Ebonyi,Rice,1.99,2339.2,25,5.93,Loamy,121.3,Yes,No,Local,2.42
Abia,Cassava,4.86,2135.4,26.3,5.02,Loamy,66.4,Yes,No,Improved,12.57
Kebbi,Maize,1.19,643.4,34,5.49,Clay,83.9,Yes,No,Improved,3.14
Taraba,Rice,1.92,1366.2,29.9,5.78,Clay,131,No,No,Local,2.49
Nasarawa,Rice,3.08,1141.5,26.9,5.94,Sandy,194.6,No,No,Improved,3.37
Enugu,Rice,0.86,2385.6,22.6,6.11,Sandy,52.3,No,No,Improved,3.61
Sokoto,Maize,1.06,583.5,28.3,5.92,Sandy,151.3,No,No,Improved,2.64
Abia,Rice,3.01,2356.6,26.4,6.36,Sandy,67.3,No,Yes,Local,3.1
Kano,Yam,1.55,860.9,30.8,6.7,Loamy,19.1,No,No,Local,6.09
Zamfara,Rice,3.4,807.2,32.8,4.21,Sandy,147.8,No,No,Improved,2.72
Ebonyi,Cassava,0.85,1923,28.1,6.36,Clay,128.3,Yes,Yes,Improved,14.38
Sokoto,Sorghum,0.2,377.4,36.7,6.07,Loamy,113.9,No,No,Improved,1.63
Benue,Sorghum,2.56,1243.3,29.4,6.5,Loamy,79.8,No,No,Improved,1.63
Imo,Sorghum,1.92,1637,26.1,6.26,Loamy,101.7,Yes,No,Improved,1.47
FCT,Cassava,0.99,1084,29.9,5.35,Loamy,120.7,No,Yes,Improved,11.06
Anambra,Rice,0.89,2089.8,28.4,5.13,Clay,139.2,Yes,No,Local,2.53
Kwara,Cassava,2.25,1371.9,24.2,5.4,Clay,72.1,Yes,No,Local,9.68
Ogun,Yam,2.16,1573.4,24.7,5.97,Clay,131.9,No,No,Local,6.73
Enugu,Yam,0.32,2218.8,25.5,5.35,Clay,102.4,Yes,No,Improved,7.12
Ondo,Yam,0.36,1563.8,29.4,6.77,Loamy,88.8,Yes,No,Local,8.3
Zamfara,Cassava,10,673.8,34.6,5.87,Sandy,45.6,Yes,No,Local,8.08
Imo,Yam,3.32,1868.7,25.8,6.66,Sandy,104,No,No,Improved,10.79
Kebbi,Cassava,0.6,892.3,31.9,5.79,Loamy,128.4,Yes,Yes,Improved,10.54
Gombe,Rice,2.81,777.4,26.9,5.52,Loamy,171.1,No,No,Local,2.66
Cross River,Cassava,1.22,2227.7,23.2,6.01,Clay,89,No,No,Improved,10.01
Oyo,Yam,0.66,2225.5,26.6,5.57,Loamy,70.7,No,No,Local,7.64
Osun,Sorghum,4,2397,26.3,6.49,Clay,20.2,No,No,Local,1.15
Osun,Cassava,4.57,2222.1,25.4,6.1,Clay,62.3,No,Yes,Improved,11.84
Anambra,Sorghum,2.08,2180,23,6.87,Loamy,80.9,No,No,Local,0.83
Kebbi,Cassava,11.93,818.7,33.2,5.21,Sandy,111.8,Yes,No,Improved,12.09
Ogun,Rice,0.96,1876.4,22.5,6.06,Loamy,57.1,No,No,Local,3.02
Gombe,Rice,1.6,652.3,34.6,6,Sandy,94.8,No,No,Local,2.99
Lagos,Rice,1.19,2326.6,23.7,5.27,Loamy,164.9,No,No,Local,2.67
Osun,Yam,1.31,1837.7,23.3,6.17,Loamy,102.2,Yes,Yes,Local,9.86
Edo,Maize,1.13,2147.7,26.3,5.93,Loamy,122.6,No,No,Local,2.32
Abia,Rice,0.63,2263.3,25.5,6.15,Loamy,182.1,Yes,Yes,Improved,3.12
Bauchi,Sorghum,0.43,938.1,26.4,7.3,Sandy,36.1,Yes,Yes,Improved,2.13
Edo,Sorghum,4.62,2138.5,22.8,5.24,Loamy,89.6,No,No,Local,1.12
Osun,Sorghum,1.98,2251.2,29.2,6.51,Clay,17.5,No,No,Local,1.08
Bayelsa,Cassava,1.03,2241.1,25.2,6.34,Loamy,113.9,Yes,No,Local,8.38
Gombe,Rice,0.7,846.1,30.7,5.73,Clay,156.6,No,No,Improved,3.53
Kogi,Sorghum,1.57,1436.3,26.9,7.14,Clay,158.5,No,No,Improved,1
Zamfara,Cassava,2.16,696.6,27.6,4.65,Sandy,80.2,No,Yes,Local,10.29
Taraba,Cassava,0.81,1002.5,29.4,4.53,Sandy,52.1,No,No,Improved,10.96
Rivers,Rice,1.63,1704,25.4,5.4,Loamy,76.1,Yes,No,Local,3.41
Enugu,Maize,6.48,1994.6,24.3,6.62,Clay,189,Yes,Yes,Local,2.54
Kebbi,Maize,1.65,892.4,28.8,6.24,Loamy,94.1,No,Yes,Local,2.91
FCT,Rice,1.45,1303.7,26.6,6.04,Sandy,133,No,Yes,Improved,3.13
Kaduna,Maize,2.79,863.9,33,6.32,Loamy,46.2,No,No,Improved,2.05
Osun,Rice,1.31,1671.7,22.2,5.22,Loamy,123.7,Yes,Yes,Local,3.07
Benue,Maize,19.68,1060.6,24.9,6.29,Sandy,136.7,No,No,Improved,2.79
Akwa Ibom,Yam,3.78,1850,23.2,4.91,Clay,147.3,Yes,No,Local,7.84
Taraba,Rice,1.54,1253.1,30.3,7.14,Clay,139.6,No,No,Local,2.51
Kaduna,Cassava,4.31,612.2,26.7,4.81,Sandy,104.7,No,No,Improved,11.29
Katsina,Rice,0.36,345.1,34.7,6.21,Sandy,201,No,No,Local,2.33
Jigawa,Yam,0.86,670.7,35.9,5.61,Sandy,138.4,No,No,Improved,8.78
Lagos,Yam,1.43,1852.8,24.8,6.28,Clay,110.5,Yes,No,Local,8.77
Delta,Yam,3.74,1878.5,25.6,6.32,Sandy,103.7,No,No,Local,8.25
Zamfara,Rice,2.18,671.8,27.5,4.9,Sandy,45.9,Yes,No,Local,2.67
Osun,Rice,1.22,2148.1,24.8,6.19,Clay,153.3,No,Yes,Improved,4.13
Oyo,Cassava,0.95,2118.7,28.7,8.43,Sandy,145.9,Yes,No,Local,6.63
Ebonyi,Cassava,0.66,2327.3,22.4,7.08,Sandy,187.6,No,Yes,Improved,6.8
Yobe,Sorghum,0.2,603.8,28.4,4.75,Loamy,45,Yes,No,Improved,1.92
Zamfara,Sorghum,4.81,792.9,28.5,4.92,Loamy,32.4,No,No,Improved,1.52
Yobe,Cassava,0.59,598,28.1,5.52,Sandy,32.2,No,No,Local,9.29
Ekiti,Cassava,1.84,2247.5,24.3,5.27,Loamy,94.7,No,No,Improved,9.43
Akwa Ibom,Sorghum,3.1,1672.1,27.7,5.13,Loamy,78,No,No,Improved,1.3
Nasarawa,Rice,5.36,1400,30.3,5.17,Sandy,120.6,No,No,Improved,3.45
Plateau,Yam,1.58,1358.3,30.1,6.2,Clay,148,No,Yes,Local,8.98
Nasarawa,Maize,0.29,1446.6,25.4,5.15,Sandy,113.9,No,No,Improved,2.45
Oyo,Cassava,0.37,1904.4,28.3,7.3,Sandy,50.7,No,Yes,Local,8.73
Ogun,Yam,3.46,1619.8,29.5,6.28,Clay,62.1,Yes,No,Improved,9.75
Katsina,Rice,1.41,442.1,29.3,6.46,Sandy,92.2,No,No,Local,2.7
Adamawa,Cassava,0.54,1134.4,24.7,7.15,Clay,160.2,Yes,Yes,Improved,13.47
Abia,Rice,1.23,1541.3,26.6,6.08,Clay,85.6,Yes,No,Improved,4.35
FCT,Rice,1.21,1054.1,25.2,5.25,Clay,75.5,Yes,No,Local,3.12
Niger,Maize,2.16,1142.8,31.2,4.76,Clay,124.2,Yes,No,Local,2.26
Abia,Rice,2.53,2104.8,26,4.79,Loamy,170.7,No,No,Local,2.06
Edo,Maize,1.74,2207.3,22.1,5.96,Clay,120.9,No,No,Local,2.25
Sokoto,Maize,1.31,623.9,36.4,5.64,Clay,105.1,No,No,Improved,3.07
Cross River,Rice,0.4,1817.3,26.8,6.23,Clay,141.8,No,Yes,Improved,4.45
Ekiti,Sorghum,1.69,1926.8,25.6,6,Clay,106.3,Yes,No,Improved,1.4
Kano,Sorghum,2.03,758.3,28.5,5.24,Sandy,0,No,No,Local,0.99
Adamawa,Rice,2.62,1272.3,24.7,7,Loamy,94.3,No,No,Local,2.68
Taraba,Yam,5.83,1087.2,30.6,6.61,Clay,66.8,No,No,Improved,8.41
Cross River,Rice,0.4,2435.9,28.2,5.28,Clay,151,Yes,No,Local,3.47
Kogi,Yam,1.34,1085.2,31.7,4.43,Sandy,47.6,Yes,No,Local,6.88
Katsina,Rice,1,500.8,37.4,5.34,Sandy,137.4,Yes,No,Local,2.63
Ebonyi,Maize,1.23,2117.2,26.6,6.28,Loamy,125.3,Yes,No,Improved,2.86
Oyo,Yam,1.85,1766.4,26.1,6.47,Clay,122.8,No,No,Improved,9.95
Kwara,Yam,5.97,1173.6,28.2,7.23,Loamy,98.9,Yes,No,Local,9.16
Kebbi,Sorghum,1.13,635.5,28.7,4.57,Sandy,8.9,Yes,No,Local,1.14
Ogun,Yam,6.02,1812.2,28.7,6.13,Loamy,98.6,Yes,No,Local,9.1
Kwara,Maize,1.24,1406,27.9,7.05,Loamy,73.8,No,No,Local,1.59
Kogi,Cassava,2.92,1224.1,24.5,6.57,Clay,128.8,No,No,Improved,11.95
Kebbi,Cassava,3.12,972.2,33.8,6.6,Sandy,26.3,No,No,Local,7.43
Bayelsa,Rice,1.08,1798.1,25.6,7.11,Sandy,143.9,No,No,Improved,3.44
Osun,Yam,3.72,2252.8,25.9,5.87,Loamy,55.3,Yes,No,Local,4.04
Gombe,Maize,1.65,818.5,34.9,5.33,Sandy,122,Yes,No,Improved,2.96
Kebbi,Maize,1.26,818.9,26.3,5.21,Clay,114.7,Yes,No,Improved,2.85
Abia,Yam,0.52,1693.4,25.2,5.74,Clay,191.5,Yes,No,Improved,9.15
Anambra,Rice,3.78,1782.6,23.2,5.93,Clay,71.2,No,Yes,Local,3.6
Kebbi,Cassava,2.34,952.8,26.8,6.06,Loamy,93.5,Yes,No,Local,12.05
Jigawa,Cassava,3.48,400.5,30.8,6.57,Loamy,162.4,Yes,No,Improved,9.69
Kwara,Sorghum,3.74,1146.3,24.5,6.15,Loamy,55.1,No,No,Local,1.16
Edo,Yam,8.79,1979.9,28.3,4.98,Loamy,94.3,Yes,No,Improved,10.6
FCT,Yam,0.59,1473,30.2,6.91,Clay,57.5,Yes,No,Local,6.09
Abia,Yam,0.78,1750.2,28.7,5.62,Loamy,107.7,Yes,No,Local,8.44
Benue,Cassava,1.09,1247.4,27.3,4.69,Sandy,101,No,No,Improved,11.06
Kebbi,Rice,0.45,913.2,27.1,6.02,Clay,144.7,No,No,Local,2.82
Bayelsa,Maize,2.5,2466.5,23.8,5.99,Clay,119.2,Yes,No,Improved,3.27
Ondo,Maize,1.61,1546.1,23.2,6.25,Clay,85.7,No,No,Local,1.88
Ondo,Yam,1.42,2089.4,28,4.67,Clay,134.5,No,Yes,Local,9.22
Yobe,Maize,0.37,674.3,31.8,6.63,Loamy,152.2,Yes,No,Local,2.16
Anambra,Rice,2,1852.7,25.3,6.15,Loamy,97.6,No,No,Improved,3.5
Bayelsa,Cassava,2.76,1542.2,28.3,4.96,Clay,2.6,Yes,No,Local,8.32
Plateau,Cassava,0.36,1238.7,30,5.39,Loamy,77.5,Yes,No,Local,9.22
Adamawa,Rice,1.8,1156.1,29.3,7.17,Sandy,63.7,No,No,Local,2.31
Kano,Rice,3.92,960.5,30.2,5.98,Sandy,57,No,No,Local,1.85
Bauchi,Maize,3.86,926.6,34,5.55,Clay,145.5,No,No,Improved,2.57
Rivers,Maize,3.52,1824.1,25,6.3,Loamy,154,No,No,Local,2.07
Akwa Ibom,Maize,6.59,1860.3,25.5,6.85,Clay,115,No,No,Local,1.99
Edo,Sorghum,0.33,1730.2,27.5,6.22,Loamy,93.1,No,No,Improved,1.25
Ebonyi,Sorghum,2.92,1599.4,25.4,5.43,Clay,67.3,No,No,Local,1.28
Kebbi,Maize,1.42,718.6,27.7,6.73,Sandy,144.8,No,No,Improved,2.34
FCT,Rice,3.25,1489.2,24.9,6.01,Sandy,187.3,Yes,Yes,Local,2.77
Sokoto,Rice,2.18,678.1,37.1,6.52,Sandy,131.8,No,No,Improved,3.53
Edo,Sorghum,4.85,1767.8,22.9,5.75,Loamy,14.7,No,No,Improved,1.17
Osun,Yam,8.21,2078,23.9,5.41,Sandy,99.2,No,No,Local,7.44
Osun,Maize,2.43,2144.9,23.3,7.38,Sandy,75.5,No,No,Improved,2.13
Taraba,Cassava,13.46,1395.2,27,6.22,Sandy,84.4,No,No,Local,7.9
Rivers,Maize,2.06,2406.3,28.7,4.36,Clay,99,No,No,Improved,1.89
Anambra,Sorghum,2.76,2199.7,27.8,6.18,Loamy,82,No,No,Improved,1.69
Benue,Cassava,9.97,1437.9,26.7,5.14,Sandy,46.6,No,No,Local,6.92
Jigawa,Sorghum,0.68,582.1,37.4,7.62,Loamy,78.2,No,No,Local,1.14
Rivers,Cassava,5.88,2288.7,26.9,5.99,Loamy,89.8,No,No,Local,8.59
Yobe,Cassava,0.61,480,32.3,5.66,Clay,61.8,No,Yes,Improved,11.85
Sokoto,Yam,2.98,354.6,34.4,5.59,Sandy,115.1,No,No,Improved,7.83
Yobe,Cassava,1.87,544.5,35.8,8.26,Loamy,74.3,No,No,Local,8.46
Adamawa,Maize,0.82,1184.3,28.7,6.58,Sandy,135,Yes,No,Improved,3.24
FCT,Sorghum,0.31,1436.4,26.1,5.5,Sandy,43.7,Yes,No,Local,1.46
Imo,Rice,1.76,1580.2,23.5,6.57,Loamy,166.8,No,No,Local,2.66
Ondo,Cassava,0.95,1945,25.9,6.84,Loamy,0,Yes,Yes,Local,9
Bayelsa,Sorghum,1.14,2003,24.7,6.36,Loamy,116.9,Yes,No,Local,1.1
Enugu,Yam,0.91,2057.3,23.7,6,Clay,23.6,No,No,Local,5.55
Borno,Cassava,0.52,679.7,37,5.97,Loamy,122.6,Yes,No,Improved,11.84
Bauchi,Cassava,1.83,862.2,30.7,5.93,Sandy,136.1,No,No,Improved,10.47
Gombe,Maize,5.03,671.6,34.5,5.87,Clay,99.5,No,Yes,Local,2.14
Akwa Ibom,Maize,2.26,2461.5,26.7,6.26,Sandy,69.9,Yes,No,Local,1.89
Kwara,Rice,1.03,1440.2,24.1,5.89,Clay,107.7,Yes,No,Improved,3.21
Borno,Rice,5.26,497,29.4,6.35,Clay,57.6,Yes,No,Local,2.95
Katsina,Rice,3.22,640.5,33.9,5.8,Sandy,112.8,No,No,Local,2.09
Benue,Cassava,0.37,1461.7,24.2,4.79,Loamy,186.4,No,No,Improved,8.97
Bauchi,Maize,0.26,967.8,30,6.48,Sandy,141,No,No,Local,1.79
Borno,Cassava,0.51,504.2,37.9,4.81,Sandy,128.7,No,No,Improved,9.21
Nasarawa,Sorghum,2.47,1449.4,25.6,5.35,Loamy,71.7,No,No,Local,1.45
Zamfara,Maize,1.69,612,32.6,5.52,Clay,163,No,Yes,Improved,3.35
Edo,Yam,1.97,2031.7,25.1,5.58,Clay,85.7,No,No,Improved,9.67
Akwa Ibom,Maize,0.53,2002.2,28,6.13,Clay,112.5,No,Yes,Local,2.58
Kano,Maize,0.58,606.1,28.4,5.94,Clay,135.6,No,No,Improved,2.79
Ogun,Yam,0.78,1511.9,25.3,6.33,Clay,44.4,No,No,Local,2.42
Gombe,Sorghum,1.5,683,32.4,5.43,Sandy,62.2,No,No,Improved,2
Kogi,Rice,2.37,1271.7,30.6,5.5,Loamy,55.9,Yes,No,Local,2.84
Niger,Rice,1.56,1107.8,24.3,4.96,Loamy,107.3,Yes,No,Local,3.13
Benue,Sorghum,0.61,1164.3,29.7,7.6,Loamy,80.7,Yes,No,Improved,1.77
Enugu,Rice,0.41,2291.7,29.5,5.79,Sandy,79.5,Yes,No,Improved,3.45
Zamfara,Sorghum,1.5,968.1,32,5.89,Sandy,69.1,Yes,No,Local,1.37
Edo,Sorghum,1.96,2138.4,29.5,7.39,Loamy,68.1,No,No,Local,1.05
Ondo,Sorghum,2.3,1764.6,29.5,4.77,Sandy,53.7,No,No,Local,1.16
Nasarawa,Yam,5.48,1472.4,31.4,5.38,Clay,119.6,No,No,Improved,9.35
Enugu,Rice,1.19,2361.9,25.8,4.72,Clay,58.4,Yes,No,Local,3.34
Katsina,Rice,0.41,300.8,28.3,6.43,Sandy,41.5,No,No,Improved,3.08
Bauchi,Maize,1.81,980.5,34.8,4.74,Clay,127.5,No,No,Improved,2.3
FCT,Rice,0.45,1403.8,30.4,5.87,Clay,173.2,No,No,Local,3.16
Yobe,Yam,5.56,616.1,32.9,5.57,Loamy,183.6,No,No,Improved,5.76
Kogi,Rice,1.46,1112,25.3,5.85,Loamy,123.2,No,Yes,Local,3.42
Kwara,Yam,0.96,1445.2,25.5,5.95,Clay,35.5,Yes,No,Improved,10.94
Zamfara,Maize,1.26,918.4,31.9,5.95,Clay,70.1,No,No,Improved,2.11
Benue,Cassava,1.01,1061,24.5,6.23,Loamy,86.7,No,No,Improved,8.4
Jigawa,Cassava,2.47,640.4,31.9,5.79,Loamy,93.8,No,No,Improved,10.79
Borno,Rice,2.48,415,32.9,6.13,Loamy,147.6,No,No,Improved,2.67
Ogun,Cassava,0.28,2496.3,24.4,5.11,Loamy,54.6,No,No,Local,7.76
Zamfara,Rice,0.87,752,28.8,5.51,Sandy,202.4,Yes,No,Local,2.36
Niger,Cassava,0.26,1471.4,27.6,5.87,Loamy,77.5,Yes,No,Improved,11.68
Ekiti,Cassava,2.17,2337.6,27.7,5.5,Loamy,39.7,Yes,No,Improved,10.03
Edo,Sorghum,4.19,2472.8,22.5,5.42,Loamy,23.3,No,No,Improved,1.21
Ebonyi,Yam,0.72,2032.7,24.9,6.1,Clay,113.9,No,No,Improved,8.02
Taraba,Rice,1.36,1065.2,25.6,5.84,Loamy,7.4,No,No,Improved,3.91
Yobe,Yam,2.21,560.4,32.9,5.21,Sandy,89.6,No,No,Local,6.66
Niger,Cassava,2.35,1053.2,28.2,6.01,Clay,130.8,No,No,Local,7.07
Benue,Sorghum,1.61,1267.6,31.4,6.22,Loamy,34.4,No,No,Local,1.21
Kogi,Yam,1.67,1060,27.4,7.18,Clay,71,Yes,Yes,Improved,12.95
Adamawa,Rice,3.84,1113,26.9,6.16,Loamy,133.5,No,No,Improved,3.4
Akwa Ibom,Rice,0.85,2410.5,29.9,5.78,Loamy,152.2,Yes,No,Local,3.16
Plateau,Yam,3.39,1216.8,29,6.12,Sandy,81.1,No,No,Local,7.24
Nasarawa,Rice,1.1,1495.6,30.5,6.79,Loamy,130.1,Yes,No,Local,3.49
Sokoto,Maize,2.19,405.2,36.4,5.48,Sandy,85,No,No,Improved,2.21
Kaduna,Cassava,2.58,667.7,32.1,6.05,Sandy,115.8,No,No,Local,6.56
Gombe,Rice,2.72,836,26.2,5.91,Clay,130.6,Yes,No,Local,3.3
Rivers,Rice,1.18,1555.2,25.6,5.59,Clay,142.5,No,No,Improved,2.94
Ebonyi,Cassava,3.45,1692.2,24.6,5.69,Clay,93.2,Yes,No,Local,9.07
Akwa Ibom,Cassava,0.54,2138,23.9,6.11,Clay,76.8,No,No,Local,7.4
Enugu,Maize,5.1,2019.8,22.8,6.1,Loamy,179.2,No,No,Improved,2.53
Yobe,Maize,4.83,368.5,31.1,5.2,Clay,84.2,Yes,No,Improved,3.17
Anambra,Maize,1.51,1678.7,22.2,5.24,Loamy,116,Yes,No,Improved,3.2
Katsina,Cassava,0.27,664.8,30.3,5.71,Sandy,77.8,Yes,No,Local,10.06
Kaduna,Maize,0.48,850.6,33.9,6.26,Clay,146.1,Yes,No,Improved,2.78
Anambra,Cassava,1.16,2429.2,28.7,6.25,Loamy,128.9,No,No,Improved,12.49
Adamawa,Sorghum,0.93,1117.2,26.6,4.09,Loamy,47.9,No,No,Improved,1.28
Plateau,Cassava,5.89,1388.5,29.9,5.71,Clay,54.3,No,No,Local,8.34
Benue,Rice,4.03,1411.9,29.3,6.18,Clay,141.4,No,No,Local,1.84
Jigawa,Yam,1.2,348.1,34.8,4.24,Clay,97,Yes,No,Improved,8.28
Borno,Sorghum,2.56,526.4,33.2,6.97,Sandy,92.9,Yes,Yes,Improved,2.06
Kebbi,Maize,1.07,952.4,31.2,6.15,Loamy,70.9,Yes,No,Local,2.62
Enugu,Rice,6.29,1992.6,28.7,6.1,Sandy,134.3,No,No,Improved,4.55
Ogun,Yam,2.21,2045.1,28.4,5.4,Loamy,40.5,No,No,Improved,8.66
Abia,Rice,3.12,2481.6,23.4,6.48,Sandy,67.1,No,No,Local,2.94
Kano,Rice,2.16,993.1,33,6.23,Sandy,156.8,No,No,Local,2.76
Anambra,Rice,2.77,1675.5,23.6,6.06,Clay,80.5,Yes,No,Local,3.26
Ondo,Yam,1.86,1984.4,27.8,6.05,Loamy,111.3,No,No,Local,9.12
Yobe,Maize,5.12,352,36.6,5.32,Sandy,84.8,No,No,Improved,2.03
Lagos,Cassava,2.87,2183.3,26.5,6.72,Sandy,145.8,Yes,No,Local,9.54
Kebbi,Maize,21.47,904.7,29,6.46,Clay,150.8,Yes,No,Improved,2.57
Delta,Sorghum,1.44,1685.5,28.2,6.36,Clay,100.6,No,No,Improved,1.6
Imo,Rice,2,1866.5,23.8,5.76,Clay,82.1,No,No,Local,2.46
Bayelsa,Yam,1.06,1731.7,29.7,7.24,Sandy,37.7,Yes,No,Improved,8.37
Gombe,Rice,1.87,909.6,27.5,5.45,Loamy,80.9,Yes,No,Improved,3.9
Jigawa,Sorghum,0.85,582.7,28.7,6.94,Sandy,16.5,Yes,No,Improved,1.75
Kaduna,Maize,0.62,612.1,32.3,5.35,Sandy,102.2,No,Yes,Local,2.83
Ogun,Sorghum,0.9,1873,28.1,4.65,Loamy,66.7,No,No,Local,1.21
Adamawa,Maize,1.57,1398.3,25.8,5.29,Clay,174,No,No,Local,2.14
Yobe,Rice,7.53,388.5,35.8,4.12,Loamy,186.3,Yes,Yes,Improved,2.86
Kwara,Sorghum,0.82,1420.6,27.9,7.09,Loamy,2,Yes,No,Local,1.29
Akwa Ibom,Cassava,0.83,1717.3,28.2,5.42,Clay,131,Yes,No,Improved,13.28
Bauchi,Rice,1.49,843.3,33.4,7.3,Loamy,102.7,Yes,No,Improved,2.66
Sokoto,Cassava,0.42,503.7,30,7.77,Clay,111.2,Yes,No,Local,9.75
Zamfara,Yam,0.42,783.5,29.6,6.61,Clay,113.6,No,No,Local,6.43
Zamfara,Sorghum,0.22,887.2,29.5,4.57,Loamy,79,No,No,Improved,1.87
Gombe,Yam,5.98,713.8,29.6,6.5,Clay,83.3,Yes,No,Improved,8.4
Niger,Cassava,1.8,1407.5,25.3,5.68,Loamy,64.3,No,No,Local,8.03
Adamawa,Sorghum,1.3,1036.5,26.8,7.33,Loamy,68,Yes,No,Local,1.48
Ekiti,Rice,6.01,1829.5,22.2,6.72,Clay,89.4,No,No,Local,2.6
Imo,Yam,1.99,2439.9,25,6.73,Clay,65.3,No,No,Local,6.82
Akwa Ibom,Cassava,2.14,1673.9,25.6,6.63,Sandy,79.4,No,No,Improved,10.01
Katsina,Cassava,0.51,353.5,32.8,6.09,Loamy,160.4,No,No,Local,6.21
Plateau,Yam,0.71,1017.7,29.6,5.84,Loamy,127.1,No,No,Improved,9.4
FCT,Maize,0.98,1067.8,31,5.51,Loamy,103.4,No,No,Improved,2.56
Taraba,Yam,8.12,1459.2,26,6.11,Clay,66.7,Yes,No,Local,8.84
Plateau,Yam,3.7,1301,31.9,6.69,Clay,132.4,Yes,No,Local,7.84
Imo,Sorghum,1.3,2450.7,28.4,6.3,Clay,108.7,Yes,No,Local,1.08
Cross River,Cassava,0.61,2058.2,27.8,6.89,Sandy,26.2,No,No,Local,8.9
Ekiti,Cassava,0.34,2324.9,27.8,5.55,Loamy,93.2,Yes,No,Local,7.09
Kebbi,Yam,0.24,703.9,28.6,5.95,Loamy,84.4,Yes,No,Local,7.05
Oyo,Maize,0.69,2176.5,24.4,6.57,Loamy,145.4,Yes,Yes,Local,2.86
Edo,Yam,1.51,1543,27.1,6.08,Clay,169.7,Yes,No,Local,7.14
Ogun,Cassava,0.88,1659.1,29.3,6.81,Clay,95.4,Yes,No,Local,9.61
Katsina,Rice,0.51,570.7,34.7,5.4,Loamy,141.9,Yes,No,Local,2.31
Abia,Maize,3.54,1552.3,23.8,7.05,Sandy,67.2,No,No,Improved,2.51
Anambra,Yam,1.46,1924.2,25.9,6.12,Clay,137.2,No,No,Improved,10.23
Rivers,Yam,1.13,2313.2,26.8,6.11,Loamy,199.6,No,No,Local,5.68
Jigawa,Yam,0.23,531.5,37.9,6.19,Clay,138.2,Yes,No,Improved,7.35
Kogi,Cassava,9,1367.2,30.6,5.8,Loamy,75.2,No,Yes,Local,10.4
Yobe,Sorghum,0.68,373,33,5.52,Sandy,46,Yes,No,Local,1.55
Kwara,Maize,0.56,1204.6,30.1,5.63,Loamy,138.9,No,No,Local,2.24
Gombe,Maize,4.38,869,27,6.39,Loamy,139.5,No,No,Improved,2.45
Sokoto,Maize,1.02,571.2,30,6.23,Loamy,110.3,Yes,No,Improved,2.53
Ebonyi,Maize,1.42,1804.6,22.5,6.09,Clay,135.4,No,No,Local,2.33
Gombe,Rice,1.93,709.5,31.1,5.92,Clay,109.2,Yes,No,Local,2.71
Kaduna,Maize,1.67,878.8,30.1,6.38,Sandy,143.8,No,No,Improved,2.51
Edo,Maize,0.75,2126.2,24.2,6.16,Clay,35.3,No,No,Improved,2.48
Taraba,Sorghum,2.11,1176.5,25.9,5.91,Clay,3.5,Yes,No,Improved,1.5
Yobe,Sorghum,0.26,512.8,34.4,7.38,Clay,7.9,No,No,Improved,1.53
Plateau,Yam,0.32,1112.6,26,6.91,Loamy,127.8,No,No,Local,7.34
Imo,Yam,3.09,1532.9,22.1,6.6,Clay,124.9,Yes,No,Improved,10.31
Sokoto,Sorghum,1.04,498.5,29.7,6.02,Sandy,132.3,No,No,Local,1.12
Edo,Maize,1.3,2182.4,26.5,7.44,Clay,82.7,No,No,Local,1.84
Zamfara,Yam,4.06,824.7,29.2,5.67,Clay,139.9,Yes,No,Improved,8.07
Nasarawa,Maize,1.78,1091.9,26.7,4.81,Loamy,81.7,No,No,Local,1.97
Benue,Rice,0.39,1153.2,24,6.07,Loamy,114.6,Yes,No,Local,2.79
Ogun,Sorghum,5.8,2020.2,25.4,6.47,Clay,57,No,No,Improved,1.48
Kebbi,Yam,4.06,693,27.2,5.55,Clay,126.5,No,Yes,Local,6.66
Plateau,Rice,0.63,1477.5,26.4,5.94,Clay,94.3,No,No,Local,2.96
Jigawa,Maize,0.78,491.7,34.7,5.41,Sandy,159.3,No,No,Improved,2.36
Osun,Sorghum,1.8,1543.7,26.4,5.79,Loamy,114.8,Yes,No,Local,1.16
Adamawa,Yam,0.73,1231.5,27.9,6.44,Loamy,25.2,No,No,Local,6.65
Akwa Ibom,Cassava,0.84,1698.8,26.7,6.04,Loamy,38.3,No,No,Local,7.64
Kaduna,Rice,0.49,930.4,31.9,5.72,Sandy,136.5,Yes,No,Improved,3.47
Lagos,Sorghum,2.86,2110.6,23,5.79,Clay,35.4,No,No,Local,1.09
Lagos,Cassava,2.88,1656,27.8,5.96,Loamy,90.2,No,No,Improved,11.02
Oyo,Rice,17.15,2141.5,29,6.35,Sandy,72.6,Yes,No,Improved,4.11
Plateau,Maize,2.43,1296.9,31.9,6.82,Loamy,123.8,No,No,Improved,2.47
Ekiti,Sorghum,0.62,2216.1,22.9,5.77,Clay,84.5,Yes,No,Improved,1.65
Delta,Yam,1.01,1897.3,28.9,6.78,Clay,119.6,Yes,No,Local,8.2
Borno,Maize,4.1,563.8,36.2,5.94,Sandy,102.5,No,No,Local,1.88
Delta,Maize,1.7,1629.9,29.8,6.14,Clay,58,Yes,No,Local,1.86
Delta,Cassava,0.56,1598.1,24.8,6.16,Clay,124.5,No,No,Improved,12.24
Jigawa,Rice,0.62,628.7,31.3,6.68,Loamy,103.9,Yes,No,Improved,3.19
Imo,Rice,2.7,2267,27.5,6.28,Loamy,136.9,No,No,Improved,1.51
Anambra,Sorghum,2.61,2149.5,22.5,7.06,Loamy,32,Yes,No,Local,1.25
Gombe,Cassava,2.19,900.5,27,5.99,Sandy,28.3,No,No,Improved,9.3
Akwa Ibom,Maize,1.39,2331.8,26,6.38,Loamy,141,Yes,No,Local,2.11
Lagos,Yam,1.69,1604.5,29.9,6.4,Clay,112.9,No,No,Local,7.1
Jigawa,Yam,2.41,638.1,33.5,5.66,Sandy,133,Yes,No,Improved,9.34
Niger,Sorghum,0.85,1165.9,29.3,6.41,Clay,83.5,Yes,Yes,Local,1.77
Kogi,Yam,0.53,1013.3,30.3,5.7,Loamy,12.8,Yes,No,Local,6.25
Nasarawa,Cassava,2.59,1361.8,27.7,6.37,Loamy,88.1,No,No,Improved,12.66
Kebbi,Cassava,1.89,785.1,27.8,5.75,Sandy,117.3,Yes,No,Local,10.31
Kano,Yam,0.82,680.2,34.3,6.81,Clay,114.4,No,No,Local,7.07
Sokoto,Sorghum,0.92,641.3,35.4,6.04,Sandy,0,No,Yes,Improved,1.63
Nasarawa,Sorghum,3.37,1481.7,30.4,6.55,Loamy,44.5,Yes,No,Local,1.23
Ondo,Cassava,0.64,1937.9,26.8,6.43,Sandy,120.3,Yes,No,Local,9.32
Plateau,Cassava,0.46,1277.4,31.7,6.41,Loamy,74.9,No,No,Local,9.28
Kwara,Maize,2.28,1239.4,30.8,6.11,Clay,108,Yes,No,Improved,2.88
Gombe,Cassava,11.63,777.5,28.2,6.69,Sandy,106.9,No,No,Local,8.2
Ondo,Cassava,0.83,1610.2,26.7,5.23,Clay,75.8,No,No,Improved,11.51
Kebbi,Sorghum,2.63,734.3,33.8,6.23,Sandy,11.1,No,Yes,Improved,1.98
Enugu,Maize,1.5,1906.1,25.1,4.7,Loamy,137.1,No,Yes,Local,1.88
Akwa Ibom,Rice,0.83,1594.5,22.3,5.77,Loamy,105.6,Yes,No,Local,3.37
Kwara,Rice,1.95,1124.9,29.6,5.34,Sandy,191.4,Yes,No,Improved,3.55
Sokoto,Sorghum,0.2,553.4,30.1,6.61,Clay,115.9,No,No,Improved,1.65
Taraba,Yam,3.1,1320.5,30.6,5.3,Loamy,101.6,Yes,No,Local,8.16
Cross River,Rice,1.91,2399.9,29.9,5.58,Clay,174.5,No,No,Improved,3.86
Enugu,Yam,1.09,1687.2,29.7,6.92,Loamy,121.1,No,No,Local,7.43
Lagos,Sorghum,0.34,1642.4,24.9,6.35,Loamy,27.3,Yes,No,Improved,1.21
Delta,Yam,0.22,2359.5,29.6,5.2,Sandy,154.1,Yes,No,Local,8.95
Sokoto,Cassava,4.82,305.9,30.9,6.78,Sandy,141,Yes,No,Local,6.77
Kaduna,Yam,1.01,895.6,32.3,6.24,Sandy,53.5,No,No,Improved,8.46
Delta,Yam,0.82,2304,23.9,5.8,Sandy,41.8,Yes,No,Local,7.61
Abia,Rice,2.39,1649.3,27,4.24,Sandy,199.3,No,No,Improved,2.48
Anambra,Cassava,3.94,1670,22.1,6.39,Clay,102.1,No,No,Improved,10.35
Cross River,Sorghum,1.52,2136.9,23.1,5.68,Sandy,98.6,No,Yes,Improved,1.77
Ogun,Rice,3.17,2304.8,23.1,6.66,Sandy,59.1,No,No,Improved,3.59
Kogi,Cassava,4.95,1245.8,31.1,5.84,Clay,106.6,Yes,No,Improved,10.5
Plateau,Rice,0.93,1261.1,31,4.69,Clay,45.1,No,Yes,Local,2.56
Imo,Cassava,0.73,1513.8,27,5.72,Clay,23.4,Yes,No,Local,8.97
Katsina,Cassava,1.4,519.2,30,6.78,Sandy,63.6,Yes,No,Local,9.86
Ondo,Rice,0.3,1973.4,27.3,6.2,Clay,152.3,No,No,Improved,3.32
Bauchi,Maize,1.76,739.1,31.2,5.86,Loamy,158.6,No,No,Improved,2.55
Cross River,Maize,1.44,2184.5,25,5.15,Clay,143.9,Yes,No,Improved,2.6
Jigawa,Cassava,0.75,300.5,35.4,6.24,Sandy,142.8,Yes,No,Improved,10.75
Jigawa,Yam,2,401.4,36.7,6.3,Clay,116.3,Yes,No,Local,7.66
Cross River,Yam,1.63,2436.5,28.2,6.17,Clay,29.7,Yes,No,Local,7.05
Edo,Cassava,1,1814,23.1,6.15,Loamy,115.4,Yes,No,Local,9.25
Sokoto,Yam,3.17,467.6,34.8,5.94,Sandy,40.6,No,No,Improved,9.2
Osun,Rice,1.14,2179.6,25.7,6.39,Loamy,140.7,Yes,No,Improved,3.75
Ekiti,Maize,1.2,1639.2,22,6.58,Clay,136.2,Yes,No,Local,1.93
Lagos,Sorghum,2.51,2266.2,29.6,5.17,Loamy,76.3,Yes,No,Local,1.22
Bauchi,Maize,1.22,779.3,31.7,6.29,Loamy,82.9,No,No,Improved,2.48
Benue,Yam,0.2,1029.4,28.4,6.15,Loamy,114.8,Yes,Yes,Local,9.39
Niger,Cassava,2.56,1450.2,30.2,5.74,Clay,70.8,No,No,Improved,10.16
Borno,Cassava,9.21,402.6,32.3,6.51,Loamy,38.6,Yes,Yes,Improved,13.42
Yobe,Sorghum,3.12,308.1,32.7,5.32,Loamy,89.8,Yes,No,Local,1.25
Bauchi,Cassava,0.46,633.6,33.9,5.41,Sandy,118.3,No,No,Local,8.93
Katsina,Rice,2.28,608.6,31.5,6.31,Sandy,116.8,Yes,Yes,Improved,1.31
Plateau,Sorghum,0.77,1133.1,24.2,4.92,Sandy,72.8,Yes,No,Local,1.22
Abia,Cassava,3.28,2340.2,25,5.04,Clay,66.3,Yes,Yes,Local,11.82
Rivers,Sorghum,1.26,2128.6,29.6,5.77,Clay,138.9,Yes,No,Local,0.96
Imo,Yam,2.15,2194.1,29.6,5.77,Sandy,51.3,Yes,No,Improved,10.49
Delta,Rice,0.69,1608,22.6,5.56,Clay,67.2,No,No,Improved,3.28
Osun,Rice,1.12,1873.1,26.2,5.64,Clay,158.2,No,No,Local,2.85
Nasarawa,Sorghum,1.43,1069,27.2,5.88,Clay,66.4,No,No,Local,1.07
Gombe,Rice,0.78,844.5,26.6,4.82,Sandy,201.7,Yes,No,Improved,3.35
Yobe,Maize,0.6,625.6,31.2,5.12,Sandy,89.2,Yes,No,Improved,2.82
Abia,Rice,1.25,2225.4,29.1,6.29,Clay,165.7,No,No,Improved,2.82
Akwa Ibom,Maize,0.56,2009.8,26.6,5.55,Loamy,110.6,Yes,No,Improved,2.04
Adamawa,Sorghum,2.4,1432.3,27.8,4.73,Sandy,64.5,No,No,Improved,1.27
Ebonyi,Rice,4.25,1929.5,27.7,6.17,Clay,74.3,Yes,No,Improved,3.81
Zamfara,Maize,0.74,833.4,32,6.36,Sandy,149.9,Yes,No,Local,2.16
Kwara,Yam,1.06,1155.1,28.4,5.04,Clay,61.2,No,No,Improved,7.68
Sokoto,Cassava,0.68,311.2,29.8,6.22,Clay,6,Yes,Yes,Local,8.92
Abia,Maize,4.42,2078.8,24.2,6.34,Clay,115.7,Yes,No,Improved,2.57
Ogun,Rice,1.85,2102.8,27.2,6.14,Sandy,107.4,No,No,Improved,3.81
Ekiti,Sorghum,2.58,1935.6,23.8,6.53,Sandy,55.2,Yes,No,Improved,1.28
Kaduna,Yam,0.85,903.5,31.7,5.91,Clay,154.1,Yes,No,Local,7.74
Oyo,Cassava,2.81,2357.9,26.3,5.39,Clay,105.5,No,No,Improved,10.02
Abia,Yam,5.49,2208.4,25.9,5.13,Clay,97.6,No,No,Local,5.54
Kwara,Yam,0.62,1017.8,30.8,5.93,Sandy,136.4,No,Yes,Local,8.96
Cross River,Rice,9.52,1758.9,24.3,5.99,Loamy,154,Yes,No,Improved,3.06
Anambra,Yam,6.35,2416,28.8,5.69,Loamy,128.9,No,No,Local,6.72
Abia,Sorghum,1.9,2163.6,26.3,5.65,Clay,76.8,Yes,Yes,Local,1.51
Sokoto,Maize,1.34,620.3,33.7,5.6,Sandy,94.6,Yes,Yes,Improved,3.46
FCT,Cassava,1.26,1298.9,24.2,6.51,Clay,79.9,Yes,No,Local,9.16
Bauchi,Rice,1.54,961.7,29.9,4.64,Clay,198.6,No,No,Local,2.25
Benue,Rice,1.67,1081.4,24.8,5.96,Clay,147.3,No,No,Improved,3.51
Oyo,Yam,2.78,1765.2,22.8,5.76,Sandy,157.5,No,No,Improved,9.11
Osun,Sorghum,0.61,1689.5,27.3,4.86,Clay,97.3,No,Yes,Improved,1.6
Abia,Rice,1.41,2431.8,28.8,5.63,Sandy,162.1,No,No,Local,2.34
Jigawa,Cassava,1.68,406.9,35.3,5.4,Loamy,76.7,No,No,Local,8.37
Osun,Yam,0.76,1696.1,28,6.95,Clay,38.6,Yes,No,Local,7.92
Kaduna,Rice,0.9,623.1,33.1,6.13,Clay,77.5,No,Yes,Improved,2.01
Kwara,Yam,0.44,1153.4,27.7,6.7,Clay,38.2,No,Yes,Improved,10.61
Jigawa,Maize,1.12,320,28.8,6.54,Sandy,111.9,No,No,Local,2.41
Gombe,Yam,2.2,674.4,30.2,5.11,Sandy,51,No,No,Local,7.67
Osun,Maize,3.02,1723.3,23.4,5.09,Loamy,118,No,No,Local,2.33
Ebonyi,Cassava,2.09,1683.4,26.3,6.21,Clay,82,No,Yes,Improved,13.43
Yobe,Cassava,3.47,466.6,36.6,6.95,Sandy,71.9,No,No,Local,5.99
Imo,Sorghum,1.47,2361.6,27,6.12,Loamy,33.2,Yes,No,Local,1.51
Katsina,Cassava,2.86,573.4,34.4,5.33,Sandy,113.9,Yes,No,Local,7.59
Akwa Ibom,Cassava,0.25,2275.8,27.2,6.24,Clay,102.3,No,No,Improved,7.92
Rivers,Yam,0.63,1888.6,22.5,5.59,Clay,91.4,No,No,Local,7.71
Ebonyi,Maize,3.74,1845.9,28.9,5.74,Clay,189.2,Yes,No,Local,2.14
Plateau,Cassava,6.32,1251.8,31.2,5.99,Loamy,80.8,Yes,Yes,Improved,13.2
Delta,Cassava,0.58,2085.5,29.1,5.75,Loamy,123.5,Yes,No,Improved,12.08
Abia,Sorghum,0.72,2076.1,29.8,5.95,Clay,61.1,Yes,Yes,Improved,1.86
Kogi,Sorghum,2.65,1445.5,24.8,6.42,Loamy,64.2,No,No,Improved,1.33
Edo,Cassava,3.51,1641.1,28,5.56,Loamy,57.4,No,No,Local,8.74
Kebbi,Rice,1.57,902.4,29.2,5.01,Clay,109.8,Yes,No,Improved,3.85
Imo,Rice,1.5,1952.2,28.4,5.98,Clay,75.5,Yes,No,Local,2.89
Lagos,Sorghum,3.41,2007.7,28,5.96,Clay,44.6,Yes,No,Improved,1.34
Plateau,Maize,0.68,1123.9,25.6,5.6,Sandy,93.4,No,Yes,Improved,3.06
Delta,Cassava,0.29,2460.2,25.5,6.38,Loamy,129,No,No,Improved,7.19
Jigawa,Cassava,0.69,423.1,33.4,6.09,Sandy,146.8,No,No,Local,6.64
Kwara,Yam,1.75,1490,31,6,Clay,174.7,Yes,No,Improved,9.02
Cross River,Maize,9.66,1720,30,4.83,Clay,98.7,No,No,Improved,2.1
Gombe,Yam,1.62,890.2,27,6.1,Loamy,79.1,No,No,Improved,9.36
Bayelsa,Maize,4.21,2227.9,25.2,7.3,Sandy,45.5,No,Yes,Improved,1.08
Abia,Rice,2.56,1568.2,23.7,7.36,Clay,167.8,No,No,Local,2.37
Imo,Maize,9.94,2347,25.6,6.68,Loamy,155.6,Yes,No,Local,1.58
Jigawa,Rice,1.13,385.2,32.8,5.49,Sandy,128.5,Yes,No,Improved,3.35
Akwa Ibom,Rice,1.2,2039,29.6,5.66,Loamy,109.6,No,Yes,Local,3.51
Kogi,Maize,0.27,1004.5,27.1,5.64,Loamy,136.9,No,No,Local,1.72
Imo,Cassava,0.76,1792.6,27.3,5.64,Clay,110.7,No,No,Local,9.61
Ebonyi,Yam,0.45,2494.6,27,5.62,Clay,96.8,No,No,Local,8.45
Cross River,Yam,2.8,1765.3,24.8,7.29,Sandy,123.8,Yes,No,Local,7.52
Osun,Yam,3.65,2191.6,25.8,6.77,Loamy,79.9,Yes,No,Improved,4.27
Delta,Yam,1.77,2164.7,25.8,5.44,Loamy,126.8,No,No,Improved,9.42
Borno,Maize,0.76,497.3,30.7,5.94,Sandy,191.5,No,No,Local,2.23
Cross River,Sorghum,2.46,2353.3,27.3,5.05,Clay,97.1,No,No,Local,1.25
Kogi,Rice,0.76,1361.9,29.2,5.84,Loamy,129.8,No,No,Improved,3.57
Bayelsa,Cassava,1.49,2276.9,22.9,6.47,Clay,90.9,No,Yes,Local,10.11
Ekiti,Maize,2.92,1983.7,29.6,6.97,Loamy,125.5,Yes,Yes,Improved,3.25
Taraba,Sorghum,1.22,1120.6,28.5,5.28,Loamy,22.9,Yes,No,Local,1.24
Lagos,Yam,3.02,1839.3,24.6,6.92,Clay,61.5,No,No,Local,7.32
Taraba,Maize,3.24,1252.9,30.6,6.87,Clay,119.4,No,No,Local,2.37
Delta,Sorghum,3.93,1593.3,27.1,6.61,Sandy,0,No,No,Improved,1.46
Yobe,Maize,0.54,627.2,28.3,6.37,Clay,130.7,No,No,Local,2.06
Plateau,Rice,1.72,1027,30.2,5.82,Clay,78.9,No,No,Local,3.17
Kaduna,Maize,0.44,765.4,27.4,4.3,Sandy,107.9,No,No,Improved,2.21
Plateau,Yam,3.16,1060.8,26.2,5.71,Loamy,54.9,Yes,No,Local,2.47
Imo,Sorghum,2.7,1716.2,29.7,6.35,Sandy,29.4,No,No,Improved,1.48
Lagos,Yam,4.59,2181.1,22.6,5.57,Loamy,126.2,Yes,Yes,Improved,11.54
Lagos,Cassava,3.01,2062.3,22.9,6.28,Loamy,75.8,No,Yes,Local,9.02
Bayelsa,Yam,1.33,1515.8,27.7,5.43,Loamy,64.8,Yes,No,Local,6.57
Abia,Rice,0.44,2496.5,22.2,6.04,Clay,27.4,No,No,Local,2.98
Zamfara,Sorghum,1.01,704.4,26,6.93,Sandy,72.8,Yes,No,Improved,1.93
Bauchi,Sorghum,3,836.5,34.6,5.18,Sandy,61.7,No,No,Improved,1.73
Taraba,Cassava,0.43,1357.1,26.7,6.99,Clay,58.5,No,No,Local,6.89
Jigawa,Yam,2.37,499.4,32.9,5.47,Sandy,114,Yes,No,Improved,9.1
Oyo,Cassava,2.05,1993.7,29,5.61,Clay,132.9,No,Yes,Improved,11.48
Sokoto,Sorghum,0.64,667.2,37.2,6.61,Sandy,59.6,No,No,Improved,1.85
Jigawa,Cassava,0.2,555.5,34.5,6.86,Sandy,6.7,Yes,No,Local,5.5
Kaduna,Rice,5.02,914.7,28.1,6.76,Sandy,172.7,Yes,No,Improved,4.12
Benue,Cassava,0.27,1465.2,28.8,5.49,Sandy,82.4,Yes,No,Improved,11.74
Imo,Cassava,1.84,2020.9,22.3,7.55,Loamy,65.7,No,No,Local,6.82
Benue,Yam,4.29,1443.3,27.7,5.97,Sandy,0,No,Yes,Improved,10.02
Rivers,Sorghum,0.96,1978.5,28,6.24,Clay,19.5,Yes,Yes,Local,1.35
Kebbi,Cassava,5.07,995.6,33.8,5.81,Clay,157.7,Yes,No,Local,7.25
Plateau,Maize,4.59,1058.7,28.4,5.47,Loamy,124.8,Yes,No,Improved,2.73
Benue,Maize,4.11,1288.1,31,5.09,Sandy,162.2,Yes,No,Improved,2.68
Lagos,Rice,0.21,1795.9,25.4,6.38,Loamy,122.7,No,No,Local,2.26
Enugu,Maize,1.54,2487.4,24.6,6.79,Clay,96.9,Yes,No,Improved,2.75
Lagos,Maize,0.85,1922.5,26.9,5.05,Clay,101.6,Yes,No,Improved,2.36
Kano,Yam,3.64,856,30.6,5.84,Sandy,96.3,No,Yes,Local,8.31
FCT,Yam,0.39,1335.7,29.5,7.37,Loamy,81,No,No,Local,6.28
Ebonyi,Sorghum,6.35,1643.8,22.3,5.54,Loamy,20.7,No,No,Local,1.17
Adamawa,Maize,1.49,1157.3,24.8,5.98,Loamy,63,Yes,No,Improved,2.12
Ekiti,Yam,0.89,2061.1,25.5,6.46,Clay,131.7,No,No,Improved,11.01
Ondo,Cassava,3.01,2253.3,24.4,4.35,Loamy,94.7,No,No,Local,2.41
Delta,Yam,4.14,2295.8,28.8,5.48,Loamy,60.8,No,No,Improved,7.85
Ebonyi,Yam,0.67,1777.6,23.6,5.45,Clay,152.7,Yes,No,Improved,10.77
Gombe,Rice,3.08,700,29.4,6.18,Loamy,129.7,No,No,Improved,3.15
Kogi,Maize,2.97,1023.5,25.7,6.02,Clay,84.9,Yes,No,Local,1.81
Katsina,Cassava,0.7,519.6,28.1,5.64,Loamy,144.5,No,Yes,Improved,11.07
Kaduna,Maize,8.39,916.7,30.8,6.97,Sandy,159.4,Yes,No,Local,2
Plateau,Yam,3.91,1232.8,27.7,6.83,Loamy,130.7,No,No,Improved,7.96
Plateau,Rice,0.29,1050.2,31.8,6.64,Loamy,78.3,Yes,No,Improved,2.72
Kebbi,Maize,3.18,958.9,34.9,5.56,Clay,117,Yes,No,Local,2.28
Oyo,Yam,1.02,1613.7,23.4,6.76,Loamy,65.8,No,No,Local,7.46
Kano,Rice,0.5,672.6,34.3,5.56,Sandy,190.1,Yes,No,Improved,3.7
Ogun,Yam,0.27,1599.1,28.4,7,Clay,172.5,Yes,No,Local,8.22
Adamawa,Maize,2.88,1087.7,31.7,5.06,Clay,167.1,Yes,Yes,Local,1.73
Borno,Rice,6.87,651.7,35.1,5.05,Clay,122.1,No,No,Improved,2.75
Imo,Cassava,1.61,1824.1,26.6,6.58,Clay,95.5,No,Yes,Local,10.28
Osun,Yam,1.84,2057.4,22.4,6.68,Sandy,187.4,No,No,Improved,8.32
Bayelsa,Cassava,1.55,2048.5,29.2,6.24,Clay,52.9,Yes,No,Improved,11.28
Sokoto,Sorghum,0.82,697.4,32,5.29,Sandy,44.9,No,No,Local,1.25
Ogun,Rice,2.93,2213.4,27,5.36,Loamy,83.1,Yes,No,Local,3.49
Kaduna,Yam,4.36,739.5,30,5.47,Sandy,147.3,Yes,No,Local,6.48
Zamfara,Cassava,0.41,747.4,27.6,5.67,Sandy,173,Yes,No,Local,8.93
Ebonyi,Yam,3.04,1615.6,27.7,5.37,Clay,130.8,Yes,No,Local,6.57
Adamawa,Cassava,0.71,1287.7,28.1,6.4,Loamy,144.8,Yes,No,Local,9.6
Osun,Rice,0.94,2445,22.7,5.82,Loamy,58.6,No,Yes,Improved,3.18
Kano,Rice,4.78,877.6,29.5,6.44,Loamy,109,Yes,No,Local,3.35
Katsina,Yam,2.2,397.4,32.6,6.34,Sandy,68.3,Yes,No,Local,7.62
Kwara,Rice,2.73,1180.5,29.2,6.81,Sandy,115.6,No,No,Improved,4.24
Benue,Sorghum,0.41,1487.8,27.8,6.24,Loamy,150.7,No,Yes,Improved,0.49
Kebbi,Yam,1.14,608.1,27.9,4.22,Loamy,122,Yes,No,Local,6.21
Borno,Yam,0.47,648.9,31.8,5.13,Loamy,80,No,No,Improved,9.51
Lagos,Rice,7.92,2444.3,26.7,6.43,Loamy,151,Yes,No,Local,2.69
Jigawa,Sorghum,0.21,327.5,36.8,6.08,Sandy,17.3,No,No,Local,1.36
Anambra,Yam,2.3,1663.6,22,8.11,Clay,97.9,Yes,No,Improved,9.04
Ekiti,Maize,4.06,2243.3,23.6,5.23,Sandy,178.6,Yes,No,Improved,2.36
Imo,Maize,0.34,2027.1,29.5,5.78,Clay,115.3,No,No,Local,1.55
Taraba,Cassava,0.86,1349.4,25.4,6.63,Clay,63.6,No,No,Improved,11.49
Delta,Maize,0.51,1740.6,27.8,5.43,Clay,114.4,Yes,No,Local,1.81
Rivers,Sorghum,0.99,2023.1,23.2,6.95,Clay,95.8,No,No,Local,1.22
Bauchi,Rice,1.98,851,29.6,5.99,Clay,118.6,No,No,Local,2.98
Lagos,Cassava,1.85,2164.8,25.7,5.06,Clay,61.9,No,No,Improved,10.82
Benue,Maize,3.05,1118.7,31.9,6.13,Clay,112.9,Yes,No,Local,1.69
Kogi,Yam,1.12,1173,28.5,6.74,Loamy,46.8,No,No,Improved,9.61
FCT,Sorghum,4.08,1253.4,29.8,6.86,Loamy,27.1,No,No,Local,1.28
Enugu,Rice,3.63,1812.3,23.4,6.97,Clay,92.3,No,No,Local,2.67
Bauchi,Yam,4.05,716.4,34.6,6.49,Loamy,185.6,No,No,Improved,8.5
Anambra,Maize,1.32,1899.4,27.2,6.16,Sandy,55.5,Yes,No,Local,2.31
Imo,Rice,0.4,1685.5,22.6,5.77,Clay,62.7,No,No,Improved,3.08
Akwa Ibom,Rice,2.17,2179.4,22.9,6.22,Loamy,135.4,Yes,No,Improved,4.45
Anambra,Yam,1.87,1742.7,26.9,4.65,Sandy,58.6,Yes,No,Local,7.74
Sokoto,Maize,7.61,604.9,37.9,6.43,Loamy,105.4,No,No,Local,1.74
Jigawa,Maize,0.73,300.2,31.8,6.06,Sandy,118.1,Yes,No,Improved,2.48
Benue,Cassava,2.45,1120.9,24.3,6.38,Sandy,143.5,Yes,Yes,Local,9.91
Nasarawa,Cassava,2.72,1477.4,31.8,6.8,Clay,140.6,No,No,Improved,8.73
Bauchi,Yam,1.18,798.2,32.4,5.08,Sandy,245.4,No,No,Local,5.48
Niger,Cassava,0.91,1100.7,30.2,6.76,Sandy,85.4,No,No,Local,8.4
Nasarawa,Yam,1.66,1143,24.5,5.04,Clay,147.3,No,No,Improved,9.61
Taraba,Cassava,2.73,1064.6,31.7,6.38,Clay,73.8,Yes,No,Improved,9.86
Lagos,Sorghum,2.47,1602.8,23.7,5.6,Clay,115.6,No,No,Local,1.25
Gombe,Rice,1.59,842.1,29.7,5.21,Sandy,138.9,No,No,Improved,3.26
Zamfara,Sorghum,3.34,699.7,26.6,6.36,Clay,93.7,Yes,No,Local,1.15
Cross River,Sorghum,0.88,1964.8,22.2,7.17,Loamy,130.4,Yes,No,Improved,1.19
Kebbi,Cassava,2.76,770.8,32.6,6.7,Loamy,27.6,Yes,No,Improved,11.27
Nasarawa,Cassava,0.45,1323.5,28.3,5.83,Sandy,93,No,No,Local,8.48
Bayelsa,Cassava,0.84,1884.2,22.3,6.86,Loamy,86.2,Yes,No,Improved,13.01
Delta,Rice,1.06,1858.3,24.1,6.88,Loamy,120.1,No,No,Local,2.69
Kogi,Maize,1.17,1169.6,24.6,6.51,Sandy,100.8,No,No,Local,2.13
Cross River,Sorghum,2.51,2472.7,25.2,5.86,Clay,23.9,Yes,Yes,Improved,1.54
Osun,Cassava,6.05,1672.6,28.3,6.61,Loamy,46.7,No,No,Local,7.17
Plateau,Maize,0.87,1009.7,31.1,6.55,Sandy,139.9,No,No,Local,1.74
Katsina,Yam,4.61,454,28.1,7.17,Clay,0,No,No,Local,4.88
Jigawa,Rice,2.31,552.5,31.8,5.6,Loamy,76.5,No,No,Improved,3.17
Imo,Yam,1.25,1904.3,27.6,6.39,Loamy,134.3,No,No,Improved,10.67
FCT,Sorghum,6.19,1000.7,30.6,6.14,Loamy,89,Yes,No,Improved,1.57
Anambra,Cassava,0.46,2141,29.1,5.67,Loamy,72.6,No,No,Improved,9.14
Anambra,Rice,1.27,2175.2,27.6,6.47,Clay,31.3,Yes,No,Local,3.5
Cross River,Rice,1.02,2130.1,23.8,7.52,Clay,77.6,Yes,No,Improved,3.32
Bauchi,Sorghum,3.84,713.9,31.6,5.85,Sandy,25.8,No,No,Improved,1.75
Osun,Sorghum,1.59,2418.5,22.4,4.98,Sandy,48.5,No,No,Improved,1.57
FCT,Sorghum,1.89,1243.8,28.4,5.92,Sandy,66.3,Yes,No,Improved,2
Delta,Maize,2.63,2022.2,29.7,6.59,Clay,100,Yes,No,Local,2.3
Lagos,Rice,0.51,1550.7,26.5,6.5,Clay,132.4,No,No,Improved,3.16
Jigawa,Yam,1.31,459.6,36,5.25,Sandy,27.5,No,No,Local,4.95
Taraba,Yam,1.12,1491.5,24.7,5.69,Loamy,99.9,No,Yes,Local,10.17
Yobe,Rice,1.56,602.2,33.4,6.04,Clay,103.6,No,No,Local,2.72
Edo,Maize,1.01,1854.5,28.9,5.27,Clay,115.5,No,Yes,Local,1.76
Yobe,Cassava,0.74,677.6,32,6.29,Sandy,3.7,No,No,Improved,7.24
Bauchi,Maize,1.35,665,33.7,7.48,Sandy,150.1,No,No,Improved,2.59
Edo,Maize,1.02,2105.3,22.5,6.06,Loamy,163,Yes,No,Local,0.6
Lagos,Sorghum,1.2,2430.2,22.4,5.61,Clay,39,Yes,No,Local,1.06
Borno,Maize,1.17,597.8,34.8,7.53,Sandy,135.4,Yes,No,Local,2.06
Rivers,Cassava,1.03,2056.3,24.9,6.03,Clay,61.9,No,No,Improved,11.03
Ebonyi,Rice,3.49,1665.5,23.2,6.66,Sandy,69.6,No,No,Local,2.74
Gombe,Yam,1.37,967.3,33,5.35,Clay,164.6,No,No,Improved,7.24
Delta,Maize,2.04,1989.8,29,5.78,Clay,194.2,No,No,Local,1.69
Delta,Rice,1.2,2341.3,26.1,6.79,Sandy,55.3,No,No,Local,2.54
Delta,Rice,1.08,2443.9,28.2,6.56,Loamy,159.6,Yes,No,Improved,3.76
Enugu,Cassava,0.96,2431.6,26.5,5.96,Sandy,110,No,No,Local,8.52
Katsina,Maize,1.21,587.3,30.6,5.75,Sandy,119,No,No,Local,2.76
Plateau,Cassava,4.34,1390.4,24.9,6.27,Sandy,12.7,Yes,No,Local,6.49
Kwara,Rice,0.81,1452.7,29,5.8,Clay,58.8,Yes,Yes,Local,3.89
Abia,Cassava,0.26,1744.5,23.3,6.83,Clay,183.8,No,No,Local,7.53
Sokoto,Sorghum,1.79,384.5,36.1,4.86,Loamy,123.5,No,Yes,Improved,1
Katsina,Maize,0.22,483.8,29.3,7.63,Sandy,130.3,Yes,No,Local,2.43
Ebonyi,Cassava,0.74,2392.6,27.3,6.4,Clay,77.9,Yes,No,Improved,13.46
Zamfara,Yam,3.43,762.6,32.5,5.86,Sandy,131.8,No,No,Local,6.71
Akwa Ibom,Sorghum,2.35,1766.6,26.6,5.92,Loamy,40.1,No,No,Local,1.26
Abia,Maize,0.36,1985.7,22.6,5.73,Loamy,126.5,Yes,No,Local,2.06
Ondo,Sorghum,1.1,2193.9,29.1,6.12,Loamy,81.3,No,No,Improved,1.49
Kwara,Yam,1.19,1405.2,27.9,5.69,Loamy,106.8,Yes,No,Local,8.45
Enugu,Yam,3.96,1857.2,23.3,6.71,Loamy,154.7,No,No,Local,6.53
Katsina,Rice,3.57,602.2,35.9,6.29,Sandy,68.6,No,No,Improved,3.4
Lagos,Cassava,0.51,2185.9,23.8,5.17,Clay,54.4,Yes,No,Improved,6.99
Abia,Maize,2.35,1955.1,22.4,6.79,Sandy,109,Yes,Yes,Local,2.52
Osun,Rice,4.19,2371.9,28.6,6.34,Loamy,128,No,No,Local,3.21
Ogun,Yam,1.43,2183.7,30,5.55,Loamy,17.7,Yes,No,Improved,7.7
Kano,Rice,7.61,798.9,30.9,7.51,Sandy,161,No,No,Local,2.06
Borno,Yam,7.53,335.2,28.1,6.05,Loamy,57.5,Yes,No,Improved,10.18
Bauchi,Rice,0.33,731.5,33.7,5.42,Clay,151.5,Yes,No,Local,2.72
Borno,Yam,4.87,558,35.4,6.01,Sandy,98.1,No,Yes,Improved,10.19
Oyo,Rice,3.8,1936.5,24.5,4.69,Loamy,76.6,Yes,No,Local,3.51
Kaduna,Sorghum,0.79,670.9,29.9,7.08,Loamy,19.3,Yes,No,Improved,1.93
Kogi,Yam,0.94,1193.2,31.1,6.61,Loamy,32.4,No,No,Improved,9.12
FCT,Cassava,1.06,1080.6,30.9,5.88,Clay,94.8,No,No,Local,7.87
Nasarawa,Sorghum,1.67,1099.7,29.1,5.25,Loamy,27.1,Yes,No,Local,1.45
Nasarawa,Yam,3.59,1026.5,31.4,7.31,Clay,109.2,No,No,Local,6.65
Kano,Cassava,1.5,981.6,31.4,6.57,Clay,48.7,Yes,No,Improved,12.11
Ondo,Rice,1.28,1569.2,26.3,5.74,Sandy,82.4,No,Yes,Local,3.44
Ogun,Maize,0.46,1537.8,29.4,4.82,Clay,115.2,No,Yes,Local,2.3
Zamfara,Maize,0.99,963.3,27.9,6.61,Loamy,83.8,No,No,Local,2.08
Edo,Sorghum,0.87,1709,23.7,7.71,Loamy,33.3,Yes,No,Local,1.23
Kaduna,Sorghum,0.2,796.1,34.6,6.76,Sandy,7.3,Yes,No,Local,1.32
Katsina,Rice,1.33,302.7,36,4.91,Sandy,141.7,No,Yes,Local,2.19
Sokoto,Yam,1.01,627.9,28.1,6.87,Sandy,48,Yes,No,Local,4.07
Kwara,Sorghum,0.47,1314.7,31.5,5.25,Loamy,123.6,No,No,Improved,0.81
Anambra,Cassava,3.32,1576.2,26.4,6.37,Loamy,42.9,No,No,Local,7.63
Jigawa,Cassava,12.03,584,32,4.99,Sandy,21.6,Yes,Yes,Local,9.58
Bauchi,Sorghum,2.24,753.6,29.8,5.46,Clay,40.6,No,No,Local,1.14
FCT,Rice,0.42,1173.6,31,6.24,Loamy,107.4,Yes,No,Local,3.23
Niger,Sorghum,0.86,1138.8,28.8,5.46,Loamy,64,No,No,Improved,1.64
Edo,Rice,2.57,1802.1,28.6,4.95,Clay,85.6,No,No,Improved,3.74
Cross River,Rice,1.3,2086.8,24.5,5.12,Sandy,157.2,No,Yes,Improved,3.58
Edo,Maize,2.52,2233.4,23.7,5.33,Clay,232.5,Yes,No,Local,1.19
Bauchi,Rice,2.69,701.7,34.9,5.72,Sandy,111.1,Yes,No,Local,4.03
Sokoto,Rice,4.14,438.9,29.4,6.37,Clay,129.8,No,Yes,Local,3.41
Ekiti,Maize,0.55,1926.2,26.2,5.44,Clay,114.8,No,No,Local,2.36
Kaduna,Cassava,1.1,661.8,27.5,5.48,Sandy,143.6,Yes,No,Local,4.55
Niger,Cassava,2.21,1392,26.7,5.57,Sandy,104.6,Yes,No,Local,11.57
Nasarawa,Cassava,1.18,1021.1,25.7,5.77,Clay,120.3,No,No,Improved,11.57
FCT,Cassava,0.41,1137.9,27.4,5.43,Sandy,27.2,No,No,Local,8.84
Edo,Yam,1.07,1680.2,26,5.24,Clay,126.9,Yes,No,Improved,9.13
Akwa Ibom,Rice,0.56,1812.4,22.2,5.97,Loamy,158.1,Yes,Yes,Improved,4.73
Cross River,Sorghum,3.01,2469.7,26.1,5.68,Clay,51.8,No,Yes,Local,1.6
Imo,Sorghum,0.7,2272.5,24.5,6.05,Clay,69.7,Yes,Yes,Improved,2
Plateau,Sorghum,1.16,1496.4,30.1,6.54,Loamy,60,Yes,No,Improved,1.55
Plateau,Maize,0.27,1286.9,24.8,6.35,Clay,131.6,No,No,Local,1.92
Taraba,Maize,0.44,1342.2,28.1,5.22,Clay,85.2,Yes,Yes,Local,1.96
Enugu,Cassava,2.2,2171.6,22.4,5.73,Loamy,83.2,Yes,Yes,Local,8.17
Anambra,Cassava,2.68,1953.3,23.9,5.57,Sandy,152.6,Yes,No,Local,8.81
Imo,Maize,0.7,2322.8,26,5.23,Clay,102.3,Yes,No,Improved,2.13
Imo,Cassava,5.08,1813.9,29.1,5.25,Loamy,43.2,No,No,Local,9.79
Ebonyi,Sorghum,1.41,1685.9,23.7,6.35,Sandy,67.4,No,No,Local,1.16
Bayelsa,Cassava,1.83,1922,22.1,5.56,Loamy,42,No,No,Local,9.56
Abia,Sorghum,2.18,2300.5,29.7,7.77,Clay,49.1,Yes,No,Improved,1.44
Bayelsa,Maize,1.07,2223.9,26,6.47,Clay,133.8,No,No,Local,2.12
Sokoto,Rice,1.39,328.9,30.4,5.4,Sandy,63.1,No,No,Local,2.4
Gombe,Cassava,0.2,862.8,29.4,6.32,Sandy,137.9,No,No,Local,7.83
Kwara,Sorghum,1.8,1043.4,24.5,6.79,Loamy,62.5,No,No,Improved,1.45
Enugu,Rice,4.38,2424.7,27.8,6.27,Loamy,105.6,No,No,Local,2.61
Bayelsa,Rice,3.56,1945.5,23.1,6.19,Sandy,78.3,Yes,No,Local,3.09
Benue,Rice,0.61,1248,24.1,5.55,Loamy,171.1,Yes,No,Local,2.91
Kebbi,Maize,0.85,884.8,26.2,6.32,Clay,76.3,No,No,Improved,2.49
Ondo,Cassava,0.58,1879.7,24.6,6.73,Clay,58.2,Yes,No,Improved,11.6
Taraba,Yam,0.43,1316.8,26.2,4.75,Loamy,135.9,Yes,No,Improved,9.35
Niger,Cassava,0.71,1372.9,31.2,6.06,Sandy,87,Yes,No,Local,11.33
Benue,Sorghum,3.43,1262.1,26.7,5.5,Loamy,66.4,Yes,No,Local,1.17
Osun,Maize,1.71,1985.1,26.4,6.79,Loamy,116.1,Yes,No,Local,1.75
Benue,Rice,3.61,1201.5,28.4,5.88,Clay,73.9,Yes,No,Local,2.21
Oyo,Rice,9.45,2489.5,29.4,5.91,Loamy,82.3,No,No,Local,2.73
Rivers,Cassava,3.77,2122.6,24.2,7.01,Clay,120,No,No,Local,7.79
Yobe,Yam,2.19,647.8,28.2,6.27,Sandy,99.7,Yes,No,Improved,7.14
Zamfara,Rice,0.98,855.4,28.7,5.87,Sandy,82.5,No,No,Local,2.68
Delta,Maize,3.47,2321.2,27.5,6.77,Loamy,62,Yes,No,Local,1.73
Plateau,Yam,7.29,1182.8,31.4,7.01,Sandy,116.1,Yes,No,Improved,7.99
Lagos,Cassava,2.23,2093.7,28.9,5.57,Loamy,86,Yes,No,Local,7.3
Kogi,Maize,2.75,1062.3,25.1,6.04,Sandy,111.1,No,No,Local,2.62
Katsina,Maize,1.08,574.1,28.7,5.24,Clay,167.8,No,No,Local,1.99
Cross River,Cassava,1.82,2113.3,25.3,5.4,Sandy,114.1,No,No,Local,7.45
Lagos,Maize,2.09,2392.4,26,5.54,Loamy,161.6,No,No,Improved,2.43
Cross River,Cassava,1.36,1568,24.9,7.34,Loamy,107.8,No,No,Improved,11.84
Ogun,Yam,2.8,2322.9,25.6,5.41,Clay,138.3,Yes,No,Improved,8.45
Delta,Maize,16.49,1753.6,29.7,4.73,Sandy,62.5,No,No,Local,1.79
Borno,Cassava,0.74,436.2,35.4,4.79,Sandy,133.6,No,No,Local,6.78
Bayelsa,Sorghum,2.6,2262.5,29.8,5.93,Clay,20.4,No,No,Improved,1.29
Taraba,Cassava,2.23,1333.4,31.6,6.88,Loamy,69.7,Yes,No,Improved,11.19
Adamawa,Cassava,0.59,1148.3,30.4,5.97,Clay,101.2,No,No,Local,8.64
Cross River,Cassava,0.88,1585.6,29.9,5.22,Sandy,21.1,No,No,Improved,8.61
Kano,Sorghum,3.36,994.4,32.8,6.07,Clay,70.4,No,No,Local,1.55
Cross River,Sorghum,4.64,1519.3,22.6,6.06,Loamy,137.8,No,No,Local,1.04
Benue,Rice,7.55,1434.1,31.9,5.56,Clay,78.1,Yes,No,Improved,3.59
Osun,Cassava,0.68,1951.9,24.8,6.29,Loamy,1,No,No,Improved,9.5
Ebonyi,Yam,0.38,1598.6,22.7,6.78,Clay,72.8,No,No,Local,8.05
Kogi,Sorghum,0.84,1453.1,28.6,5.46,Sandy,33.9,No,No,Improved,1.46
Kebbi,Sorghum,0.95,925,29,6.12,Clay,135,No,No,Improved,1.46
Kebbi,Sorghum,1.59,662.2,31.9,7.28,Sandy,37.6,Yes,No,Local,1.52
Adamawa,Yam,0.54,1048.8,25.5,6.32,Loamy,24,Yes,No,Local,7.65
Taraba,Cassava,4.85,1105.1,25.7,5.86,Loamy,72.9,No,No,Local,10.49
Akwa Ibom,Cassava,5.4,2260,23.9,5.98,Loamy,123,No,No,Local,7.93
Oyo,Maize,0.93,1991.8,29,6.02,Clay,70.1,No,No,Local,1.92
Imo,Yam,3.12,2429.8,27.8,4.84,Loamy,188.9,Yes,No,Local,6.51
Edo,Cassava,0.6,1628.2,28.2,6.06,Sandy,59.8,No,No,Improved,12.16
Edo,Maize,1.18,1938.5,22.8,6.32,Loamy,82,Yes,No,Improved,2.89
Borno,Maize,6.97,562.4,34.5,5.08,Sandy,127,Yes,Yes,Local,2.01
Lagos,Sorghum,3.51,1614.1,24.3,7.42,Clay,96.3,No,Yes,Local,1.45
Sokoto,Maize,2.25,605.9,35.9,6.23,Sandy,80,Yes,No,Local,2.18
Sokoto,Cassava,2.38,672.9,36.9,5.83,Sandy,111.8,No,No,Local,9.12
Borno,Sorghum,1.61,634.3,33.1,5.75,Sandy,47.6,No,Yes,Improved,1.83
Zamfara,Maize,2.24,992.4,32,5.87,Clay,169.9,Yes,No,Local,2.3
Ekiti,Maize,0.22,2494.2,24.3,4.9,Clay,117.1,No,No,Local,1.83
Lagos,Maize,0.47,1603.7,28.3,6.34,Clay,146.5,Yes,No,Local,2.15
Ebonyi,Rice,2.87,1655,22.6,5.75,Clay,123.9,No,Yes,Improved,4.37
Ondo,Sorghum,1.96,2210.5,27.6,6.31,Clay,58.7,Yes,No,Improved,1.43
Kwara,Yam,2.28,1231.3,24.7,6.43,Sandy,92.1,No,No,Improved,10.2
Ondo,Cassava,8.48,2054.3,24.6,6.12,Loamy,146.9,No,No,Local,7.65
Kaduna,Yam,2.39,940.3,26.9,6.83,Loamy,61.4,No,No,Improved,8.49
Kano,Rice,1,631.9,30.2,6.06,Loamy,83.9,Yes,No,Local,4.04
Edo,Rice,2.21,2462.8,24.3,5.57,Sandy,75,Yes,No,Improved,3.6
Kano,Yam,0.84,719.3,30.7,5.92,Loamy,27.6,Yes,No,Improved,7.62
Plateau,Yam,1.67,1078.6,28.1,6.47,Clay,155.9,No,No,Local,7.45
Delta,Yam,0.71,1696.6,24,5.95,Clay,91.4,No,No,Local,8.3
Jigawa,Rice,0.35,483.5,34.8,6.66,Sandy,148.5,Yes,No,Improved,4.02
Plateau,Maize,1.05,1489,27.3,5.45,Clay,107.8,No,No,Local,1.87
Kwara,Maize,0.91,1050.8,31.1,4.91,Sandy,149,Yes,No,Improved,2.71
Imo,Yam,2.93,1609.1,23.4,5.8,Loamy,140.5,No,Yes,Improved,9.09
Rivers,Yam,1.1,1517.8,28.7,6,Clay,131.3,Yes,No,Improved,13.56
Osun,Yam,17.55,1588.2,25.3,7.33,Clay,121.2,No,No,Improved,9.36
Osun,Yam,1.65,1891.9,25,6.68,Loamy,128.8,No,Yes,Local,9.41
Yobe,Sorghum,0.62,564,28.7,4.79,Sandy,85.1,Yes,No,Improved,1.36
Bayelsa,Rice,1.99,2461.1,29.5,5.41,Loamy,87.7,No,No,Improved,3.42
Delta,Cassava,8,2011.3,27.8,5.86,Clay,126.7,Yes,No,Local,9.89
Imo,Rice,0.53,1923.5,25.9,5.48,Clay,24.6,No,No,Local,2.6
Cross River,Cassava,1.19,1916.1,26,5.69,Clay,120.3,Yes,No,Local,10.04
Bauchi,Yam,0.36,745.2,31.4,5.35,Clay,107.5,Yes,No,Local,7.43
Plateau,Yam,2.52,1190,31.1,7.06,Loamy,83.6,No,No,Local,6.42
Niger,Sorghum,0.59,1234.8,31.9,6.18,Loamy,64.3,No,Yes,Improved,2.01
Imo,Cassava,1.15,1929.6,23.7,6.23,Sandy,15.7,Yes,No,Improved,10.49
Yobe,Maize,5.11,482.2,33.8,5.81,Sandy,88.9,No,No,Local,1.76
Plateau,Cassava,0.59,1161.6,27.3,6.17,Loamy,97.1,Yes,No,Local,8.2
Abia,Yam,2.95,2222,24.9,5.87,Clay,71.3,No,No,Local,7.87
Kano,Cassava,1.56,845.7,34.8,6.37,Clay,133.4,Yes,No,Local,8.33
Kwara,Sorghum,2.28,1207.9,30,5.19,Clay,100.8,No,No,Local,1.08
Bauchi,Sorghum,0.64,905.3,27,6.01,Loamy,76.2,Yes,No,Improved,1.85
Abia,Yam,5.16,1551.6,25.6,5.62,Clay,157.2,No,Yes,Improved,10.97
Nasarawa,Maize,0.51,1133.9,28.3,6.45,Loamy,136.4,No,Yes,Local,2.13
Edo,Cassava,3.23,1810.3,28.1,5.67,Loamy,87.3,No,No,Improved,11.12
Delta,Maize,1.57,2244.3,28.8,5.47,Sandy,102.4,No,No,Improved,2.24
Borno,Sorghum,3.3,437.7,33.7,6.8,Sandy,76.6,No,No,Improved,1.55
Enugu,Sorghum,3.5,1769.5,26,5.34,Loamy,23.6,No,No,Local,1.18
Osun,Maize,2.51,2397.7,25.2,6.77,Loamy,62.1,Yes,No,Local,1.64
Bauchi,Sorghum,0.79,965.2,30.4,7.07,Sandy,46.9,No,No,Local,1.43
Plateau,Sorghum,0.46,1183.9,25.6,5.62,Loamy,49.1,No,Yes,Improved,1.46
Ebonyi,Sorghum,4.14,2462.6,27.3,5.06,Loamy,71.7,Yes,Yes,Improved,1.58
Bayelsa,Yam,1.04,1915.7,24.3,5.25,Loamy,20.7,No,Yes,Local,8.79
Bayelsa,Cassava,0.63,2118.8,26.6,7.33,Sandy,102.4,No,No,Local,6.81
Benue,Rice,1.39,1125.3,24.9,5.82,Sandy,104.9,No,No,Local,2.78
Oyo,Maize,2.01,1858.3,27,7.22,Sandy,148.7,Yes,No,Improved,2.62
Adamawa,Maize,1.12,1315.5,25,6.34,Clay,106.9,No,No,Local,1.25
Ondo,Yam,2.43,2033.4,29.8,6.14,Clay,51.7,Yes,Yes,Local,10.58
Kaduna,Yam,2.08,919.8,26.5,6.37,Sandy,134.5,Yes,No,Improved,7.79
FCT,Rice,1.72,1349.1,25.8,7.14,Sandy,116.2,No,No,Improved,3.06
Yobe,Yam,1.66,401.8,34.4,7.47,Sandy,156.5,No,No,Local,5.57
Ebonyi,Rice,1.9,2260.1,27.9,6.1,Loamy,129.8,Yes,No,Local,3.12
Sokoto,Cassava,3.98,374.1,29.5,6.25,Clay,145,No,Yes,Local,7.63
Jigawa,Yam,0.51,321.1,36.6,6.82,Sandy,111.3,Yes,Yes,Local,8.4
Taraba,Sorghum,4.52,1261.6,24.3,6.54,Loamy,30,No,Yes,Improved,1.4
Kwara,Maize,6.28,1319.6,30.1,6.02,Sandy,124.6,No,No,Local,2.07
Osun,Sorghum,0.47,1906.3,24.2,6.05,Clay,75.9,No,No,Improved,1.51
Imo,Cassava,1.75,2085.6,28.1,5.47,Clay,102.8,No,No,Local,9.68
Rivers,Rice,5.1,2125.3,26.6,6.27,Clay,124.7,No,Yes,Local,2.5
Oyo,Cassava,2.27,2302.7,29.3,5.42,Clay,60,Yes,Yes,Local,8.89
Sokoto,Cassava,4.7,556.9,37.2,4,Sandy,114.7,No,No,Local,6.85
Gombe,Maize,0.52,756.9,32,5.91,Loamy,68.6,No,No,Local,1.74
Taraba,Rice,1.27,1005.5,29.7,5.89,Clay,37.8,No,No,Local,2.99
Ogun,Maize,0.72,2367,29,7.28,Clay,170.1,Yes,No,Improved,2.77
Kwara,Yam,9.3,1006.4,30.9,5.9,Clay,184.6,No,No,Improved,6.57
Taraba,Sorghum,1.01,1323.4,31,5.85,Loamy,0,No,No,Local,1.16
Enugu,Sorghum,4.9,1920,23.8,6.4,Clay,71,Yes,Yes,Improved,1.63
Kwara,Maize,5.12,1426.4,31.2,5.45,Clay,133.8,No,Yes,Local,2.25
FCT,Maize,0.62,1046.4,30.8,5.74,Sandy,94.7,No,No,Local,2.27
Osun,Sorghum,1.16,2100.2,26.8,4.66,Sandy,115.9,Yes,No,Local,1.1
Nasarawa,Maize,1.72,1290.4,25.8,5.87,Loamy,150.2,Yes,No,Local,2.44
Akwa Ibom,Rice,1.3,2142.7,28.8,6.52,Loamy,58.8,Yes,No,Local,3.19
Cross River,Yam,0.73,1724,22.2,6.76,Loamy,75.1,No,No,Improved,12.2
Oyo,Sorghum,2.08,1812.7,27.9,6.16,Clay,45.6,No,Yes,Improved,1.6
Kwara,Sorghum,0.99,1394.6,26.3,6.77,Sandy,111.2,No,Yes,Local,1.23
Akwa Ibom,Yam,1.46,2036.9,28.3,6.71,Clay,153.5,Yes,No,Local,6.86
Rivers,Cassava,4.61,1798.5,24.1,6.28,Clay,101.5,No,No,Local,9.25
Rivers,Rice,3.02,2182.7,26,6.1,Clay,16.4,Yes,No,Local,2.77
Abia,Cassava,0.84,1909.8,25.4,5.39,Loamy,65.5,No,No,Local,7.55
Delta,Cassava,5.8,2044.5,27.7,6.82,Loamy,64.6,Yes,No,Local,4.17
Gombe,Rice,0.57,924.3,26,7.82,Loamy,60.6,No,Yes,Local,2.41
Borno,Yam,6.06,527.7,37.5,5.52,Sandy,121.8,No,No,Improved,6.74
Sokoto,Yam,0.72,588.8,36,5.28,Sandy,76.7,Yes,No,Improved,5.35
Akwa Ibom,Yam,6.49,1707.7,22.1,5.58,Clay,165.5,No,No,Improved,7.57
Osun,Maize,3.65,1583.4,30,4.93,Clay,77.5,Yes,No,Improved,2.43
Kaduna,Maize,1.74,938.8,30.7,6.51,Sandy,111.1,Yes,No,Improved,2.65
Adamawa,Yam,0.78,1239.1,24.4,5.62,Sandy,100.7,No,No,Improved,9.62
Lagos,Maize,0.91,1950.2,23.9,7,Clay,156.8,Yes,Yes,Improved,2.87
Delta,Yam,0.2,1625.4,22.6,7.22,Sandy,165.4,Yes,No,Local,7.86
Yobe,Maize,1.09,385.3,33.4,6.47,Loamy,155.4,Yes,No,Local,1.65
Anambra,Cassava,2.15,1827.7,25.5,5.12,Clay,82.5,Yes,No,Local,10.27
Ondo,Yam,1.4,1536.3,23.4,6.23,Loamy,98.7,No,No,Improved,10.89
Ekiti,Maize,1.15,1956.3,28.7,5.37,Loamy,87.3,No,No,Improved,2.26
Taraba,Cassava,0.27,1342.1,26.2,6.22,Loamy,21.8,No,No,Improved,9.47
Borno,Rice,0.58,534.6,35.8,7.41,Sandy,136.7,No,No,Improved,2.77
Rivers,Cassava,1.82,1865.7,22.1,6.44,Loamy,128.1,No,No,Local,10.06
Ondo,Yam,1.21,1501.4,22.9,6.46,Loamy,91.2,Yes,No,Local,6.54
Kogi,Cassava,3.88,1052.9,26.9,6.26,Loamy,65.9,Yes,No,Improved,12.37
Taraba,Yam,2.57,1471.6,25.1,6.04,Clay,129.3,Yes,No,Local,8.46
Bayelsa,Yam,0.63,2018.5,29.7,5.18,Loamy,98.4,Yes,No,Local,6.53
Benue,Rice,1.83,1115.6,30.7,5.62,Loamy,112.6,No,Yes,Local,4.09
Oyo,Yam,7.73,2075.4,27.9,6.24,Loamy,145,No,No,Improved,7.9
Katsina,Cassava,1.78,350.7,34.4,4.51,Clay,151.2,No,No,Improved,7.87
Cross River,Rice,2.48,2044.1,22.6,4.85,Clay,94.1,No,Yes,Local,3.62
Ogun,Yam,0.86,1606.2,26.5,5.02,Sandy,66.3,No,No,Local,7.37
Enugu,Cassava,4.95,2317.7,24.2,6.57,Clay,105,No,No,Improved,8.23
Katsina,Sorghum,0.2,534.3,30.5,4.54,Sandy,53,No,No,Improved,1.69
Yobe,Maize,1.22,642.9,28.4,6.59,Clay,108.1,Yes,No,Improved,3.38
Taraba,Sorghum,0.55,1034.4,26.9,5.17,Clay,44.2,No,No,Improved,1.74
Plateau,Rice,4.61,1141.6,30.8,6.68,Clay,122.6,Yes,Yes,Local,2.65
Taraba,Sorghum,2.56,1496.9,26.1,6.25,Clay,33,Yes,No,Improved,0.82
Benue,Yam,0.41,1271.5,26.8,5.45,Sandy,97.1,No,No,Improved,12.19
Plateau,Cassava,0.48,1309.2,31.5,6.58,Loamy,88.7,No,Yes,Improved,14.43
FCT,Rice,0.81,1377.3,25.4,6.69,Clay,58.3,No,Yes,Improved,4.09
Zamfara,Sorghum,1.27,605.2,31.3,6.36,Sandy,45.8,No,No,Improved,1.41
Borno,Yam,1.82,576.4,31.1,6.35,Sandy,124.4,Yes,No,Local,7.4
Kwara,Rice,1.9,1211.8,26.2,6.42,Clay,169.3,No,No,Local,2.37
Abia,Maize,0.69,2217.3,25.1,6.15,Sandy,99.6,Yes,No,Local,1.87
Zamfara,Rice,1.57,997.9,30.9,4.81,Clay,134.2,Yes,No,Improved,4.24
Osun,Yam,1.04,2431.6,24.4,7.08,Loamy,51.2,No,No,Improved,8.8
Borno,Sorghum,0.89,671,35.2,5.85,Sandy,124.1,Yes,Yes,Improved,1.52
Ogun,Cassava,0.42,2065.9,29.8,7.27,Loamy,101.8,Yes,No,Improved,11.54
Kogi,Rice,1.62,1362.1,28.4,5.8,Loamy,134.7,No,Yes,Local,3.21
Kwara,Rice,2.34,1253.1,25.7,5.23,Loamy,159,Yes,No,Local,2.76
Kebbi,Maize,0.53,804,30.6,5.01,Sandy,134.1,Yes,No,Local,2.01
Gombe,Cassava,1.41,688,28.9,6.47,Sandy,129.1,No,No,Improved,8.46
Katsina,Yam,3.42,466.2,32.6,5.72,Sandy,105,No,No,Improved,10.48
Niger,Yam,0.39,1254.5,28.1,6.63,Loamy,84.5,Yes,No,Improved,9.58
Adamawa,Sorghum,6.66,1283.7,25.2,6.43,Loamy,55.4,Yes,Yes,Improved,1.02
Kaduna,Maize,0.72,758.9,28.9,6.29,Loamy,98.2,Yes,No,Local,1.99
Gombe,Sorghum,0.75,899.9,29.3,5.63,Sandy,106.5,Yes,No,Local,1.48
Ondo,Maize,0.74,1696.9,23.6,5.74,Clay,131.5,Yes,Yes,Local,2.86
Borno,Sorghum,0.74,309.7,30.8,6.64,Sandy,0,Yes,No,Improved,1.21
Gombe,Yam,1.31,932.4,32.1,5.57,Clay,102.2,No,No,Local,8.07
Taraba,Cassava,0.26,1032.3,30.2,5.57,Sandy,78.6,Yes,Yes,Improved,13.9
Kano,Yam,1.92,728.2,29.7,6.99,Sandy,121.6,Yes,No,Local,7.6
Abia,Maize,0.96,1846.4,23.7,6.28,Sandy,141.6,No,No,Local,2.02
Kaduna,Yam,3.26,825.6,34.3,6.02,Loamy,132.3,No,Yes,Local,9.19
Niger,Yam,1.08,1372,30.7,6.85,Loamy,106,No,No,Local,6.83
Lagos,Maize,0.76,1657.7,26.5,5.7,Clay,104.5,No,No,Local,2.09
Lagos,Cassava,0.49,2145.9,25.2,6.91,Clay,63.4,No,No,Local,6.84
Sokoto,Yam,0.82,340.7,33.7,6.1,Loamy,89.3,Yes,Yes,Local,7.09
Borno,Yam,2.13,479,33.8,6.36,Sandy,159.7,No,No,Local,6.01
Oyo,Sorghum,1.53,1947.1,27.7,4.73,Loamy,56.8,Yes,No,Local,1.06
Bayelsa,Maize,4.32,1787.3,24.6,7.56,Loamy,149.6,Yes,No,Local,1.8
Anambra,Rice,2.41,1861.5,23.7,7.08,Loamy,67,No,No,Local,2.72
Sokoto,Cassava,1.65,343.3,31.3,5.4,Sandy,106.7,Yes,No,Improved,11.02
Kaduna,Maize,0.7,918,31.3,6.25,Clay,126.6,Yes,No,Local,2.69
Nasarawa,Sorghum,1.42,1224.3,25.6,6.19,Sandy,38.8,No,Yes,Local,1.42
Abia,Maize,2.63,2233.1,23.8,6.07,Loamy,95.1,No,No,Improved,2.05
Edo,Sorghum,0.2,1940.9,26.5,6.39,Clay,22.4,No,No,Local,0.96
Yobe,Yam,5.74,536.1,28.6,5.87,Sandy,119.5,No,No,Improved,10.68
Enugu,Sorghum,3.31,2393.4,23.3,6.4,Clay,42.8,No,No,Local,1.2
Rivers,Yam,5.07,1511,23.9,5.49,Clay,186.9,Yes,No,Local,6.84
Rivers,Cassava,0.53,2446.1,24.4,6.15,Clay,39.6,No,No,Improved,7.3
Kwara,Cassava,5.36,1198.6,25.4,5.88,Clay,101.3,Yes,No,Improved,11.03
Ogun,Rice,1.07,1662.3,22.6,6.02,Clay,108,No,No,Improved,3.01
Katsina,Sorghum,1.43,564.4,33.2,6.1,Sandy,23.8,No,No,Improved,1.7
Oyo,Rice,1.04,1982.6,29.5,7.17,Clay,54.7,No,No,Local,2.41
Kaduna,Rice,0.86,739.4,31.1,5.8,Sandy,144.8,Yes,No,Local,3.19
Katsina,Rice,2.25,525,33.8,6.17,Sandy,147.8,Yes,No,Local,2.43
Zamfara,Cassava,1.85,959.1,26.2,5.77,Loamy,89.7,Yes,Yes,Improved,14.98
Akwa Ibom,Rice,2.09,1875.4,27.8,5.54,Sandy,45.8,Yes,No,Local,2.97
Imo,Rice,3.57,1926.4,22,5.36,Loamy,132.3,No,No,Improved,2.62
Sokoto,Rice,1.95,399.9,31.4,6.02,Clay,95,Yes,No,Local,2.65
Taraba,Rice,2.45,1379.8,25,5.64,Loamy,84.9,No,No,Local,3.26
Ondo,Yam,5.08,2295.3,26.6,6.19,Loamy,79.9,Yes,Yes,Local,9.38
Bayelsa,Sorghum,0.44,1965.8,26.5,6.47,Loamy,87.2,No,No,Improved,1.54
Enugu,Yam,1.68,2020.6,26.3,6.1,Clay,94,No,No,Local,7.14
Jigawa,Yam,1.43,372.7,37.1,6.32,Sandy,73.8,Yes,No,Local,6.42
Enugu,Sorghum,0.2,1584.1,24.4,5.6,Clay,132.7,Yes,No,Local,1
Kogi,Rice,1.34,1074.4,25.6,7.03,Clay,100.1,No,Yes,Local,3.12
Sokoto,Maize,2.2,411.5,28.8,5.79,Sandy,98.9,No,No,Local,2.07
Ondo,Maize,0.53,1720.2,30,5.61,Loamy,140.2,Yes,Yes,Improved,2.37
Benue,Rice,1.36,1398.4,25.8,6.58,Loamy,85.1,No,No,Improved,3.5
Ogun,Sorghum,5.21,2455.6,28.8,6,Clay,73.8,No,Yes,Local,1.47
Anambra,Cassava,3.13,2139.3,28.7,5.59,Loamy,109.3,No,No,Improved,12.55
Katsina,Cassava,1.44,489.9,36.3,5.33,Loamy,115.4,Yes,No,Improved,10.89
Akwa Ibom,Cassava,6.77,1547.4,24.9,5.68,Clay,74.6,No,No,Local,9.19
Gombe,Sorghum,4.85,758.9,31.2,6.3,Loamy,43.3,No,No,Improved,1.94
Jigawa,Rice,0.28,657.4,37.8,5.77,Loamy,117.2,No,No,Improved,3.5
Yobe,Rice,0.92,512.9,35.2,6.22,Sandy,166.7,Yes,No,Local,2.66
Zamfara,Yam,2.15,796.7,29.3,5.87,Sandy,75.4,No,No,Local,8.96
Nasarawa,Rice,4.81,1230.7,26,4.9,Loamy,138.3,No,Yes,Local,2.9
Plateau,Maize,0.6,1380.8,28.5,6.2,Loamy,137,No,No,Local,2.02
Kogi,Cassava,0.69,1253.2,25.1,5.42,Clay,84.7,No,No,Improved,12.29
Lagos,Yam,1.11,1754.2,29.9,5.75,Clay,138.3,Yes,No,Local,8.46
Zamfara,Rice,0.69,982.9,31.3,5.12,Sandy,89.5,No,No,Local,3.39
Ebonyi,Rice,0.84,2013.4,23.6,5.28,Loamy,91.7,No,No,Local,2.5
Edo,Cassava,1.81,2144.9,24.3,6.24,Clay,8.6,No,No,Local,6.37
Akwa Ibom,Cassava,0.68,1785.5,23.8,5.66,Sandy,91.2,No,No,Local,7.85
Ogun,Cassava,2.6,2416.6,28.6,5.79,Clay,30.1,No,Yes,Improved,9.86
Enugu,Maize,1.82,2116.8,29.5,6.49,Loamy,156.8,No,No,Improved,2.03
Bayelsa,Cassava,0.49,2460,29.3,6.37,Loamy,0,No,No,Local,4.49
Ogun,Rice,1.09,2423.5,23.6,5.29,Loamy,98,No,No,Local,0.87
Ondo,Sorghum,5.4,2288.1,25.7,7.22,Clay,84.1,No,No,Improved,1.57
Kebbi,Yam,1.22,790.9,28.1,5.33,Sandy,67.1,No,No,Local,5.83
Borno,Cassava,3.29,317.6,33.6,4.26,Sandy,40.7,No,No,Local,6.9
Bayelsa,Maize,2.06,2216.4,28.7,5.73,Clay,78.6,Yes,No,Improved,2.26
FCT,Cassava,0.39,1056.9,25.5,6.27,Sandy,134.6,No,Yes,Improved,10.76
Taraba,Yam,0.89,1467.6,28.7,4,Sandy,118.9,No,No,Improved,2.93
Adamawa,Rice,3.26,1111.7,30.3,6.22,Sandy,49.8,No,No,Local,3.15
Ondo,Cassava,6.25,1995.6,29.5,6.41,Loamy,91.7,No,No,Improved,10.35
Kaduna,Sorghum,0.45,675.3,34.6,5.43,Sandy,57.7,Yes,No,Local,0.54
Cross River,Maize,0.91,1602.3,23.9,7.12,Sandy,99.8,No,No,Improved,2.68
Yobe,Yam,4.18,512.5,37.1,6.78,Clay,41.8,No,No,Local,5.25
Edo,Yam,0.47,2067.1,22.4,5.6,Loamy,128.3,Yes,No,Local,6.65
Kaduna,Maize,3.14,713.6,27.3,5.44,Sandy,70.4,No,No,Improved,2.37
Ondo,Rice,0.61,2012.5,28.4,6.3,Loamy,153.4,No,No,Local,2.96
Bayelsa,Rice,3.08,1688.9,26.6,5.38,Clay,145.5,No,Yes,Improved,4.29
Kano,Cassava,0.86,617.7,31.4,6.42,Loamy,91.5,No,No,Local,8.73
Kano,Rice,1.4,646.3,27.8,5.28,Sandy,149.4,No,No,Improved,2.81
Kogi,Rice,2.49,1247.2,28.4,6.2,Loamy,61.5,No,No,Improved,3.71
Cross River,Cassava,0.4,2068.2,24.1,6.11,Loamy,177.5,No,No,Local,7.06
Rivers,Sorghum,0.49,1620.2,26.1,7.28,Loamy,41.3,Yes,No,Improved,1.65
Akwa Ibom,Yam,2.51,1702,23.6,5.25,Sandy,117.2,No,No,Local,6.81
Osun,Maize,4.74,2010.2,22.1,6.14,Clay,145.3,No,No,Local,1.76
Akwa Ibom,Rice,2.74,2107.3,23.5,5.44,Clay,132,No,No,Local,3.12
Imo,Sorghum,1.39,2047.9,25.8,5.32,Loamy,46,No,No,Improved,1.55
Lagos,Maize,1.69,2110.3,26.7,6.06,Clay,98.3,No,No,Improved,2.43
Zamfara,Yam,1.87,605.8,29.2,6.07,Sandy,95.4,No,No,Improved,9.12
Edo,Sorghum,3.18,2388.3,22.4,5.65,Clay,71.9,Yes,No,Improved,1.52
Cross River,Cassava,0.84,1948.3,24.8,7.07,Loamy,94.3,Yes,Yes,Improved,13.78
Kwara,Cassava,3.48,1178.3,30.9,6.22,Sandy,122.6,No,Yes,Local,9.13
Edo,Rice,3.09,1889.6,22.4,5.86,Clay,89.1,No,No,Improved,3.13
Osun,Sorghum,4.93,1808.6,26,6.01,Loamy,67.5,Yes,No,Improved,1.73
Anambra,Sorghum,1.24,1572.8,23.2,6.84,Clay,12.3,No,No,Improved,1.25
Edo,Maize,0.4,1927.7,26.2,6.58,Sandy,52.3,No,No,Improved,2.18
Kebbi,Yam,3.81,652,31.3,5.7,Clay,72.5,No,No,Improved,10.61
Kano,Yam,2.18,613,27.7,5.83,Loamy,81.3,Yes,No,Local,7.07
Delta,Yam,4.05,1526.7,28,6.33,Loamy,68.3,Yes,No,Improved,9.85
Bauchi,Sorghum,0.56,818,30.1,6.11,Loamy,73.9,No,No,Improved,1.5
Akwa Ibom,Sorghum,2.85,1826.6,27.3,6.27,Sandy,111.2,No,Yes,Improved,1.28
Ogun,Maize,1,2044.1,22.1,6.6,Loamy,68.8,No,No,Improved,2.53
Rivers,Maize,2.52,1545.7,29.9,5.15,Loamy,104.5,Yes,No,Local,2.1
Lagos,Cassava,0.47,1760.2,22.7,5.76,Clay,43.2,Yes,No,Improved,11.44
Imo,Yam,0.29,1938.5,25.3,5.89,Loamy,152,Yes,No,Local,9.3
Sokoto,Yam,0.33,556.7,36.8,6.84,Sandy,131,Yes,No,Improved,9.7
Ebonyi,Maize,1.14,1825.9,28.1,5.96,Loamy,195.1,No,No,Local,1.93
Abia,Yam,5.69,2134.3,24.6,5.9,Loamy,179.6,No,No,Local,7
Ebonyi,Cassava,1.8,2275.5,29.1,6.14,Clay,75.3,Yes,No,Local,10.12
FCT,Yam,1.9,1149.5,31.8,5.9,Sandy,115.8,No,No,Improved,9.59
Lagos,Sorghum,14.81,1811.8,26.8,6.07,Clay,43.3,No,No,Improved,1.73
Kaduna,Cassava,1.37,860.9,28.9,6.53,Clay,160.7,No,No,Local,8.73
Abia,Sorghum,0.59,2381.2,24.2,5.18,Clay,106.7,No,No,Local,0.95
Zamfara,Yam,1.56,761.1,31.8,4.8,Sandy,99.7,No,No,Local,6.72
Kogi,Sorghum,1.23,1237.3,29.7,5.85,Sandy,25.2,No,No,Local,1.3
Adamawa,Rice,1.81,1450.2,31.7,7.1,Clay,148.4,No,Yes,Local,2.85
Cross River,Yam,3.99,2464.5,24.8,6.99,Sandy,65.5,No,Yes,Local,7.61
Gombe,Sorghum,3.07,677.6,31.2,7.55,Loamy,40.8,No,No,Improved,1.45
Lagos,Rice,2.09,2405.4,27.8,5.85,Loamy,186.4,Yes,No,Local,1.32
Benue,Maize,1.63,1223.7,30.8,6.15,Loamy,110.9,Yes,No,Local,2.03
Taraba,Sorghum,1.34,1485.1,28.2,6.74,Loamy,30.5,No,Yes,Improved,1.82
Rivers,Sorghum,2.13,1918.1,22.9,5.66,Clay,87.3,Yes,No,Improved,0.38
Ekiti,Rice,0.31,2364,27.2,5.67,Clay,66.9,No,No,Improved,3.36
Enugu,Rice,2.78,2146.9,28.5,4.42,Sandy,147.4,No,No,Improved,3.89
Bauchi,Maize,0.26,726.7,34.8,5.39,Clay,125.3,No,No,Local,1.98
Rivers,Yam,0.9,2295.1,29.4,6.9,Clay,126.5,No,No,Local,6.19
Akwa Ibom,Cassava,1.54,1926.5,23,6.29,Clay,147,Yes,No,Local,8.68
Oyo,Maize,1.46,1780.6,24.5,5.73,Clay,141.2,Yes,No,Local,2.09
Plateau,Cassava,1.37,1321.3,24.9,6.1,Loamy,89.4,No,Yes,Local,10.96
Delta,Maize,2.15,2123.3,26.7,6.65,Clay,184.6,Yes,No,Local,2.3
Nasarawa,Yam,11.27,1400.3,26.1,7,Clay,151.4,Yes,Yes,Local,7.4
Kogi,Rice,1.76,1407.6,26.5,5.81,Sandy,109,No,No,Improved,4.41
Kano,Cassava,2.27,744.1,32.8,6.51,Sandy,62.3,No,No,Local,8.38
Bayelsa,Maize,1.91,1695.3,23.2,4.95,Clay,173.2,Yes,Yes,Local,2.62
Borno,Maize,0.49,497.1,36.3,5.22,Clay,153.5,No,No,Local,2.2
Ebonyi,Sorghum,0.25,2019,26.6,5.29,Clay,25.3,Yes,Yes,Local,1.18
Zamfara,Yam,0.72,985.6,30.6,5.56,Sandy,96.6,Yes,No,Improved,13.71
Kaduna,Cassava,5.04,688.6,26.6,5.53,Clay,148,Yes,No,Local,6.54
Katsina,Rice,7.93,684.7,36.1,6.59,Sandy,80,Yes,No,Local,2.1
Edo,Sorghum,1.16,1792.1,29.4,6.04,Loamy,48.2,Yes,No,Improved,1.55
Yobe,Maize,1,400.2,34.6,5.72,Sandy,102.3,Yes,No,Local,1.78
Oyo,Maize,1.39,1550,24.8,5.33,Clay,145.1,Yes,No,Improved,2.51
Kwara,Yam,9.34,1217.5,29.2,5.22,Clay,118.4,No,No,Local,6.02
Rivers,Cassava,2.96,2154,23.5,6.66,Loamy,40.2,Yes,No,Local,7.1
Kano,Maize,3.42,891,31.3,5.89,Sandy,111.1,Yes,No,Improved,2.07
Rivers,Rice,2.5,2438.9,23,5.14,Clay,105.1,Yes,No,Local,3
Bauchi,Yam,0.37,638.4,31.7,6.77,Clay,126.1,No,Yes,Local,8.61
Borno,Cassava,0.73,528.9,30.3,6.54,Clay,65.7,Yes,No,Local,9.21
Niger,Cassava,2.2,1126,30.3,5.49,Clay,79.8,No,No,Local,11.18
Oyo,Maize,0.73,1734.8,27,5.53,Sandy,152.7,Yes,No,Improved,2.78
Ogun,Cassava,2.38,2415.5,25.6,7.3,Sandy,72.7,Yes,Yes,Improved,12.19
Edo,Cassava,1.96,1899.7,29.5,6.67,Sandy,16.4,Yes,No,Improved,8.46
Enugu,Sorghum,0.24,1899.3,27.9,6.05,Clay,86.5,Yes,No,Improved,1.7
Adamawa,Yam,0.84,1009.1,24.5,7.88,Loamy,165.8,Yes,No,Local,6.4
Imo,Cassava,0.61,2340.5,29.4,5.31,Loamy,56,Yes,Yes,Improved,12.9
Benue,Yam,0.48,1268.2,28,5.43,Loamy,105.8,No,No,Local,7.58
Jigawa,Rice,1.03,480.3,34,4.89,Sandy,149.1,Yes,No,Local,2.58
Borno,Sorghum,0.99,606.9,37.8,5.26,Clay,74.7,Yes,No,Local,1.16
Edo,Yam,0.57,2058.6,24.4,4.98,Loamy,85.3,No,Yes,Improved,10.35
Kaduna,Maize,2.75,957.4,26.4,6.67,Clay,90.6,No,No,Improved,2.54
Yobe,Yam,3.42,535,38,6.47,Sandy,59.7,No,No,Improved,5.17
Sokoto,Cassava,1.88,568.4,35.8,4.96,Clay,83.5,No,No,Local,7.96
Plateau,Cassava,0.42,1320.8,31,6.24,Loamy,35.5,No,No,Improved,7.77
Akwa Ibom,Rice,1.51,2212,25.2,5.25,Sandy,193.2,No,No,Local,2.19
Borno,Sorghum,0.28,490.6,34.4,6.45,Sandy,32,No,No,Local,1.27
Ekiti,Maize,0.44,1884.6,26.1,6.12,Loamy,154.2,Yes,No,Local,2.45
Kaduna,Rice,0.38,809.9,28.7,5.22,Loamy,140.1,Yes,Yes,Local,3.66
Edo,Sorghum,3.28,2169,24.3,6.31,Loamy,53.4,No,No,Local,0.9
Bayelsa,Sorghum,1.79,2462.5,25.1,5.86,Loamy,42.4,No,No,Local,1.1
Sokoto,Yam,0.54,463.7,37.1,7.1,Loamy,90.1,Yes,No,Local,6.88
Lagos,Rice,1.22,2064.9,28.6,5.78,Loamy,108,Yes,No,Improved,3.6
Bauchi,Maize,0.44,874.1,26.6,6.57,Loamy,202.2,No,No,Local,1.97
Nasarawa,Yam,2.33,1217.2,28.3,6.48,Sandy,56.9,No,Yes,Improved,5.4
Anambra,Yam,2.75,1627.1,23.3,6.75,Clay,92.3,No,No,Local,7.86
Akwa Ibom,Cassava,0.43,2383.5,27.6,6.11,Clay,74,No,Yes,Improved,11.96
Kebbi,Yam,4.5,712.4,33.6,6.52,Loamy,120.8,No,Yes,Improved,8.11
Lagos,Cassava,0.61,2487.2,27.8,5.88,Sandy,68,Yes,Yes,Local,8.68
Taraba,Maize,0.31,1124,30.3,6.68,Loamy,185.1,No,No,Local,2.18
Ondo,Yam,0.31,2378.3,29.9,7.25,Loamy,168.9,No,Yes,Improved,7.75
Kano,Maize,6.94,808.9,34.8,6.28,Clay,140.3,No,No,Local,1.97
Kebbi,Sorghum,1.15,643.9,33.6,5.33,Loamy,42.3,No,No,Improved,1.67
Ondo,Cassava,0.42,2455.9,28.2,6.7,Clay,132.9,Yes,No,Improved,11.51
Abia,Sorghum,3.2,2247.6,25.8,5.98,Loamy,0,No,No,Local,1.09
Enugu,Maize,1.07,2319.2,23.1,5.08,Clay,97.4,No,No,Local,1.86
Taraba,Sorghum,0.7,1479.9,26.4,5.98,Loamy,67.4,Yes,No,Local,1.23
Bayelsa,Rice,0.68,2476.6,29.8,6.64,Clay,135.8,Yes,No,Local,2.85
Borno,Yam,1.13,313.4,36.3,5.6,Clay,106,No,Yes,Local,7.13
Bayelsa,Cassava,1.19,2468.7,23.8,5.08,Clay,61.7,Yes,No,Local,9.44
Oyo,Sorghum,1.43,1974.6,22.3,5.9,Sandy,0,Yes,Yes,Improved,1.67
Benue,Maize,1.96,1405.1,28.5,6.72,Sandy,133,No,No,Local,1.58
Oyo,Cassava,1.79,1666.4,29.1,6.46,Clay,106.6,No,Yes,Local,10.19
Lagos,Maize,2.25,1592.7,25,6.27,Sandy,142.9,No,No,Local,2.13
Bauchi,Cassava,10.74,613.3,30.4,6.91,Sandy,20.3,No,No,Local,7.24
Niger,Rice,1.41,1221.6,31.1,6.82,Loamy,74.9,Yes,No,Local,3.09
Ekiti,Yam,0.86,2451.3,22.5,5.86,Clay,67.6,Yes,No,Local,6.57
Lagos,Sorghum,0.82,2153.3,23.5,5.11,Clay,34.6,No,No,Local,1.11
Niger,Yam,1.02,1416,29.2,6.17,Loamy,60,No,No,Improved,9.36
Sokoto,Sorghum,0.42,499.9,32.5,5.91,Loamy,27.2,No,Yes,Local,1.26
Osun,Cassava,0.81,2137.5,25.9,7.33,Loamy,26.1,No,No,Local,6.32
Niger,Cassava,1.51,1040.9,27.5,7.05,Loamy,98.2,No,No,Local,7.35
Oyo,Yam,4.69,2495.2,28.5,6.44,Clay,78.7,Yes,No,Improved,5.27
Nasarawa,Rice,1.88,1174.1,27.1,5.98,Loamy,91.4,No,No,Local,2.77
Lagos,Yam,1.86,1606.9,22.4,6.12,Loamy,131.5,Yes,Yes,Local,10.27
Imo,Cassava,1.01,1813.5,27.8,6.81,Clay,159.3,Yes,No,Improved,11.92
Ogun,Cassava,1.15,2063.9,28.9,5.8,Sandy,5.9,Yes,No,Improved,9.9
Gombe,Maize,0.24,704,31.6,5.82,Clay,111.7,Yes,Yes,Local,2.61
FCT,Cassava,0.65,1249.3,24.8,5.05,Clay,122.2,No,No,Local,7.26
Ogun,Sorghum,1.21,1550.8,27.3,6.31,Loamy,107.5,Yes,No,Improved,1.69
Abia,Sorghum,1.56,1619.3,29.6,6.08,Loamy,96.7,Yes,No,Local,1.01
Ebonyi,Sorghum,3.09,2055.9,25,6.89,Loamy,36,Yes,No,Local,0.99
Yobe,Yam,1.52,549.8,37,6.81,Sandy,157.1,Yes,No,Improved,8.87
Osun,Rice,2.47,2260.4,24.8,6.36,Clay,124.6,Yes,No,Local,2.72
Sokoto,Sorghum,0.98,420.2,33.4,6.52,Loamy,104.5,Yes,No,Local,1.13
Kebbi,Maize,0.29,897.4,26.3,5.21,Sandy,123.9,No,No,Local,2.27
Adamawa,Maize,2.18,1051.9,29.8,5.99,Clay,93.1,No,No,Local,2.65
FCT,Maize,2.18,1423.5,29.7,5.52,Loamy,70.8,No,No,Improved,2.77
Kogi,Maize,2.01,1442.3,26.9,6.51,Loamy,119.4,No,No,Local,1.94
Adamawa,Maize,0.4,1254.8,29.3,6.03,Clay,94.6,Yes,No,Local,2.05
Bayelsa,Sorghum,2.63,2170,27.8,6.54,Clay,41.6,Yes,No,Improved,1.48
Borno,Maize,2.44,582.9,28.8,5.5,Loamy,105,Yes,No,Improved,2.64
Ogun,Maize,0.66,1537.4,29.5,6.99,Loamy,140,Yes,No,Local,1.97
Kwara,Maize,5.57,1407,24.7,4.8,Sandy,110.6,No,No,Local,1.64
Yobe,Yam,2.82,622.9,29.8,5.11,Loamy,31,No,No,Local,5.91
Kwara,Cassava,1.34,1394.8,29.3,4.88,Loamy,59,Yes,No,Local,9.15
Benue,Sorghum,1.9,1466.7,26.1,5.41,Loamy,34.5,Yes,No,Local,1.23
Ekiti,Rice,1.94,2402.9,28.6,5.54,Loamy,152.1,No,No,Local,2.46
Ekiti,Rice,1.85,1567.6,27.4,6.05,Loamy,135.9,No,Yes,Local,4.03
Benue,Sorghum,0.42,1042.3,28.3,6.57,Clay,48.7,No,No,Local,1.47
Lagos,Rice,0.56,1834.3,25.2,6.23,Loamy,139.3,No,No,Local,2.65
FCT,Maize,2.04,1182,24.4,7.17,Sandy,185.6,Yes,No,Improved,1.81
Lagos,Sorghum,0.59,1694.6,25.7,5.79,Loamy,98.6,Yes,No,Local,1.28
Edo,Yam,3.07,1651,25.3,6.04,Sandy,177,No,No,Improved,9.37
Akwa Ibom,Maize,1,2100.9,29,6.11,Clay,274.7,No,No,Improved,1.59
Kebbi,Maize,0.45,601,26.5,5.19,Sandy,88.5,Yes,No,Improved,2.74
Benue,Maize,0.2,1255.7,31.9,5.8,Clay,117.6,No,No,Improved,2.56
Plateau,Yam,2.42,1011.6,27.2,5.3,Clay,52.2,No,No,Improved,8.24
Ebonyi,Yam,1.47,1747.6,28,6.35,Loamy,97.9,Yes,No,Local,9.14
Kebbi,Maize,0.96,641.6,31.3,6.46,Clay,123.8,No,Yes,Improved,3.27
Borno,Sorghum,0.66,698.9,31.2,7.38,Sandy,51.7,No,No,Local,1.37
Zamfara,Rice,0.77,654.5,26.4,5.64,Sandy,132.4,No,No,Local,2.43
Kogi,Maize,1.59,1293.7,31,5.47,Sandy,127.4,No,No,Local,1.79
Kaduna,Maize,0.52,989.9,34.1,5.43,Sandy,152.4,Yes,No,Local,2.74
Edo,Cassava,1.25,2008.5,22.2,6.82,Clay,82.7,Yes,No,Local,8.76
Rivers,Cassava,0.83,2315.2,29.8,6.87,Clay,84.3,No,No,Improved,4.17
Benue,Cassava,0.71,1235.3,28.7,5.45,Sandy,66,No,No,Local,8.66
Kwara,Maize,0.45,1272.3,24.1,6.6,Loamy,224.1,No,No,Local,1.89
Kwara,Cassava,3.96,1030.8,30.7,5.65,Clay,79.6,Yes,No,Local,11.51
Edo,Yam,0.39,2280,23.7,5.8,Loamy,129.2,Yes,No,Improved,10.55
Cross River,Yam,1.03,1963.7,24.6,6.57,Clay,163.5,No,No,Local,6.94
Zamfara,Yam,7.15,659.1,31.3,5.99,Sandy,48.2,No,Yes,Local,7.86
Sokoto,Maize,2.43,442.4,30.6,4.77,Loamy,91.4,Yes,No,Improved,2.13
Benue,Sorghum,0.67,1376.5,28.1,5.48,Loamy,0,No,No,Improved,1.37
Oyo,Sorghum,4.88,1725.7,28.3,5.45,Clay,83,Yes,No,Local,1.38
Ekiti,Cassava,2.67,2133.9,27.9,6.49,Loamy,48.7,No,No,Local,7.19
Zamfara,Rice,2.13,720.4,31.8,6.08,Sandy,112.6,Yes,No,Improved,3.18
Oyo,Cassava,0.67,1789.8,25.2,6.41,Loamy,142.9,No,No,Local,9.68
Ebonyi,Sorghum,3.42,2132.9,25.5,5.92,Loamy,29.2,No,Yes,Local,1.32
Ebonyi,Yam,3.05,1545.3,22.4,7.37,Loamy,76.4,No,Yes,Improved,10.17
Borno,Cassava,10.15,371.3,33,6.4,Sandy,137.9,No,No,Improved,9.85
Enugu,Sorghum,5.21,2368.6,28.1,5.09,Clay,73.8,Yes,No,Improved,1.49
Anambra,Cassava,1.24,2496.9,24.4,5.96,Loamy,152.7,No,No,Local,7.32
Kogi,Maize,1.52,1465.5,24.9,6.07,Sandy,126.9,No,No,Improved,2.17
Oyo,Sorghum,1.01,1534.3,29.4,5.05,Clay,97,No,Yes,Improved,1.73
Adamawa,Maize,2.04,1104.1,25.3,4.72,Loamy,74.7,Yes,No,Local,2.39
Imo,Rice,0.91,1847.1,26.3,4.84,Loamy,72.9,Yes,No,Improved,3.86
Benue,Maize,3.37,1011.7,25.1,6.16,Sandy,153.3,No,No,Local,2.15
Ondo,Rice,4.52,2122.7,27.1,6.27,Clay,110.3,Yes,No,Local,3
Adamawa,Maize,1.76,1352.2,28,6.12,Loamy,117.5,Yes,Yes,Local,1.05
Kogi,Rice,10.74,1155.5,27.8,5.78,Sandy,111.8,Yes,No,Improved,4.42
Bauchi,Rice,2.23,887.2,26,7.15,Loamy,94.4,Yes,Yes,Local,3.04
Kaduna,Rice,5.97,865.1,28.5,6.64,Clay,60.7,No,No,Local,2.45
Jigawa,Sorghum,1.73,365.3,37,7.07,Sandy,99.6,No,No,Improved,1.47
Borno,Cassava,2.12,661.9,32.7,5.64,Sandy,39.2,Yes,No,Local,8.91
Zamfara,Sorghum,0.42,987.8,31.6,6.13,Sandy,9.4,No,No,Improved,1.41
Akwa Ibom,Maize,0.94,1941.8,29.2,7.07,Sandy,84,No,No,Improved,2.18
Bayelsa,Rice,0.21,2085,25.1,6.42,Loamy,72.8,Yes,No,Improved,3.26
Jigawa,Rice,2.57,449.7,28.8,6.05,Loamy,95.9,Yes,No,Improved,3.63
Anambra,Cassava,5.41,1634,26.7,5.78,Sandy,41.5,Yes,No,Improved,9.87
Ebonyi,Sorghum,1.01,2233.8,27.1,6.44,Loamy,120.8,No,No,Local,0.67
Ondo,Rice,3.37,2176.2,25.6,5.93,Sandy,116,No,No,Local,2.34
Nasarawa,Sorghum,2.03,1141.2,27.8,5.52,Loamy,105.7,No,No,Local,1.16
Enugu,Sorghum,1.49,1772.4,23.3,5.77,Loamy,44.3,No,No,Local,1.24
Bayelsa,Maize,7,2260.1,22.6,5.48,Loamy,132.8,No,No,Improved,2.7
Edo,Cassava,4.32,2129.6,22.7,5.71,Clay,96.4,Yes,No,Local,10.76
Sokoto,Cassava,0.54,340.1,29.7,6.62,Clay,130.6,No,No,Local,7.73
Kogi,Yam,1.07,1395.5,31.9,5.28,Loamy,23.9,No,No,Improved,8.24
Kano,Maize,5.06,999.7,34.5,5.01,Clay,107.9,Yes,No,Local,1.86
Rivers,Yam,10.63,1807.2,26.8,5.48,Sandy,53.7,No,No,Improved,9.02
Kaduna,Sorghum,1.48,801.7,32.9,6.8,Sandy,77.6,Yes,No,Local,1.4
Osun,Yam,0.87,1940.3,24.1,6.66,Loamy,97.8,No,No,Local,7.66
Katsina,Cassava,2.93,304.9,37.8,6.19,Loamy,166.5,Yes,No,Improved,8.74
Ebonyi,Maize,7.26,2479.9,26.9,5.82,Loamy,100,No,No,Local,1.84
Ekiti,Maize,1.81,2268.1,25.7,6.89,Clay,162.2,Yes,No,Local,2.33
Adamawa,Maize,8.99,1436.7,29,4.9,Loamy,73.4,No,No,Improved,2.97
Plateau,Sorghum,4.34,1240.7,24.5,5.95,Clay,51.6,No,No,Improved,1.24
Katsina,Cassava,0.35,503.3,28.2,6.09,Sandy,127.7,No,No,Local,8.14
Abia,Cassava,5.66,2256.3,29.9,6.27,Loamy,31.8,Yes,No,Improved,11.41
Ogun,Rice,1.3,2366.1,22.6,6.26,Clay,129,Yes,No,Improved,3.8
Gombe,Maize,0.9,644.3,27.7,6.32,Sandy,108.9,No,No,Local,2.07
Cross River,Cassava,2.45,2173.5,28.9,5.41,Loamy,42.4,Yes,No,Local,9.35
Ondo,Yam,0.57,1654.8,28.6,5.98,Sandy,93.4,No,No,Improved,11.08
Kogi,Sorghum,0.37,1354.7,28.4,5.26,Loamy,46.3,No,No,Improved,1.24
Ekiti,Sorghum,2.79,1768.4,23.2,5.87,Loamy,23.4,No,No,Improved,1.25
Ondo,Maize,0.76,1758.9,22,6.09,Sandy,57.8,No,No,Local,2.06
Adamawa,Maize,2.12,1021.5,24,5.62,Sandy,116,No,No,Improved,3.17
Osun,Yam,6.9,2463.3,27.9,5.57,Clay,65.3,No,No,Improved,7.78
Sokoto,Sorghum,1.21,430.7,33.1,7.26,Loamy,57.1,Yes,No,Improved,1.93
Delta,Yam,0.41,1785.9,22.7,6.11,Loamy,84,Yes,No,Local,8.11
Delta,Rice,1,1643.6,29.5,7,Clay,85,Yes,No,Improved,3.75
Sokoto,Cassava,8.97,377,32,5.55,Loamy,40.9,Yes,No,Local,7.03
Oyo,Sorghum,0.93,1938.3,23.5,7.21,Clay,75.5,Yes,No,Local,1.05
Osun,Yam,3.44,2136.1,25.4,5.28,Loamy,101.5,No,No,Local,6.04
Bauchi,Yam,1.25,775.3,33,5.68,Sandy,92.3,No,No,Local,7.53
Ebonyi,Yam,3.04,1530.1,24.8,5.48,Clay,23.2,Yes,No,Improved,10.48
Ondo,Sorghum,4.26,1576.9,25.2,6.72,Clay,64.5,Yes,No,Improved,1.81
Abia,Yam,0.59,2300.9,25.4,5.37,Loamy,102.7,No,No,Local,7.19
Bayelsa,Cassava,3.07,1591.7,22.5,6.19,Clay,81.9,Yes,Yes,Improved,14.72
Borno,Cassava,3.2,319,31.9,5.61,Clay,131.2,No,No,Local,7.26
Akwa Ibom,Cassava,2.51,1634.1,28.4,5.97,Clay,69.2,No,No,Improved,10.21
Sokoto,Cassava,1.55,673,36.5,6.83,Sandy,137.2,Yes,No,Improved,8.9
Ondo,Sorghum,2.57,1809.6,28.7,5.08,Clay,32,Yes,No,Improved,1.24
Osun,Sorghum,1.27,1574.8,29.2,6.19,Sandy,58.7,Yes,No,Improved,1.66
Adamawa,Sorghum,1.05,1015.3,26.2,7.13,Sandy,41.6,No,No,Local,1.33
FCT,Rice,0.92,1259.3,31.9,6.13,Loamy,108,Yes,Yes,Local,3.74
Ogun,Yam,0.65,2495.6,29.1,6.88,Loamy,92.8,Yes,Yes,Improved,10.22
Bauchi,Sorghum,0.82,998.5,32.5,6.82,Sandy,88.2,No,No,Local,1.35
Nasarawa,Maize,1.73,1459.9,26.8,5.34,Loamy,75.3,Yes,No,Improved,2.76
Rivers,Cassava,3.01,1850.5,28.7,5.75,Loamy,34.5,No,No,Improved,8.9
Kogi,Sorghum,1.82,1388.6,28.9,5.77,Clay,0,No,No,Improved,1.54
Enugu,Cassava,3.32,2457.9,28.1,6.13,Clay,86.4,Yes,No,Improved,12.02
Katsina,Maize,1.45,465,29.7,5.58,Clay,64.7,No,No,Local,2.47
Abia,Yam,3.01,2221.2,28,6.74,Clay,97.1,No,No,Local,7.39
Bayelsa,Rice,1.64,1852.2,28,6.69,Clay,114.4,Yes,No,Improved,4.73
Katsina,Maize,5.88,335.1,36.2,5.81,Clay,131.5,No,No,Local,1.63
Ekiti,Sorghum,0.78,1931.8,22.9,4.7,Clay,70.1,Yes,Yes,Improved,1.35
Enugu,Yam,8.53,1623.1,25.7,5.95,Sandy,17,Yes,No,Improved,8.62
Gombe,Sorghum,3.23,830.5,33.8,5.58,Sandy,0,No,No,Local,1.04
Rivers,Rice,3.5,2035.5,29.6,5.2,Clay,83.5,No,No,Local,2.65
Akwa Ibom,Rice,2.47,1522.5,24.3,5.49,Loamy,72.3,Yes,No,Local,3.39
Benue,Rice,0.32,1419.5,26,5.66,Clay,62.8,No,No,Local,2.61
Oyo,Maize,0.81,2214.5,27.7,7.1,Clay,74.8,Yes,No,Improved,2.33
Kwara,Rice,1.19,1003.4,31.8,5.68,Loamy,165.1,No,No,Local,3.08
Cross River,Maize,0.56,2194.8,26.5,6.07,Loamy,148.9,Yes,No,Local,1.72
Borno,Cassava,0.89,455.5,36.5,5.82,Sandy,135.3,Yes,No,Local,7.14
Jigawa,Maize,0.7,313.8,35.5,4.26,Loamy,148.9,Yes,No,Improved,2.39
Ogun,Rice,1.49,1959.5,29.4,6,Clay,113.1,No,No,Improved,3.56
Taraba,Sorghum,14.1,1292,29.6,4.93,Loamy,48.4,Yes,No,Improved,1.42
Delta,Rice,1.72,1743.6,25.7,6.67,Clay,150.8,Yes,Yes,Local,3.4
Borno,Sorghum,0.34,620.8,31.1,5.51,Sandy,0,Yes,No,Improved,1.28
Sokoto,Maize,0.84,371.4,34.9,5.4,Loamy,135.4,No,No,Improved,2.59
Kwara,Rice,4.25,1349.1,24.3,4.54,Clay,95.8,Yes,No,Local,3.13
Adamawa,Sorghum,3.6,1407.3,27.6,5.39,Loamy,93.3,No,No,Local,0.81
Jigawa,Cassava,0.98,417.9,31.3,6.34,Loamy,117.7,No,Yes,Improved,14.83
Jigawa,Sorghum,1.95,620.6,29.3,5.25,Loamy,74.1,Yes,Yes,Improved,1.95
Abia,Maize,0.73,2275.4,28.3,5.87,Clay,103.7,Yes,No,Local,2.52
Edo,Cassava,1.36,2340.4,23.6,5.87,Clay,173.7,No,No,Local,5.59
Niger,Cassava,2.06,1299.4,30.4,5.92,Sandy,71.9,No,No,Local,8.93
Sokoto,Rice,1.84,372.9,34.8,5.83,Loamy,142.1,No,No,Improved,2.77
Niger,Yam,0.89,1368.9,31.1,6,Clay,69,Yes,No,Local,8.32
Rivers,Cassava,1.6,1914.7,26.8,5.13,Sandy,124.9,Yes,Yes,Local,9.26
Nasarawa,Cassava,1.42,1043.6,28.5,5.66,Clay,200.8,No,No,Local,7.59
Yobe,Rice,0.86,444.3,33.9,7.41,Sandy,117.1,Yes,No,Improved,2.94
Zamfara,Yam,0.54,808.7,30.7,6.12,Sandy,94.7,No,No,Improved,10.4
Imo,Cassava,1.93,1715.9,22.2,6.32,Clay,88.9,Yes,Yes,Local,10.62
Yobe,Rice,3.64,663.6,34.4,6.5,Sandy,148.1,No,No,Local,2.83
Osun,Cassava,5.56,1764,25.9,6.01,Sandy,109.4,Yes,Yes,Local,9.94
Osun,Sorghum,0.81,1669.3,29.8,6.36,Sandy,38.7,Yes,No,Local,1.05
Kwara,Sorghum,1.23,1279.5,32,5.25,Loamy,136.6,Yes,Yes,Improved,1.43
Oyo,Cassava,3.54,1544.9,25.8,6.72,Clay,73.8,Yes,Yes,Local,12.43
Lagos,Sorghum,0.78,1604.3,22.8,5.37,Clay,69.8,No,No,Local,1.03
Bauchi,Rice,6.18,995,31.8,5.95,Loamy,120.8,Yes,No,Improved,2.83
Yobe,Rice,0.66,647.1,33.6,5.74,Sandy,143.6,Yes,Yes,Improved,4.44
Kaduna,Sorghum,3.56,627.5,30.3,6.64,Clay,94.2,Yes,No,Local,1.45
Anambra,Sorghum,2.7,2195.7,24.9,5.27,Clay,126.1,No,No,Local,0.93
Nasarawa,Yam,0.7,1291.8,25.2,6.68,Loamy,119.3,Yes,No,Improved,8.79
Yobe,Cassava,1.67,357.2,29.4,5.21,Loamy,86.7,No,Yes,Improved,10.96
Ebonyi,Sorghum,0.91,2337.8,25.4,5.93,Loamy,94,Yes,No,Local,1.29
Sokoto,Sorghum,3.89,426.8,36.1,6.6,Sandy,76.9,No,No,Local,1.03
Kano,Yam,2.57,858.9,28.6,6.38,Sandy,191.4,Yes,No,Improved,8.08
Kano,Yam,2.33,918,31.3,6.27,Sandy,94.9,Yes,Yes,Local,9.8
Kaduna,Yam,0.61,759.4,34.1,6.27,Clay,40,No,No,Improved,7.49
Zamfara,Rice,0.6,959.8,33.7,6.61,Sandy,131.1,Yes,No,Improved,3.79
Ebonyi,Rice,0.46,1508.8,29.5,6.52,Loamy,75.5,No,No,Improved,4.26
Zamfara,Maize,0.2,867.1,34.5,5.91,Clay,100.5,Yes,No,Improved,3.01
Kogi,Yam,1.55,1158.2,27.6,7.1,Loamy,158,No,No,Local,6.66
Bauchi,Sorghum,2.16,714.4,29.5,4.91,Loamy,77.8,No,No,Local,1.29
Oyo,Maize,2.48,2373,23.2,8,Sandy,58.1,Yes,No,Local,1.98
Abia,Maize,1.79,2345.8,29.8,7.06,Clay,158.7,No,No,Local,1.75
Anambra,Yam,2.86,2156.3,24.2,5.42,Clay,121.5,No,No,Local,6.94
Anambra,Rice,6.2,1748.6,25.1,5.97,Loamy,67.3,No,No,Local,2.17
Zamfara,Maize,1.47,627.4,33.4,6.28,Clay,129.3,Yes,Yes,Local,2.6
Ebonyi,Cassava,0.38,2257.8,27.9,7.18,Loamy,16.1,Yes,No,Local,6.42
Ebonyi,Yam,0.2,1852.2,26.1,8.27,Clay,78.1,Yes,No,Improved,7.14
Bayelsa,Yam,4.39,2232.3,29.4,6.28,Clay,70.1,No,No,Improved,9.01
Delta,Cassava,4.75,1572.3,28.3,6.74,Sandy,54.3,Yes,No,Local,8.37
Gombe,Yam,1.85,858.4,27.6,6,Loamy,22.6,No,No,Improved,7.81
Katsina,Maize,8.02,537.5,37.1,6.92,Sandy,59,No,No,Improved,2.14
FCT,Rice,1.49,1470.5,27.6,5.61,Loamy,136.7,Yes,No,Local,2.9
Yobe,Maize,0.67,549.6,31.4,5.84,Loamy,102.5,No,No,Improved,2.53
Kogi,Maize,4.61,1188.4,24.8,6.03,Clay,180.3,Yes,No,Improved,1
Borno,Cassava,0.99,597.5,32.7,5.95,Sandy,94.3,No,No,Local,9.74
Ebonyi,Sorghum,9.99,1837.4,29.5,5.9,Loamy,0,No,No,Improved,1.37
Ogun,Maize,1.94,1680.4,24.7,4.86,Clay,126.3,Yes,No,Local,2.07
Ekiti,Rice,2.79,1812.9,26.1,5.87,Sandy,115.2,No,No,Local,3.28
Kwara,Cassava,0.94,1485.1,25.6,7.56,Loamy,94.4,No,Yes,Improved,11.05
Kaduna,Yam,2.98,800.2,27.2,6.43,Sandy,72.5,No,No,Local,8.78
Borno,Cassava,0.97,305.9,36.3,6.51,Loamy,82.7,Yes,No,Local,8.75
Lagos,Maize,4.2,2191.6,23.9,5.09,Loamy,22,Yes,No,Improved,2.4
Osun,Maize,5.8,1546,27.7,6.58,Clay,111.9,No,No,Improved,2.53
Kano,Yam,1.08,920.7,29.8,5.79,Loamy,130.6,Yes,No,Improved,9.55
Ogun,Cassava,1.34,2367.8,22.3,5.17,Clay,94.6,No,Yes,Local,11.01
Kwara,Sorghum,2.85,1414.3,28.6,5.39,Clay,122.3,No,No,Local,1.27
Zamfara,Maize,15.87,851.8,32.6,6.36,Sandy,97.6,Yes,No,Local,0.6
FCT,Yam,1.54,1459.1,28.6,6.26,Loamy,46.5,No,Yes,Local,10.02
Nasarawa,Sorghum,0.63,1158.4,25.5,4.54,Loamy,38.5,Yes,No,Local,1.25
Bauchi,Rice,0.86,972.4,33.7,6.39,Clay,193.5,Yes,Yes,Local,2.76
Anambra,Maize,0.37,2202.7,25.2,6.72,Loamy,154.9,Yes,No,Improved,2.72
Nasarawa,Cassava,3.76,1053.4,29.9,5.4,Loamy,106.4,No,No,Local,9.52
Jigawa,Yam,1.87,585.5,32.1,5.77,Sandy,100.5,No,No,Local,6.7
FCT,Yam,0.64,1334.3,24.3,6.23,Loamy,49.1,Yes,No,Improved,8.28
Edo,Rice,0.64,2226.5,24.9,6.75,Sandy,117.9,Yes,No,Improved,3.32
Kebbi,Cassava,0.24,723.9,28.2,6.91,Sandy,85,No,Yes,Improved,14.08
Plateau,Maize,3.27,1006.4,25,6.34,Loamy,141.7,Yes,No,Improved,2.54
Bauchi,Rice,1.47,785,29,5.9,Clay,117,No,Yes,Local,3.16
Nasarawa,Rice,8.58,1414.6,29.1,6.84,Sandy,54.7,Yes,No,Local,2.63
Anambra,Yam,2.36,1608.2,25.2,5.16,Sandy,65.4,No,No,Improved,9.48
Ogun,Maize,3.11,2191.4,22.1,6.51,Loamy,100.6,No,No,Local,1.68
Edo,Sorghum,0.38,1995,24.3,5.7,Loamy,49.8,No,No,Local,1.31
Taraba,Yam,4.06,1444.2,29.4,6.15,Clay,152.2,Yes,No,Local,7.33
Kaduna,Maize,0.86,675.8,33.8,5.67,Loamy,140.6,Yes,No,Local,2.28
Osun,Sorghum,0.34,1684.7,29.5,6.31,Clay,0,No,No,Local,0.85
Taraba,Sorghum,3.58,1211.4,25,5.92,Loamy,64.1,No,No,Improved,1.68
FCT,Sorghum,2.73,1358.4,29.6,6.17,Loamy,20.3,No,No,Improved,1.22
Yobe,Maize,7.61,419.6,29.1,6.34,Sandy,101.9,Yes,No,Improved,2.8
Zamfara,Maize,4.08,917,31.1,6.81,Clay,135.7,No,Yes,Local,2.24
Oyo,Yam,0.98,2346.7,28.7,5.58,Loamy,136.7,No,No,Local,8.29
Ekiti,Cassava,1.83,1683.4,26.1,5.7,Loamy,139.7,Yes,No,Local,7.66
Sokoto,Cassava,0.96,315.2,33.3,6.91,Sandy,123.9,No,No,Improved,9.24
Rivers,Sorghum,1.31,1625.5,28,7.69,Loamy,73.1,No,Yes,Local,1.34
Yobe,Rice,0.2,429.7,29,6.23,Clay,99.6,No,No,Improved,3.41
Taraba,Cassava,1.51,1351.9,30.6,6.94,Clay,141,Yes,No,Local,7.95
Plateau,Maize,5.83,1474,27.3,5.62,Loamy,118.7,No,No,Local,2.81
Kano,Maize,0.83,748.6,33.5,4.37,Sandy,154.9,Yes,No,Local,1.85
Gombe,Yam,0.54,840.7,29.6,6.23,Sandy,144,Yes,No,Local,6.53
FCT,Rice,3.92,1333.7,30.7,5.6,Sandy,110.9,No,No,Local,1.57
Imo,Rice,3.03,2266.7,29.2,6.47,Loamy,160.5,No,No,Local,3.03
Anambra,Yam,3.38,2019.3,28.9,6.93,Loamy,94.7,No,No,Improved,8.09
Akwa Ibom,Rice,0.71,2209.5,28.4,4.77,Clay,51.3,No,Yes,Local,2.66
Nasarawa,Yam,2.38,1187.3,29.1,6.84,Clay,51.7,No,No,Improved,9.2
Yobe,Cassava,3.74,481.8,30.8,5.8,Sandy,131.9,No,No,Local,6.49
Ebonyi,Sorghum,0.38,2189.8,27.5,5.19,Loamy,0,Yes,No,Improved,1.3
Kogi,Yam,1.14,1420.6,27.3,6.73,Sandy,98.5,Yes,No,Local,9.21
Rivers,Yam,2.13,1576.5,23.2,6.32,Loamy,84.5,Yes,No,Local,7.07
Borno,Maize,2.07,571.1,35.8,5.93,Sandy,82.5,Yes,No,Local,1.86
Gombe,Rice,0.34,717.9,31.4,4.83,Clay,121.9,No,No,Local,2.42
Kogi,Yam,9.29,1154.8,27,4,Loamy,115.2,Yes,Yes,Local,8.77
Enugu,Yam,1.8,2492.7,24.5,5.12,Clay,26.5,No,No,Local,5.9
Kano,Cassava,1.16,910.6,29.9,5.38,Sandy,52.2,No,No,Improved,8.95
Enugu,Yam,1.1,1939.7,23.1,6.05,Clay,97.8,No,No,Improved,9.33
Zamfara,Sorghum,0.66,965,26.4,6.75,Clay,100.3,Yes,No,Local,1.28
Zamfara,Cassava,6.33,927.7,28.2,6.11,Clay,87.6,Yes,No,Improved,11.53
Abia,Cassava,1.23,1821.9,24.5,5.88,Loamy,58,No,Yes,Improved,10.65
Edo,Rice,1,2498.3,24.4,4.86,Clay,121.5,Yes,No,Improved,3.96
Katsina,Maize,0.81,633.4,36.7,6.67,Sandy,163.9,No,No,Local,1.87
Yobe,Rice,0.7,693,28.3,4.33,Sandy,152.4,No,No,Local,3.02
Adamawa,Rice,3.19,1111.8,31.6,6.04,Loamy,143.9,Yes,No,Improved,4.62
Ekiti,Yam,4.49,1513.3,24.5,5.71,Loamy,104.3,No,No,Improved,8.73
Katsina,Maize,0.41,558.3,36.7,5.34,Clay,177.1,No,Yes,Improved,2.57
Nasarawa,Cassava,0.45,1049,24.5,5.56,Sandy,116.9,No,No,Improved,11.75
Kogi,Sorghum,3.15,1472.9,31.2,5.44,Sandy,63.5,Yes,No,Local,0.82
Kwara,Yam,0.29,1061.4,24.2,6.81,Clay,78.8,Yes,No,Improved,11.21
Bayelsa,Maize,1.14,2228.2,29.3,6,Sandy,117.5,Yes,Yes,Local,2.2
Ogun,Sorghum,1.77,2323.7,29.2,4.43,Clay,127.9,Yes,No,Local,1.17
Gombe,Maize,1.29,844.6,27.6,7.99,Sandy,86.9,No,No,Local,1.77
Bayelsa,Yam,3.29,2063.7,24.9,5.57,Clay,98.7,No,No,Improved,9.46
Akwa Ibom,Sorghum,0.46,2331.1,30,5.91,Loamy,0,No,No,Local,0.87
Borno,Maize,0.87,561.9,30.4,5.15,Loamy,34.7,No,Yes,Local,2.01
Cross River,Maize,0.87,1948.2,29.9,5.94,Loamy,194.4,No,Yes,Improved,2.82
Zamfara,Yam,5.59,894.7,32.3,5.15,Sandy,112.6,No,No,Improved,7.7
Anambra,Sorghum,1.13,1733.2,22.9,7.04,Loamy,57.2,No,No,Local,1.28
Zamfara,Cassava,0.54,798.5,34.2,6.74,Sandy,35.7,Yes,No,Improved,8.07
Sokoto,Yam,0.71,397.6,33.8,5.34,Sandy,130.5,No,No,Improved,7.9
Yobe,Yam,3.62,456.9,32,6.77,Loamy,107,No,No,Local,6.51
Oyo,Yam,1.58,2328.5,22.3,7.37,Loamy,94.8,No,No,Local,5.64
Bauchi,Cassava,6.22,958.9,30.5,6.34,Sandy,118.7,No,No,Local,9.16
Enugu,Maize,1.49,1892.8,23.6,6.87,Sandy,129.3,No,Yes,Improved,2.97
Ogun,Maize,1.47,1938.9,28.6,6.06,Clay,132.8,No,No,Local,1.67
Enugu,Cassava,2.84,2350.7,27.6,6.19,Clay,90.9,Yes,No,Improved,11.42
Zamfara,Yam,1.05,836.5,31,5.89,Sandy,183.4,Yes,No,Local,7.62
Kogi,Cassava,2.44,1278.1,30.7,4.98,Clay,51.6,Yes,Yes,Improved,9.72
Nasarawa,Maize,0.78,1140.4,29.8,6.35,Clay,29.6,Yes,No,Improved,2.61
Cross River,Rice,0.84,2305.4,29.4,6.85,Clay,95.6,Yes,No,Improved,3.29
Akwa Ibom,Sorghum,0.83,1523.2,26.4,4.46,Clay,171.7,No,No,Local,0.89
Ogun,Cassava,1.24,2250.2,22.5,6.15,Loamy,171.6,Yes,No,Local,8.09
Borno,Maize,3.42,330.1,31.1,5.69,Sandy,138.5,No,No,Improved,3.08
Kano,Rice,3.18,834.4,28.7,6.95,Sandy,125.1,No,No,Local,2.04
Kogi,Maize,1.58,1004,31.4,5.91,Sandy,110.1,No,No,Improved,2.8
Taraba,Cassava,0.77,1090,25.2,5.35,Clay,95,Yes,No,Improved,12.91
Taraba,Yam,0.22,1130.8,24.6,5.53,Loamy,59.3,No,No,Local,7.32
Nasarawa,Sorghum,0.56,1282.2,24.8,6.45,Loamy,33.1,No,No,Improved,1.65
Bayelsa,Yam,2.25,1818.8,27.5,4.41,Clay,134.3,Yes,No,Local,5.85
Adamawa,Maize,1.36,1484.2,28.8,5.96,Sandy,125.6,No,No,Local,0.63
Niger,Yam,1.1,1408.7,27.7,7.54,Clay,113.2,Yes,No,Local,7.05
Plateau,Yam,0.29,1094.3,27.7,7.16,Clay,27.2,Yes,No,Local,6.78
Oyo,Cassava,3.16,2223.8,26.6,6.84,Clay,91.6,Yes,No,Improved,11.52
Taraba,Sorghum,2.01,1111.2,26.2,6.47,Loamy,60.2,Yes,No,Improved,1.48
Bauchi,Maize,2.74,698.5,26.7,7.33,Clay,121.8,No,Yes,Improved,2.97
Bayelsa,Maize,0.87,1511,22.7,7,Loamy,79.9,Yes,Yes,Improved,3.04
Edo,Sorghum,5.86,2292.1,22.6,6.3,Clay,48.5,No,No,Local,1.15
Delta,Sorghum,1.35,1792.2,24.3,6.23,Loamy,40.2,No,Yes,Local,1.09
Delta,Cassava,0.61,1684.7,26.2,5.39,Loamy,84,No,No,Local,8.97
Adamawa,Sorghum,1.6,1450.8,30.9,6.88,Loamy,57.6,No,No,Local,1.33
Bauchi,Sorghum,0.34,825.3,30.5,6.74,Clay,122.8,No,No,Local,1.31
Rivers,Rice,2.45,2369.9,24.9,6.19,Loamy,150.4,No,Yes,Local,3.51
Ogun,Sorghum,0.98,2288.8,27.1,4.81,Loamy,105,No,No,Local,1.14
Lagos,Sorghum,4.26,1654.6,28.6,5.47,Loamy,106.7,Yes,No,Local,1.2
Ekiti,Rice,1.49,1531.4,28.8,6.3,Clay,167.3,No,No,Local,2.69
Gombe,Sorghum,0.62,926.4,27,6.49,Sandy,56.6,Yes,No,Local,1.23
FCT,Maize,3.45,1325.6,28.8,6.62,Loamy,104,No,No,Improved,2.95
Sokoto,Maize,2.11,563.8,35.7,4.55,Sandy,133.8,No,No,Improved,1.79
Katsina,Rice,3.83,614.5,31.1,6.12,Sandy,117.6,Yes,No,Improved,3.72
Kaduna,Yam,0.85,769.2,28.7,6.34,Clay,33.7,Yes,No,Local,6.51
Benue,Sorghum,2.29,1442.2,26.3,6.17,Clay,22.1,Yes,No,Local,0.98
Adamawa,Maize,4.78,1431,27.5,6.99,Sandy,160.5,Yes,Yes,Improved,1.55
Osun,Sorghum,0.54,2390.2,24.2,6.27,Loamy,12.1,Yes,No,Improved,1.29
Abia,Sorghum,1.97,2127.9,24.7,5.03,Loamy,19.2,No,No,Local,0.9
Benue,Maize,0.5,1311.7,25,6.91,Loamy,203,Yes,No,Improved,2.66
Taraba,Sorghum,0.5,1344.7,26.9,6.74,Loamy,41.6,Yes,No,Local,1.39
Edo,Cassava,2.36,1835.7,25.3,5.47,Sandy,143.3,Yes,No,Local,7.03
Akwa Ibom,Sorghum,6.54,2416,29.9,6.64,Loamy,87.4,No,No,Local,0.94
Sokoto,Yam,4.7,411.2,30.7,5.9,Loamy,81.9,No,No,Local,7.19
Taraba,Rice,2.26,1113.3,29,7.06,Loamy,64.2,No,No,Local,2.45
Zamfara,Cassava,1.11,765.4,30.8,4.95,Clay,101.5,No,No,Improved,8.81
Nasarawa,Maize,3.24,1200.6,27.4,4.41,Loamy,128.4,No,Yes,Local,2.39
Anambra,Rice,2.3,1821.2,25.8,5.98,Loamy,111.3,No,No,Local,3.12
Abia,Rice,2.92,2041.4,23.1,6.49,Loamy,106.4,Yes,No,Local,3.1
Anambra,Sorghum,2.33,1970.4,29.9,5.93,Clay,99.8,Yes,Yes,Improved,1.51
Enugu,Cassava,1.01,2094.7,24.6,6.25,Sandy,179.1,No,No,Local,6.83
Kwara,Cassava,2.45,1497.1,25.9,5.85,Loamy,165.9,No,No,Improved,9.49
Rivers,Maize,4.52,2362.7,26.6,5.72,Sandy,152.1,No,No,Improved,2.51
Ogun,Yam,4.49,1741.9,25.4,5.83,Loamy,55.5,No,No,Local,8.52
Kebbi,Cassava,3.55,720.4,29.8,4.85,Clay,52.8,Yes,No,Improved,9.91
Plateau,Yam,0.78,1257.2,30.6,6.2,Clay,108.8,Yes,No,Improved,12.08
Bauchi,Cassava,7.11,961.3,28.9,5.76,Sandy,63.5,No,No,Improved,8.52
Ondo,Cassava,2.14,2134.9,28.5,6.32,Clay,107.3,No,No,Improved,11.11
Bauchi,Sorghum,3.82,697,33,6.3,Clay,105,No,No,Local,1.32
Kwara,Yam,2.41,1322.9,24.5,7.24,Sandy,118.9,No,No,Local,7.4
Cross River,Rice,1.19,1879.1,24.9,5.23,Clay,97.1,No,No,Improved,0.86
Adamawa,Maize,0.32,1327.7,31.3,7.35,Loamy,96.9,Yes,No,Local,2.4
Niger,Rice,3.28,1042.6,27.1,5.92,Loamy,80.3,No,Yes,Local,3.23
Kebbi,Sorghum,4.01,934.4,27.3,6.05,Loamy,97.7,No,No,Local,1.17
Benue,Cassava,0.4,1434,27.5,5.77,Loamy,140.5,No,No,Local,7.92
Kogi,Rice,6.63,1108.9,32,6.16,Loamy,178.6,Yes,No,Improved,3.57
Edo,Yam,0.57,2259.4,25.3,6.64,Clay,133.4,No,No,Local,5.38
Ondo,Yam,2.91,2135.3,27.4,6.17,Clay,129.2,No,No,Local,8.3
Kaduna,Rice,0.45,671.2,31.9,7.43,Clay,91.3,Yes,No,Local,2.85
Ondo,Yam,6.03,2351,22.1,5.27,Loamy,122.3,Yes,No,Local,6.53
Rivers,Maize,1.85,1741.8,24.7,6.35,Clay,151,No,No,Local,2.24
Nasarawa,Yam,0.71,1433.3,30.7,6.73,Sandy,40.9,Yes,No,Local,6.07
Borno,Maize,5.79,425.2,28.3,6.96,Sandy,82.5,Yes,No,Local,2.34
Kano,Rice,1.17,956.5,28.3,6.54,Sandy,80.9,No,No,Local,2.54
Oyo,Sorghum,0.54,1708,30,6.18,Sandy,71.4,No,No,Local,1.14
Yobe,Yam,2.89,478.1,35.1,5.66,Clay,83.2,Yes,No,Local,6.6
Kano,Maize,4.1,864.6,33.1,6.34,Loamy,146.8,No,No,Local,2.36
Cross River,Yam,3.87,2127.9,24.6,5.7,Sandy,119.5,Yes,No,Local,8.12
Lagos,Cassava,0.24,1513.2,30,5.42,Loamy,105.3,No,No,Local,8.73
Jigawa,Yam,2.04,306.2,28.5,5.05,Loamy,160.4,No,No,Local,5.68
Osun,Yam,1.54,2137.7,23.8,4.96,Clay,87.8,No,Yes,Improved,8.45
Yobe,Cassava,1.34,657.8,36.6,5.13,Sandy,135.5,No,No,Improved,9.65
Zamfara,Sorghum,0.66,722,33.5,4.89,Clay,35.7,Yes,Yes,Local,1.23
Kwara,Cassava,4.64,1064.4,24.7,5.59,Loamy,67.7,Yes,No,Local,9.95
Delta,Rice,1.04,2123.5,24.8,6.49,Clay,71.4,Yes,No,Improved,2.91
Osun,Rice,6.39,1771.3,24.5,6.02,Clay,125.1,No,No,Improved,3.3
Sokoto,Maize,1.82,536.4,29.2,5.56,Sandy,88,No,No,Local,2.56
Ondo,Sorghum,3.75,2045.5,22.7,5.29,Loamy,23.5,Yes,No,Improved,1.51
Enugu,Rice,0.96,2470.5,27.3,5.16,Clay,145.4,No,No,Improved,3.33
Gombe,Cassava,0.34,689.2,27.2,5.95,Loamy,61.7,Yes,No,Local,10.55
Kebbi,Rice,2.04,686.7,31.9,6.86,Sandy,42.3,Yes,No,Improved,3.78
Plateau,Maize,2.71,1192.7,27,5.52,Loamy,108.9,No,Yes,Improved,3.17
Rivers,Yam,5.11,2213.3,29.2,6.12,Loamy,97.7,No,No,Improved,8.63
Ondo,Cassava,1.79,1659.5,25.3,6.12,Loamy,96,Yes,No,Local,11.24
Borno,Cassava,0.49,680.8,33.8,5.83,Sandy,143,No,No,Local,6.56
Katsina,Yam,1.2,642.3,31.3,5.93,Sandy,72.2,No,No,Improved,7.99
Rivers,Yam,0.68,2138.5,23.4,6.78,Clay,51.2,Yes,No,Improved,7.37
Oyo,Sorghum,2.38,2040.8,22.3,6.08,Clay,0,No,No,Improved,1.2
Gombe,Maize,0.94,619.5,27.8,6.17,Loamy,47.3,No,No,Improved,2.82
Abia,Cassava,0.73,1970.3,23.2,5.31,Loamy,104.8,No,No,Local,9.43
Kogi,Cassava,8.28,1195.6,30.2,5.33,Sandy,116.2,No,No,Local,9.47
Adamawa,Sorghum,0.84,1432,29.1,5.11,Loamy,0,Yes,No,Local,1.06
Anambra,Sorghum,0.64,1898,28.2,5.29,Sandy,78.9,Yes,No,Local,1.39
Jigawa,Rice,2.78,523,32.6,6.19,Loamy,106.4,Yes,Yes,Improved,4.36
Kebbi,Rice,1.79,812.9,26.9,4.78,Loamy,42.1,No,No,Improved,2.23
Kogi,Maize,1.42,1450.8,31.1,4.99,Sandy,132.2,No,Yes,Improved,3.22
Gombe,Cassava,0.33,869.4,26,5.27,Clay,105.3,No,No,Improved,12.4
Sokoto,Rice,1.12,652.4,34.4,5.85,Clay,108.4,Yes,No,Local,3.67
Lagos,Yam,3.77,2321.2,25.1,4.93,Clay,33.6,Yes,No,Improved,9.44
Nasarawa,Maize,0.49,1478.4,31.6,4.52,Clay,107.2,No,No,Local,2.01
Abia,Yam,0.59,2365.4,22.3,6.19,Sandy,184.5,Yes,No,Local,5.99
Cross River,Maize,3.87,1672.5,22.1,5.01,Loamy,150.9,Yes,No,Local,1.63
Jigawa,Yam,1.48,368.3,33.9,5.88,Clay,124.1,No,Yes,Local,8.12
Benue,Cassava,6.82,1388.3,27.6,5.21,Sandy,127,No,No,Improved,8.79
Oyo,Cassava,2.08,2309.2,29.8,6.67,Clay,96,No,No,Improved,3.23
Plateau,Rice,0.76,1368.5,28.9,8.21,Sandy,92.2,No,No,Improved,2.46
Osun,Sorghum,1.24,2243,29.4,5.64,Loamy,13.5,Yes,No,Local,1.01
Delta,Rice,2.03,1622,25.7,5.59,Sandy,129,No,No,Improved,3.72
Ekiti,Maize,1.08,2166,29.4,6.73,Loamy,155.4,No,No,Improved,1.79
Kogi,Cassava,5.24,1101.1,24.6,6.21,Loamy,97.6,Yes,No,Improved,11.3
Benue,Rice,1.04,1036,25,5.67,Loamy,98.9,No,No,Local,2.76
Taraba,Rice,1.79,1071.2,24.3,5.98,Loamy,34.2,No,No,Improved,3.18
Taraba,Sorghum,3.86,1431.4,26.2,5.81,Sandy,96.2,No,No,Local,1.09
Niger,Sorghum,0.53,1433.8,30.6,6.35,Loamy,62.7,Yes,No,Local,1.4
Niger,Cassava,0.25,1294.7,24.6,5.9,Clay,111.1,Yes,No,Improved,10.88
Ebonyi,Rice,0.57,1851.4,26.8,5.8,Sandy,105.8,No,No,Improved,4.17
Imo,Maize,3.48,1555.4,23.4,4.44,Clay,166.9,No,No,Local,1.56
Ogun,Sorghum,2.32,2052.3,26.1,6.9,Loamy,21.4,No,No,Local,0.94
Edo,Cassava,2.33,1702.6,25.1,6.28,Clay,134.2,No,No,Improved,9.46
Nasarawa,Maize,0.59,1189.4,27.4,4.66,Sandy,127.1,Yes,Yes,Local,2.64
Oyo,Rice,2.65,2499.8,22.3,6.02,Clay,72.7,No,No,Local,0.91
Katsina,Cassava,3.06,313.3,29.8,6.1,Sandy,116.8,Yes,No,Local,8.65
Gombe,Yam,1.82,719.3,32,6.93,Sandy,149.6,Yes,No,Local,6
Kwara,Rice,0.65,1322.8,24.6,6.36,Loamy,87.6,No,No,Local,3.3
Akwa Ibom,Rice,0.44,2125.2,27.2,5.88,Clay,114.8,Yes,No,Improved,3.49
Anambra,Yam,1.82,2032.6,28.6,5.41,Sandy,2.5,Yes,No,Local,7.49
Abia,Yam,3.55,2166.4,25,6.21,Clay,95,No,No,Local,7.95
FCT,Rice,4.24,1464.7,26.2,5.37,Loamy,122.9,Yes,No,Local,2.65
Kwara,Maize,5.27,1433,28.1,5.84,Clay,118.9,No,No,Improved,2.18
Cross River,Maize,3.13,1514.7,27.4,7.23,Clay,28,No,No,Local,1.81
Rivers,Cassava,3.42,2193.5,24.1,5.82,Loamy,121.1,No,No,Local,8.12
Nasarawa,Sorghum,2.37,1437.7,30.8,6.53,Loamy,45,No,Yes,Local,1.47
Delta,Sorghum,0.48,1617.2,25,6.55,Clay,9.8,Yes,No,Improved,1.37
Adamawa,Cassava,5.33,1061.2,31.5,6.4,Clay,50.5,Yes,No,Improved,11.74
Oyo,Maize,1.89,1637.9,23.2,5.18,Loamy,53.8,No,No,Local,1.87
Kwara,Yam,1.61,1257.4,31.5,6.93,Loamy,154.3,No,No,Improved,8.15
Taraba,Rice,1.6,1273.7,31.2,5.24,Loamy,88.8,No,No,Local,3.24
Kebbi,Maize,0.79,782.4,27,7.04,Clay,106.6,Yes,No,Local,1.86
Ebonyi,Rice,3.38,1658.4,28.3,5.78,Loamy,94.9,No,No,Improved,3.74
Enugu,Rice,1.02,1910.5,29.7,4.87,Sandy,110.8,No,No,Local,2.79
Delta,Rice,1.61,2401.5,25.3,6.89,Loamy,94.8,Yes,No,Local,3.01
Zamfara,Yam,1.85,933.2,28.4,6.23,Sandy,199,Yes,No,Local,6.01
Enugu,Yam,0.87,1893.8,28.6,5.32,Clay,95.7,No,No,Improved,8.3
Benue,Yam,0.75,1292.8,27,6.85,Loamy,35,No,No,Local,6.92
Borno,Maize,1.4,335.3,28.4,5.86,Sandy,134.7,Yes,No,Local,2.33
Ogun,Cassava,0.69,1662.7,28.4,7.02,Clay,33.8,No,Yes,Improved,10.94
Gombe,Sorghum,3.32,606.3,33.1,5.62,Loamy,107.7,No,No,Local,1.16
Kebbi,Sorghum,0.26,781.7,34.4,6.04,Loamy,63.1,No,No,Improved,1.39
Sokoto,Yam,0.68,652.7,35.4,7.07,Sandy,83.8,No,No,Improved,7.74
Katsina,Yam,1.08,332.1,29.7,6.73,Sandy,102.1,No,No,Local,6.77
Ekiti,Yam,1.64,1516.5,24.1,4.75,Clay,147,No,No,Improved,7.87
Akwa Ibom,Rice,0.63,1571.9,26.6,7.17,Clay,112,No,No,Improved,3.5
Kebbi,Cassava,0.48,750.4,29.3,4.54,Loamy,140.9,No,No,Improved,10.46
Oyo,Maize,0.52,2470,24.4,4.38,Clay,126.3,No,No,Improved,2.22
Kaduna,Yam,2.25,677.7,28.3,4.46,Sandy,73,No,No,Local,6.72
Yobe,Rice,0.67,444.7,36.2,5.64,Sandy,98.5,Yes,No,Local,2.43
Zamfara,Cassava,2.75,995.7,26.6,6.37,Loamy,115.8,Yes,Yes,Improved,15.74
Borno,Yam,4.74,521.2,35.6,5.67,Sandy,74.5,No,No,Local,6.53
Yobe,Rice,2.58,433.6,34.8,5.31,Sandy,215.1,Yes,No,Improved,3.37
Kano,Rice,3.23,719.8,34.7,5.72,Sandy,124.6,No,No,Local,2.97
Kebbi,Rice,2.37,778.3,27.6,5.39,Clay,167.3,No,No,Local,2.26
Oyo,Cassava,1.92,1953.7,27.2,5.72,Sandy,94,No,No,Improved,10.09
Kano,Cassava,0.26,677.2,30.7,6.43,Sandy,147.8,Yes,No,Local,9.03
Plateau,Sorghum,5.74,1310.3,31.5,6.3,Loamy,4,No,No,Improved,1.45
Delta,Yam,1.72,2309.1,29.6,5.4,Loamy,137.6,No,Yes,Improved,10.36
Akwa Ibom,Rice,2.23,2378.6,22.4,4.91,Loamy,137.6,Yes,No,Improved,4.1
Ogun,Rice,0.92,2042.5,24.6,6.45,Loamy,98.8,No,No,Improved,3.79
Ogun,Yam,0.69,1668.8,29.9,5.51,Loamy,161.5,No,No,Improved,8.77
Kogi,Maize,2.36,1015.9,26.9,4.93,Sandy,162.6,No,No,Local,1.92
Anambra,Cassava,6.1,2113.7,28.4,6.46,Loamy,167.3,Yes,No,Improved,9.97
Adamawa,Sorghum,1.06,1395.4,26.8,6.91,Sandy,103.1,Yes,Yes,Local,1.45
Edo,Sorghum,0.45,2418.3,23.8,4.55,Clay,18.5,Yes,No,Local,1.04
Ogun,Yam,0.65,2436.1,24.7,4.78,Sandy,158.6,Yes,No,Improved,3.74
Akwa Ibom,Yam,1.44,2024.2,28.3,6.37,Clay,104.4,No,No,Local,8.89
Abia,Cassava,1.19,2152.6,27.3,5.42,Sandy,96.6,Yes,No,Improved,12.49
Gombe,Sorghum,1.47,724.1,31.5,8.17,Sandy,93.6,Yes,No,Improved,1.75
Jigawa,Cassava,1.63,561.2,37.9,6.23,Loamy,95.6,No,No,Local,9.42
Kaduna,Rice,1.37,701.1,31.6,5.7,Loamy,130.7,Yes,No,Local,2.55
Enugu,Rice,1.18,2177,28.5,6.07,Loamy,105.8,No,No,Local,2.39
Ogun,Rice,0.65,2470.7,25.8,6.68,Loamy,67.1,Yes,Yes,Local,3.05
Kano,Rice,7.33,632.2,30.3,6.63,Clay,155.7,No,No,Improved,3.15
Abia,Sorghum,1.76,2052.8,24.4,6.44,Clay,136.8,No,No,Local,0.81
Adamawa,Yam,3.89,1160.5,30.8,4.86,Clay,162.6,Yes,No,Improved,7.85
Zamfara,Cassava,2.63,908.6,33.5,6.71,Sandy,146.3,No,No,Improved,11.1
Kebbi,Maize,1.3,918.1,34.7,6.83,Loamy,181.6,No,No,Improved,2
Benue,Cassava,1.73,1185.2,25.9,5.98,Loamy,78.5,No,No,Improved,13.73
Sokoto,Sorghum,5.86,657.6,31.1,5.75,Sandy,136.6,No,No,Local,0.68
Imo,Sorghum,2.24,1617.6,22.5,5.87,Clay,21.6,No,Yes,Local,1.22
Osun,Rice,3.39,2440.2,28,5.42,Loamy,36,Yes,Yes,Local,3.08
Adamawa,Cassava,1.19,1457.1,26.8,5.81,Loamy,20.6,No,No,Local,6.73
Yobe,Cassava,1.08,621,37.5,5.46,Sandy,81.3,No,No,Local,9.24
Zamfara,Cassava,9.08,732.5,32.2,6.88,Clay,28.8,No,No,Local,7.02
Borno,Yam,1.53,475.2,36.4,6.84,Loamy,93.3,No,No,Local,6.09
Ogun,Yam,4.3,2373.3,28.1,5.73,Clay,0,No,No,Local,6.7
Cross River,Yam,3.05,1777.4,29.8,4.98,Clay,148.4,No,Yes,Local,8.05
Taraba,Cassava,1.13,1462.4,31.8,5.82,Loamy,31.7,Yes,No,Local,8.88
Oyo,Sorghum,0.74,1791.1,24.4,5.26,Clay,12.5,No,No,Local,0.95
Rivers,Yam,1.29,1580.8,27.8,6.42,Loamy,113.9,No,Yes,Local,9.84
Ebonyi,Sorghum,1,2216.3,27.9,7.03,Loamy,64.9,No,Yes,Improved,1.62
Ondo,Yam,4.38,1539.3,26.4,5.3,Clay,160.6,No,Yes,Improved,9.05
Ogun,Sorghum,2.17,2440.1,27.9,6.14,Clay,89.5,No,No,Local,1.07
Bayelsa,Rice,0.91,1530.2,27.7,5.67,Clay,107.5,Yes,No,Improved,4.32
Edo,Cassava,2.23,1877.6,26.7,4.91,Loamy,127.4,No,No,Local,4.62
Kwara,Yam,3.59,1138.9,24.3,5.73,Loamy,158,No,No,Improved,9.81
Benue,Rice,1.9,1230.6,29.4,5.94,Loamy,129.7,No,Yes,Local,3.22
Osun,Rice,0.8,1907.8,27.2,5.44,Loamy,159.7,No,No,Local,2.64
Ondo,Cassava,1.6,1729,22.7,5.33,Clay,100.6,Yes,Yes,Local,10.56
Katsina,Maize,1.57,594.4,28.8,5.43,Sandy,55.5,No,No,Local,2.17
Sokoto,Rice,1.72,523.3,31.4,4.48,Sandy,146.7,Yes,No,Improved,3.45
Akwa Ibom,Sorghum,1.28,2134.4,24.8,6.5,Clay,121.3,No,No,Local,0.85
Niger,Rice,0.43,1061.3,29.2,5.66,Sandy,90,No,No,Improved,3.89
Bayelsa,Yam,3.7,1507.4,26.1,6.86,Loamy,95.9,No,No,Local,7.84
Gombe,Rice,1.12,911.7,29.5,6.9,Clay,124.3,No,No,Improved,3.3
Plateau,Yam,1.96,1424,25.2,4.81,Sandy,173.1,Yes,No,Improved,8.41
Bayelsa,Rice,2.04,1975.6,29.6,5.59,Loamy,125.8,No,No,Improved,3.74
Borno,Rice,0.27,485.9,30.2,5.63,Clay,131.3,No,Yes,Improved,4.25
Niger,Rice,0.59,1456.7,29.9,6.75,Loamy,77.6,Yes,Yes,Improved,4.07
Sokoto,Cassava,1.18,646.7,30.6,6.19,Loamy,147.5,No,No,Improved,8.77
Gombe,Yam,1.98,855.4,29,6.22,Clay,121.6,Yes,No,Improved,11.1
Katsina,Maize,1.12,525.2,37.4,7.2,Sandy,163,No,Yes,Improved,2.4
Delta,Sorghum,0.52,1998.9,22.1,5.82,Loamy,94.2,No,No,Improved,1.49
Bayelsa,Cassava,2.62,1593.4,22.7,5.65,Loamy,152,No,No,Local,8.67
Gombe,Cassava,3.01,625.3,28.5,6.47,Sandy,77.8,Yes,No,Local,10.16
Gombe,Yam,0.78,719.6,34.2,7.58,Sandy,93.4,No,No,Local,5.41
Taraba,Rice,5.14,1273.4,24.1,6.5,Sandy,78.7,Yes,No,Improved,2.01
Adamawa,Sorghum,0.89,1200.5,28.1,5.5,Loamy,26,No,No,Local,1.27
Benue,Yam,0.84,1307.6,25.2,6.15,Sandy,48,Yes,Yes,Improved,9.77
Ebonyi,Yam,1.56,2002.4,28.5,5.85,Loamy,102.4,No,No,Local,6.08
Bauchi,Maize,2.38,962.9,32.4,6.16,Loamy,152.7,No,No,Improved,2.76
Osun,Maize,1.19,2224.3,28.2,5.92,Loamy,119.7,No,No,Improved,2.78
Rivers,Rice,4.37,2324.5,25.3,6.8,Clay,90.7,No,No,Local,2.63
Abia,Yam,1.24,1765.5,27.8,5.05,Loamy,71.1,No,No,Local,7.49
Kwara,Rice,1.58,1449.6,25.1,5.78,Clay,83.1,Yes,Yes,Local,3.02
Zamfara,Cassava,6.84,733.2,30.1,6.28,Clay,29.7,No,No,Local,8.49
Ekiti,Yam,0.61,2203.8,28.3,5.21,Sandy,105.6,No,No,Improved,10.52
Taraba,Rice,4.94,1353.1,29.4,5.8,Clay,119.8,No,No,Local,2.37
Bayelsa,Rice,0.76,2449.9,25.3,5.93,Loamy,55.4,No,No,Local,2.88
Edo,Yam,6.61,2009.9,24.2,5.37,Clay,139.6,No,Yes,Local,7.3
Borno,Maize,1.39,312.3,37.5,5.65,Clay,131.3,No,No,Local,2.2
Bauchi,Cassava,0.67,613.4,26.3,4.9,Clay,105.8,No,Yes,Local,9.12
Yobe,Sorghum,3.05,627.4,37.7,6.39,Sandy,94.9,No,Yes,Improved,1.7
Nasarawa,Maize,1.36,1053.5,28.5,6.98,Clay,171.2,No,No,Local,1.79
Jigawa,Cassava,1.1,353.9,35.5,5.95,Sandy,97.7,Yes,No,Improved,11.85
Edo,Cassava,3.09,1754,22.8,5.6,Loamy,58.6,No,Yes,Local,10.4
Niger,Sorghum,1.27,1462.2,31.8,5.31,Clay,78.5,No,No,Local,1.09
Ebonyi,Cassava,1.62,2110,26.5,6.13,Clay,133.9,No,No,Improved,11.59
Akwa Ibom,Rice,0.46,2247.1,29,5.81,Loamy,94.3,Yes,No,Improved,3.75
Sokoto,Sorghum,0.32,565.5,30.4,6.09,Sandy,35.7,Yes,Yes,Local,1.61
Zamfara,Rice,0.35,773.2,32.1,6.37,Loamy,77.1,No,No,Local,2.53
Akwa Ibom,Yam,0.91,1726.6,22.6,5.12,Clay,106.9,No,No,Improved,9.2
FCT,Maize,1.28,1121.3,28.8,5.94,Sandy,64.1,Yes,No,Improved,2.48
Edo,Yam,2.02,1970.7,27.6,6.02,Clay,130.4,No,No,Improved,11.23
Yobe,Cassava,2.27,536.9,36.3,6.65,Sandy,89.2,Yes,No,Local,7.54
Ekiti,Sorghum,0.69,1510.7,22.5,6.19,Clay,38.1,No,No,Improved,1.1
Ogun,Yam,1.2,1720.8,24.6,4.84,Loamy,166.7,Yes,Yes,Improved,10.09
Enugu,Cassava,0.45,2495.5,29.6,5.4,Clay,72.1,No,Yes,Improved,13.79
Ogun,Rice,14.17,2032.3,23.6,5.02,Loamy,91.8,Yes,No,Improved,4.12
Rivers,Yam,1.23,1707.7,27.4,5.34,Loamy,56.3,No,No,Improved,8.51
Nasarawa,Maize,3.47,1303.7,27.6,5.54,Loamy,94.7,No,No,Improved,3.09
Anambra,Maize,1.04,2139.9,29.2,5.65,Sandy,112.1,Yes,No,Local,2.32
Bayelsa,Cassava,10.54,1659.9,22.8,6.48,Clay,147.5,No,No,Local,8.04
Taraba,Cassava,8.5,1049,28.9,6.07,Clay,126.9,No,No,Local,9.71
Borno,Cassava,4.97,490.6,30.7,6.69,Sandy,142.5,Yes,No,Local,8.22
Cross River,Cassava,5.69,1799.2,26.1,6.01,Clay,56.6,No,No,Local,9.08
Ekiti,Rice,0.71,2290.2,24.5,5.93,Clay,120,No,No,Local,3.1
Benue,Sorghum,3.52,1283.8,25.2,6.1,Loamy,31.7,No,No,Local,1.18
Rivers,Maize,0.5,2370.5,22.9,5.86,Loamy,153.1,No,No,Improved,2.3
Ekiti,Cassava,1.5,1577,28.9,4.98,Clay,88.3,No,No,Improved,10.1
FCT,Cassava,1.98,1151.3,28.3,5.98,Clay,51.3,No,Yes,Improved,14.62
Edo,Sorghum,3.16,1620.8,24.6,4.97,Loamy,126.7,Yes,Yes,Local,1.47
Benue,Maize,2.6,1463,25,7.39,Sandy,157.3,No,Yes,Local,1.97
Yobe,Sorghum,0.53,417.7,28.7,5.17,Clay,7.8,No,Yes,Improved,1.66
Rivers,Rice,5.11,1539.5,29.3,4.91,Sandy,122.6,No,No,Improved,2.8
Ekiti,Rice,0.36,2454.5,25,5.36,Sandy,73.3,No,No,Local,2.69
Rivers,Cassava,2.22,2365.2,26,4.59,Loamy,81.6,No,No,Improved,9.42
Ebonyi,Yam,0.57,2104.7,28.1,6.87,Loamy,43.7,No,No,Improved,8.15
Yobe,Maize,1.38,570.4,29.7,6.52,Sandy,147.9,No,No,Improved,2.3
Kano,Sorghum,0.79,791,28,5.15,Sandy,0,No,No,Local,1.19
Jigawa,Rice,1.09,625.4,36.3,5.73,Sandy,105.3,No,No,Local,2.74
Jigawa,Rice,1.43,440.5,29.6,5.6,Loamy,173.2,No,No,Local,1.7
Rivers,Yam,2.6,2301.4,30,6.03,Loamy,86.1,No,No,Improved,9.45
Osun,Yam,0.25,2091.3,23.7,6.23,Loamy,117.9,No,Yes,Improved,11.4
Enugu,Cassava,1.4,1811.9,22.9,6.19,Loamy,64.9,Yes,No,Local,8.74
Kaduna,Cassava,2.62,639.8,34.4,5.85,Clay,49.6,No,No,Local,7.08
Cross River,Maize,1.09,1756.5,22.7,5.92,Loamy,175.7,No,No,Improved,2.85
Bayelsa,Sorghum,0.87,2157.1,23.7,5.74,Clay,64.3,Yes,Yes,Local,1.31
Kano,Maize,1.52,872.5,30.7,6.46,Loamy,159.3,No,No,Local,1.95
Kaduna,Yam,0.91,811.1,27.5,6.54,Sandy,98,No,No,Local,6.68
Kano,Cassava,4.11,836.5,28.2,6.09,Sandy,105.6,Yes,No,Improved,10.36
Ogun,Cassava,2.58,1810.3,28.4,5.42,Loamy,105.8,No,No,Local,8.68
Taraba,Cassava,0.5,1134.7,28.2,6.74,Loamy,150.1,No,No,Improved,8.97
Taraba,Sorghum,19.12,1482.4,31.3,5.94,Clay,121.3,Yes,Yes,Improved,1.3
Kebbi,Cassava,0.78,690.3,34.9,5.64,Sandy,30.7,Yes,No,Local,3.01
Kaduna,Yam,0.67,976.1,29,4.86,Loamy,74,No,No,Local,6.87
Ondo,Cassava,0.29,2017.5,24.7,5.61,Clay,74.6,No,No,Local,8.38
Kebbi,Rice,0.32,663.3,31.1,5.99,Loamy,126.3,Yes,No,Improved,3.41
Niger,Cassava,0.49,1184,27.9,5.09,Sandy,114.8,Yes,No,Improved,11.52
Bayelsa,Sorghum,0.72,2028,24.4,6.13,Sandy,39,Yes,No,Local,1.25
Kebbi,Rice,6.32,769.2,34.2,5.42,Loamy,124.7,No,No,Improved,2.92
Kaduna,Maize,2.15,876.2,31.9,5.52,Loamy,59.3,No,No,Local,2.1
Bayelsa,Cassava,1.17,1613.8,24.2,7.02,Clay,28.7,No,No,Local,8.59
Sokoto,Sorghum,1.39,635.9,30.8,6.1,Loamy,108.5,Yes,Yes,Local,1.49
Zamfara,Sorghum,1.16,974.3,32.9,5.08,Sandy,120,No,Yes,Local,1.19
Kogi,Sorghum,1.01,1183.2,24.4,6.64,Sandy,18,No,No,Local,1.21
Gombe,Yam,0.72,903.2,28,5.04,Sandy,68.4,No,No,Local,6.91
Kogi,Yam,11.26,1149,31,5.64,Sandy,74.4,No,No,Local,7.37
Lagos,Cassava,0.8,1649.4,26.9,4.98,Clay,95.3,No,No,Local,9.03
Benue,Yam,2.36,1104.8,31.8,5.77,Loamy,123.4,Yes,Yes,Improved,12.56
Ogun,Maize,2.87,2052.7,22.8,6.29,Clay,131.8,No,No,Local,1.87
Ekiti,Yam,12.02,2486.2,27.5,5.11,Clay,138.5,Yes,No,Improved,10.57
Kogi,Yam,2.61,1260.4,30.5,6.57,Clay,80.8,Yes,No,Local,8.09
Benue,Yam,0.3,1215.9,25,5.63,Clay,105.7,No,No,Local,8.14
Lagos,Maize,1.23,1522.9,26.8,6.55,Clay,101,No,No,Improved,2.33
Kwara,Sorghum,2.69,1124.6,30.4,5.89,Clay,0,No,No,Improved,1.61
Gombe,Sorghum,0.42,950.5,30.1,6.8,Sandy,64.7,No,No,Local,1.27
Ebonyi,Sorghum,2.98,1796.9,26,6.54,Clay,88.9,No,No,Local,1.44
Bauchi,Rice,2.15,731.5,26.2,5.73,Clay,87.9,Yes,No,Improved,3.77
Edo,Cassava,0.64,1625.5,26.5,4.79,Loamy,130.9,Yes,No,Local,11.23
Plateau,Cassava,0.3,1046.6,25.9,6.28,Clay,96.4,No,No,Local,9.65
Zamfara,Maize,0.43,700.4,31.1,6.31,Sandy,126.3,Yes,No,Improved,1.66
Imo,Cassava,1.04,1956.1,29.3,6.41,Clay,56.9,No,No,Improved,10.63
Osun,Yam,1.66,2165.1,28.9,6.12,Clay,42.2,No,Yes,Local,6.18
Anambra,Sorghum,0.57,2052.8,28.3,7.14,Loamy,50.4,No,Yes,Local,1.61
Ogun,Cassava,1.64,1694.6,26.4,6.82,Clay,49.8,No,Yes,Local,5.59
Yobe,Cassava,1.49,415.6,35.1,5.45,Loamy,93.8,No,No,Local,6.43
Anambra,Yam,2.4,1742.7,29.3,5.71,Loamy,98.7,No,No,Local,8.81
Kwara,Cassava,0.76,1113.1,30.8,5.28,Clay,75.5,No,No,Improved,9.46
Yobe,Maize,0.49,413.9,31.8,5.85,Sandy,153.1,No,No,Improved,2.86
Anambra,Maize,0.92,1811.6,28,5.1,Loamy,123.1,No,No,Improved,2.41
Jigawa,Maize,1.87,680.4,31.6,5.94,Sandy,165.6,No,No,Local,1.78
Oyo,Sorghum,0.84,2452,23.7,5.18,Loamy,21.8,No,No,Local,0.99
Kogi,Cassava,2.46,1373.4,31.5,5.55,Clay,21.9,No,No,Local,8.66
Anambra,Sorghum,0.86,2114.7,25.3,7.35,Clay,72.1,Yes,No,Local,1.26
Imo,Yam,1.74,1660.2,23,5.26,Clay,110.9,Yes,No,Local,8
Zamfara,Rice,1.1,952.3,32.9,5.99,Sandy,82.1,Yes,Yes,Improved,4.3
Akwa Ibom,Rice,0.78,2124.6,23.8,7.32,Loamy,105.3,Yes,No,Improved,3.81
Sokoto,Rice,3.53,527.7,31.4,5.99,Sandy,97.7,No,No,Local,2.56
Akwa Ibom,Cassava,1.33,2371.6,30,5.79,Loamy,49.9,Yes,No,Improved,11.11
Katsina,Sorghum,3.26,451.4,28.3,6.33,Sandy,99.1,Yes,No,Improved,1.63
Oyo,Rice,3.85,2235.4,22.6,6.55,Loamy,104.9,No,No,Improved,3.25
Abia,Cassava,8.67,2474.8,24.2,4.94,Clay,146.1,Yes,Yes,Local,7.81
Nasarawa,Maize,0.71,1167.4,30.4,6.29,Sandy,122.8,Yes,No,Improved,2.99
Yobe,Rice,2.66,657.3,28.2,5.47,Sandy,49.2,No,Yes,Improved,3.21
Kaduna,Maize,1.45,959.2,32.9,6.08,Loamy,89.5,No,No,Local,2.25
Rivers,Maize,0.74,1643.7,26.1,5.63,Clay,137.8,Yes,No,Improved,3.16
Imo,Yam,1.47,2424.3,29.2,6.67,Clay,136,No,No,Local,8.36
Kano,Sorghum,0.36,948.5,26.9,5.89,Sandy,113.9,No,No,Local,1.32
Bayelsa,Yam,1.47,2231.7,26.4,4.69,Clay,122.4,No,No,Local,7.18
Ekiti,Rice,1.79,2413.3,26.5,5.78,Loamy,85.8,No,No,Local,2.5
Ebonyi,Yam,1.67,2218.6,28,6.43,Sandy,177.7,No,No,Improved,6.95
Nasarawa,Maize,0.76,1268.6,29.5,6.84,Loamy,159.1,Yes,No,Local,2.34
Ogun,Cassava,8.28,1949.8,23.8,6.88,Clay,92.2,No,No,Improved,8.7
Ekiti,Cassava,2.21,1688.8,22.3,5.48,Clay,97.6,Yes,No,Local,9.63
Osun,Yam,10.99,1605.1,27.1,5.72,Loamy,134.7,Yes,No,Improved,9.25
Kogi,Maize,0.86,1350.6,26.4,5.43,Sandy,192.4,No,No,Local,2.07
Niger,Yam,2.77,1192.5,28.4,6.19,Sandy,120.2,No,No,Improved,9.32
Borno,Maize,0.74,551.7,37.5,6.66,Loamy,204.7,No,Yes,Local,2.1
Cross River,Sorghum,2.04,1586.9,23.3,4.99,Loamy,19.7,Yes,No,Improved,1.38
Kwara,Cassava,4.57,1256.4,26.5,6.01,Loamy,113,No,No,Local,9.01
Plateau,Maize,0.57,1426.9,24.2,5.51,Loamy,144.2,No,No,Improved,2.94
Enugu,Yam,0.94,2292.5,24.5,6.42,Loamy,113,No,Yes,Local,7.35
Bauchi,Sorghum,2.64,680.9,34.8,5.93,Clay,59.9,No,No,Local,1.36
Katsina,Sorghum,0.92,619.9,31.9,5.43,Clay,68,Yes,No,Local,1.52
Gombe,Rice,0.53,827.7,26.9,6.79,Clay,169.8,No,No,Improved,2.69
Kebbi,Rice,1.31,739.2,34.6,8.08,Loamy,86.1,Yes,No,Local,2.27
Kebbi,Rice,1.5,946.1,27,4.32,Sandy,124.4,Yes,No,Improved,3.84
Anambra,Sorghum,6.31,1661.5,29.5,5.48,Clay,28.7,No,No,Local,0.42
Delta,Cassava,4.43,1680.5,23.3,6.26,Clay,111,Yes,No,Local,8.28
Abia,Sorghum,8.25,1533.3,25.3,6.3,Loamy,64.2,No,No,Local,1.19
Akwa Ibom,Yam,3.27,2202.7,29.1,5.84,Sandy,90.1,Yes,No,Improved,10.17
Ekiti,Yam,0.38,2474.9,24.3,7.31,Loamy,70.6,Yes,No,Improved,8.69
Cross River,Sorghum,0.2,1799.5,27.1,5.16,Clay,15.2,No,No,Local,1.02
Ogun,Yam,3,1880.1,24,5.28,Clay,175.9,No,No,Improved,6.29
Benue,Rice,1.55,1270,24.3,5.78,Sandy,7.7,Yes,No,Local,2.48
Bauchi,Sorghum,2.44,623,33.3,6.54,Sandy,36,No,No,Improved,1.89
Lagos,Rice,2.02,2145.8,25.3,5.43,Loamy,123.9,No,No,Improved,3.57
Kogi,Rice,2.29,1153.5,26.2,5.7,Clay,151.8,Yes,No,Improved,3.87
Oyo,Cassava,3.34,1907.2,26.5,5.52,Sandy,107.6,No,No,Improved,10.58
Kaduna,Maize,4.3,809,33.6,4.87,Clay,196.7,No,No,Improved,1.89
Benue,Sorghum,0.79,1405.2,26.9,5.6,Sandy,0,No,No,Improved,1.23
Ogun,Maize,1.11,2423.9,28,5.13,Clay,60.6,No,Yes,Improved,2.55
Gombe,Sorghum,12.66,914.2,30.9,6.94,Sandy,118,Yes,No,Local,1.24
Osun,Sorghum,0.24,2334.6,22.3,5.84,Clay,0,No,No,Improved,1.18
Katsina,Yam,0.53,436.7,31.8,5.64,Sandy,186.7,No,No,Local,6.46
Osun,Maize,0.3,1608.3,29.1,5.81,Clay,152.9,No,No,Local,1.91
Jigawa,Maize,2.94,490,35.9,7.59,Loamy,126.1,Yes,No,Local,1.9
Edo,Yam,1.4,2298.5,26,7.09,Loamy,62.3,Yes,No,Improved,8.23
Delta,Cassava,2.28,1656.3,27.4,5.83,Clay,83.5,No,Yes,Improved,11.94
Katsina,Yam,0.29,344.4,36.1,6.02,Loamy,56.8,Yes,No,Local,7.2
Delta,Yam,1.22,2060,27.9,5.97,Sandy,114.7,No,No,Local,2.7
Kaduna,Yam,0.34,686.2,32.7,4.31,Sandy,67.6,No,No,Local,5.67
Kano,Maize,1.01,783.4,34.7,5.86,Loamy,131.2,No,No,Improved,2.84
Katsina,Maize,1.14,513.9,32.8,5.29,Sandy,161,No,No,Local,1.73
Kaduna,Maize,1.23,862.6,29.8,5.79,Loamy,128.2,No,No,Local,2.46
Bayelsa,Cassava,3.2,2016.2,24.1,6.93,Clay,194.6,Yes,Yes,Local,8
Taraba,Rice,4.63,1227,29,6.64,Loamy,78.6,Yes,Yes,Improved,4.39
Borno,Sorghum,0.66,617,35.1,5.15,Clay,80.5,No,No,Local,1.4
Niger,Rice,1.74,1157.7,28.7,5.02,Loamy,99.4,Yes,No,Local,2.12
Borno,Cassava,1.38,321.7,35.6,6.87,Sandy,88.6,No,No,Local,7.6
Ondo,Maize,2.82,1550.7,27,7.61,Clay,174.2,No,No,Improved,2.9
Imo,Sorghum,2.47,1742.3,22.1,6.29,Loamy,119.3,Yes,No,Improved,1.27
Osun,Maize,1.96,2148.5,24.8,5.53,Clay,142.8,No,No,Improved,2.27
Gombe,Yam,11.5,714.9,34.6,6.96,Clay,138,No,No,Local,2.2
Ondo,Yam,3.26,1800.7,26.4,7.03,Loamy,108.4,No,No,Local,6.77
Imo,Maize,5.24,1650.2,29.6,5.43,Loamy,147,Yes,No,Local,1.97
Ebonyi,Cassava,3.47,2017,27.6,5.67,Sandy,145.1,No,No,Improved,12.25
FCT,Maize,1.09,1299.6,26.3,4,Loamy,31.6,No,No,Local,1.59
Enugu,Maize,0.83,1819.9,26.5,5.96,Loamy,102.2,Yes,No,Local,2.34
Plateau,Cassava,1.1,1170.1,24.8,5.33,Sandy,57.6,Yes,No,Local,8.86
Zamfara,Cassava,2.14,707.9,28.7,6.92,Clay,123.1,Yes,No,Improved,13.08
Oyo,Cassava,1.01,2208.6,26.3,5.78,Clay,86,Yes,No,Local,10.58
Benue,Maize,18.54,1351.6,29.7,6.42,Clay,98.8,Yes,Yes,Local,2.06
Jigawa,Rice,1.25,581.3,29.3,5.7,Sandy,149.2,No,No,Improved,3.5
Kwara,Maize,1.67,1204.4,31.6,6.49,Clay,148.6,Yes,No,Improved,3.13
Plateau,Yam,1.79,1221.7,31.9,5.38,Loamy,107.4,No,No,Improved,10.65
Bauchi,Yam,1.52,813.6,31.5,5.74,Sandy,80.4,Yes,No,Improved,9.54
Bauchi,Sorghum,2.89,630.6,32.2,5.77,Loamy,112.3,No,Yes,Improved,1.88
Abia,Rice,1.92,1777.9,28.1,6.2,Loamy,54.4,Yes,No,Improved,3.16
Plateau,Sorghum,6.14,1054.5,31.6,4.68,Clay,109.5,No,Yes,Local,1.22
Ebonyi,Sorghum,1.15,1993.5,25.1,6.12,Clay,31.8,Yes,No,Improved,1.47
Cross River,Cassava,3.59,1917.1,27.8,6.16,Clay,84.1,No,No,Local,8.89
Ondo,Cassava,0.78,1833.5,27.6,6.27,Clay,59.4,Yes,No,Improved,12.82
Benue,Sorghum,4.76,1154.7,27.5,6.3,Sandy,97.5,No,No,Improved,1.15
Cross River,Yam,2.71,1501.2,23.2,5.77,Loamy,92.9,No,No,Local,8.06
Osun,Cassava,0.96,1789.2,24.9,5.54,Loamy,109.4,No,No,Local,9.83
Anambra,Cassava,0.82,2341.9,23.9,5.12,Clay,97.9,No,No,Local,9.67
Jigawa,Maize,5.62,644.7,37.2,6.82,Sandy,79.3,Yes,No,Local,2.05
Delta,Yam,1.98,2191.2,26.9,6.33,Clay,102.7,Yes,No,Improved,9.36
Borno,Sorghum,0.54,392.4,32,5.98,Sandy,23.4,No,No,Local,1.21
Kebbi,Rice,2.48,820.8,34.9,6.06,Sandy,122.5,No,No,Improved,2.98
Kaduna,Maize,2.16,807,27.6,6.93,Sandy,128.5,Yes,No,Improved,2.88
Yobe,Cassava,2.71,552.1,30,6,Loamy,93.8,Yes,Yes,Local,12.14
Katsina,Yam,0.72,644.5,36.6,6.51,Loamy,81.3,Yes,No,Improved,9.03
Anambra,Yam,2.29,2447.2,24.1,6.61,Clay,94.5,Yes,No,Local,7.29
Katsina,Maize,0.62,693.8,30.8,5.53,Clay,134.7,No,No,Improved,2.28
Anambra,Sorghum,1.11,2134.4,28.8,5.65,Clay,31.9,Yes,No,Local,1.39
Plateau,Maize,1,1487.5,31.6,6.27,Clay,141.3,No,No,Improved,2.54
Imo,Yam,1.58,1775.7,24.8,4.81,Loamy,152.1,Yes,No,Local,7.55
Lagos,Maize,0.85,1501.1,25.1,6.14,Loamy,54,Yes,No,Local,2.21
Kaduna,Sorghum,0.45,884.3,26.3,6.48,Sandy,48.1,Yes,No,Improved,2.02
Plateau,Sorghum,1.63,1263.7,29,5.1,Sandy,36.9,Yes,No,Local,1.28
Oyo,Rice,2.52,2427.1,25.4,5.77,Loamy,31.1,No,No,Local,2.72
Niger,Maize,3.83,1018.7,28.3,6.14,Clay,164.4,No,No,Improved,2.64
Adamawa,Maize,0.93,1104.6,25.5,5.72,Clay,48.8,No,No,Improved,2.51
Delta,Maize,0.79,1872.8,22,4.75,Loamy,175.9,Yes,No,Improved,1.96
Nasarawa,Maize,0.59,1091.9,27.6,6.82,Clay,47.7,No,Yes,Local,2.27
Ekiti,Maize,1.65,1786.1,22.4,7.05,Clay,181.8,No,No,Local,2.14
Benue,Cassava,4.06,1349.4,30.6,5.88,Clay,121.8,No,No,Improved,10.77
Rivers,Yam,0.93,2223.5,24.9,5.56,Loamy,149.6,No,No,Local,8.37
Ebonyi,Sorghum,3.85,2267.7,23.6,5.84,Clay,36.6,No,No,Local,1.02
Osun,Rice,3.31,1668.9,23.5,5.58,Loamy,159.5,No,No,Improved,4.03
Katsina,Yam,1.2,389.5,28.8,6.72,Clay,90.8,Yes,No,Local,8.37
Ogun,Sorghum,2.08,1851,25.7,6.01,Clay,0,Yes,No,Local,1.1
Lagos,Cassava,1.98,1616.6,27.9,6.01,Clay,65.3,No,Yes,Improved,11.09
Osun,Rice,0.24,1742.5,22.5,4.92,Loamy,81.5,Yes,Yes,Local,2.92
Niger,Maize,2.04,1234.5,27,5.37,Sandy,73,Yes,Yes,Improved,2.9
Kwara,Cassava,0.69,1123.7,29,5.43,Clay,27.7,No,No,Local,8.2
Kano,Maize,0.56,998.7,28.8,4.72,Sandy,195.3,Yes,No,Improved,2.92
Bauchi,Yam,0.57,832.9,29.6,6.31,Clay,97.1,Yes,No,Local,10.04
Jigawa,Cassava,0.96,648.9,35.4,7.02,Loamy,23.1,Yes,No,Improved,9.56
Nasarawa,Cassava,1.21,1009.3,29.9,5.27,Sandy,100.7,No,No,Improved,10.09
Nasarawa,Sorghum,1.45,1032.3,30.3,6.67,Sandy,66.2,No,No,Local,1.34
Enugu,Yam,1.53,2012.7,24.4,5.89,Loamy,130.9,No,No,Local,5.54
FCT,Cassava,1.17,1138.2,26.2,6.62,Loamy,32.2,No,No,Improved,9.81
Enugu,Cassava,3.42,2206,23.8,5.14,Clay,119.9,No,No,Local,8.64
Ogun,Cassava,3.69,1746,24.4,6.48,Loamy,157.6,Yes,Yes,Improved,13.46
Ogun,Rice,0.39,2402.1,29.1,5.68,Clay,135.4,No,No,Local,2.91
Ekiti,Cassava,0.7,2432.3,23.5,5.38,Clay,96.7,No,No,Local,7.14
Adamawa,Maize,4.67,1220.7,28.6,6.44,Clay,67.4,Yes,No,Local,2.09
Kwara,Maize,4.88,1431.9,29.2,5.96,Loamy,118.9,No,No,Local,2.17
Abia,Yam,2.84,2415.4,25.9,6.42,Loamy,189.5,Yes,No,Improved,7.66
Katsina,Rice,1.41,440.2,37.2,6.49,Sandy,138.5,No,No,Improved,2.68
Rivers,Yam,1.47,2197.6,28.9,5.71,Clay,84.8,No,No,Local,6.29
Niger,Sorghum,0.26,1050.3,29,5.5,Loamy,0,Yes,No,Local,0.97
Bauchi,Maize,0.43,791.4,31.9,5.72,Sandy,166.9,Yes,No,Local,2.21
Kogi,Yam,0.89,1291.4,27.4,6.03,Clay,163.9,Yes,No,Improved,10.21
Katsina,Rice,0.69,652.2,32.9,6.18,Sandy,123.2,Yes,No,Improved,3.62
Ondo,Rice,1.6,1606.2,25.4,7.21,Loamy,131.3,No,No,Improved,3.63
Sokoto,Yam,2.96,542.1,35.8,6.26,Loamy,121.2,Yes,No,Local,7.33
Ebonyi,Cassava,1,1699.1,28.2,6.72,Sandy,90.4,No,No,Improved,11.75
Yobe,Cassava,1.85,379.3,30.9,6.11,Clay,81.3,No,No,Local,8.08
Kogi,Cassava,2.3,1095.1,29.3,6.18,Clay,79,Yes,No,Improved,10.85
Kogi,Rice,1.38,1443.5,29,6.43,Loamy,57.8,Yes,No,Local,0.88
Kaduna,Yam,2.35,687.6,27.7,4.91,Clay,95.6,No,No,Improved,7.94
Gombe,Sorghum,0.98,750.2,29.5,5.73,Sandy,47.6,No,No,Local,1.37
Oyo,Cassava,0.85,1584.7,26.6,6.47,Sandy,95.8,No,No,Local,9.01
Sokoto,Rice,0.63,377.7,34.7,5.82,Clay,188.8,No,No,Improved,2.53
Kano,Maize,2.4,797.2,34.8,6.38,Loamy,95.9,Yes,No,Local,2.21
Cross River,Rice,1.52,2174.1,24.6,6.75,Sandy,150.6,Yes,No,Local,2.98
Abia,Maize,1.57,2474.4,23.9,5.58,Sandy,138.9,Yes,No,Improved,2.43
Plateau,Sorghum,2.72,1097.7,28.9,7.07,Loamy,92.5,No,No,Local,1.51
Anambra,Cassava,1.45,2377.8,22.4,6.01,Loamy,143.9,Yes,Yes,Local,9.22
Sokoto,Rice,2.55,639.2,36.9,6.68,Loamy,49.5,No,No,Improved,2.37
Bayelsa,Sorghum,0.6,2430.7,28.6,6.59,Loamy,38.5,No,No,Local,0.9
Rivers,Sorghum,5.43,2047.1,23.5,5.47,Clay,89.4,Yes,No,Improved,1.54
Sokoto,Yam,1.63,416.6,32,5.1,Clay,116.5,No,No,Improved,10.23
Kaduna,Yam,0.49,730.1,28.1,6.33,Clay,62.5,No,No,Improved,9.01
Akwa Ibom,Cassava,0.63,1599.6,24.7,5.95,Loamy,71.7,Yes,No,Local,8.23
Gombe,Maize,1.06,645,28.9,7.12,Clay,107.6,Yes,No,Local,2.55
Ebonyi,Sorghum,11.84,1957,29.5,6.52,Clay,60.5,No,No,Improved,1.46
Oyo,Rice,0.51,2441.9,29.1,6.12,Clay,118.3,No,No,Local,2.66
Zamfara,Sorghum,0.2,712,28.8,6.09,Loamy,83,No,No,Local,1.43
Kano,Rice,2.16,976.7,32,7.15,Clay,60.8,Yes,No,Improved,3.05
Taraba,Rice,1.61,1144.2,26.1,5.47,Clay,97.8,Yes,No,Improved,3.89
Akwa Ibom,Maize,1.61,1600.5,26.8,5.62,Loamy,121.9,Yes,Yes,Improved,3.5
Jigawa,Maize,2.87,350.1,35.4,6.34,Sandy,54.2,No,Yes,Local,1.78
Kwara,Sorghum,0.74,1307.8,27.9,4.65,Loamy,0,No,No,Improved,1.07
Kebbi,Rice,3.01,957.1,27.1,6.02,Loamy,51.6,Yes,No,Local,2.76
Yobe,Maize,0.34,453.4,30.3,6.42,Sandy,220.5,No,No,Improved,2.3
Borno,Maize,1.17,502.3,36.5,7.19,Sandy,177.3,No,No,Improved,2.4
Cross River,Rice,0.85,1661.8,22.8,5.84,Sandy,85.3,Yes,No,Local,3.06
Enugu,Rice,0.3,1749.8,28.6,6.38,Clay,102.5,Yes,Yes,Local,3.5
Kano,Rice,3.9,975,31.3,5.8,Sandy,123.7,No,Yes,Local,3.32
Yobe,Rice,1.89,659.8,37.7,5.83,Sandy,94.9,Yes,No,Improved,2.71
Gombe,Yam,2.4,865,33.1,6.98,Clay,49.4,No,No,Local,7.4
Kwara,Sorghum,1.87,1371.7,29.2,5.64,Clay,0,No,No,Local,0.96
Gombe,Cassava,0.7,965.1,30.3,6.14,Sandy,90.7,Yes,No,Local,10.95
Zamfara,Cassava,0.75,669.4,32.8,6.24,Sandy,161.2,No,No,Local,7.45
Plateau,Rice,3.43,1034.8,27.9,6.15,Clay,49.8,No,No,Improved,3.05
Delta,Maize,0.21,2124.7,29.9,5.75,Clay,155.4,No,No,Improved,2.15
Jigawa,Cassava,6.31,563.2,32.9,6.68,Sandy,65.1,No,Yes,Improved,11.73
Kogi,Sorghum,1.19,1440.4,24.2,5.62,Clay,0,No,Yes,Local,1.34
Kaduna,Rice,1.33,627.9,33.6,5.54,Sandy,93.6,Yes,No,Local,2.48
Osun,Cassava,7.43,2158.1,28.8,7.25,Loamy,60.8,Yes,No,Improved,11.37
Nasarawa,Yam,1.18,1099.3,27.2,6.57,Loamy,24.4,No,No,Local,7
Enugu,Cassava,0.28,1725.9,22.1,4.99,Loamy,151.9,No,Yes,Improved,10.32
Osun,Yam,1.84,2149.3,27.6,5.45,Sandy,44.4,Yes,No,Local,6.33
Adamawa,Rice,1.39,1256.1,25.3,7.79,Sandy,71.5,Yes,Yes,Local,3.34
Enugu,Maize,4.7,2461.3,27.1,4.5,Sandy,128.2,No,Yes,Improved,2.2
Enugu,Rice,7.27,1920.5,25.5,5.27,Clay,123.4,Yes,Yes,Improved,3.96
Kano,Yam,0.82,734.8,34.2,6.86,Clay,91,No,Yes,Improved,9.43
Taraba,Sorghum,2.51,1377.8,28.8,5.65,Sandy,43.7,Yes,No,Improved,1.13
Abia,Rice,0.7,1644.4,25.8,6.11,Loamy,168.1,No,Yes,Local,2.72
FCT,Maize,0.58,1194.3,28.2,7.23,Clay,119,Yes,No,Local,2.11
Adamawa,Cassava,1.07,1320.8,24.5,4.74,Loamy,78.9,No,No,Improved,11.72
Delta,Maize,0.28,1537.8,29.7,5.65,Loamy,100.8,Yes,No,Improved,2.96
Kano,Sorghum,1.47,736.1,34.5,7.24,Clay,71.7,Yes,Yes,Local,1.56
Lagos,Yam,0.85,2394,24.9,5.09,Loamy,92,Yes,No,Local,7.52
Osun,Rice,3.63,1923.2,28.7,6.67,Loamy,91.5,No,No,Local,2.95
Yobe,Maize,0.76,604.1,31.5,8.27,Sandy,154.9,No,No,Local,1.5
Sokoto,Rice,2.57,487.3,32.5,6.43,Sandy,74.5,Yes,No,Improved,2.76
Jigawa,Maize,2.68,415.2,32.3,6.47,Sandy,154.1,Yes,No,Improved,2.38
Benue,Rice,2.02,1338.7,31.3,5.93,Clay,84.9,Yes,No,Local,3.96
Kano,Yam,0.55,716.4,28.2,6.69,Clay,46.1,Yes,No,Local,6.17
Enugu,Sorghum,3.47,2320.8,27.5,5.66,Loamy,74.7,No,No,Local,1.31
Jigawa,Rice,1.46,471.1,34.3,5.68,Clay,58.2,No,No,Improved,3.09
Abia,Maize,0.44,2353.2,22.9,4.25,Clay,144.9,Yes,No,Improved,2.5
Katsina,Yam,0.93,445.4,37.6,5.52,Sandy,50.7,No,No,Local,5.03
Plateau,Cassava,2.44,1010.2,30.1,6.82,Clay,147,No,No,Local,7.95
Katsina,Cassava,0.21,576.3,32.9,5.77,Sandy,72.9,No,No,Local,7.49
Ebonyi,Yam,2.05,1584.6,26.7,5.41,Clay,170.5,No,No,Local,2.87
Delta,Maize,3.9,1536.7,24,6.02,Clay,135.5,Yes,No,Local,1.93
Benue,Rice,3.33,1472.6,28.7,5.87,Sandy,91.4,Yes,No,Local,3.03
Rivers,Rice,0.41,2462.6,26.9,6.18,Clay,125.2,No,Yes,Local,3.24
Nasarawa,Sorghum,0.41,1194.9,25.9,5.83,Loamy,94.5,No,Yes,Improved,1.65
Jigawa,Rice,1.52,684.5,32.9,6.79,Loamy,100.7,No,No,Improved,3.26
Jigawa,Sorghum,1,492.4,32.1,6.09,Loamy,137.9,No,No,Improved,1.36
Zamfara,Yam,1.07,982.9,33.1,5.47,Sandy,98.6,No,No,Improved,8.87
Ekiti,Maize,0.77,2383.8,28.5,5.51,Loamy,68,No,No,Local,1.76
Taraba,Maize,2,1479.1,31.4,5.7,Loamy,151.5,Yes,No,Local,2.02
Nasarawa,Yam,0.63,1033.8,24.7,5.9,Sandy,114.6,No,No,Improved,9.99
Niger,Sorghum,4.33,1062.7,25.6,5.81,Loamy,120,No,No,Improved,1.2
Bayelsa,Yam,2.49,1850.9,22.3,6.35,Loamy,150.6,Yes,No,Improved,9.73
Kwara,Maize,6.15,1187.4,27.5,6.78,Loamy,76,Yes,No,Local,2.36
Katsina,Cassava,1.78,554.2,29.3,6.74,Sandy,58.1,No,No,Improved,8.62
Edo,Sorghum,1.57,1744.8,22.7,6.18,Loamy,37.2,Yes,No,Local,1.34
Imo,Maize,6.83,2191.3,26.2,5.11,Loamy,124.5,Yes,No,Local,1.77
Edo,Maize,1.91,2106.2,26.9,6.25,Loamy,112.8,Yes,No,Local,2.29
Taraba,Maize,0.41,1414.5,29.6,5.75,Sandy,130.2,No,No,Local,2.35
Katsina,Cassava,1.42,452.8,32.6,6.16,Sandy,61.5,No,No,Local,7.09
Edo,Yam,0.69,1579.8,23.7,7.67,Sandy,171.5,Yes,Yes,Local,6.36
Osun,Sorghum,0.76,1899.3,23.5,5.24,Clay,49.6,No,No,Local,1.09
Ebonyi,Maize,7.64,2086,27,6.18,Loamy,111.6,No,No,Improved,2.48
Benue,Cassava,0.41,1271.7,24.6,5.51,Clay,134.3,No,No,Local,8.89
Sokoto,Maize,2.07,328.5,34.5,5.71,Loamy,97,No,Yes,Improved,2.62
Oyo,Sorghum,1.16,1814.6,22,5.56,Clay,83.4,No,No,Local,1.05
Sokoto,Cassava,0.56,463.5,29.6,5.9,Loamy,89.4,No,No,Improved,10.25
Kebbi,Yam,1.65,617.4,33.3,5.34,Sandy,73.2,No,No,Improved,9.06
Bayelsa,Sorghum,0.43,1568.5,27,4.88,Loamy,56.2,Yes,No,Local,1.31
Bauchi,Maize,0.66,966.1,26.8,5.15,Sandy,136.5,No,No,Local,2.09
Zamfara,Rice,6.62,735.3,26.9,5.17,Sandy,87.3,Yes,No,Local,3.35
Zamfara,Maize,2.24,886.1,31.2,7.22,Clay,135.4,Yes,No,Local,2.41
Ogun,Rice,1.24,2152.8,27.2,7.06,Loamy,144.4,No,Yes,Local,3.24
Benue,Rice,3.63,1398.3,30,6.04,Sandy,162.8,Yes,No,Improved,4.17
Niger,Cassava,1.26,1374.9,25.5,6.43,Loamy,120.7,Yes,No,Improved,6.68
Ebonyi,Rice,0.95,2451.6,22.9,6.5,Clay,132.3,No,No,Local,2.71
Osun,Cassava,2.55,1995.2,26.4,5.46,Clay,73,Yes,No,Improved,12.35
Cross River,Cassava,0.69,2186.7,24.8,5.9,Loamy,72.8,Yes,Yes,Local,8.6
Benue,Maize,0.79,1196.2,26.4,5.89,Loamy,103.6,Yes,No,Improved,3.07
Anambra,Yam,2.44,2386,25.1,6.79,Loamy,81,No,No,Local,7.02
Oyo,Sorghum,0.93,2018.3,28.3,7.25,Clay,116.3,No,No,Local,0.97
Anambra,Yam,1.44,2240.7,24.6,5.66,Clay,106.2,No,Yes,Local,4.02
Katsina,Yam,4.45,416.5,36.9,6.54,Sandy,42.1,No,No,Improved,7.21
Oyo,Cassava,4.47,1698.5,22.7,5.56,Loamy,58.8,No,No,Local,7.97
Bauchi,Rice,0.99,827.4,29.9,6.06,Sandy,71.9,Yes,No,Improved,4.94
Akwa Ibom,Rice,1.46,2021,28,7.45,Clay,146.7,No,No,Improved,3.24
Niger,Sorghum,1.01,1403.3,27.1,5.74,Loamy,54.1,No,No,Local,0.49
Gombe,Sorghum,4.21,706.8,27.5,5.95,Sandy,95.5,Yes,No,Improved,1.77
Cross River,Cassava,0.38,1798.2,28.1,6.72,Clay,118.3,No,Yes,Improved,12.42
Rivers,Cassava,2.42,2181.1,26,6.38,Loamy,92.4,No,No,Local,8.3
Akwa Ibom,Maize,0.7,1949.6,29.1,5.79,Loamy,115.6,Yes,Yes,Local,2.13
Akwa Ibom,Cassava,2.23,1750.1,28.9,5.9,Loamy,4.5,Yes,No,Improved,11.12
Cross River,Rice,1.51,2480.7,25.6,6.23,Sandy,143.9,No,No,Improved,3.54
Ondo,Maize,1.32,1700,28.1,6.99,Clay,129.3,Yes,No,Local,2.16
Lagos,Rice,2.51,2370,26.5,5.7,Loamy,35.3,Yes,No,Improved,3.57
Zamfara,Cassava,5.42,709.2,34.7,5.87,Clay,59.1,Yes,No,Local,8.2
Osun,Maize,3.14,2109.7,22.9,5.71,Clay,111,Yes,No,Local,2.11
Delta,Cassava,4.07,2373.9,28.7,5.86,Loamy,92,No,No,Improved,10.68
Oyo,Rice,2.09,1933.6,25.9,6.42,Clay,154.1,No,No,Local,3.52
Yobe,Yam,4.7,302.5,36.7,6.57,Sandy,77.8,No,No,Improved,6.76
Akwa Ibom,Sorghum,2.23,1500.5,28.5,5.54,Clay,77.5,No,No,Improved,1.52
Bayelsa,Yam,0.7,1951,24.7,6.23,Loamy,75.8,No,No,Local,7.75
Yobe,Rice,0.74,576.1,35.8,6.12,Sandy,86.6,No,Yes,Local,2.55
Benue,Maize,0.52,1417.5,24.3,6.8,Loamy,126.6,Yes,No,Local,2.6
Benue,Yam,3.15,1481.6,24.1,5.35,Loamy,48.5,No,No,Improved,7.35
Kaduna,Cassava,2.31,919.4,26.6,6.94,Sandy,102.6,No,No,Local,7.73
Taraba,Maize,1.29,1079.7,28.2,5.61,Clay,94.1,Yes,Yes,Local,2.96
Kogi,Rice,0.34,1301.8,24.9,5.09,Sandy,84.8,No,No,Local,3.49
Ogun,Rice,1.03,1749,26.8,7.22,Clay,152.8,Yes,No,Improved,3.54
Bayelsa,Cassava,0.85,2328.1,23.7,5.81,Clay,120.4,No,No,Improved,8.26
Borno,Cassava,1.66,682.8,28.7,5.75,Sandy,67,No,No,Local,7.71
Katsina,Yam,5.1,359.9,37.6,5.65,Loamy,49.4,No,No,Improved,7.42
Osun,Cassava,6.55,2395.4,25,6.3,Loamy,134.3,Yes,Yes,Improved,13.68
Lagos,Rice,0.32,2213.4,24.1,6.42,Loamy,95,No,No,Improved,3.31
FCT,Rice,0.6,1178.4,31.3,4.8,Clay,143.5,No,No,Local,2.8
Rivers,Cassava,0.32,2309.7,23.4,5.94,Loamy,87.1,Yes,No,Local,9.61
Cross River,Yam,3.58,1894.2,23.4,4.73,Sandy,135,No,No,Local,6.22
Bayelsa,Cassava,2.12,2148.5,22.5,4.57,Loamy,35.9,Yes,No,Local,3.35
Rivers,Yam,0.96,2415.5,27.1,5.52,Clay,69.8,No,No,Improved,8.5
Ebonyi,Rice,3.34,2393.2,27.3,5.92,Sandy,107.8,Yes,No,Local,3.32
Zamfara,Yam,0.4,663.4,35,5.58,Sandy,80.7,No,No,Improved,6.99
Yobe,Sorghum,2.55,463.6,31.6,6.49,Loamy,0,Yes,No,Local,1.29
FCT,Yam,0.44,1091.6,26.6,5.43,Loamy,47.2,No,Yes,Improved,9.83
Zamfara,Sorghum,0.42,710.9,34.6,6.4,Sandy,35.5,No,No,Improved,1.99
Imo,Rice,1.11,1541.6,27.2,5.88,Loamy,208.1,No,No,Improved,3.37
Enugu,Cassava,2.81,2237.1,25.4,6.82,Sandy,81.8,No,No,Local,6.58
Jigawa,Rice,1.16,491.4,33.9,5.15,Sandy,139.6,No,No,Improved,2.62
Ebonyi,Maize,6.91,1656.2,26.6,7,Clay,157.1,Yes,No,Local,2.18
FCT,Cassava,2.25,1143.5,29.7,5.65,Sandy,88.6,Yes,No,Local,8.83
Zamfara,Yam,2.27,804.5,30,6.16,Sandy,97.5,Yes,No,Improved,11.06
Zamfara,Yam,1.07,880.2,30.5,4.51,Sandy,75.7,No,Yes,Improved,11.58
Benue,Yam,0.91,1355.9,25.6,6.91,Loamy,88.6,Yes,No,Local,7.42
Kwara,Yam,2.99,1390.5,28.3,6.51,Loamy,108.6,Yes,No,Local,8.13
Kogi,Sorghum,6.17,1056.4,31,6.84,Loamy,14,Yes,No,Local,1.26
Edo,Maize,1.43,2467.9,24.7,6.83,Clay,113.1,No,Yes,Local,2.53
Sokoto,Yam,0.44,316.9,32.5,6.47,Clay,105.8,Yes,No,Improved,10.77
Abia,Sorghum,0.91,2008.2,27.6,5.93,Clay,104.5,Yes,No,Local,1.26
Akwa Ibom,Yam,0.26,1760.2,27.1,6,Loamy,127.1,No,Yes,Local,9.05
Taraba,Maize,1.32,1063.2,28.5,6.84,Loamy,184.8,No,No,Improved,2.29
Benue,Cassava,1.76,1021.1,30.6,6.62,Loamy,16.7,Yes,No,Local,6.95
Anambra,Sorghum,0.88,1775.5,26.3,6.05,Clay,35.6,No,No,Improved,1.5
Rivers,Yam,0.47,1844.3,26.4,5.15,Clay,143.9,Yes,No,Local,8.87
Zamfara,Rice,6.8,760.9,32,6.84,Sandy,117.5,No,No,Local,2.75
Cross River,Cassava,0.2,1910.4,24.4,6.16,Sandy,84.4,No,No,Local,8.28
Benue,Cassava,0.74,1121.3,27.7,4.96,Loamy,35.9,Yes,No,Local,7.68
Bayelsa,Rice,0.55,2376.1,23.2,7.13,Sandy,101.6,No,No,Local,2.02
Enugu,Maize,2.18,1777.8,27.4,6.65,Clay,164.4,Yes,No,Improved,3.11
Osun,Rice,1.1,2341.5,26.8,5.77,Clay,96.4,Yes,No,Improved,1.67
Katsina,Maize,0.99,629.3,28.1,6.53,Sandy,121.7,No,No,Improved,2.27
Osun,Sorghum,0.43,2489.7,23,6.7,Clay,67,Yes,No,Improved,1.36
Ebonyi,Sorghum,1.05,2094.9,23.4,4.86,Clay,75.2,No,Yes,Improved,1.65
Kano,Cassava,5.07,999.9,28,6.73,Loamy,51.2,No,No,Improved,11.07
Ogun,Maize,2.1,2225.8,28,4.02,Loamy,160.2,Yes,No,Local,1.86
Anambra,Yam,7.05,2084.6,27.9,5.8,Sandy,118.5,Yes,No,Local,8.23
Kogi,Yam,0.59,1100.2,26.4,5.69,Clay,155.6,Yes,No,Local,8.9
Kogi,Maize,2.18,1381.8,31,5.95,Clay,95.9,Yes,No,Improved,2.58
Kaduna,Maize,4.72,989,32,7.43,Loamy,159.4,Yes,Yes,Local,2.2
Katsina,Maize,1.38,666.7,32.6,5.79,Loamy,187.3,Yes,No,Local,2.21
Taraba,Cassava,1.29,1273.9,31.9,6.35,Loamy,110.8,Yes,No,Local,10.38
Kwara,Sorghum,0.58,1323.5,29.1,6.8,Clay,56.8,Yes,No,Improved,1.56
Kogi,Cassava,1.49,1171.1,25.7,4.44,Loamy,21.4,Yes,No,Local,10.16
Benue,Rice,1.51,1243.1,31.2,5.65,Clay,155.3,Yes,No,Improved,3.58
Sokoto,Cassava,0.98,653.9,31.5,5.53,Clay,86.1,Yes,No,Local,9.39
Benue,Cassava,0.53,1431.7,24.2,6.91,Loamy,48.2,No,No,Improved,9.62
Kebbi,Maize,0.62,796.7,32.7,5.6,Sandy,60,No,Yes,Local,2.12
Borno,Sorghum,0.35,422.5,28,6.05,Sandy,42.7,Yes,No,Improved,2.03
Borno,Cassava,0.61,515.4,35.3,6.66,Sandy,122.2,No,No,Local,6.84
Adamawa,Rice,1.51,1449.6,25.8,6.67,Clay,157.5,Yes,No,Improved,3.69
Niger,Sorghum,1.78,1314,28.3,6.58,Loamy,110.7,No,No,Local,1.03
Imo,Yam,0.43,2310.4,23.2,5.62,Clay,95.2,No,No,Improved,9.58
Abia,Cassava,1.28,1812.1,25,4.94,Clay,0,No,No,Local,8.69
Benue,Cassava,1.12,1183.2,28.6,5.53,Loamy,98.5,No,No,Improved,10.95
Bauchi,Maize,2.68,761.1,28.8,5.58,Sandy,159.5,No,Yes,Improved,3.26
FCT,Yam,1.01,1279.1,25.4,5,Sandy,157.3,No,No,Local,6.17
Ebonyi,Cassava,0.96,2022.4,28,5.94,Sandy,78.9,Yes,No,Local,9.92
Kwara,Yam,1.76,1120,24.7,4.79,Sandy,88,Yes,Yes,Local,9.86
Imo,Cassava,0.94,1881.6,27.4,5.89,Sandy,110.3,Yes,Yes,Improved,11.62
Yobe,Yam,0.79,461.9,28.2,4,Loamy,84.4,Yes,No,Improved,9.81
Oyo,Yam,3.09,2297,28.9,5.55,Loamy,100.7,No,No,Improved,10.21
Kaduna,Sorghum,1.86,673.3,28.4,5.48,Loamy,48.2,No,No,Local,1.43
Cross River,Maize,1.33,1828.9,27.7,6.23,Loamy,153.3,Yes,No,Local,2.27
Akwa Ibom,Maize,0.32,2326.8,24,7.39,Loamy,65,No,No,Local,2.15
Ondo,Maize,3.92,1839.5,29.3,5.66,Loamy,105.7,No,No,Local,2.09
Nasarawa,Sorghum,0.98,1221.4,24.2,5.93,Loamy,74.3,No,No,Improved,1.7
Plateau,Sorghum,0.99,1051.1,25.7,5.86,Loamy,2.1,No,No,Improved,1.48
Taraba,Yam,1.87,1393.8,26.2,6.17,Sandy,64.4,No,No,Improved,9.88
Anambra,Sorghum,1.99,2164.9,23.1,5.07,Loamy,92.8,No,No,Local,1.12
Kogi,Sorghum,0.59,1104.1,30.8,5.4,Loamy,8.8,No,No,Improved,1.32
Akwa Ibom,Sorghum,2.08,1627.2,25.7,7.22,Loamy,16.1,Yes,No,Local,1.29
Taraba,Sorghum,0.32,1352.8,28.5,6.02,Sandy,0,Yes,No,Local,1.35
Ondo,Rice,2.89,2121.8,28.3,4.49,Loamy,67.6,No,Yes,Local,2.48
Delta,Sorghum,0.61,2048,26.8,5.56,Clay,31.6,Yes,No,Local,1.14
Lagos,Rice,2.42,2215,25,6.05,Sandy,146,No,No,Local,3.08
Imo,Maize,0.9,2028.5,26.2,5.51,Clay,96,No,No,Local,2.17
Taraba,Sorghum,1.78,1447.4,28.9,5.94,Loamy,101,No,No,Local,1.37
Gombe,Cassava,0.42,749.5,33.6,6.44,Loamy,176,No,No,Local,7.68
Zamfara,Sorghum,1.64,784.7,34,6,Loamy,68.6,No,No,Local,1.08
Bayelsa,Maize,1.11,2026.9,22.5,6.38,Loamy,83.1,No,No,Improved,1.97
Nasarawa,Rice,0.79,1268.6,25.3,5.81,Loamy,112.7,Yes,No,Local,3.35
Imo,Maize,0.99,1787.7,27.8,6.99,Clay,103.1,Yes,Yes,Local,3.06
Kwara,Maize,2.27,1128.6,26.4,7.79,Clay,143.6,Yes,No,Improved,2.35
Imo,Cassava,7.75,2015.6,22.8,6.28,Sandy,87.3,Yes,No,Improved,12.64
Lagos,Cassava,0.71,2089.4,28.1,5.87,Clay,103.7,Yes,No,Local,8.72
Lagos,Maize,1,1554.9,24.1,5.98,Clay,153.7,Yes,No,Local,2.25
Abia,Cassava,1.5,1929.5,24.9,5.62,Loamy,79.4,No,No,Improved,12.2
Anambra,Maize,2.18,1601.3,24.2,5.01,Loamy,137.6,No,No,Improved,2.23
Kwara,Cassava,6.22,1214.9,30.1,5.43,Loamy,64.3,Yes,No,Improved,11.97
Niger,Sorghum,2.04,1471.3,27.2,4.64,Clay,55.7,Yes,No,Local,0.77
Cross River,Maize,18.26,2318.1,27.9,6.43,Loamy,124.4,Yes,Yes,Improved,3.13
Kogi,Sorghum,1.02,1280.1,29.6,6.49,Clay,65.6,Yes,No,Local,1.42
Kwara,Yam,0.54,1417.5,30.4,6.78,Loamy,54.1,No,No,Local,5.7
Niger,Maize,1.04,1371.3,31.9,5.5,Loamy,175.7,No,No,Local,2.18
Edo,Yam,1.53,1914.4,26.6,5.64,Loamy,78.7,No,No,Local,7.33
Zamfara,Yam,0.27,753.3,34.4,5.83,Sandy,19.6,No,No,Local,1.96
Kaduna,Maize,0.47,835.3,26.7,5.66,Loamy,87.8,No,No,Local,2.23
Rivers,Maize,1,2431.2,22.9,6.48,Loamy,95,Yes,No,Local,2.25
Taraba,Yam,2.15,1309.2,27.3,6.13,Sandy,133,No,No,Local,7.76
Rivers,Yam,2.44,1805.6,26.7,6.29,Clay,77.8,No,No,Local,8.43
Edo,Rice,3.73,2337.9,24.1,6.09,Clay,137.2,Yes,No,Local,3.2
Bauchi,Cassava,0.81,603.2,32.1,6.05,Clay,90.8,Yes,No,Improved,9.43
Plateau,Yam,0.53,1088,26.5,5.34,Clay,21.8,No,No,Improved,8.59
Cross River,Rice,1.72,1842,22.5,5.62,Clay,158.5,No,Yes,Improved,3.63
Kwara,Sorghum,0.54,1088.8,25.8,7.26,Sandy,0,Yes,No,Local,1.07
Edo,Rice,19.52,2073,22,6.67,Loamy,128.4,Yes,No,Improved,3.1
FCT,Sorghum,0.31,1041.6,31.4,5.49,Loamy,107.3,Yes,No,Local,1.21
Imo,Rice,1.62,2191.6,29.6,5.41,Loamy,142.4,No,No,Improved,3.53
Delta,Rice,0.9,2330.8,22.2,4.61,Loamy,76.2,Yes,No,Improved,3.31
Rivers,Maize,1.6,2034.9,27.3,5.2,Loamy,113.4,No,No,Improved,2.29
FCT,Yam,1.63,1315.4,29.7,4.77,Loamy,119.3,Yes,No,Local,9.84
Delta,Sorghum,4.29,2202.2,25,5.11,Loamy,111.1,No,Yes,Local,1.19
Ekiti,Rice,2.27,1770.5,24.6,6.57,Loamy,107.5,Yes,No,Improved,3.86
Sokoto,Rice,3.46,323.8,29.7,5.47,Clay,123,No,No,Improved,3.9
Anambra,Maize,1.54,2115.9,24.4,5.93,Loamy,129.1,Yes,No,Local,2.42
Bauchi,Sorghum,0.79,601.9,29.8,4.77,Loamy,66.1,No,No,Local,1.46
Plateau,Cassava,3.79,1468.7,29.6,5.54,Sandy,44.6,No,No,Improved,7.49
Ebonyi,Yam,1.31,1801.2,26.4,6,Loamy,77.7,No,No,Improved,9.03
Akwa Ibom,Cassava,1.33,2047.9,28.6,5.37,Sandy,0.2,Yes,Yes,Local,8.17
Kwara,Maize,1.98,1229.6,31.4,5.08,Sandy,82.6,No,No,Local,0.69
FCT,Rice,8.21,1389.2,28.8,7.48,Clay,6.8,No,No,Local,2.29
Oyo,Rice,1.46,1722.3,23.6,6,Loamy,89,No,No,Improved,3.98
Osun,Maize,1.32,2320.3,22.9,6.3,Loamy,109.3,No,No,Improved,2.64
Bayelsa,Yam,4.74,1810,28.6,7.66,Sandy,114.7,Yes,No,Local,6.97
Ebonyi,Cassava,6.13,1688.6,29.4,6.64,Clay,69.7,Yes,No,Improved,13.73
Kogi,Sorghum,3.43,1385.3,25.6,6.66,Loamy,52.7,No,Yes,Local,1.3
Akwa Ibom,Sorghum,3.79,2207.9,25,4.85,Clay,93,Yes,No,Local,0.97
Ondo,Yam,4.8,2445.8,27.9,6.28,Clay,58.1,No,No,Improved,8.8
Borno,Sorghum,3.5,319.4,29.4,7.13,Sandy,40.4,No,No,Local,1.39
Osun,Cassava,1.85,2405.3,29.7,5.32,Loamy,140.4,No,Yes,Local,8.53
Osun,Sorghum,0.2,1980.8,27.2,6.79,Clay,8.4,Yes,No,Improved,1.24
Ondo,Rice,1.18,1846.2,26.8,5.26,Clay,71.2,No,No,Local,2.66
Taraba,Maize,0.46,1176.4,27.5,4.34,Clay,190.3,No,Yes,Improved,2.27
Bauchi,Maize,1.96,752.5,30.3,5.43,Loamy,101.9,No,No,Local,1.89
Rivers,Yam,2.24,1501.8,24.8,6.45,Loamy,128.5,Yes,No,Local,7.54
Katsina,Maize,3.16,637.8,32.8,5.72,Sandy,106.9,Yes,No,Local,2.25
Bauchi,Maize,1.11,615.9,27.9,6.68,Loamy,177.7,Yes,No,Improved,2.37
Nasarawa,Maize,0.66,1156.5,29.4,7.13,Loamy,137.8,No,No,Local,1.88
Nasarawa,Rice,1.98,1145.4,27.4,4.81,Clay,129.3,Yes,No,Local,3.66
Imo,Cassava,0.56,1620,24.9,7.48,Clay,163.2,No,No,Local,7.06
Enugu,Yam,0.3,1968.3,27.8,6.62,Sandy,121.5,No,No,Local,7.29
Borno,Cassava,15.46,396.4,35.7,5.76,Sandy,127.2,Yes,Yes,Improved,11.19
Kaduna,Sorghum,7.86,688.4,27.2,5.91,Sandy,94.7,Yes,No,Local,0.63
Plateau,Yam,7.12,1472,27.6,5.34,Sandy,121.5,No,No,Improved,8.66
Akwa Ibom,Rice,0.72,1780.6,25.4,6.08,Loamy,96.2,Yes,Yes,Local,4.62
Katsina,Cassava,0.32,607,31.5,5.37,Sandy,52.6,No,No,Local,7.9
Kano,Sorghum,2.23,670.1,26.9,6.89,Clay,11.8,No,No,Local,1.21
Cross River,Cassava,0.53,2203.7,29.8,6.66,Loamy,114.2,No,No,Local,8.6
Yobe,Cassava,0.8,614.6,31.6,5.86,Loamy,82.5,No,No,Improved,12.7
FCT,Sorghum,1.52,1497.2,25.4,6.28,Sandy,54.4,No,No,Local,1.29
Enugu,Cassava,1.03,1931.9,24.9,5.79,Clay,94.7,No,Yes,Local,6.2
Rivers,Cassava,1.01,2015.4,23.7,5.56,Clay,78,No,Yes,Local,10.26
Rivers,Rice,1.69,1534.7,29.1,5.7,Loamy,145.2,No,No,Improved,3.43
Katsina,Yam,3.23,543.6,34.4,7.38,Sandy,151.3,Yes,No,Improved,7.05
Ogun,Cassava,1.08,2071,26.9,6.01,Loamy,138.7,No,No,Improved,10.15
Imo,Cassava,2.14,2307.1,23.9,5.53,Clay,128.9,Yes,No,Improved,8.09
Adamawa,Yam,1.46,1288.7,28.8,4.49,Clay,124,No,No,Improved,8.93
FCT,Sorghum,0.43,1476,26,6.21,Sandy,52.6,No,Yes,Improved,2.03
Plateau,Rice,0.74,1027.2,27.1,6.63,Clay,169.2,No,No,Local,2.61
Plateau,Maize,1.32,1068.9,26.4,6.57,Clay,67.2,No,No,Improved,2.19
Edo,Sorghum,1.9,1831.6,26.7,6.18,Loamy,103.3,No,No,Improved,1.39
Ekiti,Rice,3.59,2226.9,25.8,5.82,Loamy,112.5,No,No,Improved,3.61
Jigawa,Cassava,2.8,361.4,32.5,5.72,Sandy,130.8,Yes,No,Local,11.05
Imo,Yam,4.13,2045.4,24.4,6.31,Loamy,151.8,No,No,Improved,8.12
Cross River,Cassava,1.08,2234.3,22.6,6.33,Loamy,75.5,Yes,No,Local,10.29
Kwara,Rice,0.29,1168.8,26.7,6.41,Loamy,79,No,No,Local,3.5
Ekiti,Sorghum,2.05,2023.2,28.4,5.92,Clay,49.4,Yes,No,Improved,1.57
Cross River,Cassava,0.77,1664.6,29.5,6.23,Clay,87.9,No,No,Improved,11.09
Kebbi,Yam,1.15,872.4,28.9,5.87,Sandy,147.9,Yes,No,Improved,8.26
Abia,Sorghum,0.2,1709.7,22.8,5.6,Clay,128.9,Yes,No,Improved,1.25
Oyo,Maize,8.2,1547.4,29.1,5.89,Clay,230.1,Yes,No,Local,1.86
Imo,Rice,1.56,1665.9,27.3,5.82,Loamy,122.5,Yes,No,Improved,4.26
Kaduna,Yam,1.7,901.7,26.3,5.19,Sandy,63.5,Yes,No,Improved,10.03
Abia,Yam,10.41,1768.3,23.6,6.8,Loamy,56.4,No,No,Local,6.07
Kogi,Maize,8.04,1410.5,28.3,6.02,Clay,160.5,Yes,No,Local,2.38
Taraba,Maize,4.06,1358.8,30.4,5.62,Clay,53.6,No,No,Improved,2.71
Benue,Cassava,0.78,1326.5,24.1,5.39,Clay,109.6,No,No,Local,10.48
Delta,Maize,0.59,1609.4,29.3,6.66,Clay,115.6,No,No,Local,1.76
Kaduna,Maize,4.47,801.5,29,6.71,Clay,80.7,No,No,Improved,2.61
Kano,Maize,0.34,869.9,33.2,5.45,Loamy,130.2,No,No,Improved,2.38
Borno,Sorghum,1.51,340.1,35.6,5.25,Sandy,67.2,No,Yes,Improved,1.66
Sokoto,Cassava,1.22,616.3,37.5,7.29,Sandy,60.9,No,Yes,Local,8.13
Enugu,Cassava,0.28,1723.9,22.5,6.59,Clay,95.5,Yes,No,Improved,11.67
Ondo,Cassava,8.06,2295.9,28.6,6.03,Loamy,33.8,Yes,No,Improved,11.1
Enugu,Cassava,0.65,2057.9,24.1,5.26,Sandy,88.6,No,Yes,Improved,13.73
Katsina,Rice,0.83,353.6,28.9,6.04,Clay,86.6,Yes,No,Local,2.69
Delta,Sorghum,1.72,2234.5,26.3,5.53,Sandy,30.2,No,Yes,Local,1.4
Yobe,Maize,6.3,332,33,4.69,Loamy,19.5,Yes,No,Local,1.9
Ebonyi,Maize,7.01,2191.6,24.4,6.86,Clay,104.2,Yes,No,Improved,2.23
Oyo,Yam,0.82,1989.6,28.3,7.1,Clay,34.2,Yes,No,Improved,8.75
Ebonyi,Sorghum,0.98,2090.8,25.5,5.39,Clay,38.5,Yes,No,Local,1.06
Bauchi,Maize,0.73,967.1,32.4,6.66,Sandy,153.8,No,No,Local,1.9
Bauchi,Yam,1.61,870.3,33.9,5.82,Sandy,84.4,No,No,Improved,11.95
Ondo,Yam,5.54,2422,25,7.13,Clay,103.9,No,No,Local,6.89
Anambra,Maize,1.41,2132.7,28.3,4.84,Loamy,1.6,No,No,Improved,1.93
Cross River,Yam,2.39,1685.8,25.7,6.87,Loamy,128.5,Yes,No,Local,9.25
Taraba,Yam,0.28,1192.4,27.6,5.66,Loamy,115.7,No,No,Local,8.46
Ebonyi,Cassava,0.77,2232.4,29.9,6.48,Loamy,64.1,Yes,No,Improved,10.97
Akwa Ibom,Rice,2.03,1833.6,22.1,5.9,Clay,116.8,No,No,Local,2.55
Edo,Yam,1.31,1754.5,23.2,4.53,Clay,88.1,No,No,Improved,8.7
Ondo,Sorghum,0.85,1951.5,28.1,5.53,Loamy,67.1,Yes,No,Local,1.35
FCT,Rice,4.84,1420.5,30.5,6.1,Loamy,115.7,Yes,Yes,Local,3.73
Kebbi,Cassava,0.77,888.9,30.7,4.82,Sandy,120.4,No,No,Improved,10.06
Plateau,Sorghum,1.43,1175,25.7,6.06,Clay,85.4,No,No,Improved,1.92
Lagos,Maize,1.44,1764.6,25.1,5.65,Loamy,104.4,Yes,No,Improved,3.14
Akwa Ibom,Maize,1.35,1960.3,24.9,5.59,Loamy,113.8,Yes,No,Improved,2.77
FCT,Cassava,1.09,1087.9,31.6,4.83,Loamy,20.1,Yes,No,Local,8.59
Kano,Maize,0.21,675.7,32,5.65,Loamy,116.4,Yes,Yes,Local,2.35
Anambra,Cassava,0.38,1864.6,26.4,6.82,Loamy,168.5,Yes,No,Local,6.23
Ebonyi,Cassava,0.72,2394.7,26.6,6.64,Loamy,73.8,No,No,Local,7.83
Plateau,Sorghum,4.5,1469.5,26.1,5.86,Sandy,70.6,Yes,No,Local,1.17
Bayelsa,Rice,3.06,1979,26.1,5.67,Sandy,105.1,No,No,Local,1.35
Anambra,Sorghum,1.41,1661.8,22.7,5.99,Sandy,48,No,Yes,Local,1.26
Benue,Yam,0.83,1202.1,29,6.41,Loamy,71.6,Yes,No,Improved,9.84
FCT,Cassava,3.71,1157.4,26.4,6.34,Loamy,154.9,No,Yes,Local,10.5
Delta,Maize,3.72,1551.1,23.3,5.63,Clay,68.1,Yes,No,Improved,2.74
Kogi,Rice,1,1477.5,24.9,6.06,Loamy,102.3,No,Yes,Improved,5.01
Delta,Maize,0.47,2142,22.5,5.87,Loamy,65.1,Yes,No,Local,1.61
Sokoto,Yam,1.87,633.5,33.1,5.79,Sandy,148,No,No,Local,5.61
Abia,Rice,0.52,1734.5,24.8,6.79,Clay,65.6,No,No,Improved,3.19
Akwa Ibom,Yam,2.24,2233.3,22.9,5.88,Clay,61.6,Yes,No,Local,7.98
Gombe,Yam,1.14,971.4,29,5.36,Sandy,75.7,Yes,No,Improved,4.52
Rivers,Maize,14.86,2383.2,25.4,7.34,Loamy,154.5,Yes,No,Improved,2.11
Kogi,Rice,5.28,1146.2,31.9,5.06,Sandy,117.7,Yes,No,Local,3.6
Enugu,Rice,13.14,1752.6,27.3,5.75,Loamy,91.4,No,No,Local,3.37
Taraba,Yam,3.01,1277.2,31.3,5.05,Loamy,76.5,No,No,Local,8.51
Kano,Yam,0.38,652.5,27.3,4.3,Sandy,99.1,No,No,Local,6.94
Bayelsa,Rice,10.52,2190.1,23.8,6.53,Clay,181.3,No,No,Improved,3.38
Adamawa,Yam,3.67,1398,31.7,6,Clay,132.1,Yes,Yes,Improved,12.37
Kogi,Maize,0.52,1076.8,25.7,6.28,Sandy,112.2,No,No,Improved,2.62
Osun,Cassava,3.28,2294.7,25.6,7.24,Clay,83.9,Yes,No,Improved,12
Rivers,Cassava,0.32,2293.7,23.4,6.4,Loamy,105.1,Yes,No,Local,9.02
Delta,Sorghum,4.27,1532.5,25.2,7.02,Loamy,19.6,No,No,Local,1.2
Cross River,Maize,7.67,1896.5,26.4,6.41,Loamy,174.7,No,No,Improved,2.65
Gombe,Yam,0.87,912.1,31.7,6.12,Sandy,53.5,Yes,No,Improved,7.82
Delta,Yam,3.09,1856.5,25,5.36,Clay,71,No,No,Improved,5.3
Ogun,Rice,1.06,1583,23.9,6.79,Loamy,47.8,No,No,Improved,3.46
Rivers,Maize,3.24,2149,29.7,4.94,Clay,90.1,No,No,Local,1.98
Akwa Ibom,Sorghum,0.64,1660.8,23.1,6.74,Sandy,74.5,No,No,Local,1.27
Kebbi,Yam,0.47,825.6,29.3,7,Sandy,86.1,Yes,No,Improved,9.38
Bauchi,Sorghum,0.52,776.8,28.5,6.1,Loamy,23.8,No,No,Local,1.35
FCT,Yam,0.99,1412.5,25.4,5.17,Loamy,115.7,Yes,No,Local,7.04
Sokoto,Cassava,0.36,485.7,28,6.15,Loamy,118.9,No,No,Improved,10.19
Zamfara,Maize,2.38,786.3,31.2,5.62,Sandy,160.7,Yes,No,Local,2.21
Anambra,Maize,6.7,1765.4,25.4,6.15,Sandy,140.7,No,No,Local,1.61
Ekiti,Yam,0.46,2441.7,27.6,6.66,Loamy,94.2,No,Yes,Improved,12.97
Enugu,Rice,1.22,2244.2,25.8,5.85,Loamy,65.7,Yes,No,Local,2.17
Oyo,Maize,0.38,1647.3,24,6.88,Loamy,129.2,Yes,No,Improved,2.72
Ogun,Maize,1.96,1992.8,28.1,6.56,Clay,98.1,No,No,Local,1.45
Jigawa,Maize,2.35,410.1,28.4,6.44,Sandy,152.2,Yes,No,Improved,2.9
Anambra,Cassava,25,1822.4,26.1,6.74,Loamy,105.2,No,No,Local,9.25
Lagos,Yam,0.41,1801.8,22.9,5.13,Sandy,157.5,No,No,Local,6.57
Jigawa,Cassava,1.81,628.6,31.7,5.7,Sandy,116.9,Yes,Yes,Improved,10.52
Gombe,Rice,3.08,776.3,30.8,5.94,Sandy,108.2,No,Yes,Improved,3.53
Jigawa,Maize,0.98,600.1,34.6,5.92,Clay,126.1,No,No,Local,1.7
Ebonyi,Sorghum,0.66,1614.9,29.9,5.39,Clay,98.2,Yes,No,Improved,1.59
FCT,Rice,1.31,1375.1,27.6,6.45,Sandy,134.1,No,Yes,Improved,3.93
Oyo,Cassava,2.84,2069.8,22.4,6.76,Loamy,34.9,No,No,Local,6.88
Sokoto,Cassava,1.34,336.6,31.8,5.99,Clay,111.9,No,No,Local,7.9
Gombe,Yam,0.43,982.9,28.9,5.69,Sandy,110.2,No,No,Improved,10.74
Zamfara,Cassava,0.66,809.4,32.6,5.92,Loamy,85.8,Yes,No,Local,11.28
Akwa Ibom,Rice,2.57,1669.2,25,5.88,Clay,107.9,Yes,No,Improved,3.51
Taraba,Yam,0.84,1292.5,31.5,6.43,Clay,80.8,Yes,No,Local,7.42
Kebbi,Maize,1.57,612.4,33.3,5.67,Loamy,171.2,Yes,No,Improved,3.1
Kogi,Rice,3.06,1307.4,26.5,6.05,Loamy,114.9,Yes,No,Local,3.22
Katsina,Sorghum,2.56,665.7,28.5,5.07,Sandy,80.3,No,No,Improved,1.77
Ebonyi,Rice,1.21,1626.3,23.6,6.32,Sandy,171.8,No,No,Local,2.71
Niger,Maize,0.56,1332.6,30.3,6.09,Sandy,35.2,No,No,Local,1.68
Edo,Cassava,0.78,2200.9,25.8,6.33,Clay,89.1,No,No,Improved,10.3
FCT,Cassava,0.64,1092.2,26.2,5.67,Clay,140,Yes,Yes,Improved,12.99
Ekiti,Maize,4.31,2200.7,22.6,6.27,Clay,137.6,No,No,Improved,2.42
Kogi,Maize,3.34,1196.6,25,4.9,Loamy,101.1,Yes,No,Improved,3.42
Imo,Yam,3.56,1687.3,28.4,7.36,Clay,126.7,Yes,Yes,Local,7.9
Imo,Cassava,2.91,1822.1,24.1,5.1,Loamy,87.8,No,No,Improved,12.25
Bayelsa,Rice,2.32,2415.9,24.1,5.52,Loamy,167.2,Yes,Yes,Local,3.49
Kaduna,Yam,7.79,752,29.2,5.77,Clay,101,Yes,No,Local,9.52
Borno,Sorghum,0.38,575.7,30,5.21,Sandy,8.9,Yes,No,Local,1.18
Edo,Yam,3.15,1657.4,28.4,5.42,Clay,72.4,Yes,Yes,Local,9.66
Ebonyi,Yam,3.4,1848.9,27.7,6.84,Loamy,48.4,No,No,Local,6.26
Ogun,Yam,1.74,2397.5,25.1,5.03,Clay,44.1,Yes,No,Improved,9.46
Ondo,Sorghum,2.03,1958.9,28.1,5.3,Sandy,6.5,No,Yes,Local,0.83
Niger,Yam,2.1,1211.9,31,5.86,Clay,85.1,Yes,No,Local,8.87
Bauchi,Rice,0.91,940,30.3,7.67,Sandy,152.3,No,No,Local,2.6
Imo,Rice,1.22,2009,26.8,5.71,Clay,61.5,Yes,No,Improved,3.98
Akwa Ibom,Rice,0.8,1947.5,26,5.69,Clay,134.9,Yes,No,Local,3.45
Lagos,Rice,0.31,2368.7,22.2,6.57,Clay,58.1,No,No,Improved,3.4
Kano,Rice,0.72,633.2,30.7,5.76,Clay,14.9,No,No,Local,2.3
Edo,Sorghum,0.44,2489.6,23.7,6.72,Sandy,96,Yes,No,Improved,1.3
Katsina,Rice,1.46,485.9,34.8,6.08,Clay,43,Yes,No,Local,2.12
Imo,Yam,3.06,1542.5,22.3,5.04,Clay,87.1,No,No,Improved,8.6
Anambra,Sorghum,0.22,2082.8,26.2,5.05,Sandy,27.9,No,No,Local,1.18
Niger,Rice,1.55,1490.5,31.2,5.17,Clay,116.8,Yes,No,Local,0.76
Ogun,Cassava,0.72,2071,27.3,6.25,Clay,36.5,No,No,Local,8.01
Enugu,Yam,2.03,1931.3,22,5.45,Clay,26.7,No,Yes,Improved,8.54
Imo,Cassava,2.32,2325.9,24.2,5.56,Clay,133.6,No,Yes,Improved,9.37
Plateau,Rice,1.09,1149.7,28.1,5.22,Loamy,111.5,No,No,Improved,3.81
Bayelsa,Sorghum,3.87,2272.3,22,6.82,Loamy,75.3,No,No,Local,1.3
Yobe,Yam,8.69,689.4,33.8,5.54,Loamy,89.2,No,No,Improved,9.49
Taraba,Sorghum,1.65,1473.6,30.6,6.12,Loamy,106.2,No,No,Improved,1.29
Abia,Maize,2.56,1875,29.5,6.14,Loamy,125.8,No,No,Local,2.13
Taraba,Sorghum,2.15,1091,28.1,5.23,Loamy,0,Yes,No,Local,1.14
Bauchi,Rice,1.38,929.2,29.7,5.54,Sandy,64.1,Yes,No,Local,2.68
Nasarawa,Rice,1.11,1429.9,31.8,5.46,Loamy,117.3,No,No,Improved,3.35
Bayelsa,Sorghum,1.37,2119.1,28,6.39,Clay,51.4,No,No,Improved,1.15
FCT,Yam,0.2,1377.6,28.5,6.19,Sandy,123.4,No,No,Local,7.94
Enugu,Cassava,0.69,1715.3,26.2,6.66,Clay,94,No,No,Improved,10.76
Kogi,Maize,1.8,1226.2,29.5,5.79,Clay,115.7,No,Yes,Local,2.41
Ondo,Rice,0.45,1756.6,22.7,5.9,Loamy,75.2,No,No,Local,3.23
Zamfara,Rice,0.52,720.5,33.3,5.57,Sandy,92,No,No,Local,2.47
Borno,Sorghum,0.36,332.9,29.7,6.28,Sandy,54,No,No,Local,1.32
Delta,Yam,1.01,2011.7,24.9,6.71,Clay,108.9,Yes,No,Improved,8.33
Ekiti,Sorghum,1.94,1921.7,27,6.07,Loamy,5.9,Yes,No,Local,1.35
Kogi,Cassava,4.04,1298.2,24.4,5.55,Loamy,74.4,No,No,Local,7.73
Katsina,Sorghum,0.8,398.3,33.7,6.35,Sandy,27.6,Yes,No,Improved,1.85
Rivers,Sorghum,0.31,2095,23.8,6.05,Sandy,73.9,No,No,Local,1.22
Katsina,Yam,1.04,581.1,34.7,6.5,Sandy,85.4,No,No,Improved,7.43
Oyo,Maize,2.57,2453.2,26,5.91,Loamy,85.2,Yes,No,Local,1.76
Kwara,Sorghum,1.28,1264.4,28.1,6.53,Clay,27.7,Yes,No,Local,1.14
Edo,Maize,1.32,1615.1,26.6,4.72,Sandy,138.5,No,Yes,Local,2.11
Zamfara,Yam,3.75,646.5,33.1,6.04,Sandy,72,No,No,Improved,8.24
Cross River,Maize,4.96,2096.2,24.9,6.45,Clay,145.3,Yes,No,Local,2.22
Cross River,Cassava,0.75,1811.3,28,6.47,Clay,46.8,Yes,No,Improved,11.14
Jigawa,Cassava,6.16,550.8,36.2,5.82,Sandy,138.1,No,No,Improved,9.71
Taraba,Sorghum,1.03,1043.2,30,5.21,Clay,76.1,No,No,Improved,1.35
Borno,Sorghum,1.26,326.1,35.5,6.12,Sandy,61.5,No,No,Local,1.21
Nasarawa,Rice,0.84,1472.4,26.5,5.17,Loamy,144.2,Yes,No,Local,2.37
Gombe,Sorghum,2.16,976.1,33.7,4.18,Sandy,43.5,No,No,Improved,1.35
Gombe,Yam,4.69,608.7,31.4,5.13,Sandy,112.5,No,No,Local,6.12
Cross River,Sorghum,8.17,1668.5,24.6,5.32,Clay,26.8,No,No,Local,1.13
Delta,Maize,7.59,2135.9,22.5,6.16,Clay,112.6,Yes,No,Improved,2.09
Benue,Maize,4.68,1248.7,24.7,5.93,Loamy,203.8,No,Yes,Improved,3.17
Osun,Cassava,0.98,2042,23.8,6.65,Sandy,114.2,Yes,Yes,Local,11.02
Edo,Rice,3.12,2161.8,27.6,5.38,Loamy,101.9,Yes,Yes,Local,3.76
Niger,Maize,0.9,1309.9,31.8,5.34,Loamy,134.4,Yes,No,Local,2.48
Katsina,Sorghum,12.74,538.9,29.1,6.89,Clay,72,No,No,Improved,1.57
Nasarawa,Rice,0.7,1304.7,27.9,6.4,Clay,104,Yes,Yes,Improved,5.13
Kwara,Sorghum,0.33,1277.5,30,6.18,Loamy,27.5,Yes,No,Local,1.12
Kwara,Cassava,2.59,1156.6,27,4.92,Clay,87.9,No,No,Improved,9.41
Gombe,Rice,0.29,964.7,30.1,5.13,Clay,180.4,No,No,Improved,1.52
Oyo,Cassava,3.45,2330.7,28.8,5.15,Sandy,137.9,Yes,No,Local,8.78
Rivers,Sorghum,5.7,1865.5,25.4,6.34,Loamy,100.9,Yes,No,Local,1.19
Rivers,Yam,0.28,1910.3,26.6,5.57,Clay,151.3,No,No,Improved,11.03
Osun,Yam,4.23,2293.2,29.4,7.27,Clay,158.9,Yes,No,Local,7.85
Edo,Maize,1.26,1644,29.7,7.59,Clay,104.2,Yes,No,Local,1.86
Kwara,Maize,2.15,1442.6,27.5,6.57,Clay,132.2,No,No,Local,2.26
Benue,Maize,0.98,1245.1,28,5.61,Loamy,128.2,No,No,Local,2.11
Benue,Rice,3.48,1247,31,6.02,Loamy,183.2,No,No,Improved,3.46
Bayelsa,Yam,6.33,1578.9,22.5,7.64,Loamy,59.6,No,No,Improved,7.8
Kwara,Rice,5.45,1400,24.3,6.14,Loamy,95.4,No,Yes,Local,4.12
Borno,Sorghum,0.72,382.8,37.6,4.97,Sandy,40.3,No,No,Local,1.4
Ondo,Yam,0.8,2409.3,22.5,6.11,Loamy,67,Yes,No,Local,7.6
Abia,Rice,1.16,2379.2,26.5,5.57,Sandy,48.4,Yes,Yes,Improved,4.69
Bauchi,Cassava,6.67,970.7,28.2,5.44,Loamy,93.9,No,No,Improved,12.56
Imo,Yam,3.1,2134.9,27.5,6.34,Loamy,152.8,Yes,No,Local,9.13
Yobe,Maize,0.38,693.3,30.6,5.26,Loamy,45.9,No,No,Local,2.37
FCT,Rice,1.3,1122.3,25.4,5.71,Loamy,59.2,No,No,Improved,3.42
Ebonyi,Rice,1.32,1671.8,26.5,5.68,Clay,116.1,No,No,Local,3.07
Plateau,Maize,1.37,1353.3,24.6,6.69,Loamy,108,No,No,Local,1.97
Jigawa,Yam,6.31,333.1,30,5.09,Sandy,47.7,No,No,Improved,7.93
Edo,Cassava,0.99,2118.2,29.5,4.28,Loamy,87.2,No,No,Local,8.42
Rivers,Yam,0.2,2157.2,22.7,5.96,Loamy,160.8,No,No,Local,6.68
Lagos,Yam,1.33,1514.2,27.9,6.82,Sandy,41.4,Yes,No,Improved,8.79
Kwara,Sorghum,2.85,1346.4,31.2,4.78,Clay,36.7,No,Yes,Improved,1.86
Ondo,Cassava,0.32,1806.1,25.6,6.42,Sandy,39.2,No,No,Local,4.71
Plateau,Rice,3.94,1394.2,31.6,6.5,Clay,142.6,No,Yes,Local,3.83
Taraba,Maize,0.72,1498.2,26.6,6.34,Clay,97.6,No,No,Local,2.49
FCT,Maize,2.76,1380,29.3,6.74,Sandy,56.7,No,No,Improved,2.68
Imo,Maize,0.61,2183.8,26.5,5.68,Clay,192.3,Yes,No,Local,1.72
Plateau,Maize,0.51,1499.4,26.9,6.65,Clay,88.1,No,No,Improved,2.51
Bauchi,Cassava,3.1,830.8,33.9,5.37,Sandy,23.8,Yes,No,Improved,12.17
Imo,Sorghum,0.71,1691.4,24.9,5.01,Clay,41.2,No,No,Local,1.11
Kwara,Yam,0.65,1006.1,24.9,6.78,Clay,78.4,No,No,Improved,7.34
Bauchi,Yam,8.4,710.3,26.9,5.66,Sandy,164.5,Yes,No,Improved,9.28
Osun,Maize,0.66,2060,24.1,5.89,Clay,123.3,Yes,Yes,Local,2.39
Kogi,Sorghum,2.18,1090.9,25.4,4.69,Clay,83.8,No,No,Local,1.19
Jigawa,Sorghum,0.53,581.2,32.4,5.86,Sandy,5.6,No,Yes,Improved,1.23
Kaduna,Rice,3.06,924.8,26.6,6.83,Clay,105.7,No,No,Improved,3.32
Sokoto,Cassava,0.26,435.7,32.6,5.39,Sandy,100.6,Yes,Yes,Improved,14.08
Sokoto,Sorghum,1.47,637.2,32.4,6.32,Clay,79.1,No,No,Local,1.28
Kano,Yam,13.41,687,31.9,6.72,Loamy,102.6,No,No,Local,6.56
FCT,Rice,3.71,1166.4,31.3,7.11,Loamy,154.5,No,No,Local,2.77
Nasarawa,Sorghum,1.11,1197.6,31,4.85,Sandy,28.6,Yes,No,Local,1.45
FCT,Maize,4.45,1438.2,25.8,5.91,Clay,139.3,Yes,No,Local,2.13
Enugu,Cassava,1.89,1524.7,23.9,4.77,Loamy,95.6,Yes,No,Local,9.55
Bayelsa,Rice,0.81,2144.8,26.5,5.81,Loamy,135.3,Yes,Yes,Improved,5.07
Delta,Cassava,9.23,1894,25.1,6.06,Sandy,105.1,Yes,No,Local,9.42
Imo,Cassava,5.98,2460,22.4,8.47,Loamy,96.6,Yes,No,Improved,7.13
Plateau,Rice,1.72,1020.3,27,6.57,Clay,119.6,No,No,Improved,4.02
Kwara,Maize,1.5,1357,25.4,5.96,Loamy,128.7,No,No,Improved,2.48
Sokoto,Cassava,0.58,461.5,37.7,6.73,Sandy,82.8,No,No,Improved,10.09
Jigawa,Rice,3.75,353.9,36.4,5.56,Sandy,115,No,No,Improved,3.41
Bayelsa,Yam,1.93,1797.3,25.6,7.12,Sandy,42,No,No,Improved,8.44
Edo,Rice,2.13,2498.4,24.2,6.77,Loamy,57,No,No,Local,2.56
Kogi,Sorghum,1.79,1016.1,24,6.01,Sandy,81,No,No,Local,1.66
Anambra,Maize,0.38,2007.8,22.8,5.84,Clay,194.8,No,No,Improved,2.21
Borno,Rice,1.87,346.6,33.7,5.61,Clay,24.9,No,No,Improved,2.61
Ondo,Maize,0.53,1660.5,26.5,6.13,Clay,78,No,No,Improved,2.23
Taraba,Cassava,0.27,1012,30,6.21,Sandy,72.8,No,No,Improved,12.88
Lagos,Maize,0.27,2114.4,24.5,6.41,Loamy,102.8,No,No,Local,1.58
Ebonyi,Sorghum,1.57,1648.3,24.3,6.51,Sandy,80.6,No,No,Improved,1.5
Rivers,Sorghum,1.03,2005.6,29.7,5.34,Loamy,82.1,No,No,Local,1
Cross River,Sorghum,2.03,2041.9,26.9,7.23,Sandy,52.3,No,Yes,Improved,1.84
Anambra,Cassava,2.09,2363.1,27,6.51,Sandy,107.4,Yes,No,Improved,11.16
FCT,Yam,5.06,1065.7,26.7,6.78,Loamy,162.1,No,Yes,Local,6.39
Delta,Rice,1.04,1672.9,23.6,5.15,Clay,74.1,No,No,Improved,3.72
Anambra,Rice,2.01,2286.5,23,6.2,Clay,172.2,Yes,No,Improved,2.9
Plateau,Yam,3.02,1309.9,24.6,5.94,Loamy,86.2,Yes,No,Local,7.12
Borno,Maize,1.2,406.3,30.6,5.85,Loamy,106.3,Yes,No,Local,1.81
Kogi,Rice,5.4,1082,30.6,7.28,Clay,59,Yes,No,Local,2.21
Abia,Maize,3.21,2439.2,29.2,5.91,Loamy,132.8,Yes,No,Improved,2
Bayelsa,Yam,2.39,1513.5,24.4,4.83,Sandy,183.1,Yes,No,Improved,8.22
Borno,Maize,1.81,656.5,30,6.14,Loamy,116.3,No,No,Improved,2.28
Ondo,Cassava,5.1,2403.2,22.4,6.84,Loamy,137.8,Yes,No,Local,6.83
Bayelsa,Maize,1.84,2422.3,25.4,6.9,Loamy,163.7,Yes,Yes,Improved,3.2
Taraba,Rice,11.19,1250.7,30.3,5.71,Loamy,109.3,No,No,Local,3.05
Kebbi,Cassava,0.2,670.2,34.3,5.41,Loamy,1.1,Yes,No,Improved,10.46
Kebbi,Yam,0.99,635,30.7,5.13,Sandy,153.5,No,No,Local,7.19
Lagos,Yam,2.64,1621.6,22.1,5.83,Loamy,31.7,Yes,No,Local,7.12
Benue,Sorghum,0.37,1454.3,30.4,5.26,Sandy,40.9,No,No,Local,1.05
Borno,Rice,2.13,321.8,28.3,4.85,Sandy,19.9,No,No,Local,2.17
Abia,Yam,4,2158.2,29.1,6.86,Loamy,54.7,No,No,Local,6.93
Gombe,Yam,0.68,800.2,30.7,5.95,Clay,105.3,Yes,No,Improved,10.02
Gombe,Sorghum,7.4,862.2,32.7,6.59,Sandy,172.3,No,No,Improved,1.36
Ebonyi,Maize,5.47,1797,27,5.58,Loamy,76.1,Yes,Yes,Local,2.5
Katsina,Cassava,2.25,539.6,30.4,5.13,Sandy,128,Yes,No,Local,6.31
Edo,Rice,7.36,2327.3,24.9,6.98,Clay,76,Yes,Yes,Local,3.44
Osun,Maize,7.95,1872.3,26.9,7.75,Sandy,65.1,No,No,Improved,2.06
Edo,Cassava,0.82,1523.3,24.3,5.66,Loamy,152.7,No,No,Local,7.11
Gombe,Maize,3.97,853.1,34,4.99,Sandy,51.1,Yes,No,Local,1.8
Imo,Cassava,1.91,1975,24.3,5.99,Clay,107.1,Yes,Yes,Local,12.31
Plateau,Yam,0.89,1491,30.2,5.87,Clay,123.8,Yes,No,Local,7.07
Rivers,Yam,18.65,2181,23.2,6.02,Clay,34.8,Yes,Yes,Improved,10.87
FCT,Sorghum,2.56,1030.6,25.4,6.1,Loamy,26.3,Yes,No,Improved,1.47
Taraba,Rice,3.63,1171.7,28,6.25,Loamy,90.8,No,No,Improved,2.97
Adamawa,Cassava,0.26,1001.9,27.5,6.53,Loamy,205.9,Yes,No,Local,5.45
Abia,Maize,3.43,1580.4,28.6,6.22,Sandy,106.6,No,No,Improved,2.23
Rivers,Yam,1.07,1645.5,22,5.8,Clay,152.8,No,No,Improved,7.8
Kano,Cassava,2.26,781.2,29.8,6.25,Clay,65.7,No,No,Local,8.23
Akwa Ibom,Maize,3.08,2273.6,29.8,6.54,Loamy,87.8,Yes,No,Local,2.22
Plateau,Sorghum,3.53,1109.1,29.4,5.5,Sandy,31.2,No,No,Local,1.3
Enugu,Rice,0.99,2284.2,23.1,6.83,Loamy,78.2,Yes,No,Improved,3.33
Delta,Sorghum,0.2,1757.4,30,5.84,Clay,108.6,No,No,Local,0.98
Imo,Rice,2.31,2152.2,25.1,4.98,Loamy,152.7,No,No,Improved,3.51
Bauchi,Cassava,0.24,648.3,33.5,5.94,Sandy,105.7,No,Yes,Improved,12.25
Kwara,Sorghum,2.19,1065,29.8,5.88,Sandy,27.6,Yes,No,Local,0.44
Ekiti,Sorghum,1.1,1698,29.5,5.77,Clay,69.2,No,No,Local,1.08
Kogi,Yam,0.24,1173.3,28,6.61,Loamy,66.3,Yes,No,Improved,9.3
Akwa Ibom,Cassava,0.96,1536,29.4,4.87,Clay,73.5,No,No,Improved,12.9
Imo,Yam,2.08,2015.2,27.2,6.62,Loamy,54.9,No,No,Local,7.83
Oyo,Rice,2.41,1570.2,25.6,6,Loamy,48.2,Yes,Yes,Improved,4.25
Nasarawa,Sorghum,0.2,1085.3,28.8,6.71,Clay,66.8,No,No,Local,1.3
Oyo,Rice,0.96,2025.1,26.1,6.14,Clay,109.9,No,No,Local,3.22
Edo,Maize,3.83,1664.4,29.5,6.43,Loamy,137.1,No,No,Improved,2.62
Yobe,Maize,1.43,661.9,29.3,5.4,Sandy,124.4,No,No,Local,2.22
Gombe,Cassava,1.08,665.6,32.8,5.62,Sandy,78.9,Yes,No,Local,8.82
Kogi,Cassava,4.99,1381.3,24.4,7.08,Clay,105.9,No,No,Local,6.46
Nasarawa,Rice,2.29,1489.5,25.8,6.04,Sandy,101.4,No,No,Improved,4.77
FCT,Cassava,0.48,1236.6,25.3,6.19,Loamy,0,No,No,Improved,9.41
Gombe,Maize,2.42,676.6,31.5,6.78,Loamy,139.4,Yes,No,Local,1.77
Osun,Sorghum,1.75,1556.5,22.6,5.76,Clay,180.4,Yes,No,Local,0.96
Ogun,Maize,0.34,2047.9,29.2,5.25,Clay,81.7,No,Yes,Local,1.92
Ebonyi,Maize,0.53,2229.1,23.5,5.84,Sandy,148.2,Yes,No,Improved,2.33
Rivers,Maize,2.04,2045.1,28,7.28,Sandy,122,No,No,Local,1.98
Kaduna,Cassava,1.85,613,34.7,5.97,Sandy,94.3,Yes,Yes,Improved,13.87
Delta,Maize,1.54,2404.6,24.8,5.4,Clay,75.9,Yes,No,Improved,2.36
Enugu,Rice,0.68,2359.6,24.1,6.16,Clay,156.3,No,No,Improved,3.5
Plateau,Maize,1.45,1208.2,27.1,6.78,Loamy,105.7,Yes,No,Local,2.36
Anambra,Maize,2.36,2223.9,28.4,5.43,Clay,171.7,No,Yes,Local,1.95
Adamawa,Maize,0.39,1422,27.5,6.12,Sandy,215.9,No,Yes,Local,2.25
Ogun,Sorghum,1.18,1808.1,26.8,5.95,Clay,0,Yes,Yes,Local,1.26
Kogi,Sorghum,1.2,1208.3,25.6,7.13,Sandy,149.7,No,No,Improved,1.26
Taraba,Yam,2,1444.9,31.1,4.59,Loamy,56.8,Yes,No,Improved,9.03
Ogun,Cassava,6.48,2034.1,25.8,5.7,Clay,7.9,Yes,No,Local,7.58
FCT,Maize,2.81,1116.2,30.9,5.27,Clay,154.5,Yes,Yes,Local,2.28
Kebbi,Rice,1.87,826.1,28.9,7.7,Loamy,115.4,No,No,Local,2.33
Jigawa,Yam,1,615.5,28.9,7.45,Loamy,121.8,Yes,No,Improved,9.65
Kano,Maize,0.8,978.1,32.2,5.64,Sandy,115.7,Yes,No,Improved,2.93
Ebonyi,Cassava,3.06,1689.8,29.3,5.61,Loamy,42.9,Yes,No,Improved,13.91
FCT,Maize,1.42,1007.1,26.2,6.32,Clay,179.5,Yes,No,Local,2.2
Kwara,Maize,1.33,1278.3,30.6,6.5,Clay,139.3,No,No,Improved,0.95
Imo,Yam,5.42,1661.2,22.7,6.69,Loamy,187.9,No,No,Local,6.76
Kano,Yam,0.28,874.8,30.9,6.75,Loamy,97.6,Yes,Yes,Improved,12.98
Ekiti,Sorghum,0.89,2213.7,25.2,4.89,Clay,40.1,No,No,Local,1.04
Osun,Cassava,0.53,1762.9,26.4,5.29,Loamy,96.8,Yes,No,Improved,10.91
Zamfara,Sorghum,1.67,752.7,32.3,6.32,Loamy,81.5,Yes,No,Improved,1.77
Ogun,Cassava,6.48,2216.8,24.7,6.77,Loamy,169.6,Yes,No,Local,7.82
Anambra,Cassava,3.41,1614.9,24.5,5.39,Clay,136.5,No,No,Improved,9.42
Cross River,Sorghum,1.71,1621.3,29.8,6.47,Clay,139.1,No,No,Improved,1.28
Ekiti,Yam,3.18,1580,29.2,7.18,Loamy,89,Yes,Yes,Improved,9.7
Abia,Sorghum,0.9,2470.7,23.8,6.06,Loamy,65.4,No,No,Improved,1.37
Benue,Maize,1.23,1455.5,26.4,5.34,Loamy,126.3,No,No,Improved,2.18
FCT,Rice,2.09,1088.2,25.7,6.68,Sandy,164.5,Yes,Yes,Local,3.82
Rivers,Cassava,0.58,1844.3,25.1,5.5,Loamy,79.2,No,No,Local,8.13
Kebbi,Yam,0.38,883.1,30.2,6.01,Sandy,58.2,Yes,No,Local,8.52
Delta,Yam,3.21,1679,29,5.63,Loamy,106.3,No,No,Local,8.33
Jigawa,Yam,3.88,479.8,31.7,7,Sandy,60.5,No,No,Improved,8.28
Imo,Maize,2.66,2354.7,24.6,5.15,Sandy,95.9,Yes,Yes,Local,2.03
Plateau,Cassava,0.63,1184.6,32,6.14,Loamy,50.3,Yes,Yes,Improved,13.22
Yobe,Rice,1.17,328.5,36.7,6.99,Sandy,109.9,No,No,Local,2.14
Jigawa,Rice,0.61,442.3,30,6.12,Loamy,125.7,No,No,Local,2.75
Abia,Yam,1.73,2074.9,26.5,6.63,Loamy,58.6,No,No,Improved,9.79
Ebonyi,Maize,0.47,1632.3,23.5,4.07,Loamy,122.9,Yes,No,Improved,2.56
Ebonyi,Rice,1.57,2364.2,27.1,5.37,Clay,125.4,No,Yes,Local,3.14
Katsina,Maize,1.2,469.1,33.7,6.25,Loamy,90.3,No,No,Improved,2.28
Cross River,Rice,4.81,2149.6,24.4,6.15,Loamy,166,Yes,No,Local,3.6
Taraba,Maize,2.08,1019,31.7,5.68,Sandy,108.8,Yes,No,Local,2.41
Jigawa,Maize,2.8,590.7,31.1,5.65,Loamy,200.7,No,No,Local,1.88
Niger,Rice,0.47,1442.9,27.3,5.8,Sandy,113.6,Yes,No,Local,3.39
Ondo,Maize,5.95,1623,28.5,6.95,Loamy,172.5,No,No,Improved,2.66
Kwara,Sorghum,0.6,1238.6,30.3,5.62,Clay,31.5,No,No,Improved,1.39
Ebonyi,Cassava,0.96,1964.8,25.6,4.06,Loamy,161.7,No,No,Local,7.83
Plateau,Yam,2.92,1349.5,28.5,4.83,Loamy,23.5,No,Yes,Local,6.79
Anambra,Rice,1.58,1930.8,24.5,6.54,Loamy,119.3,Yes,No,Local,2.85
Kogi,Rice,1.62,1154.3,29,6.17,Sandy,86.3,Yes,Yes,Improved,5.2
Enugu,Sorghum,15.31,2386.9,26.7,6.26,Loamy,12.8,No,Yes,Local,1.32
Sokoto,Sorghum,1.09,525.9,28.7,5.38,Sandy,59.4,No,Yes,Local,1.65
Cross River,Sorghum,1.4,2238.2,22,5.15,Sandy,86.9,No,No,Improved,1.24
Lagos,Rice,3.12,1961.1,27.5,7.43,Loamy,87.9,No,No,Local,2.08
Oyo,Yam,1.08,1581.4,24.1,5.64,Loamy,128,Yes,Yes,Local,8.48
Osun,Maize,6.65,2483.2,29.7,4.9,Clay,121.3,Yes,No,Improved,2.36
Sokoto,Cassava,1.13,329.8,32.9,6.05,Sandy,67.4,No,Yes,Local,8.43
Ondo,Cassava,1.52,1955.9,26.2,6.43,Loamy,56.6,Yes,No,Local,8.94
Niger,Rice,5.45,1159.1,29.9,6.17,Clay,96.4,No,No,Local,3.63
Plateau,Yam,3.69,1288.7,26.6,5.82,Loamy,202.7,No,No,Local,5.79
FCT,Yam,4.04,1393.9,28.2,6.66,Clay,173.6,No,No,Improved,4.74
Plateau,Rice,2.22,1178.6,29.8,6.23,Clay,94.1,No,No,Improved,3.52
Benue,Rice,0.84,1458.6,30.8,5.51,Loamy,130.9,No,Yes,Improved,4.26
Zamfara,Sorghum,1.12,644.7,33.4,6.18,Sandy,176.3,No,No,Local,0.92
Katsina,Yam,0.59,359.9,33.1,6.65,Loamy,149.7,No,No,Local,5.43
Delta,Cassava,2.75,2446,25.5,6.1,Loamy,84.9,Yes,No,Local,7.56
Adamawa,Cassava,3.61,1307.1,24.7,6.51,Loamy,81.9,No,No,Improved,11.3
Taraba,Rice,3.02,1123.6,28.9,6.15,Loamy,89.5,Yes,No,Improved,3.94
Imo,Rice,2.75,2368.3,28.7,4.66,Loamy,68.6,No,No,Improved,3.34
Niger,Sorghum,25,1149.2,29.4,6.9,Loamy,95.7,No,No,Improved,1.7
Enugu,Cassava,2.22,2393.6,24,4.04,Clay,62.3,Yes,No,Local,7.38
Ebonyi,Yam,0.34,1604.4,23.7,6.19,Clay,52.1,No,No,Improved,9.43
Kaduna,Cassava,3.54,759.9,31.1,5.49,Clay,119.4,Yes,No,Improved,14.29
Bauchi,Maize,0.99,968.3,31.2,4,Clay,93.7,Yes,No,Improved,2.49
Rivers,Yam,0.36,1903.2,26.2,6.89,Clay,55.7,No,No,Local,6.55
Kwara,Cassava,1.63,1023.8,27.5,5.76,Loamy,119.8,No,No,Improved,9.67
Ekiti,Rice,1.99,1926.1,22.7,6.55,Clay,81.4,Yes,No,Improved,4.86
Rivers,Yam,1.98,2118,25,5.78,Clay,118.2,No,Yes,Improved,12.7
FCT,Yam,0.86,1088.3,31.4,6.91,Sandy,109,No,Yes,Improved,10.22
Edo,Maize,1.62,2013.3,29,5.81,Loamy,160.3,Yes,No,Local,2.46
Zamfara,Yam,3.52,909.7,34.8,5.35,Clay,41.6,Yes,No,Local,7.01
Edo,Rice,1.19,2377.6,23,5.6,Clay,183.3,Yes,No,Local,2.97
Oyo,Maize,3.55,2087.5,28.4,6.28,Loamy,85.1,No,No,Improved,2.41
Bayelsa,Sorghum,0.44,2379.6,24.6,6.62,Clay,133.5,No,No,Improved,0.96
Osun,Maize,1.11,2263.1,27.6,5.67,Clay,128.5,No,No,Local,1.82
Lagos,Cassava,1.51,1655.9,26.3,7.06,Loamy,89.6,No,No,Improved,9.43
Rivers,Sorghum,2.49,1641.2,27.9,5.92,Loamy,50.3,Yes,No,Improved,1.78
Borno,Rice,0.74,522.8,34,6.44,Sandy,69.2,No,No,Local,2.23
Benue,Rice,2.14,1497.6,26,5.26,Loamy,153,Yes,No,Improved,4.55
Taraba,Sorghum,2.71,1487.1,25.9,5.36,Clay,29.2,Yes,No,Local,0.86
Osun,Sorghum,1.86,1542.2,27.6,7.51,Loamy,67.9,No,Yes,Improved,1.69
Katsina,Rice,0.41,464.9,32.3,7.44,Sandy,194.1,Yes,No,Improved,2.81
Ogun,Yam,4.11,1810.7,29.8,5.62,Loamy,127.1,Yes,No,Improved,11.46
Plateau,Rice,4.87,1035.9,29,5.27,Sandy,95.6,Yes,No,Local,2.58
Osun,Rice,0.58,2302,22.2,6.32,Clay,57.2,No,Yes,Improved,4.23
Edo,Sorghum,1.07,2290.7,24,5.99,Clay,11.5,Yes,Yes,Local,0.44
Gombe,Sorghum,2.69,723.4,29.5,5.53,Sandy,29.6,No,No,Improved,1.46
Kaduna,Cassava,2.62,785.5,29.4,5.56,Sandy,47.1,No,No,Local,9.63
Adamawa,Maize,1.83,1234.9,30.6,5.53,Clay,40.8,No,No,Local,1.94
Cross River,Yam,5.83,2378.4,25.4,5.64,Clay,134.3,Yes,No,Local,7.92
Kaduna,Cassava,0.96,726.8,30.3,6.53,Clay,185.7,No,No,Local,8.88
Niger,Maize,1.02,1117.4,29.9,5.46,Loamy,151,No,No,Improved,2.21
Ebonyi,Maize,1.72,1976.1,24.1,4.5,Clay,94.1,No,No,Improved,1.92
Kaduna,Maize,3.27,647.9,29.5,6.06,Sandy,73.9,No,Yes,Improved,2.56
Ekiti,Sorghum,0.67,1700.9,27.2,7.6,Loamy,0,Yes,Yes,Improved,1.52
Zamfara,Sorghum,0.57,953.5,27.3,5.71,Sandy,96.4,Yes,No,Local,1.28
Kano,Rice,1.61,722.7,33.3,6.54,Sandy,148.9,No,No,Local,1.98
Borno,Sorghum,0.78,448.8,37.5,6.13,Sandy,85.9,Yes,No,Local,1.38
Kano,Sorghum,4.89,850.2,28.2,6.07,Loamy,95.6,Yes,No,Local,1.2
Osun,Cassava,1.81,1733.2,27.2,6.7,Loamy,77.4,No,Yes,Improved,12.85
Benue,Cassava,1.4,1446.2,25.5,6.64,Clay,48.4,No,Yes,Improved,10.84
Akwa Ibom,Yam,2.89,1696.1,28.2,7.09,Sandy,97.8,No,No,Local,7.09
Bayelsa,Yam,0.86,1755.9,23.2,6.89,Clay,122,No,No,Local,7.1
Ebonyi,Rice,0.98,1848.1,29.4,6.39,Sandy,148.4,No,No,Improved,3.39
Zamfara,Yam,0.76,978.4,34.8,5.69,Sandy,72.6,No,No,Improved,8.13
Borno,Rice,3.37,621.4,29.7,7.3,Sandy,119.2,No,No,Improved,2.59
Nasarawa,Maize,0.82,1270.2,29.7,5.51,Loamy,85.5,No,No,Local,2.4
Gombe,Sorghum,1.51,672,26.4,7.16,Clay,76.2,Yes,No,Local,1.4
Akwa Ibom,Cassava,0.74,2301.5,29.4,6.32,Loamy,169.3,No,Yes,Improved,9.87
Rivers,Sorghum,0.73,2274.5,22.6,5.79,Clay,36.4,No,No,Local,1.02
Jigawa,Yam,0.54,317.6,34.2,5.37,Sandy,69,No,No,Local,4.89
Anambra,Sorghum,1.58,2270,26,5.97,Clay,89.3,Yes,No,Local,1.16
Katsina,Rice,3.28,608.7,28.2,6.81,Clay,57.9,No,No,Improved,2.89
Cross River,Rice,7.88,2466,24.9,7.02,Sandy,99.8,Yes,No,Local,2.21
Imo,Cassava,3.93,1722.8,27.1,6.35,Loamy,60,Yes,Yes,Local,10.7
Ebonyi,Maize,4.08,2409.9,25.2,5.08,Clay,148.8,Yes,Yes,Local,2.05
Akwa Ibom,Yam,2.8,1863.2,25.7,6.11,Loamy,142.9,No,No,Local,7.39
Delta,Maize,2.17,1979.3,27.7,5.24,Sandy,184.9,No,No,Improved,2.34
Enugu,Yam,2.51,2057.3,23.3,6.55,Clay,97.5,Yes,Yes,Local,7.42
Edo,Maize,7.01,1836.4,28.7,7.32,Clay,156.9,Yes,No,Local,0.97
Gombe,Maize,2.43,769.9,28.7,6.17,Sandy,237.4,No,No,Local,1.89
Kogi,Yam,1.25,1082.3,28.4,5.02,Clay,111.4,No,No,Improved,10
Osun,Sorghum,7.78,1541.4,26.7,5.6,Clay,105.3,No,No,Improved,1.18
Ekiti,Cassava,0.49,2272.6,25,7.62,Clay,118.5,Yes,No,Local,4.34
Kwara,Maize,0.31,1205.5,30.1,6.97,Clay,138.8,Yes,No,Improved,2.68
Bayelsa,Sorghum,0.8,2365.5,25.6,6.75,Loamy,46,No,No,Local,1.02
Osun,Maize,0.48,2141.6,29.8,4.87,Clay,104.3,Yes,No,Improved,2.52
Ogun,Sorghum,5.15,1847.4,29.1,5.55,Loamy,70,Yes,No,Local,1.07
Delta,Rice,0.21,1822.2,26.2,5.58,Loamy,83.4,No,No,Improved,3.8
Niger,Rice,5.05,1148.5,25,5.87,Loamy,73,Yes,No,Local,2.76
Zamfara,Yam,0.99,652.5,31.9,6.55,Loamy,138.2,Yes,No,Improved,10.98
Akwa Ibom,Cassava,4.81,1643.7,27.5,6.06,Loamy,93.6,No,No,Improved,11.14
Lagos,Rice,0.25,2031.6,22.9,5.04,Clay,106.8,No,No,Improved,3.78
Yobe,Yam,2.54,527.8,28,6.08,Sandy,89.2,No,No,Local,5.75
Kano,Cassava,0.82,637.5,32.9,6.07,Clay,152.5,No,No,Improved,12.38
Rivers,Sorghum,2.35,2434.9,29,5.37,Clay,86.4,No,No,Local,1.3
Ekiti,Sorghum,0.77,2390,25.6,5.89,Sandy,34.7,No,No,Local,0.89
Anambra,Sorghum,0.93,1775.7,28.6,5.42,Sandy,95.2,Yes,Yes,Local,1.21
Bauchi,Maize,4.12,973.8,31.8,6.42,Loamy,121.7,No,No,Improved,2.94
Akwa Ibom,Sorghum,4.63,2156.5,29.6,6.51,Clay,0,No,No,Local,0.97
Kwara,Cassava,0.69,1337.8,27.4,5.82,Clay,89.1,No,No,Local,5.94
Delta,Maize,0.5,1732.4,25,5.77,Sandy,130.5,No,Yes,Local,1.8
Benue,Yam,1.17,1128.2,31,5.57,Loamy,90.2,No,No,Improved,8.44
Lagos,Cassava,3.77,2443,26.3,5.8,Loamy,102,No,No,Improved,11.16
Lagos,Rice,3.24,2044.5,25.2,5.39,Loamy,87.7,Yes,No,Local,3.27
Lagos,Cassava,0.39,2048.6,29.7,5.71,Loamy,128.8,Yes,No,Improved,11.91
Taraba,Yam,0.9,1496.5,31.3,6.89,Loamy,139.9,No,No,Local,6.6
FCT,Cassava,0.69,1026.4,27.4,6.06,Sandy,113.2,No,No,Improved,12.32
Taraba,Yam,8.48,1094.2,25.9,6.13,Clay,125.4,Yes,No,Local,8.99
Jigawa,Yam,1.57,372.4,36.6,6.85,Clay,0,No,No,Improved,6.41
Enugu,Rice,0.24,2070.3,22.2,6.67,Loamy,120.9,Yes,No,Improved,3.6
Delta,Sorghum,0.73,2480.7,27.7,6.95,Loamy,81.7,Yes,No,Local,1.47
Oyo,Rice,0.7,1869.1,27.6,5.57,Loamy,122.9,No,No,Local,2.85
Imo,Rice,13.59,2331.3,24,6.59,Clay,84.6,Yes,No,Local,3.31
Gombe,Rice,1.7,982.5,33.9,6.03,Loamy,44.6,Yes,No,Improved,3.97
Bauchi,Sorghum,1.87,679.6,32.9,6.03,Sandy,26.1,No,No,Improved,1.44
Zamfara,Yam,1.04,820.3,29,8.46,Loamy,80.7,No,No,Improved,8.73
Bauchi,Sorghum,5.9,829.1,26.4,6.62,Sandy,69.6,Yes,No,Local,1.36
Yobe,Maize,0.95,614.2,37.1,6.44,Sandy,62.1,Yes,Yes,Improved,3.31
Bayelsa,Rice,2.97,2117.8,29,5.5,Clay,101.3,No,No,Improved,3.18
Bayelsa,Cassava,0.42,1932.8,25.9,4.61,Sandy,138.5,No,No,Improved,10.98
Cross River,Yam,1.25,2035.6,27.2,6.84,Clay,129.5,No,No,Improved,10.31
Delta,Maize,8.26,2041.2,27.4,4.55,Sandy,115,No,No,Improved,2.32
Cross River,Rice,2.8,1818.4,22.8,6.09,Sandy,119.1,No,No,Improved,1.54
Kebbi,Rice,9.49,885.2,28.6,6.7,Loamy,164.3,No,No,Local,2.09
Niger,Sorghum,1.47,1397.2,30.2,6.31,Loamy,46.2,Yes,No,Local,1.2
Delta,Cassava,0.54,2130.3,24.8,5.6,Clay,76.9,No,No,Local,10.18
Bauchi,Cassava,2.59,927.5,30.2,6.61,Sandy,133.3,No,No,Improved,12.46
Delta,Cassava,1.52,2281.6,29.2,6,Loamy,103.5,No,Yes,Local,8.77
Cross River,Yam,2.73,1696.6,22.4,6.92,Loamy,110.7,No,No,Local,7.65
FCT,Yam,5.92,1499.8,31.8,7.14,Loamy,111.6,No,No,Local,3.7
Nasarawa,Yam,0.8,1062.5,25.2,5.08,Loamy,127.3,No,No,Local,8.14
Bauchi,Rice,2.49,692.4,29.5,5.5,Sandy,150.1,No,No,Local,2.39
Ekiti,Rice,2.04,1941.3,28.2,5.97,Sandy,106.4,No,No,Improved,2.91
Sokoto,Cassava,0.21,348.5,30.6,6.1,Sandy,131.7,No,No,Local,8.16
FCT,Maize,4.16,1125.5,24.5,6.53,Clay,132,Yes,No,Local,2.04
Bauchi,Cassava,1.47,732.8,29,5.88,Sandy,137.1,No,No,Local,10.35
Ekiti,Sorghum,3.76,1905.1,29.9,6.42,Clay,40.6,No,No,Local,1.1
FCT,Sorghum,3.79,1337.1,26.1,6.09,Clay,0,No,No,Improved,1.21
Cross River,Sorghum,1.39,2382.9,27.5,6.07,Clay,77.2,No,No,Local,0.71
Taraba,Sorghum,2.69,1365.9,24.8,6.13,Clay,52.8,No,No,Local,1.47
Kebbi,Yam,5.51,611.3,32.2,5.2,Sandy,77.9,No,No,Local,8.04
Abia,Sorghum,1.36,2126.1,24.3,6.13,Clay,130.8,No,No,Improved,1.22
Gombe,Cassava,3.08,774.7,27.3,5.66,Clay,41.7,No,No,Local,9.92
Ekiti,Yam,0.75,2000.1,29.3,7.7,Sandy,118.2,No,No,Improved,6.7
Nasarawa,Yam,3.32,1148.4,27.4,5.72,Loamy,127.6,Yes,No,Improved,11.2
Jigawa,Cassava,1.78,384.7,31.8,6.2,Sandy,84.2,Yes,No,Local,9.25
Gombe,Cassava,4.72,859.7,30.4,6.64,Loamy,44.6,No,No,Local,7.77
Imo,Yam,7.13,2213.1,23.6,5.84,Loamy,87.2,No,No,Improved,9.45
Jigawa,Yam,1.69,635.2,34.5,5.87,Clay,105.7,Yes,No,Improved,8.21
Lagos,Rice,1.99,2114.1,24,4.33,Loamy,94.2,Yes,No,Local,2.64
Yobe,Maize,1.33,412.3,30.7,6.56,Loamy,86.4,No,No,Local,1.81
Anambra,Cassava,0.55,2360.1,28.5,5.77,Loamy,99.3,Yes,No,Local,8.44
Bayelsa,Yam,8.37,1792.9,24.7,4.83,Clay,107.4,Yes,No,Local,7.75
Edo,Maize,1.08,1631,23.1,5.91,Loamy,97.5,Yes,No,Local,2.16
Imo,Sorghum,2.58,2053.7,27.2,6.03,Clay,28.1,No,No,Improved,1.53
Adamawa,Maize,1.53,1265.6,26.6,6.73,Loamy,87.2,Yes,No,Local,2.28
Taraba,Cassava,20.31,1205.5,27.2,6.39,Clay,112.7,No,No,Local,9.55
Yobe,Yam,0.43,475.3,30.5,6.43,Sandy,175.1,Yes,No,Local,6.89
Ekiti,Yam,12.6,1627,22.3,6.05,Loamy,121.9,No,No,Local,7.78
Rivers,Maize,1.6,1854.7,22,6.67,Clay,207.4,Yes,Yes,Local,1
Benue,Maize,5.14,1442.4,31.1,6.28,Loamy,88.4,Yes,No,Improved,3.19
Gombe,Yam,1.35,754.5,29.6,5.8,Clay,87.6,Yes,No,Local,8.49
Kaduna,Yam,4.54,832,26.9,5.55,Clay,109.8,No,No,Improved,9.3
Borno,Rice,0.45,402.2,30.3,5.71,Sandy,158.3,Yes,Yes,Local,2.97
Kano,Yam,0.74,996.6,32.8,6.49,Sandy,161.6,Yes,No,Improved,9.2
Akwa Ibom,Cassava,0.2,2040.5,25.4,6.98,Clay,120.4,Yes,No,Improved,11.24
Nasarawa,Cassava,0.4,1011.7,27,6.15,Sandy,134.7,Yes,No,Local,7.83
Imo,Yam,2.93,2374,28.2,6.47,Loamy,171.1,No,No,Local,5.97
Nasarawa,Rice,3.73,1465.6,29.4,7.55,Loamy,51.8,Yes,No,Improved,4.03
Enugu,Maize,1.24,2188.2,26.7,6.84,Clay,32.2,No,No,Local,1.6
Kwara,Cassava,1.1,1348.1,26.7,6.52,Loamy,67.4,Yes,No,Local,7.4
Katsina,Sorghum,1.73,415.1,31,6.28,Sandy,77.3,Yes,No,Local,1.71
Oyo,Rice,3.79,1605.1,28.5,6.01,Clay,141.7,No,Yes,Local,3.59
Benue,Maize,2.59,1005.3,27.3,5.86,Loamy,123.9,No,No,Improved,2.12
Benue,Rice,1.07,1280.4,28,5.86,Sandy,71.5,No,No,Improved,3.95
Borno,Maize,0.23,361.5,30.8,5.56,Clay,102.2,Yes,No,Local,3.04
Plateau,Cassava,1.27,1208.3,29.1,5.56,Sandy,67.6,No,No,Local,12.08
Borno,Maize,1.48,611.6,34.9,7.58,Sandy,97.8,No,No,Local,1.98
Akwa Ibom,Sorghum,2.5,1536.3,25.4,6.52,Clay,33.1,Yes,No,Improved,1.31
Abia,Sorghum,0.5,2013.4,27.9,5,Clay,58.1,No,No,Improved,1.79
Kwara,Yam,6.58,1210.6,26.4,5.84,Sandy,60.8,No,No,Local,8.38
Lagos,Yam,0.28,1513,27.3,5.77,Loamy,91.3,No,No,Local,8.24
Zamfara,Cassava,2.04,744.4,31.6,6.49,Loamy,48.4,No,No,Improved,9.68
Enugu,Maize,0.21,1985.4,28.6,6.45,Loamy,114.2,No,No,Local,0.99
Bayelsa,Yam,1.49,1853.7,26.3,5.42,Sandy,82.9,No,No,Local,6.47
Bauchi,Sorghum,1.27,770.7,27.2,5.73,Clay,84.6,No,No,Improved,1.73
Ondo,Cassava,3.83,2209.8,24.2,7.42,Loamy,76.9,Yes,No,Local,7.5
Ekiti,Yam,3.43,1999.6,28,5.86,Loamy,126.8,Yes,No,Local,8.47
Akwa Ibom,Maize,1.51,1955.9,28.2,6.16,Loamy,97.5,No,No,Local,1.96
Akwa Ibom,Rice,8.48,2246.9,23.6,4.27,Loamy,196.9,No,No,Improved,2.28
Bayelsa,Yam,0.36,2181.8,26.6,6.32,Loamy,84.1,Yes,Yes,Local,9.42
Lagos,Cassava,0.98,1733.3,27,6.59,Sandy,30.4,Yes,Yes,Local,9.88
Delta,Yam,1.47,1625.8,28.3,5.84,Loamy,118.8,No,No,Local,7.41
Kwara,Yam,3.26,1283.9,28.7,6.02,Sandy,37.2,No,No,Local,7.85
Jigawa,Cassava,9.49,543.5,30.7,5.29,Sandy,45.7,Yes,No,Local,9.93
Anambra,Cassava,1.13,1779.5,23.7,5.67,Clay,76,Yes,No,Improved,3.67
Cross River,Rice,1.31,2376.2,27.2,6.12,Clay,68.2,No,No,Local,3.06
Imo,Sorghum,1.19,1676.8,29.2,6.33,Clay,12.5,No,No,Improved,1.24
Kaduna,Yam,1.42,773.7,32.3,5.45,Clay,115.5,Yes,No,Improved,10.95
Sokoto,Cassava,3.5,627,29.8,4.91,Sandy,87.1,Yes,Yes,Local,8.12
Kano,Rice,0.42,916.3,30.3,7.19,Sandy,134.5,No,No,Improved,3.8
Akwa Ibom,Cassava,2.83,1796.4,23.6,6.61,Clay,148.4,No,No,Local,6.13
Osun,Maize,7.45,1706,24.5,6.4,Loamy,91.3,No,No,Local,1.86
Kaduna,Maize,0.4,906.1,28.2,6.23,Clay,137.3,No,No,Improved,3.22
Adamawa,Rice,5.81,1042.3,29.3,4.92,Clay,173.6,Yes,No,Improved,3.68
Akwa Ibom,Maize,1.55,2271.5,22.7,5.62,Loamy,77.1,No,No,Local,2.06
Borno,Maize,1.25,402.1,36.6,4.97,Sandy,95,Yes,No,Improved,2.21
Bayelsa,Rice,2.48,1850.8,22.9,6.73,Clay,115.7,No,No,Local,2.77
Niger,Cassava,1.91,1028.3,25.8,5.63,Loamy,91.7,No,No,Improved,12.61
Borno,Rice,0.47,320.7,37.5,8.33,Sandy,97.4,Yes,Yes,Improved,3.39
Kogi,Rice,0.23,1427.2,26.3,6.67,Loamy,118.9,No,No,Improved,4.01
Delta,Rice,2.18,2472.4,24.8,5.96,Clay,121.2,Yes,Yes,Improved,3.71
Abia,Maize,5.44,2431.8,29.2,5.2,Sandy,131.8,Yes,Yes,Improved,2.91
Kano,Yam,0.68,925.8,31.6,5.56,Sandy,201.9,No,No,Improved,3.95
Delta,Rice,3.07,1806.3,26.1,6.03,Clay,146.6,No,No,Improved,3.53
Taraba,Sorghum,0.21,1399,30.8,6.5,Sandy,0,No,No,Local,1.18
Borno,Maize,1.14,658.2,30.5,5.29,Sandy,88.3,Yes,No,Improved,2.52
Anambra,Sorghum,4,2134.5,26.5,5.77,Clay,56.5,Yes,No,Improved,1.95
Benue,Yam,0.76,1202.8,30,6.68,Sandy,55.1,No,No,Improved,7.89
Jigawa,Cassava,0.55,323.9,30.2,5.87,Sandy,112.1,No,No,Local,8.94
Osun,Maize,2.25,2243.3,26.1,6.81,Sandy,57.3,Yes,No,Improved,2.04
Enugu,Maize,1.15,2179.4,24,7.36,Loamy,161.2,Yes,No,Local,2.34
Imo,Yam,2.79,2072,24.2,6.58,Clay,102.2,Yes,Yes,Improved,9.48
Anambra,Cassava,1.39,1953.3,28.5,5.95,Loamy,37.1,No,No,Local,8.62
Kwara,Rice,3.74,1059.5,28,5.11,Loamy,40.8,No,No,Improved,3.23
Jigawa,Sorghum,2.46,397.1,34.3,6.23,Sandy,66.5,No,No,Local,1.29
Kano,Cassava,2.7,740.9,29.3,5.49,Sandy,137.9,No,No,Improved,9.35
Yobe,Rice,0.22,361.4,28.5,4.45,Clay,91.4,No,No,Improved,3.07
Gombe,Yam,1.67,633.8,27,5.11,Loamy,78.2,No,No,Improved,9.34
Kogi,Yam,1.73,1088.5,31.2,6.58,Loamy,74.6,Yes,No,Local,8.58
FCT,Cassava,0.89,1202.4,30.1,6.49,Clay,66.5,No,No,Local,8.36
Bauchi,Cassava,3.63,612.8,33.4,5.56,Clay,94,No,No,Local,8.37
Adamawa,Yam,0.59,1372.5,30.3,5.17,Sandy,107.5,No,No,Local,3.9
FCT,Maize,2.38,1307,27.4,5.4,Sandy,191.6,No,No,Improved,2.12
Kogi,Maize,0.29,1395.6,31,6.2,Sandy,73.2,Yes,No,Improved,2.72
Kano,Cassava,0.7,976.4,31.9,5.16,Sandy,60.5,No,No,Local,8.32
Benue,Rice,2.96,1231.5,29.5,5.67,Sandy,125,No,Yes,Improved,3.56
Enugu,Sorghum,9.1,1635.5,23.7,7.09,Loamy,16.7,No,No,Improved,0.57
Benue,Cassava,1.67,1446,31.2,5.22,Loamy,149.1,Yes,No,Local,8.8
Bauchi,Rice,0.4,668.9,31.9,5.48,Clay,103.1,No,No,Improved,3.38
Oyo,Rice,1.54,1653.4,22.2,4.88,Loamy,147.4,Yes,No,Improved,2.76
Imo,Cassava,0.77,1637.5,22.4,4.98,Clay,76.3,No,No,Local,7.7
Kano,Maize,1.35,707.4,31.9,6.25,Loamy,107,Yes,No,Local,2.76
Kwara,Cassava,0.8,1154.4,27.8,5.23,Loamy,88.9,Yes,No,Improved,13.5
Osun,Cassava,4.08,2230.3,23.5,6.09,Clay,103.7,Yes,No,Improved,10.81
Borno,Rice,1,664.5,30.4,5.76,Sandy,88.9,No,Yes,Local,2.86
Nasarawa,Rice,0.58,1396.2,30.1,5.4,Sandy,73.7,No,No,Improved,3.33
Kebbi,Rice,1.72,804.5,33.3,6.93,Clay,148.1,No,No,Local,2.77
Ekiti,Yam,0.58,2497.1,28.3,4.91,Clay,71.3,Yes,No,Local,6.96
Gombe,Yam,1.19,943.8,28.1,5.58,Clay,64.6,Yes,No,Local,9.71
Enugu,Yam,1.86,1883.5,26.1,5.55,Clay,133.2,No,No,Local,9.54
Kwara,Maize,1.12,1143.7,27.6,6.47,Sandy,146.9,No,No,Improved,2.27
Benue,Maize,0.72,1440.6,31.7,5.76,Clay,130.7,No,No,Local,1.96
Plateau,Cassava,0.2,1185,32,6.93,Clay,73.2,Yes,Yes,Improved,14.91
Kaduna,Yam,1.28,656.7,26,5.16,Clay,165.2,Yes,Yes,Local,8.97
Benue,Sorghum,3.41,1297.8,24.8,5.98,Clay,110.3,No,No,Local,0.94
Akwa Ibom,Sorghum,0.77,1771,26.5,6.3,Sandy,16.7,No,No,Local,1.16
Osun,Rice,1.38,2452.6,26,5.76,Loamy,110.3,Yes,No,Local,3.17
FCT,Maize,1.55,1345.1,31.8,6.4,Clay,140.7,Yes,No,Improved,3.07
Edo,Sorghum,2.53,2359.5,22,6.04,Sandy,17.7,No,No,Improved,1.17
Jigawa,Yam,3.24,671.9,34,5.26,Sandy,125.8,Yes,No,Local,6.89
Kano,Rice,0.94,810.5,27.3,5.56,Loamy,103.1,No,Yes,Local,3.06
Bayelsa,Maize,3.28,1790.5,29.5,6.05,Loamy,104.3,No,No,Local,1.75
Yobe,Yam,10.02,511.5,33.6,5.15,Clay,104.7,Yes,No,Local,6.03
Anambra,Yam,1.29,1586,24.4,6.22,Sandy,141.5,No,Yes,Local,9.37
Ekiti,Sorghum,5.25,2213.9,25.1,5.65,Clay,88,No,Yes,Local,1.22
Niger,Maize,1.45,1301.4,29.1,6.06,Sandy,99.9,No,No,Local,2.15
Imo,Sorghum,1.49,1592.2,25.5,5.5,Clay,64.6,No,No,Local,1.38
Zamfara,Yam,0.9,959.4,26,5.5,Loamy,86.9,Yes,No,Local,8.13
Akwa Ibom,Yam,0.25,1523.5,28.7,6.28,Clay,85.4,No,No,Local,6
Anambra,Cassava,1.81,2150.8,22.6,6.11,Sandy,68.7,No,No,Improved,11.78
Adamawa,Yam,0.46,1465.4,29.4,6.55,Sandy,60.3,No,No,Improved,11
Edo,Yam,1.28,2101.6,29.3,6.69,Clay,130.7,No,No,Local,8.79
Imo,Rice,0.53,2228.2,25.4,5.26,Loamy,139.3,No,No,Local,2.78
Yobe,Cassava,0.6,454.6,34.7,7.24,Sandy,100.3,Yes,No,Local,6.79
Ondo,Rice,1.74,2288,22.3,6.24,Loamy,100.6,No,Yes,Local,3.68
Kogi,Rice,0.62,1152.7,29.3,5.38,Loamy,72.7,Yes,No,Improved,3.41
Kwara,Rice,1.91,1003.1,25.2,6.7,Sandy,66.1,No,No,Local,2.82
Imo,Maize,1.13,2140.4,22.6,6.06,Clay,59.8,No,Yes,Local,2.04
Niger,Maize,7.16,1076.7,25,6.13,Clay,53.6,Yes,No,Improved,3.13
Nasarawa,Cassava,0.83,1072.1,31.5,6.38,Loamy,70.8,Yes,No,Improved,10.77
Benue,Cassava,0.82,1347,24.2,6.59,Sandy,167.6,No,No,Local,6.51
Ondo,Sorghum,0.37,2332.1,28.1,6.1,Clay,70.9,No,No,Improved,1.48
Niger,Maize,0.78,1351.2,24.1,5.92,Loamy,116.2,No,No,Local,2.26
Anambra,Rice,4.19,1579.8,25.4,6.64,Clay,167.9,No,No,Improved,3.67
Gombe,Maize,2.27,993.1,27.6,6.04,Sandy,70.6,No,No,Local,2.06
Gombe,Maize,0.34,786,29,5.49,Clay,107.1,Yes,Yes,Local,2.77
Lagos,Sorghum,1.9,1552.6,23.9,5.98,Sandy,69.4,Yes,No,Improved,1.7
Zamfara,Maize,0.82,745.8,34.2,4.95,Clay,55.8,No,No,Local,2.3
Edo,Rice,3.54,2158.9,28.1,6.68,Clay,115.3,No,No,Local,2.2
Akwa Ibom,Sorghum,7.61,2135.5,28.7,5.04,Loamy,0,No,No,Local,0.93
Cross River,Rice,0.61,1921.7,28.3,6.62,Loamy,141.3,No,Yes,Improved,4.59
Plateau,Yam,1.38,1170.4,25.7,5.71,Clay,123.7,No,No,Improved,10.89
Sokoto,Sorghum,1.93,441.5,34.1,7.23,Clay,59.8,No,No,Local,1.34
Bayelsa,Rice,7.41,2445.6,23.8,5.6,Clay,66,Yes,No,Improved,3.43
Enugu,Cassava,5.48,2078.2,24.7,5.87,Clay,125.3,Yes,No,Improved,11.73
Lagos,Rice,1.41,2235.4,29.6,6.23,Clay,79.4,No,No,Improved,3.69
Taraba,Yam,2.98,1015.1,27.1,6.83,Loamy,103.8,No,No,Improved,10.86
Ondo,Yam,0.51,2300.4,27.1,5.4,Loamy,58.6,No,No,Improved,7.41
Rivers,Yam,0.81,1698.2,27.1,7.12,Loamy,93.7,No,No,Improved,9.51
Kebbi,Yam,3.82,938.4,31.1,6.62,Loamy,44.7,Yes,No,Local,7.48
Ekiti,Maize,1.81,2483.1,22.2,6.13,Loamy,142.9,No,No,Local,2.15
Plateau,Rice,3.66,1157.9,27.8,5.6,Loamy,77.8,No,No,Local,2.39
Imo,Yam,2.49,2478.7,28.5,6.29,Sandy,133.1,Yes,No,Improved,8.86
Lagos,Maize,0.2,1653.4,25.1,5.07,Sandy,165.6,No,No,Improved,2.32
Katsina,Cassava,3.28,539.9,32.3,6.71,Clay,125.9,No,Yes,Improved,12.51
Kogi,Sorghum,0.69,1232.6,29.2,5.6,Clay,39.7,No,No,Local,1.24
Akwa Ibom,Sorghum,0.46,2084.3,29.3,5.93,Loamy,70.3,Yes,No,Local,0.92
Kogi,Rice,2.33,1239.2,30.7,5.43,Clay,70.4,Yes,No,Local,3.25
Bauchi,Sorghum,1.97,692,34.1,5.94,Sandy,39.2,No,No,Local,1.43
Anambra,Cassava,3.55,1903.1,22.9,6.6,Clay,101.4,No,Yes,Local,8.8
Kogi,Cassava,3.6,1292.3,30.1,5.64,Loamy,19.5,Yes,No,Local,8.9
Borno,Yam,1.69,413.8,32.9,7.17,Clay,117.2,No,No,Local,7.03
Bayelsa,Sorghum,1.51,1659.3,23.8,5.84,Loamy,0,No,No,Local,1.13
Enugu,Yam,1.38,2424.9,28.2,7.01,Loamy,119.6,Yes,No,Improved,9.55
Rivers,Yam,0.26,2231.5,22.7,6.74,Loamy,122.1,No,No,Local,5.95
Ekiti,Rice,11.79,1502.1,30,4.88,Sandy,151.9,Yes,No,Improved,3.62
Katsina,Yam,0.65,342.9,31.9,5.54,Clay,81,Yes,No,Local,4.86
Jigawa,Sorghum,3.3,351.7,29.1,4.98,Clay,65.4,Yes,No,Improved,1.88
Adamawa,Yam,0.65,1404.2,27.8,6.28,Loamy,84.8,Yes,No,Local,9.94
Bauchi,Sorghum,4.5,861,33.2,7.74,Clay,73.5,Yes,No,Improved,1.53
Cross River,Maize,0.6,2348.4,28.2,5.94,Loamy,126.5,No,No,Local,1.77
Kano,Rice,0.94,902.1,33.8,6.66,Sandy,194.1,Yes,No,Local,3.16
FCT,Cassava,1.11,1048.8,28.3,6.48,Loamy,73.2,Yes,No,Local,10.81
Imo,Sorghum,3.04,2354.8,27.3,6.55,Clay,4.1,No,No,Local,0.91
Taraba,Sorghum,2.75,1496.4,26.3,5.84,Sandy,0,No,No,Local,1.02
Osun,Cassava,1.28,2430.9,22,6.16,Loamy,86.8,Yes,No,Local,10.28
Kano,Cassava,0.85,752.3,29.9,6.02,Clay,87,No,No,Local,9.63
FCT,Sorghum,0.2,1186.7,30.4,6.88,Clay,111.9,No,No,Local,1.26
Bauchi,Rice,6.91,872.7,28.6,6.27,Loamy,170.8,No,No,Local,2.13
Kebbi,Yam,1.08,713.5,26.8,5.3,Clay,108.3,Yes,No,Improved,4.64
Benue,Sorghum,5.7,1015.8,29,5.52,Sandy,108.2,No,No,Improved,1.73
Gombe,Rice,0.4,849,28.8,5.86,Loamy,143.5,Yes,No,Improved,3.56
Anambra,Yam,0.28,2416.4,27.5,6.02,Clay,91.7,Yes,No,Improved,10.41
Adamawa,Yam,1.38,1244,26.8,5.37,Clay,53.9,No,No,Local,6.06
Imo,Rice,2.95,1727.8,25,5.77,Loamy,53.2,No,Yes,Improved,3.38
Plateau,Rice,1.83,1001.9,31.7,5.94,Clay,118.8,Yes,No,Local,2.95
Bayelsa,Rice,1.33,2058.4,23.3,6.34,Loamy,36.6,Yes,No,Local,3.15
Benue,Yam,0.81,1478.1,25.5,6,Loamy,135.6,Yes,No,Local,9.31
Borno,Maize,0.95,363,31.6,6.31,Sandy,123.3,No,No,Improved,2.64
Borno,Yam,3.52,438.7,36.3,6.42,Loamy,92.5,No,No,Improved,8.25
Kano,Sorghum,4.16,758.3,31.7,6.51,Sandy,30.6,No,Yes,Improved,1.49
Ogun,Rice,1.56,2343.6,25.4,6.69,Clay,95.7,No,No,Improved,3.39
Akwa Ibom,Cassava,1.13,1995.5,24,4.7,Loamy,91.7,Yes,Yes,Local,11.76
Ogun,Cassava,1.81,2046.9,26.7,4.98,Clay,65.2,No,No,Improved,6.04
Oyo,Rice,7.03,2389.5,27.8,4,Clay,81.1,No,No,Local,2.41
Yobe,Yam,3.09,583.7,30,5.33,Sandy,98.5,Yes,No,Local,7.32
Jigawa,Maize,1.41,582.3,31.8,6.34,Clay,128.7,Yes,No,Local,2.33
Kebbi,Yam,1.42,798.2,30,5.23,Loamy,127.9,Yes,No,Improved,10
Borno,Maize,1.16,456,31,7.16,Sandy,104.8,No,No,Improved,2.46
Delta,Yam,1.54,1569.9,23.5,5.09,Clay,146,No,Yes,Improved,8.96
Cross River,Sorghum,0.97,2040.9,27.3,6.89,Clay,119.4,No,No,Improved,1.12
Taraba,Maize,4.63,1273.8,29.8,5.76,Clay,145,Yes,Yes,Improved,2.92
Kano,Cassava,6.57,814.8,29.8,6.39,Loamy,173.6,Yes,No,Local,6.78
Zamfara,Sorghum,1.66,826,28.8,6.56,Loamy,73.1,No,No,Improved,1.79
Rivers,Cassava,1.11,2463.6,26.3,5.3,Sandy,84.6,No,Yes,Local,3.51
Kogi,Maize,1.29,1305.9,30.4,5.02,Loamy,89.9,No,No,Improved,2.32
Nasarawa,Yam,1.65,1246.1,29,5.79,Clay,65.6,No,Yes,Local,7.82
Enugu,Maize,1.27,2475.6,29,4.83,Loamy,128.6,Yes,Yes,Local,2.55
Sokoto,Maize,3.87,311.6,35.3,6.1,Sandy,127.5,Yes,Yes,Local,2.92
Zamfara,Cassava,3.02,954.4,26.7,5.41,Sandy,47.5,Yes,No,Improved,10.08
FCT,Rice,1.81,1234,25.8,5.68,Loamy,84.8,Yes,No,Local,2.83
Osun,Rice,4.48,2178.8,28.3,5.49,Clay,88.8,Yes,No,Local,2.87
Jigawa,Yam,2.95,355.3,32.8,6.82,Sandy,173,No,No,Local,6.1
Imo,Cassava,0.39,1732,25.9,6.13,Loamy,106.9,Yes,No,Local,8.64
Sokoto,Cassava,3.96,339.9,32.4,7.06,Loamy,83.5,Yes,No,Improved,9.92
Katsina,Cassava,1.46,500.1,31.3,4.47,Sandy,58.2,No,No,Improved,9.93
Borno,Maize,1.05,550,30.9,6.71,Sandy,186.2,No,No,Improved,2.41
Taraba,Maize,5.22,1347,24.6,6.5,Loamy,75.3,No,No,Improved,2.67
Akwa Ibom,Yam,2.75,1795.5,27.4,6.26,Clay,48.3,Yes,No,Improved,11.55
Ogun,Rice,0.74,1920.7,26.5,6,Sandy,117.8,No,No,Local,2.75
Anambra,Cassava,4.23,2403,26,6.38,Loamy,106.5,No,No,Improved,10.97
Borno,Sorghum,0.3,650.7,34.1,5.58,Sandy,27.6,No,No,Improved,1.57
Zamfara,Cassava,0.99,660.4,27.5,5.88,Sandy,92.4,No,No,Local,8.38
Benue,Cassava,0.37,1318.5,31.2,5.83,Sandy,56.4,No,Yes,Local,11.59
Sokoto,Cassava,2.74,492.6,30.9,5.66,Sandy,112.9,No,Yes,Improved,15.05
Ondo,Sorghum,7.63,2420.9,23.3,6.11,Loamy,90.3,No,No,Local,1.1
Delta,Rice,1.64,2420.1,23.4,5.87,Clay,46.3,No,No,Improved,1.78
FCT,Maize,4.31,1220.3,26.3,6.23,Sandy,118.9,Yes,No,Local,2.33
Katsina,Rice,1.96,381.9,33.1,5.76,Sandy,20.6,Yes,No,Local,1.73
Osun,Yam,0.23,2207.7,22.8,6.27,Clay,79.2,No,No,Improved,9.66
Ekiti,Sorghum,1.81,1724.8,29.4,5.04,Loamy,68.4,No,No,Local,1.16
Ondo,Sorghum,1.7,1855.6,30,5.2,Sandy,91.8,No,No,Local,0.93
Bayelsa,Sorghum,0.5,2393.3,28.9,5.29,Loamy,21.3,Yes,No,Local,1.15
Ogun,Maize,2.9,1912.5,22.8,6.3,Clay,107.5,Yes,No,Local,1.99
Taraba,Rice,2.99,1072.2,25.2,5.95,Loamy,102.1,No,No,Local,3.2
Ogun,Rice,4.47,2088.3,25.6,6.14,Clay,101.8,No,No,Improved,3.71
Nasarawa,Cassava,0.7,1106.5,27.5,6.6,Loamy,149.2,No,No,Local,8.32
Abia,Cassava,2.65,1620.7,29.9,6.76,Loamy,83.5,Yes,No,Improved,12.63
Kogi,Yam,0.43,1282.9,26.3,5.99,Loamy,195.3,Yes,No,Local,7.99
Adamawa,Maize,5.95,1306.2,30.5,6.35,Loamy,174.3,No,No,Local,1.98
Plateau,Sorghum,1.74,1424.6,26.2,6.13,Sandy,107.2,Yes,No,Local,1.08
Taraba,Sorghum,0.77,1310.1,27.5,6.78,Loamy,115.3,Yes,No,Local,1.2
Abia,Sorghum,0.59,1688.3,24.7,5.65,Sandy,75.9,No,No,Local,1.12
Kano,Sorghum,0.65,718.9,28.3,6.08,Sandy,95.1,Yes,No,Local,0.56
Lagos,Cassava,0.44,1947.9,23.5,6.16,Sandy,98.2,No,No,Local,7.19
Borno,Sorghum,2.04,470.6,37.8,6.44,Sandy,107.2,Yes,Yes,Local,0.59
Akwa Ibom,Cassava,1.51,1994.9,29.9,5.84,Clay,108.1,No,No,Local,9.69
Lagos,Cassava,2.64,1579.5,26.7,6.01,Loamy,160.1,No,No,Improved,11.32
Kwara,Sorghum,0.57,1273.2,27,5.17,Loamy,6.7,No,No,Local,0.96
Cross River,Maize,2.7,2335.4,23,5.66,Loamy,89.6,No,No,Local,0.65
Ekiti,Sorghum,2.16,2096.8,24.1,7.14,Clay,81.7,Yes,No,Local,1.16
Benue,Maize,1.02,1140,28.7,5.56,Loamy,173.9,No,No,Improved,2.57
Nasarawa,Yam,1.07,1123,28.9,5.5,Loamy,117.9,Yes,No,Improved,10.76
Ogun,Maize,1.02,1693.1,28.3,6.3,Clay,8.6,No,No,Improved,2.12
Niger,Yam,0.46,1300.5,26.2,6.16,Sandy,73.3,No,No,Improved,10.52
Enugu,Cassava,1.48,2425.5,29.3,6.96,Sandy,71.4,Yes,Yes,Local,9.86
Adamawa,Sorghum,1.49,1456.8,24.6,5.59,Clay,100,No,No,Local,1.27
Kogi,Sorghum,6.69,1185.8,30,6.38,Clay,94.6,No,No,Local,1.27
Enugu,Rice,1.49,1749.7,26.7,6.14,Clay,150.8,Yes,No,Improved,4.06
Sokoto,Yam,1.1,486.2,29.9,6.36,Sandy,130.9,No,No,Improved,9.05
Yobe,Cassava,0.66,526.2,34.2,7.06,Loamy,91.2,No,No,Local,9.64
Bauchi,Rice,0.92,899.2,32.4,5.6,Sandy,92.7,No,Yes,Local,2.96
Kano,Maize,2.59,687.4,29.3,5.78,Loamy,72.4,Yes,No,Local,2.12
Akwa Ibom,Rice,0.62,2489.9,27.1,5.94,Loamy,91.3,No,No,Improved,3.3
Jigawa,Rice,2.73,389.4,28.8,4.49,Sandy,87.1,No,No,Improved,2.72
Plateau,Cassava,1.23,1499.8,29.3,6.07,Sandy,45.9,No,No,Improved,11.56
Lagos,Maize,0.78,2258.6,24.2,6.46,Clay,128.2,Yes,No,Improved,2.95
Kebbi,Sorghum,0.97,639,34.7,6.76,Sandy,63.7,Yes,No,Local,1.3
Jigawa,Yam,4.9,326.5,31.2,5.99,Sandy,56.7,Yes,No,Local,6.85
Enugu,Cassava,0.75,2314.4,23.9,5.1,Loamy,87.3,No,No,Improved,4.06
Ekiti,Rice,0.74,1748.1,22,5.77,Sandy,125.4,No,Yes,Improved,3.81
Edo,Sorghum,4.54,2366.2,24.7,5.35,Loamy,48.9,Yes,No,Local,1.21
Kaduna,Rice,2.02,897.1,34.4,6.48,Clay,133.4,Yes,No,Improved,3.68
Borno,Sorghum,4.57,398.1,35.1,5.68,Sandy,90.5,Yes,No,Improved,1.89
FCT,Rice,3.55,1403.1,28.7,7.13,Loamy,77.8,Yes,Yes,Local,2.8
Kebbi,Rice,1.1,935.4,33.9,6.2,Sandy,86.4,No,No,Improved,1.43
Osun,Maize,17.88,1794.4,23.9,5.84,Sandy,118.1,No,No,Local,1.63
Anambra,Yam,0.46,2476.7,26.4,6.61,Loamy,92.8,Yes,No,Local,7.48
Abia,Rice,2.61,1684.2,22.4,5.99,Loamy,50.3,Yes,No,Improved,3.65
Osun,Maize,2.89,1830.9,22.9,5.52,Clay,29.3,Yes,No,Local,2.16
Jigawa,Rice,1.7,333.2,30.5,7.85,Clay,145.6,Yes,No,Local,2.85
Adamawa,Rice,8.3,1164.4,26.6,6.86,Clay,63,Yes,No,Local,2.88
Osun,Yam,1.29,2108.5,26.8,5.17,Loamy,91.6,Yes,No,Improved,10.16
Gombe,Maize,0.58,686.7,34.2,7.11,Sandy,74.5,No,Yes,Improved,2.83
Kebbi,Yam,0.77,695.4,29.6,6.41,Sandy,107.9,No,Yes,Local,8.01
Kogi,Cassava,0.41,1061.2,28.5,5.89,Sandy,61.9,Yes,No,Local,4.09
Sokoto,Cassava,2.32,631.7,33.2,5.9,Sandy,116,No,Yes,Local,8.49
Kogi,Sorghum,2.26,1018.7,27.7,5.58,Loamy,85.2,Yes,No,Local,1.37
Ebonyi,Yam,2.3,1873.9,26.6,5.22,Sandy,64.5,Yes,No,Local,6.57
Adamawa,Sorghum,1.68,1362.9,28.3,6.28,Sandy,60.9,No,No,Improved,1.88
Kebbi,Rice,1.22,704.6,28.2,7.5,Loamy,96.8,Yes,No,Improved,3.57
Gombe,Yam,4.51,906.9,31.3,5.09,Sandy,64.7,Yes,No,Local,6.42
Ebonyi,Maize,1.77,1579.2,25.9,5.83,Clay,83,No,Yes,Local,2.02
Katsina,Rice,1.98,398.4,29.6,5.52,Loamy,14.7,Yes,No,Local,2.61
Cross River,Yam,2.83,2097.1,22.6,6.08,Sandy,112.4,No,No,Local,8.73
Kebbi,Maize,1.69,607,31.4,7.69,Clay,139.9,No,No,Local,1.73
Sokoto,Sorghum,0.41,457.7,36.1,6.48,Loamy,61.4,No,No,Local,1.32
Gombe,Sorghum,1.79,916.4,31.1,7.34,Sandy,30.9,Yes,No,Local,1.45
Ekiti,Yam,0.89,2267.8,26.1,6.29,Loamy,46.2,No,Yes,Improved,12.23
Katsina,Rice,0.57,356.4,29.2,6.45,Sandy,87.5,Yes,No,Local,3.49
Niger,Cassava,0.8,1385.8,30.9,6.14,Clay,89.4,No,No,Local,8.45
Nasarawa,Sorghum,0.34,1134.9,31.2,6.57,Loamy,153,No,Yes,Local,1.01
Kwara,Rice,1.57,1005.1,30.7,5.81,Loamy,102.1,No,Yes,Improved,1.5
Lagos,Maize,4.61,1755.1,26.7,6.32,Clay,123.1,No,No,Local,1.72
Gombe,Cassava,0.86,665.7,32.9,5.85,Clay,92,No,No,Local,7.86
Borno,Yam,0.64,660.5,35.7,5.8,Sandy,60.1,Yes,No,Improved,9.92
Ekiti,Sorghum,0.39,1915.7,22.8,6.14,Clay,30.5,Yes,No,Local,0.64
Ekiti,Sorghum,8.7,1646,26.8,6.89,Sandy,41.2,No,No,Local,1.29
Enugu,Maize,3.38,2015.3,24.9,5.91,Loamy,93,Yes,No,Local,1.8
Enugu,Rice,0.65,1775.4,27,6.87,Loamy,54.8,No,No,Improved,3.13
Ekiti,Yam,1.24,2305,26.7,6.29,Clay,47.2,No,Yes,Local,6.5
Akwa Ibom,Rice,2.46,1710.6,23.5,5.66,Clay,130.5,No,No,Local,3.15
Zamfara,Rice,0.46,939.7,29.2,6.45,Clay,80.6,Yes,Yes,Improved,5.22
Kaduna,Maize,0.76,784,34.1,5.32,Sandy,184.3,No,No,Local,1.93
Yobe,Cassava,2.68,613.3,28.2,7.19,Sandy,54.6,Yes,Yes,Local,9.53
Plateau,Cassava,0.5,1459.8,27,6.21,Loamy,120.3,No,No,Improved,12.04
Plateau,Maize,10.11,1303.2,31.1,6.56,Clay,126.5,No,No,Local,2.17
Adamawa,Rice,1.76,1313.8,24.5,7.1,Loamy,101.2,No,Yes,Improved,4.07
Ekiti,Rice,0.7,1854.7,22.5,6.38,Loamy,138.9,Yes,No,Local,2.86
Adamawa,Yam,2.87,1200.5,24.7,6.58,Loamy,134.3,No,No,Local,7.15
Bayelsa,Yam,3.99,2403.2,23.7,5.97,Loamy,9.8,Yes,No,Improved,9.77
Edo,Cassava,0.23,1976.8,28.7,5.87,Clay,151.4,No,No,Local,8.29
Akwa Ibom,Cassava,1.03,1941.3,27.6,5.97,Loamy,134.8,Yes,No,Improved,11.28
Enugu,Maize,0.24,2363.8,22.8,5.84,Sandy,81.4,No,No,Local,0.56
Borno,Cassava,4.23,658.8,28,7.12,Sandy,56.4,No,No,Improved,10.62
Delta,Rice,1,2327.5,24.9,6.09,Loamy,74.1,No,No,Local,3.55
Delta,Rice,7,1813.6,27.1,6.38,Clay,128.9,Yes,No,Local,1.57
Zamfara,Yam,1.04,965.3,33.8,6.72,Loamy,100.5,No,No,Local,7.06
Rivers,Maize,0.52,1994.4,22,5.5,Loamy,69.9,No,No,Improved,2.51
Nasarawa,Cassava,3.9,1388.9,27.9,5.88,Sandy,47.6,No,No,Local,9.53
Edo,Sorghum,2.26,1574.3,22.8,5.98,Loamy,97.2,Yes,No,Improved,1.64
Anambra,Rice,5.11,2465,29.4,7.44,Clay,159,No,Yes,Improved,3.1
Imo,Yam,2.23,1577.2,27.7,5.48,Sandy,147.2,Yes,No,Improved,11.32
Nasarawa,Sorghum,2.52,1159.1,30.3,5.22,Loamy,66.5,No,No,Local,1.15
Oyo,Yam,0.79,2435.5,22.1,6.64,Loamy,71,No,No,Local,5.8
Jigawa,Cassava,1.03,525.3,30.1,7.72,Sandy,56.5,No,No,Improved,11.15
Oyo,Rice,0.4,2002.7,27,7.16,Loamy,168.2,Yes,No,Improved,3.13
Benue,Rice,0.84,1495.2,27.6,5.28,Loamy,75.4,Yes,No,Improved,4.36
Cross River,Rice,0.78,2397.1,25.5,6.06,Loamy,135.7,No,No,Improved,2.09
Zamfara,Cassava,1.09,897.7,30.8,5.92,Loamy,144.3,No,No,Improved,10.12
Gombe,Cassava,0.64,622.6,26.5,5.09,Sandy,52.4,Yes,No,Improved,10.42
Yobe,Cassava,0.64,541.9,28.9,5.9,Sandy,136.7,Yes,No,Improved,11.19
Enugu,Rice,0.68,1973.9,25.5,5.57,Clay,80.4,Yes,No,Local,2.22
Ebonyi,Cassava,0.2,1579.6,23,6.71,Clay,85.4,Yes,No,Improved,5.95
Osun,Sorghum,4.83,1869.3,27.8,5.75,Sandy,110.2,No,No,Local,1.15
Katsina,Rice,1.47,671,32.3,5.44,Sandy,168.3,No,No,Local,2.36
Kwara,Yam,3.92,1038.7,30.4,5.67,Loamy,188.7,No,Yes,Improved,8.32
Zamfara,Sorghum,1.28,934.5,31.7,6.67,Sandy,37.7,No,No,Improved,1.58
Ondo,Sorghum,2.17,2355.2,28.7,5.16,Loamy,46.9,No,No,Local,1.15
Ondo,Yam,2.58,1690.3,29.2,4.58,Clay,119.9,No,No,Improved,8.41
Oyo,Maize,1.26,2339.7,28.8,5.26,Loamy,129.5,No,No,Improved,2.29
Ogun,Rice,2.33,2303.1,23.4,6.96,Clay,67.4,No,No,Local,2.66
Kebbi,Maize,0.62,794.8,33.6,7.21,Clay,146,No,No,Improved,2.57
Kwara,Maize,6.29,1435,25.3,6.23,Clay,126.7,Yes,No,Improved,2.86
Kwara,Yam,0.91,1354.5,31.8,5.69,Loamy,136.3,No,No,Local,6.86
Zamfara,Cassava,5.17,617.4,29.9,5.44,Clay,113.1,No,No,Improved,10.43
Borno,Sorghum,0.58,414.1,31,5.81,Sandy,10.8,Yes,No,Local,1.26
Gombe,Cassava,0.39,883,30.9,6.02,Sandy,60.8,No,No,Local,7.44
Niger,Yam,2.83,1008.1,28.2,6.52,Loamy,100,No,No,Local,8.07
Gombe,Maize,6.18,682.4,27.3,6.55,Clay,96.9,No,No,Local,1.89
Anambra,Sorghum,4.66,1853.5,27.3,5.89,Loamy,75.7,No,No,Improved,1.58
Kano,Cassava,1.59,961.9,30.9,5.71,Sandy,84.8,No,Yes,Improved,10.49
Katsina,Sorghum,2.47,477.2,30.4,5.99,Sandy,48.4,Yes,No,Local,1.64
Lagos,Yam,2.18,1852.4,23.9,6.25,Clay,47.3,No,No,Improved,8.78
Jigawa,Yam,2.07,625.6,35.7,6.28,Sandy,96.4,No,No,Local,6.28
Ekiti,Maize,2.47,2106.2,27.5,5.17,Loamy,151.2,No,No,Improved,2.71
Edo,Rice,1.86,1923.3,24.2,5.63,Clay,83.6,No,No,Local,2.56
Jigawa,Sorghum,0.44,578.9,37.7,5.84,Sandy,92.4,No,No,Local,1.38
Taraba,Cassava,0.7,1301.9,25.9,5.77,Loamy,94.4,No,No,Local,9.25
Bayelsa,Sorghum,0.86,2420.8,25.2,6.08,Clay,65.2,No,No,Local,1.05
Lagos,Rice,7.96,1634.6,25.6,7.12,Sandy,143,Yes,No,Local,3.09
Enugu,Cassava,0.7,1737.4,28.9,5.56,Clay,134.3,Yes,No,Local,9.49
Bayelsa,Yam,2.08,2093,26.6,5.09,Clay,125,No,No,Local,7
Anambra,Maize,3.99,2288.7,29.5,5.53,Clay,194.9,Yes,No,Local,1.75
Kano,Maize,2.77,862,28.6,4.63,Sandy,207,No,No,Improved,2.08
Niger,Maize,5.52,1008.1,25.2,6.92,Loamy,68.6,No,Yes,Improved,2.76
FCT,Rice,7.01,1467.4,25.5,5.78,Loamy,82.7,Yes,No,Local,3.49
Kwara,Rice,0.39,1022.5,27,6.74,Loamy,121.2,No,No,Improved,3.68
Edo,Cassava,2.77,2427.9,27.9,6.71,Clay,125.4,No,No,Local,6.01
Ekiti,Rice,0.68,2460.3,23,6.03,Sandy,115.3,No,No,Improved,3.37
Delta,Rice,3.81,2186.7,25.5,5.35,Clay,129.3,Yes,No,Local,2.79
Abia,Rice,7.22,1638.2,26.4,6.76,Loamy,50.3,No,No,Local,2.43
Gombe,Rice,1.12,607.4,28.9,5.96,Loamy,70.3,No,No,Improved,2.95
Kwara,Cassava,0.2,1338.1,28.1,5.69,Clay,73.2,No,No,Local,8.83
Katsina,Sorghum,0.61,340.1,33.8,6.52,Sandy,78.9,Yes,No,Local,1.68
Ondo,Sorghum,3.24,2292.3,23.8,5.69,Clay,58.5,No,No,Local,1.15
Rivers,Yam,0.89,1984.7,23.9,5.94,Clay,85.2,Yes,No,Local,9.92
Kaduna,Cassava,0.34,766.7,26.1,5.04,Sandy,139.3,No,Yes,Improved,9.65
Katsina,Maize,2.22,394.7,36.3,5.23,Loamy,242.4,No,Yes,Improved,2.03
Zamfara,Cassava,1.56,884,26.7,5.67,Loamy,167.6,No,No,Local,8.38
Delta,Maize,3.87,2361.2,26.3,5.51,Clay,92.5,No,No,Local,0.77
Akwa Ibom,Maize,1.37,2314.6,23.5,5.25,Loamy,76.2,No,No,Improved,2.18
Taraba,Rice,0.49,1359.6,31.7,5.36,Loamy,78.2,No,No,Improved,3.76
Osun,Maize,0.4,2257.1,29.8,5.66,Clay,177.5,No,No,Local,1.9
Bauchi,Yam,0.33,822.9,30.4,6.05,Sandy,30.4,No,No,Improved,8.84
Ekiti,Maize,0.98,2286.7,29.9,6.51,Sandy,128.1,No,No,Local,1.8
Rivers,Sorghum,0.58,2239.6,26.8,5.61,Loamy,47.6,No,Yes,Improved,1.98
Osun,Rice,0.32,1777.2,26.7,7.1,Sandy,153.8,Yes,No,Local,2.72
Sokoto,Yam,0.51,376,37.7,7.41,Sandy,67.2,Yes,Yes,Improved,8.4
Oyo,Maize,5.71,1649.8,24.6,5.16,Loamy,112.2,Yes,No,Local,1.93
Delta,Rice,3.11,1958.5,26.1,6.27,Clay,172.9,Yes,No,Local,2.86
Ebonyi,Yam,0.49,2241.8,27.3,6.1,Loamy,125.3,No,No,Improved,11.4
Edo,Rice,5.81,1905.1,29.7,6.91,Loamy,71,Yes,No,Local,2.55
Abia,Rice,1.64,2252,23.7,5.82,Sandy,87.6,No,No,Improved,3.61
Kogi,Rice,2.75,1118,28.5,5.66,Sandy,123.8,No,No,Improved,3.46
Edo,Rice,1.11,1618.1,23.7,5.2,Loamy,108.8,No,No,Local,2.8
Bayelsa,Sorghum,1.23,2450.6,25.7,7.01,Loamy,87.1,No,No,Local,1.21
Kogi,Sorghum,1.62,1440,28.3,6.54,Loamy,26.3,No,No,Improved,1.42
Jigawa,Rice,0.65,543.2,34.4,6.49,Sandy,147.1,Yes,No,Improved,2.96
Ebonyi,Sorghum,0.26,2325.1,23.1,5.9,Clay,4.3,Yes,No,Improved,1.23
Oyo,Sorghum,3.04,1871.1,26,5.69,Loamy,143,No,No,Local,0.86
Rivers,Maize,0.42,1860.1,29.7,5.92,Clay,133,No,No,Improved,2.8
Edo,Sorghum,0.51,1947.1,23.1,6.96,Loamy,10.3,Yes,No,Local,1.24
Kogi,Rice,0.98,1207.9,29.4,5.65,Clay,106,Yes,No,Improved,3.57
Taraba,Cassava,1.49,1104.4,24.6,5.44,Clay,69.1,No,No,Local,10.07
Adamawa,Maize,2.19,1488.1,30,5.93,Clay,89.7,Yes,No,Improved,2.63
Enugu,Cassava,1.03,1878.5,28.3,6.14,Clay,97.8,No,No,Local,9.51
Kebbi,Cassava,2.14,689.4,32.3,5.73,Sandy,119.9,Yes,No,Improved,10.75
Imo,Sorghum,0.54,1913.3,26.9,5.98,Clay,38,Yes,No,Local,1.5
Cross River,Yam,0.28,2114.5,25.7,5.22,Loamy,171,No,Yes,Improved,10.15
Sokoto,Cassava,7.17,333.1,28.8,5.83,Clay,154.7,Yes,No,Improved,8.62
Benue,Yam,5.91,1046.1,26.9,5.53,Sandy,101.9,Yes,No,Improved,4.69
Delta,Rice,1.26,2158.9,28.4,5.9,Clay,108.6,No,No,Local,3.09
Anambra,Maize,1.31,2427,28.2,5.58,Clay,109.6,Yes,No,Improved,2.75
Lagos,Maize,1.08,1655.8,28,6.52,Clay,124.4,No,No,Local,1.44
Kano,Rice,0.86,884.8,32.7,5.71,Sandy,137.8,Yes,No,Improved,4.13
Osun,Yam,1.19,1627.8,23.7,5.85,Loamy,71,Yes,No,Local,7.31
Cross River,Cassava,1.68,2228.9,27.1,5.39,Loamy,49.1,Yes,No,Local,9.25
Lagos,Rice,1.49,2145.2,22.4,5.2,Loamy,108.5,No,No,Local,2.52
Delta,Yam,1.96,1606.4,22.7,5.48,Sandy,97.4,Yes,No,Improved,11.77
Bayelsa,Yam,0.92,2380.2,25.4,5.93,Clay,79.3,No,Yes,Local,8.92
Benue,Maize,0.8,1212.5,30,5.85,Loamy,115.3,No,Yes,Local,2.52
Ebonyi,Maize,2.27,1909.4,24.9,5.88,Clay,122.9,No,Yes,Improved,2.16
Abia,Sorghum,0.41,1600.9,23.2,4.96,Loamy,59.4,No,No,Local,1.08
Nasarawa,Sorghum,6.56,1341.6,25.7,5.35,Loamy,2.8,Yes,No,Improved,1.55
Lagos,Yam,0.72,2331.1,23.9,6.2,Clay,155.5,No,No,Improved,7.86
Anambra,Yam,0.81,2006.6,25.3,7.45,Clay,93.2,Yes,No,Improved,10.1
Osun,Cassava,0.31,1739.7,25.4,5.27,Clay,100.5,Yes,No,Improved,12.57
Oyo,Yam,6.16,2094.3,29.8,4.96,Loamy,83.3,Yes,No,Local,6.09
Kaduna,Maize,1.17,658.2,31.4,6.03,Sandy,182.9,No,No,Local,2.1
Nasarawa,Sorghum,0.62,1287.1,24,6.19,Sandy,59.7,No,No,Improved,1.3
Rivers,Sorghum,2.41,1800.4,29.5,4.58,Clay,20.9,No,No,Local,0.86
Ekiti,Maize,1.42,2495.8,26,6.03,Loamy,131.1,No,No,Local,1.94
Kebbi,Rice,2.53,654.4,34.9,6.01,Loamy,166.5,Yes,No,Improved,3.43
Imo,Sorghum,2.67,2362.6,24.2,6.9,Loamy,55,Yes,Yes,Improved,1.82
Gombe,Sorghum,1.97,660.4,26.2,5.73,Sandy,30,No,No,Improved,1.7
Katsina,Sorghum,0.67,462.5,35.9,5.69,Sandy,75.9,Yes,No,Local,1.4
Benue,Maize,10.24,1198.2,24.5,7.35,Loamy,77.6,Yes,No,Local,2.02
Kaduna,Rice,4.32,833.4,33.8,6.64,Sandy,136.8,No,No,Improved,3.25
Ogun,Maize,0.53,2255.9,25.6,7.35,Clay,176.8,No,No,Improved,1.84
Zamfara,Rice,0.2,880.3,31,7.11,Loamy,132.7,No,No,Improved,2.91
Taraba,Sorghum,0.35,1245.2,27.4,6.52,Clay,0,No,No,Improved,1.17
Kwara,Sorghum,2.76,1492.9,28.9,7.72,Clay,11.4,No,No,Local,0.95
Akwa Ibom,Yam,2.16,2008.1,22.9,7.49,Clay,78.5,No,No,Improved,4.49
Gombe,Yam,0.89,976.9,32.4,7.14,Sandy,134.9,Yes,Yes,Improved,12.95
Ekiti,Yam,0.67,2005.4,27.2,6.08,Clay,181.4,No,No,Local,5.86
Kwara,Sorghum,0.77,1452.7,30.5,6.2,Loamy,0,No,Yes,Local,1.37
Ebonyi,Yam,2.81,2482.5,24.4,5.94,Clay,114.1,No,Yes,Improved,10.49
Zamfara,Rice,0.91,677.2,33.9,5.2,Clay,64,No,No,Improved,3.15
Anambra,Maize,1.03,2036.3,25.9,5.73,Clay,162.7,No,No,Local,2.07
Kano,Rice,0.55,790.5,30.1,6.15,Loamy,96,No,No,Improved,3.13
Anambra,Rice,0.7,2326.1,25.8,6.13,Sandy,102.2,Yes,No,Improved,3.81
Ogun,Rice,2.89,2474.9,23.1,5.97,Clay,215.3,No,No,Improved,3.28
Kogi,Rice,2.11,1319.9,31.5,6.17,Loamy,174.9,Yes,No,Improved,3.42
Imo,Yam,0.47,1628.3,29.2,6.22,Loamy,115.5,Yes,No,Local,9.82
Yobe,Sorghum,0.79,392.3,35.7,5.73,Loamy,30.7,No,No,Improved,1.75
Enugu,Rice,0.85,2029.1,27,6.84,Loamy,125,Yes,No,Local,2.72
Osun,Rice,1.5,2000.9,24.8,7.19,Clay,27.6,No,No,Local,2.55
Gombe,Yam,2.67,681.2,34.2,4.78,Sandy,55.8,Yes,No,Local,7.5
Abia,Cassava,0.71,1924.7,25.9,6.18,Clay,118,No,No,Local,9.06
Ebonyi,Yam,6.02,1971.8,28.9,6.35,Sandy,133.2,No,No,Improved,12.27
Rivers,Yam,0.96,1645.4,23.5,6.82,Clay,111.3,No,No,Local,7.57
Sokoto,Cassava,0.3,342.5,29.9,5.24,Loamy,24.3,Yes,Yes,Local,10.33
Imo,Rice,2.55,2353.3,25.3,6.73,Sandy,74.8,No,No,Improved,3.62
Gombe,Rice,0.49,675.4,28.3,6.04,Clay,63.6,Yes,No,Local,2.67
Edo,Cassava,0.46,1856.2,24.2,5.71,Clay,58.2,No,No,Improved,11.64
Bayelsa,Rice,0.45,1704.3,25.5,6.65,Loamy,76.2,No,No,Improved,3.5
Kogi,Rice,0.2,1105.6,26.1,6.01,Sandy,61.7,Yes,No,Local,2.57
Akwa Ibom,Sorghum,0.8,2079.8,29.6,6.42,Clay,109.7,Yes,Yes,Local,1.51
Katsina,Sorghum,2.39,356.1,34.9,4.94,Sandy,43.6,No,Yes,Local,1.36
Cross River,Sorghum,2.54,1582.9,24,6.47,Loamy,84.5,Yes,No,Local,1.26
Edo,Cassava,0.22,2252.7,25.8,6.6,Clay,177.2,No,No,Local,8.74
Kano,Yam,0.5,874.9,30.9,4.69,Loamy,77.9,Yes,Yes,Local,7.49
Bayelsa,Cassava,0.93,2408.1,24.2,5.35,Clay,86.1,No,Yes,Improved,3.53
Imo,Cassava,0.73,1878.9,24,6.16,Loamy,128,No,No,Improved,11.46
Abia,Cassava,1.53,2291.6,30,5.71,Loamy,20.7,No,Yes,Improved,10.04
Edo,Yam,1.17,1529.5,29.4,6.15,Clay,83.1,Yes,Yes,Improved,13.84
Lagos,Maize,0.56,1794.3,28.4,6.32,Loamy,161.5,No,Yes,Local,2.41
Cross River,Maize,2.37,2219.2,28.2,5.07,Clay,181.3,No,No,Improved,2.72
Anambra,Yam,2.42,2452.3,22.4,4.77,Sandy,90.8,No,No,Local,7.64
Lagos,Rice,4.36,2347.8,29.1,5.54,Clay,101.5,No,No,Local,2.95
Benue,Cassava,1.12,1450.8,27.9,6.44,Loamy,78.3,No,No,Local,10.02
Benue,Sorghum,3.49,1002.4,24.2,5.68,Loamy,96.3,Yes,No,Improved,1.48
Bayelsa,Maize,0.2,1647.4,26.6,5.81,Loamy,139.1,Yes,Yes,Local,2.59
Adamawa,Cassava,7.08,1069.4,24.5,5.32,Loamy,79.5,No,No,Improved,9.41
Cross River,Sorghum,1.48,1995.9,25.9,4.66,Loamy,37.1,Yes,No,Local,1.2
Ogun,Yam,4.38,2408.1,27,5.07,Clay,68.6,Yes,Yes,Improved,12.61
Bayelsa,Rice,2.09,1929.2,24.2,5.64,Clay,98.4,Yes,No,Improved,3.75
Bauchi,Cassava,0.44,834.5,32.2,5.64,Loamy,75.8,Yes,No,Improved,12.22
Kano,Cassava,2.06,977.8,29.2,6.23,Loamy,119,Yes,Yes,Improved,13.1
Taraba,Sorghum,1.93,1212.8,26.3,6,Loamy,0,No,No,Improved,1.11
Bauchi,Maize,1.37,843.8,30.8,5.89,Loamy,90,No,No,Local,1.53
Plateau,Yam,0.99,1446.9,28.2,7.44,Sandy,114.1,No,No,Local,6.37
Bayelsa,Yam,0.56,1889.8,28.8,5.74,Loamy,127.9,Yes,No,Improved,8.39
FCT,Sorghum,1.41,1464.9,27.8,5.81,Sandy,16,Yes,No,Local,1.28
FCT,Yam,1.19,1436.4,30.3,4.94,Sandy,81.6,No,Yes,Local,9.44
Yobe,Maize,13.19,440.4,31.4,5.76,Sandy,55.9,No,No,Local,1.98
Kogi,Cassava,1.14,1198.3,30.3,5.15,Loamy,66.8,No,No,Local,8.73
Kogi,Sorghum,2.12,1149.2,28.7,5.02,Clay,113.3,No,No,Local,1.19
Jigawa,Rice,15,427.6,29.5,5.97,Sandy,138,Yes,Yes,Improved,3.76
Ondo,Yam,5.44,1555.6,25.7,4.63,Loamy,36.5,Yes,No,Improved,10.49
Abia,Rice,0.81,1862.6,25.1,6.13,Clay,124,No,No,Local,2.78
Plateau,Sorghum,1.1,1154.2,26.1,6.31,Clay,63.5,Yes,No,Improved,1.85
Enugu,Sorghum,0.79,2266.8,24.9,6.05,Loamy,91.7,No,No,Local,1.17
Jigawa,Rice,2.07,348.3,37.7,5.88,Sandy,65.5,Yes,Yes,Local,3.46
Niger,Maize,2.15,1030.2,28.3,6.46,Clay,78.9,Yes,No,Local,2.38
Yobe,Sorghum,4.35,395.4,36.7,5.95,Loamy,113.8,No,No,Local,1.06
Anambra,Cassava,0.58,2274.3,29.2,6.06,Loamy,83.5,No,No,Local,7.96
Ekiti,Rice,0.68,1733.7,27.8,5.31,Loamy,115.4,No,No,Local,3.32
Zamfara,Yam,0.41,865.6,31.2,5.8,Sandy,102,Yes,No,Local,8.67
Plateau,Cassava,0.77,1210.4,27.8,5.03,Sandy,100.1,No,No,Local,8.17
Yobe,Rice,0.51,512,30.1,5.75,Sandy,140.6,No,No,Local,3.01
Nasarawa,Maize,0.88,1058.2,26.9,5.26,Clay,79.9,No,No,Local,1.84
Lagos,Cassava,2.23,1750.4,25.4,5.97,Clay,99.6,Yes,No,Improved,10.66
Ogun,Rice,3.86,1961.8,26.4,5.19,Loamy,149.2,No,No,Local,2.89
Osun,Yam,0.85,2416.5,28.9,5.7,Clay,145.1,No,No,Local,7
Cross River,Rice,0.2,2151,24.6,5.27,Loamy,117.6,Yes,No,Improved,3.33
Taraba,Rice,0.67,1230.3,29.1,6.05,Sandy,102.4,No,Yes,Improved,4.12
Borno,Sorghum,0.73,388.4,35.2,4.96,Sandy,72.4,No,No,Improved,1.38
Bayelsa,Cassava,3.1,1683,22.7,6.39,Loamy,82.6,No,No,Improved,10.65
Kebbi,Maize,3.24,642.6,31.9,5,Sandy,51,Yes,No,Improved,2.16
Delta,Maize,3.57,1868.8,22.5,5.53,Clay,196.5,Yes,No,Local,1.81
Rivers,Cassava,1.71,1541.1,24.4,6.07,Sandy,160.7,No,No,Improved,3.83
Yobe,Yam,1.53,520.4,29.6,6.86,Sandy,66.7,No,No,Local,6.31
Adamawa,Yam,1.45,1210.6,29.6,5.95,Sandy,84,Yes,No,Local,6.68
Anambra,Rice,4.78,1523.1,22.9,6.26,Loamy,71.8,Yes,No,Local,1.75
Sokoto,Cassava,2.54,519.4,30.9,6.76,Sandy,116.6,Yes,Yes,Improved,11.34
Nasarawa,Yam,2.31,1395.3,29.6,5.29,Clay,77.3,No,No,Improved,8.17
Kaduna,Sorghum,1.97,736.3,34.9,6.14,Loamy,18.2,No,No,Local,1.26
Ebonyi,Maize,9.42,2119.1,28.5,5.79,Loamy,80.6,No,No,Improved,2.18
Bayelsa,Yam,1.47,1980.4,22.8,5.41,Loamy,134.8,No,Yes,Local,5.84
Ekiti,Yam,1.21,2339.8,23.1,6.55,Loamy,145.3,No,No,Improved,10.98
Ondo,Rice,1.97,1536,28,5.87,Clay,105.6,Yes,Yes,Improved,4.75
Benue,Maize,1.39,1257.8,28.4,4.8,Loamy,156.6,No,Yes,Local,2.4
Akwa Ibom,Sorghum,1.17,2222.6,29.2,6,Loamy,4.5,No,Yes,Improved,1.69
Bauchi,Maize,1.95,659.9,26.1,5.98,Clay,167.6,No,No,Local,1.87
Benue,Cassava,14.11,1004.7,28,6.44,Clay,48,No,No,Improved,10.5
Anambra,Maize,4.88,2001.7,24.3,5.65,Loamy,128.1,No,No,Improved,2.48
Kwara,Maize,0.55,1498.4,27.2,6.88,Sandy,165.6,Yes,Yes,Improved,2.9
Lagos,Sorghum,2.01,1760.4,28.9,4.77,Clay,67.7,No,No,Improved,1.28
Kano,Rice,1.32,959.4,32.6,6.82,Sandy,146,No,No,Improved,2.91
Osun,Yam,4.93,2165.7,23.8,5.75,Clay,137.5,No,No,Local,7.38
Taraba,Sorghum,6.28,1466.6,25.8,5.99,Loamy,89.6,No,No,Local,1.32
Ogun,Rice,0.89,2084.6,25.5,6.99,Loamy,92.2,Yes,No,Improved,2.9
Imo,Maize,0.39,2123.3,23.4,5.62,Loamy,164.6,Yes,No,Improved,2.33
Lagos,Rice,2.87,1501.9,25,6.9,Clay,83,No,No,Local,2.49
Katsina,Rice,0.72,543.9,31.7,6.94,Loamy,112.9,No,No,Local,2.32
Oyo,Yam,2.82,1885.3,26.5,5.54,Sandy,153.6,No,No,Improved,8.77
Adamawa,Cassava,0.85,1089.8,29.6,5.55,Clay,148.4,No,No,Local,4.25
Delta,Maize,6.63,2099.1,29.9,7.17,Clay,66.1,Yes,No,Local,1.99
Adamawa,Maize,0.38,1180,25.6,5.42,Clay,85.4,Yes,No,Local,1.23
Delta,Sorghum,1.15,2396.4,23.2,5.66,Loamy,73.3,No,No,Local,1.12
Ebonyi,Sorghum,7.31,2114.7,26.4,6.79,Clay,85.1,No,No,Improved,1.71
Nasarawa,Yam,3.38,1029.2,26.1,5.42,Clay,76.7,Yes,Yes,Improved,12.58
FCT,Yam,0.42,1195.2,25.6,6.58,Loamy,45.3,Yes,Yes,Improved,12.92
Gombe,Cassava,5.53,810.5,29.6,6.39,Sandy,68.3,Yes,No,Improved,10.2
Lagos,Sorghum,1.23,2398.5,24.1,5.02,Clay,121.4,Yes,Yes,Improved,1.58
Bauchi,Cassava,0.2,987.5,27.8,6,Sandy,25.9,Yes,No,Improved,12.02
Abia,Rice,3.12,2409.1,25.5,6.73,Loamy,65.2,Yes,No,Local,3.46
Ekiti,Sorghum,0.26,1520.5,23.5,6.51,Loamy,14.7,Yes,No,Local,1.08
Bayelsa,Maize,0.23,1718.8,23,5.16,Loamy,65.2,No,No,Improved,2.13
Kebbi,Maize,0.2,803.1,30.9,6.47,Clay,91.3,No,No,Local,2.02
Bayelsa,Maize,6.85,1933.9,29.7,5.32,Loamy,144,No,Yes,Local,2.17
Plateau,Cassava,4.38,1183.7,26.6,6.13,Clay,170.9,No,No,Local,7.57
Taraba,Rice,1.92,1388.3,28,7.9,Loamy,100,No,Yes,Local,2.96
Nasarawa,Yam,2.56,1072.7,29.1,6.22,Loamy,125.8,Yes,No,Improved,10.8
Akwa Ibom,Sorghum,4.1,1736.2,28.9,5.85,Sandy,1.5,No,No,Improved,1.35
Anambra,Cassava,3.45,1709,23.5,6.12,Sandy,40.8,No,No,Local,8.75
Kwara,Maize,1.19,1078.6,31.4,5.3,Loamy,146.4,Yes,Yes,Local,2.26
FCT,Yam,1.29,1081.8,25.7,5.96,Loamy,147.2,No,No,Improved,9.05
Imo,Cassava,0.55,1728.9,26.4,6.19,Clay,120.6,No,No,Improved,12.06
Abia,Cassava,1.86,2475.6,29.1,5.57,Clay,90.2,No,No,Local,7.91
Katsina,Yam,0.36,607.1,37.8,6.47,Sandy,122.6,No,Yes,Local,9.94
Borno,Yam,1.16,487.6,29.6,5.99,Loamy,51.7,No,Yes,Local,6.99
Kano,Yam,1.02,810.5,28.6,5.59,Sandy,89.4,No,No,Improved,7.37
Yobe,Rice,0.86,341,35.2,5.45,Loamy,141.9,No,No,Local,2.76
Nasarawa,Sorghum,1.84,1224.9,28.4,6,Loamy,84.1,No,No,Local,1.37
Katsina,Yam,1.94,515.5,32.2,7.39,Clay,90.7,Yes,No,Local,4.76
Bayelsa,Rice,1.83,2339.4,29.5,5.38,Clay,137.3,Yes,No,Local,3.02
Abia,Rice,1,1637.3,26.9,5.76,Loamy,199.3,No,No,Local,2.71
Borno,Yam,2.9,657.2,31,4.51,Sandy,103,No,No,Improved,6.92
Bayelsa,Cassava,1.41,2124.2,24.9,6.39,Loamy,100.6,No,No,Improved,9.99
Nasarawa,Cassava,2.52,1496.5,25.5,6.02,Clay,86.6,No,No,Local,8.61
Yobe,Cassava,1.28,662.8,29.1,6.4,Loamy,103.6,Yes,No,Local,6.57
Nasarawa,Maize,0.22,1465.1,25.3,5.49,Clay,138.8,No,No,Improved,2.19
Kogi,Cassava,1.01,1119.2,26.9,6.35,Clay,130.9,No,No,Local,9.4
Ebonyi,Rice,0.72,2333.4,29.4,6.67,Sandy,153.6,Yes,Yes,Improved,3.96
FCT,Rice,2.9,1312.1,26.4,5.8,Clay,136.9,No,No,Local,2.86
Edo,Yam,0.32,2089.3,26,6.29,Loamy,106.7,No,No,Local,7.99
Abia,Yam,2.15,2025.9,27.3,6.66,Clay,133.9,No,No,Improved,7.87
Imo,Rice,0.56,2423.5,26,6.78,Loamy,119.3,No,Yes,Local,2.83
Benue,Rice,1.35,1183.6,30.1,5.48,Clay,139.5,No,No,Improved,2.8
Gombe,Cassava,1.27,673.5,26.1,4.79,Sandy,85.4,No,No,Improved,12.81
Ogun,Rice,3.44,1520.2,25.9,5.94,Clay,125.6,No,No,Improved,3.49
Bayelsa,Maize,1.9,1742.4,29.6,7.37,Loamy,64.5,No,No,Improved,2.08
Rivers,Rice,1.52,1856.4,27.2,5.93,Clay,155.7,Yes,No,Improved,3.83
Cross River,Yam,0.32,1736.2,24.5,5.84,Loamy,152.1,Yes,No,Improved,8.27
Delta,Rice,3.7,1714,27.4,5.8,Loamy,57.9,No,No,Local,3.02
Imo,Sorghum,0.94,2463.9,23.1,7.53,Loamy,34.3,No,No,Improved,1.4
Anambra,Maize,7.22,1722.6,28.4,5.37,Clay,203.4,No,No,Local,1.76
Taraba,Rice,1.69,1239.1,24.3,5.62,Loamy,57.7,No,No,Local,2.24
Abia,Sorghum,0.81,2033.5,25.2,6.39,Sandy,70,Yes,Yes,Local,1.69
Plateau,Cassava,0.3,1234.8,24.6,5.73,Clay,70,No,Yes,Improved,12.48
Kwara,Cassava,1.67,1398,28.7,6.81,Loamy,83.2,No,No,Improved,9.17
Anambra,Sorghum,0.42,2365.6,29.2,5.95,Sandy,76.8,No,No,Local,1.19
Ekiti,Cassava,1.13,2182.8,28.1,6.12,Loamy,83.7,Yes,No,Local,11.04
Borno,Maize,2.07,688.9,31.2,6.73,Sandy,130.1,No,No,Improved,2.48
Akwa Ibom,Rice,3.27,1609.6,27.1,5.88,Loamy,57.2,Yes,No,Local,3.68
Sokoto,Sorghum,3.54,321.4,37.8,5.24,Sandy,86.5,Yes,Yes,Local,1.53
Benue,Yam,3.38,1091.2,25,6.08,Loamy,20.9,No,No,Local,8.48
Edo,Maize,8.7,1809,26.9,5.22,Loamy,123.3,No,No,Local,1.29
Benue,Cassava,1.19,1044.4,25.7,6.48,Sandy,128.4,No,No,Improved,4.24
Nasarawa,Maize,2.84,1432.8,31.3,5.69,Loamy,106.4,Yes,No,Local,2.59
Akwa Ibom,Cassava,2.19,2325.1,28.8,5.91,Loamy,71.6,No,No,Local,8.19
Kano,Sorghum,0.27,849.2,31.6,5.57,Loamy,72.8,Yes,No,Improved,2.03
Enugu,Maize,0.85,1915.6,25,5.34,Loamy,163.3,No,No,Local,1.58
Oyo,Sorghum,0.44,1613.1,28.5,7.53,Clay,55.2,Yes,Yes,Local,1.81
Zamfara,Yam,1.6,853.8,30,5.58,Loamy,122.6,Yes,No,Local,7.52
Niger,Rice,0.39,1187.9,26.3,6.15,Clay,127,No,No,Local,3.39
Kogi,Maize,1.12,1118.1,28.7,7,Clay,119,Yes,Yes,Improved,1.49
Kaduna,Yam,10.63,790,27.5,6.72,Sandy,101.7,No,No,Local,7.33
Oyo,Yam,0.31,2382.2,23,5.94,Loamy,86.4,No,No,Improved,8.33
Borno,Yam,1.72,452.8,33.3,6.12,Sandy,53.8,No,No,Improved,7.87
Enugu,Sorghum,2.01,1594.3,23.2,7,Loamy,8.4,Yes,No,Local,0.92
Bauchi,Cassava,1.1,663.5,29.9,6.28,Loamy,121.6,No,Yes,Local,8.57
Sokoto,Sorghum,0.6,616.8,36.1,5.67,Clay,95.5,No,No,Improved,1.35
Plateau,Maize,1.19,1055.9,26.8,5.61,Sandy,102.5,Yes,No,Improved,2.75
Kwara,Yam,0.25,1427.2,24.8,5.67,Clay,117.8,No,No,Local,8.7
Katsina,Sorghum,3.51,431.9,36,4.83,Clay,7.8,Yes,Yes,Improved,1.52
Gombe,Yam,1.36,839.2,30.2,5.9,Sandy,117.3,No,No,Improved,11.28
Bayelsa,Cassava,3.78,1715,29.2,5.52,Loamy,93.7,No,No,Local,8.09
Bayelsa,Sorghum,1.64,1800.3,23.8,5.42,Sandy,53.4,No,No,Local,1.14
Edo,Rice,2.53,1923.1,26.4,6.55,Sandy,60.3,Yes,No,Local,3.09
Oyo,Rice,0.29,2318.3,26.1,5.1,Sandy,116,No,No,Improved,3.49
Benue,Sorghum,0.84,1206.7,31.5,6.85,Loamy,27.3,No,Yes,Local,1.26
Delta,Maize,1.28,1844.6,24.7,5.44,Clay,103.6,No,No,Improved,2.55
Niger,Yam,0.66,1171.8,30.7,5.33,Loamy,48.5,No,No,Improved,8.32
Abia,Cassava,1.86,2099.3,29.7,7.01,Loamy,32.4,Yes,No,Improved,11.55
Benue,Sorghum,1.55,1042.9,27.6,5.66,Sandy,90.1,No,No,Improved,1.71
Ogun,Yam,0.48,1965,26.9,7.12,Loamy,153,No,No,Local,4.41
Lagos,Maize,0.72,1894.7,24.5,5.47,Clay,82.5,Yes,No,Improved,2.72
Abia,Yam,1.91,2303.5,25.2,6.93,Loamy,108.6,No,No,Improved,8.01
Imo,Sorghum,1.01,1758.1,24,5.33,Clay,101.5,No,No,Local,1.1
Plateau,Maize,2.04,1200.6,26.8,5.21,Clay,137.8,No,Yes,Local,2.14
Adamawa,Cassava,2.53,1135.2,25.2,5.9,Loamy,111.3,No,Yes,Improved,11.54
Niger,Sorghum,1.94,1331.4,26.8,6.36,Loamy,91.9,Yes,No,Local,1.17
FCT,Sorghum,1.17,1184.2,25.2,5.12,Loamy,106.9,No,No,Local,0.99
Enugu,Yam,1.01,2255.1,27.1,6.36,Clay,57.6,Yes,No,Local,9.07
Benue,Rice,0.75,1155.1,24.1,6.49,Clay,85.2,Yes,No,Improved,4.03
Jigawa,Rice,4.62,591.6,30.2,5.95,Sandy,95.1,No,No,Improved,3.22
Kaduna,Sorghum,0.77,619.3,27.2,6.59,Loamy,59,No,No,Local,1.54
Enugu,Maize,2.47,2246.4,22.3,6.73,Clay,153.2,No,Yes,Local,2.27
Edo,Sorghum,0.62,2445.2,26.9,5.8,Clay,97.9,Yes,No,Local,1.31
Ondo,Maize,1.12,2004,23.4,4.55,Sandy,145,Yes,No,Improved,2.08
Kwara,Cassava,1.12,1267.1,30.7,4.31,Loamy,77.6,No,No,Local,7.49
Benue,Rice,0.26,1092.2,24.3,6.39,Sandy,68.9,Yes,Yes,Local,4.18
Anambra,Yam,0.82,2209.1,28.9,5.84,Sandy,126.9,Yes,Yes,Local,9.95
Imo,Maize,0.68,2145.2,22.7,6.46,Sandy,179.3,No,No,Local,1.83
Imo,Sorghum,3.65,1738.1,25.7,5.39,Loamy,67.3,No,Yes,Local,1.33
Rivers,Cassava,2.17,2071.5,23.9,5.57,Loamy,96.7,Yes,No,Improved,10.65
Osun,Rice,2.02,1586.8,24.8,5.77,Sandy,64,Yes,No,Improved,3.2
Kwara,Maize,1.32,1237.9,29.1,6.53,Loamy,167.5,No,Yes,Improved,2.87
Kwara,Maize,1.49,1272.2,25.3,6.22,Loamy,148.6,No,No,Improved,2.57
Delta,Cassava,3.08,2078.5,26,5.72,Clay,93.7,No,No,Local,8.69
Kebbi,Sorghum,1.48,788.8,32.4,6.77,Sandy,6.5,Yes,No,Local,1.38
Nasarawa,Yam,0.25,1194.5,29.7,5.95,Sandy,86.9,Yes,No,Improved,9.95
Taraba,Cassava,1.6,1423,29.9,6.21,Sandy,15.2,Yes,Yes,Improved,10.66
Rivers,Sorghum,0.5,2362.4,27.6,5.76,Clay,98.3,No,No,Improved,0.41
Delta,Maize,1.81,2026.5,23,5.86,Sandy,102.3,No,Yes,Local,2.13
Oyo,Maize,1.1,1505,26,6.42,Sandy,103.7,Yes,No,Local,2.03
Imo,Yam,1.22,2049.7,22.5,5.66,Loamy,83.1,Yes,No,Local,6.39
Ebonyi,Yam,2.53,2191.9,28.8,5.75,Loamy,89.2,Yes,No,Improved,8.6
Abia,Yam,1.06,1739.9,22.7,6.47,Loamy,110.6,Yes,No,Local,9.51
Imo,Cassava,0.83,1869.5,25.8,6.48,Clay,35.7,No,No,Improved,9.82
Edo,Yam,8.3,1952.6,23.8,6.85,Clay,139.5,No,No,Improved,10.03
Benue,Maize,0.48,1439.1,24.1,7.44,Sandy,160.2,No,No,Local,2.19
Ogun,Cassava,3.68,1895.7,25.8,6.53,Loamy,107.2,No,No,Local,9.99
Enugu,Cassava,0.42,2480.5,28.6,5.66,Loamy,0,Yes,No,Local,7.55
Jigawa,Sorghum,1.38,637.6,36.9,5.43,Sandy,73.1,Yes,Yes,Local,1.72
Enugu,Rice,2.16,2418.3,23.1,5.43,Clay,98.8,No,No,Local,2.68
Imo,Sorghum,1.52,2044.8,22.7,6.23,Clay,52.4,No,No,Improved,1.55
Niger,Yam,3.8,1182.3,30.2,7.49,Clay,165.2,Yes,No,Local,5.56
Ondo,Rice,3.74,1567,22.4,5.17,Clay,86.2,No,Yes,Improved,4.23
Anambra,Sorghum,2.39,1697.5,23.2,6.57,Loamy,74.2,Yes,No,Local,1.03
Lagos,Rice,1.42,2088,26.9,6.03,Clay,146,No,No,Improved,3.49
Enugu,Sorghum,1.16,1813.9,23.5,6.71,Loamy,14.2,No,No,Improved,1.41
Rivers,Sorghum,7.51,2229.4,29,4.21,Clay,62.6,Yes,No,Improved,1.68
Edo,Sorghum,0.94,1866.8,29.3,7.08,Clay,75.2,No,No,Local,1.2
Rivers,Maize,1.94,1941.5,28.1,6.44,Loamy,175.1,No,No,Local,2.39
Lagos,Sorghum,1.08,1976.2,27.2,6.29,Clay,52.7,Yes,No,Improved,1.7
Kano,Cassava,0.65,755.9,27.8,5.63,Clay,99,No,No,Improved,10.88
Ekiti,Sorghum,3.2,2406.1,24.9,6.23,Clay,30.5,Yes,Yes,Local,1.4
Enugu,Maize,0.65,2097.5,23.9,6.82,Clay,140.3,No,No,Improved,2.49
Oyo,Cassava,0.49,1784,26.4,6.42,Clay,135.2,No,No,Improved,8.87
Zamfara,Maize,2.46,625.1,30.7,7.32,Sandy,187.4,No,No,Local,2.44
Ekiti,Maize,1.87,2316.4,23.7,5.4,Clay,73.1,Yes,No,Local,1.83
Kebbi,Yam,2.56,602.9,27.4,5.56,Sandy,33,Yes,No,Local,7.69
Gombe,Maize,9.36,793,34,6.19,Sandy,158,No,No,Local,2.12
Kaduna,Yam,0.7,989.7,27.5,6.15,Sandy,160.4,Yes,No,Improved,9.28
Oyo,Maize,2.39,1700.4,25.8,6.99,Loamy,69.4,No,Yes,Local,2.11
Osun,Maize,2.66,1644.2,22.6,5.4,Loamy,198.6,Yes,No,Local,2.02
Delta,Rice,0.68,1782,23.4,5.61,Loamy,104.4,Yes,No,Local,2.71
Lagos,Maize,4.51,2243.5,24.8,5.08,Loamy,63.9,Yes,No,Local,1.91
Anambra,Maize,0.68,1695.9,29.2,6.03,Sandy,136,No,No,Improved,2.77
Bayelsa,Rice,3.68,2428.3,24.4,6.81,Sandy,72.5,No,No,Improved,3.33
Niger,Maize,2.44,1370.7,28.3,6.8,Loamy,87.1,No,No,Local,1.84
Kwara,Cassava,0.37,1336,27.7,6.11,Loamy,148.2,No,No,Local,9.11
Sokoto,Yam,1.48,692,28.1,5.55,Clay,70.4,Yes,Yes,Improved,11.3
Delta,Sorghum,0.45,2022.6,23.9,6.29,Sandy,133.5,No,No,Improved,1.09
FCT,Cassava,0.51,1421,25.6,5.51,Loamy,58.9,No,No,Local,3.49
Bauchi,Rice,1.34,860.2,34.3,5.59,Sandy,125.2,No,No,Local,3.09
Niger,Cassava,1.77,1328.4,30.5,6.49,Loamy,102.9,No,No,Improved,11.11
Nasarawa,Maize,4.57,1399,31.1,6.02,Clay,121.2,Yes,No,Improved,2.34
Oyo,Maize,6.55,1805,27,6.44,Clay,55.3,No,No,Improved,2.12
Oyo,Cassava,1.03,2369.8,23.4,4.59,Clay,158.4,No,No,Improved,7.81
Zamfara,Maize,0.37,692.1,34.2,6.29,Loamy,187.3,No,No,Local,1.24
Bayelsa,Maize,0.39,1539.1,22.7,5.87,Loamy,104.4,Yes,No,Improved,3.23
Anambra,Cassava,2.69,2457.4,24.8,5.71,Sandy,72.5,No,Yes,Local,9.39
Zamfara,Cassava,6.03,627.4,32.8,5.5,Clay,110.2,No,No,Improved,9.11
Delta,Rice,1.56,2229.7,25.6,5.68,Sandy,154.7,Yes,No,Local,3.36
Gombe,Cassava,8.29,637.3,26.1,6.22,Clay,92.3,No,No,Improved,12.79
Lagos,Cassava,4.35,1797.8,22.5,5.14,Sandy,92.8,No,No,Improved,11.79
Cross River,Cassava,0.57,1830.7,29.1,6.09,Loamy,115,No,Yes,Local,10.44
Zamfara,Yam,5.28,686.6,27.7,5.91,Sandy,109,No,No,Improved,11.29
Anambra,Maize,2.62,2489.6,26,6.47,Clay,142.5,Yes,No,Improved,2.53
Plateau,Yam,5.56,1087.1,26.8,5.86,Loamy,102.6,No,No,Improved,10.96
Plateau,Rice,0.77,1393,30.4,5.9,Loamy,51.8,Yes,No,Local,3.04
FCT,Yam,2.55,1420.7,27.6,6.1,Loamy,101.2,Yes,No,Local,7.74
Ondo,Yam,4.69,1590.6,24.8,5.89,Sandy,81.9,No,No,Local,7.28
Cross River,Rice,0.77,2399.2,26.5,5.19,Loamy,180.2,Yes,Yes,Improved,3.5
Imo,Rice,0.25,2060,27.2,7.21,Clay,154.8,No,No,Local,3.19
Niger,Rice,1.06,1002.7,31.5,5.1,Loamy,167.9,No,No,Local,2.31
Oyo,Yam,2.36,1558.7,24.8,7.4,Loamy,132.6,No,No,Local,5.98
Yobe,Maize,5.33,519.4,28.4,6.37,Sandy,132.9,No,No,Improved,2.16
Ogun,Maize,4.42,1619.2,22.9,6.09,Loamy,127.1,No,No,Local,1.68
Imo,Rice,2.27,2315.4,29.2,5.61,Loamy,117.8,Yes,No,Improved,2.52
Ondo,Maize,1.66,1606.6,29.2,6.56,Clay,86.2,No,No,Local,2.25
Yobe,Rice,1.06,513,28.2,4.95,Sandy,159,No,No,Local,2.26
Enugu,Yam,3.24,1591.3,29.3,6.17,Loamy,125.2,No,No,Improved,9.12
Sokoto,Cassava,0.89,580.8,33.7,5.3,Clay,63.2,Yes,No,Improved,11.39
Kebbi,Sorghum,0.38,696.9,32.6,5.4,Sandy,17.2,No,No,Local,1.42
Lagos,Rice,0.59,2158.5,29.8,4.31,Sandy,131.6,No,No,Local,2.6
Bayelsa,Maize,0.9,1515.7,28.4,7.02,Sandy,120.3,No,No,Local,2.25
Kebbi,Cassava,2.26,791.8,28.9,4.98,Sandy,162,Yes,No,Improved,10.05
Ogun,Maize,4.77,2452.9,22.5,5.63,Sandy,33.8,No,No,Improved,1.84
Jigawa,Yam,0.2,387.6,29.2,5.68,Sandy,175,No,No,Local,8.1
Kwara,Yam,2.88,1344.1,29.7,6.24,Loamy,122.9,No,No,Improved,8.32
Benue,Cassava,2.96,1226.1,25.9,6.33,Clay,1.4,No,No,Improved,8.85
FCT,Cassava,2.03,1375.3,27.3,5.42,Clay,91.4,No,No,Improved,12.7
Gombe,Maize,1.78,656.8,26.1,5.75,Sandy,82.5,Yes,No,Improved,3.31
FCT,Rice,0.45,1260.3,30.3,7.09,Loamy,147.5,No,No,Improved,3.69
Cross River,Sorghum,0.78,1601,27.6,5.67,Loamy,38.4,No,Yes,Improved,1.76
Enugu,Sorghum,2.61,2286.2,28.4,4.89,Loamy,135.2,No,No,Local,0.82
Rivers,Maize,3.17,1601.2,25.7,6.99,Clay,84.2,Yes,No,Local,1.31
Borno,Maize,6.3,382.8,35.9,6.27,Sandy,162.4,No,No,Improved,1.14
Jigawa,Maize,3.96,557.3,34.7,4.39,Loamy,106.7,No,Yes,Local,2.04
Lagos,Yam,1.76,1959.5,25.2,6.19,Loamy,161.7,No,No,Local,6.71
Cross River,Cassava,10.57,2405.5,22.6,5.92,Clay,36,No,No,Improved,4.71
Jigawa,Maize,0.48,497.1,31,5.78,Sandy,135.4,No,No,Improved,2.89
Anambra,Sorghum,0.64,2015.5,26.6,6.82,Loamy,105.7,Yes,No,Improved,1.55
Sokoto,Maize,1.47,415,31.7,5.82,Sandy,105.3,No,No,Improved,1.98
Ogun,Rice,0.46,1964.3,28.6,6.11,Clay,89.1,Yes,No,Local,3.3
Edo,Cassava,2.13,1973.8,22.8,6.08,Loamy,56.3,No,Yes,Improved,12.61
Imo,Rice,0.38,1756.9,29.4,5.35,Clay,88.2,No,No,Local,2.83
Imo,Maize,1.05,2337.3,24.6,6.12,Sandy,60.8,No,No,Local,2.02
Kaduna,Cassava,2.41,900.7,26.4,5.21,Loamy,150.8,No,No,Local,8.03
Gombe,Rice,0.55,767,34.7,6.58,Loamy,93.7,No,No,Local,2.85
Rivers,Rice,1.07,1633.9,28.3,6.01,Clay,78.7,No,No,Improved,3.74
Bayelsa,Rice,1.96,1669.5,23.1,4.99,Loamy,140.5,Yes,No,Improved,3.33
Akwa Ibom,Yam,0.2,1535.8,29.1,6.74,Loamy,135.6,No,No,Local,6.73
Lagos,Rice,0.2,2045.7,24.8,5.34,Loamy,63.1,No,No,Local,2.67
Ogun,Maize,7.04,1528.4,24.1,5.26,Loamy,127.4,No,No,Improved,3.23
Bauchi,Rice,2.54,771.4,27.9,6.36,Sandy,145.6,Yes,No,Improved,3.37
Abia,Rice,0.87,2168,29.6,6.67,Sandy,113.1,No,No,Improved,3.65
Oyo,Rice,0.58,2234.4,27.4,4.76,Loamy,67.1,Yes,No,Improved,3.76
Gombe,Sorghum,6.94,663.6,32.4,5.43,Sandy,66.8,No,No,Local,1.13
Ondo,Sorghum,0.86,1667.7,29.4,4.97,Sandy,0,No,No,Local,0.86
Plateau,Maize,2.05,1350.3,25.7,6.4,Loamy,155.1,No,Yes,Local,2.94
Nasarawa,Cassava,0.96,1331.3,24.5,5.77,Clay,102.9,Yes,No,Local,11.13
Yobe,Maize,8.89,613.3,35.4,6.67,Clay,183.9,No,Yes,Improved,2.29
Gombe,Rice,1.51,713.5,29.7,6.64,Sandy,86.5,Yes,No,Local,2.59
Enugu,Rice,0.88,2202.9,27,7.62,Clay,129.5,Yes,Yes,Improved,3.69
Kwara,Sorghum,0.2,1166.9,31.4,4.83,Loamy,7.4,Yes,Yes,Local,1.41
Osun,Sorghum,3.22,2405,23,5.47,Loamy,15.3,No,No,Improved,1.35
Abia,Sorghum,2.26,1871.3,26.2,5.76,Clay,32.2,No,No,Local,0.95
Ogun,Yam,1.83,2164.7,24.8,6.06,Loamy,74.7,No,No,Local,6.83
Ondo,Yam,2.12,1662.5,23.7,6.81,Clay,0,No,No,Local,6.15
Plateau,Rice,2.73,1161.1,29.7,6.12,Loamy,100.8,Yes,Yes,Local,3.51
Akwa Ibom,Sorghum,3.14,2481.6,26,7.25,Clay,69.6,No,No,Local,1.2
Sokoto,Cassava,0.6,596,28.2,6.78,Sandy,99,Yes,Yes,Improved,12.75
Katsina,Cassava,4.86,607.3,31.8,6.57,Clay,86.3,No,Yes,Improved,10.29
Adamawa,Sorghum,0.94,1368.8,31.6,6.67,Loamy,101.3,No,No,Local,0.63
Kano,Yam,0.35,903.5,33,6.12,Clay,111.3,Yes,No,Improved,11.43
Adamawa,Sorghum,5.1,1076.9,26.6,5.99,Loamy,27.5,No,No,Improved,1.88
Ebonyi,Sorghum,1.31,2179,27.8,4.59,Clay,52.5,No,Yes,Local,1.13
Bauchi,Cassava,0.36,907.9,29.6,6.92,Loamy,70.5,No,No,Local,8.26
Akwa Ibom,Maize,0.87,1796.5,26.3,5.52,Loamy,161.1,No,No,Improved,2.41
Katsina,Rice,0.29,411,34.3,6.57,Loamy,169.7,No,No,Improved,2.92
Sokoto,Sorghum,2.06,567.9,35.1,5.18,Sandy,41.7,Yes,No,Local,0.4
Niger,Sorghum,1.19,1040,30.6,5.38,Clay,16.8,No,No,Improved,1.62
Plateau,Cassava,0.97,1019.6,27.2,6.22,Sandy,114.4,Yes,No,Local,10.64
Gombe,Yam,0.54,779.7,30.7,5.07,Clay,154.8,No,No,Improved,7.74
Nasarawa,Sorghum,2.56,1447,29.6,5.06,Loamy,0,Yes,No,Local,0.99
Ogun,Rice,1.76,2032.3,27.3,6.47,Clay,176.4,No,No,Local,3.31
Adamawa,Rice,1.12,1203.8,24.4,6.76,Clay,141.3,Yes,No,Local,3.24
Osun,Maize,0.42,1641.6,28.6,6.07,Clay,62.8,Yes,No,Improved,2.59
Borno,Maize,1.8,392.7,34,5.86,Sandy,68.8,No,No,Local,0.62
Ondo,Yam,2.1,2224.3,28.4,6.96,Sandy,123.8,No,No,Local,6.95
Akwa Ibom,Yam,3.11,2272.1,26.9,5.34,Clay,101.8,No,No,Improved,8.15
Imo,Maize,0.86,2496.3,24.1,6.63,Loamy,136.3,Yes,No,Improved,2.42
Enugu,Yam,2.5,1690.4,26.6,6.5,Loamy,79.1,No,No,Improved,7.41
FCT,Sorghum,2.12,1120.1,30.7,5.77,Clay,83.7,No,No,Local,1.24
Ebonyi,Cassava,2.02,2049.9,24.8,5.93,Loamy,46.3,Yes,No,Improved,10.72
Kano,Rice,1.08,927.6,28.8,7.62,Sandy,134.1,No,Yes,Improved,3.68
Kogi,Yam,0.73,1042.2,25.4,6.17,Clay,113.9,Yes,No,Improved,10.6
Nasarawa,Yam,0.26,1154.2,24.3,7.02,Sandy,91,No,No,Local,6.94
Kano,Cassava,2.63,855.2,26.3,5.78,Sandy,117.8,No,Yes,Improved,14.3
Gombe,Yam,0.29,617.4,26.6,5.33,Loamy,126.1,No,No,Improved,7.92
Bayelsa,Sorghum,1.21,2323.1,26.6,5.97,Sandy,70.8,Yes,Yes,Improved,1.52
Yobe,Maize,2.56,545.9,28.5,6.05,Sandy,167.2,No,No,Local,2.37
Gombe,Cassava,1.47,915.5,30,5.98,Clay,111.8,No,No,Improved,11.2
Rivers,Cassava,1.09,2299,26.4,5.93,Loamy,135.6,No,No,Local,7.95
Osun,Maize,2.2,1627.9,24.1,6.31,Clay,126.9,No,No,Local,2.14
Nasarawa,Rice,1.49,1414.9,31,7.16,Sandy,97.5,No,No,Improved,2.68
Zamfara,Rice,3.59,785.4,27.3,5.71,Loamy,122.2,Yes,Yes,Local,3.76
Ekiti,Cassava,10.16,1567.8,23.4,6.02,Sandy,88.2,No,No,Local,6.36
Kogi,Cassava,0.75,1299.8,25.3,6.14,Sandy,0,No,No,Improved,10.96
Ogun,Maize,2.19,2196.5,25.9,5.69,Clay,152.1,Yes,No,Improved,2.53
Plateau,Sorghum,3.19,1217.9,31.2,6.59,Loamy,0,No,No,Local,0.99
Yobe,Cassava,1.84,529.7,32.3,5.4,Clay,91.1,Yes,No,Local,9.87
Ogun,Maize,0.94,2131.3,26.1,7.85,Clay,145.8,No,Yes,Local,1.6
Akwa Ibom,Sorghum,2.86,1524.8,28.8,6.2,Loamy,38.1,No,No,Improved,1.52
Abia,Sorghum,1.71,1971.4,27.6,6.21,Clay,90.9,Yes,No,Improved,1.39
Kebbi,Sorghum,0.74,732.9,31.7,6.66,Sandy,55.7,No,No,Local,1.34
Sokoto,Sorghum,0.62,680.8,28.5,4.62,Loamy,17.4,No,No,Local,1.35
Ebonyi,Rice,1.71,2471.5,24.7,5.99,Clay,128.2,No,Yes,Improved,3.39
Anambra,Maize,0.95,2306,23.3,6.52,Sandy,143.8,No,Yes,Local,2.06
Plateau,Maize,2.49,1453.1,27.4,5.38,Clay,115.5,No,No,Local,2.22
Enugu,Maize,3.17,1881.6,24.2,6.46,Clay,175.3,Yes,No,Improved,2.72
Gombe,Cassava,2.52,788.8,33,5.51,Sandy,73.7,No,No,Local,8.25
Kebbi,Yam,0.75,766.2,33.9,5.94,Sandy,133.4,No,No,Improved,10
Taraba,Yam,0.23,1200.7,29.9,6.19,Sandy,22.2,Yes,No,Improved,10.87
Delta,Yam,1.62,1583.2,26.6,4.83,Loamy,121.9,Yes,No,Local,7.53
Kano,Rice,2.5,896.2,31.2,6.64,Clay,122.4,No,No,Local,2.92
FCT,Maize,1.78,1099.4,28.3,6.96,Sandy,36.6,Yes,No,Local,1.84
Taraba,Maize,0.86,1204.1,24.9,4.46,Clay,156.8,Yes,No,Local,1.8
Oyo,Rice,1.22,2409.4,24.5,4.88,Clay,80.3,Yes,No,Improved,3.5
Borno,Maize,0.35,368.2,36,4.85,Sandy,116.8,Yes,No,Local,1.62
Kaduna,Rice,0.6,871.6,30.7,8.5,Clay,113.5,No,No,Local,2.72
Taraba,Yam,3.79,1032.7,24.4,6.65,Clay,65.4,No,No,Local,8
Anambra,Maize,1.47,2111.5,27.6,5.72,Clay,121.3,No,No,Local,2.05
Oyo,Cassava,0.48,2252.2,23.6,4.38,Loamy,69.8,No,No,Improved,9.58
Akwa Ibom,Rice,1.02,2219.1,28.4,6.37,Clay,139.7,No,Yes,Improved,4.66
Bauchi,Maize,0.36,634.3,34,5.53,Clay,91.6,Yes,No,Improved,2.39
Osun,Rice,0.52,1847.5,27,6.09,Loamy,127.4,No,Yes,Improved,4.29
Taraba,Maize,1.81,1160,30.4,5.37,Sandy,93.6,No,No,Improved,2.89
Plateau,Cassava,1.4,1062.9,28.7,7.4,Loamy,110.6,No,No,Local,9.67
Akwa Ibom,Sorghum,1.48,1549.9,26.3,6.6,Sandy,60.3,No,No,Improved,1.35
Kwara,Cassava,1.06,1039,31.6,6.83,Sandy,122.1,No,No,Local,7.94
FCT,Rice,1.64,1377.4,29.4,6.85,Loamy,134.9,No,No,Local,2.55
Kano,Maize,2.72,993.3,32.9,4.97,Sandy,90.6,No,No,Local,2.47
Akwa Ibom,Yam,1.44,1959.7,23.4,6.61,Loamy,91.3,No,Yes,Local,8.41
Taraba,Rice,3.54,1234.9,25.7,6.55,Clay,126,No,No,Local,3.01
Delta,Maize,1.7,1625.9,25.5,6.93,Clay,123.7,Yes,No,Improved,2.75
Borno,Rice,5.41,383,31.8,6.46,Sandy,60.1,No,No,Improved,3.67
Niger,Rice,1.45,1203.7,30.4,6.27,Loamy,41.2,No,No,Local,2.39
Rivers,Rice,2.57,1657.5,25,6.69,Clay,125,No,No,Local,3.14
Abia,Maize,9.01,1633.5,29.6,5.41,Loamy,102.3,Yes,No,Local,2.13
Borno,Maize,1.74,423.9,31.5,7.13,Sandy,120.8,Yes,No,Local,2.25
Gombe,Cassava,1.75,778.4,27.7,6.46,Clay,133.4,No,No,Local,8.43
Ogun,Sorghum,3.8,2388.4,25,5.24,Clay,33.9,Yes,No,Local,1.31
Niger,Cassava,3.35,1365.5,24.6,6.69,Sandy,120.6,No,No,Improved,8.93
FCT,Cassava,0.24,1161.3,30.6,7.38,Loamy,133.6,No,No,Improved,9.98
Gombe,Sorghum,6.74,697.2,29.1,6.37,Loamy,25.1,No,No,Improved,1.34
Kaduna,Yam,6.99,866.4,29.9,6.49,Sandy,125.9,Yes,No,Local,6.44
Zamfara,Rice,0.39,984.5,29.6,6.91,Loamy,106.7,No,No,Improved,3.36
Kogi,Yam,0.34,1387,29.9,5.43,Loamy,112.9,Yes,No,Local,9.82
Oyo,Yam,8.69,1538.6,22.5,6.04,Loamy,105.2,Yes,No,Local,5.9
Ekiti,Sorghum,1.13,1696.9,22.5,6.51,Loamy,29,No,Yes,Improved,1.51
Gombe,Maize,3,740,31.4,5.04,Sandy,46.3,No,No,Local,1.94
Sokoto,Maize,2.79,330.3,31,6.1,Sandy,52.8,No,No,Local,2.21
Taraba,Yam,3.28,1266.9,24,6.19,Loamy,87.1,Yes,No,Improved,13.89
Kebbi,Sorghum,0.32,816.9,32.3,5.9,Loamy,93.7,No,No,Improved,1.8
Rivers,Maize,0.34,1863.3,26.6,5.81,Clay,145.8,No,Yes,Local,2.01
Sokoto,Sorghum,5.7,342.7,35.4,6.91,Loamy,58.1,No,No,Local,1.08
Osun,Cassava,0.73,1609.8,26,5.84,Clay,49.8,No,No,Local,9.62
Ebonyi,Yam,3.84,1997.4,22.5,5.91,Sandy,14.4,No,No,Local,5.79
Enugu,Yam,0.25,1552.3,26.7,6.43,Clay,90.8,No,No,Improved,9.88
Bayelsa,Sorghum,2.13,2188.4,25.7,6.43,Loamy,90.9,Yes,No,Local,1.11
Benue,Rice,1,1321.6,30.9,7.02,Loamy,22.4,Yes,Yes,Local,3.44
Bauchi,Rice,2.54,941.6,31.8,7.25,Sandy,36.8,No,No,Local,2.38
Delta,Maize,0.35,1911.2,24.3,5.49,Loamy,132.8,Yes,No,Improved,2.73
Lagos,Sorghum,2.25,1882.8,24.1,5.13,Loamy,31.9,Yes,No,Local,1.08
Nasarawa,Yam,1.29,1418.8,25,6.87,Sandy,80.7,No,No,Local,8.74
Gombe,Rice,3.17,900.3,29.2,6.3,Clay,140.7,No,No,Local,2.91
Kebbi,Cassava,0.78,673.9,27.8,6.62,Clay,45.4,Yes,No,Local,8.99
Borno,Maize,1.52,425.4,28.3,6.23,Loamy,171.1,No,No,Local,2.34
Enugu,Rice,0.55,2387,26.6,6.85,Loamy,185.6,No,Yes,Improved,3.47
Rivers,Yam,2.38,1695,24.8,5.28,Loamy,92.3,No,No,Local,6.96
Kebbi,Yam,0.67,795.3,29.1,7,Loamy,91,Yes,No,Local,8.09
Niger,Sorghum,6.16,1227.7,29.9,5.58,Sandy,44.5,No,No,Improved,1.6
Nasarawa,Rice,2.67,1076,30.1,5.05,Sandy,106.1,No,No,Local,2.72
Ekiti,Yam,1.74,2073.5,25.6,5.78,Clay,86.9,No,No,Local,8.15
Edo,Sorghum,0.94,1673.8,27.9,7.09,Loamy,70.5,Yes,No,Improved,1.68
Nasarawa,Yam,0.45,1451,26.5,6.43,Clay,37.6,Yes,No,Local,8.65
Jigawa,Yam,6.74,355.9,28.8,5.65,Loamy,93.4,No,Yes,Local,9.32
Bauchi,Sorghum,3.26,779.6,31.4,6.57,Loamy,84.2,Yes,No,Local,1.48
Kano,Sorghum,0.61,780,28.4,6.39,Sandy,66.8,No,Yes,Local,1.48
Yobe,Cassava,0.59,637.9,37.8,5.6,Sandy,82.8,No,No,Local,6.35
Ondo,Yam,3.97,1518.4,22.9,4.9,Loamy,112.2,No,No,Improved,8.96
Kaduna,Sorghum,1.43,712.2,26.4,6.2,Sandy,56.7,Yes,No,Improved,1.88
Benue,Yam,1.19,1409.5,26.5,6.18,Sandy,30.5,No,No,Local,7.58
Benue,Sorghum,2.3,1224.8,27.6,5.48,Clay,41.7,No,No,Local,1.31
Kano,Cassava,3.33,677.7,29.7,6.02,Loamy,121.5,Yes,No,Local,10.61
Benue,Rice,0.83,1480.9,31.4,5.13,Loamy,27.3,No,No,Improved,2.36
Rivers,Maize,0.56,1791.8,24,5.24,Clay,192.4,Yes,No,Improved,2.23
Ebonyi,Cassava,0.83,2341.7,29,5.23,Clay,34.8,No,No,Local,7.41
Borno,Rice,0.58,351.6,29.4,6.11,Clay,105.7,Yes,No,Improved,4.33
Anambra,Maize,1.5,1707.6,22.2,5.22,Clay,136.7,No,No,Improved,2.2
Kano,Cassava,2.58,929.5,29.1,5.09,Sandy,68.6,Yes,No,Improved,12.05
Ondo,Sorghum,0.52,2187.7,25.2,6.45,Loamy,60.5,No,No,Improved,1.52
Yobe,Rice,3.98,441.5,36.9,7.01,Sandy,112.6,No,No,Local,2.4
Enugu,Rice,0.63,1753,22.6,6.64,Clay,111.9,No,No,Improved,4.11
Taraba,Sorghum,2,1367.9,25.1,6.16,Loamy,45.5,Yes,No,Improved,1.38
Osun,Maize,3.35,1610.8,28.4,4.95,Loamy,87.9,No,No,Improved,2.15
Nasarawa,Yam,1.09,1205.6,31.6,5.73,Sandy,24.3,No,No,Improved,6.08
Bayelsa,Cassava,1.46,1594.6,23.6,5.85,Loamy,82.2,Yes,No,Local,10.59
Edo,Sorghum,1.51,2043.3,22.5,5.9,Sandy,70.7,No,Yes,Improved,1.83
Jigawa,Sorghum,1.35,468.7,31.1,5.7,Sandy,22.8,Yes,No,Local,1.46
Benue,Rice,0.71,1347.4,28.6,6.83,Sandy,166,No,No,Local,2.78
Gombe,Maize,0.55,887.2,27.6,6.79,Sandy,80.3,Yes,No,Improved,2.7
Rivers,Sorghum,0.83,1570.4,26.5,4.76,Loamy,58.2,No,No,Local,1.02
Oyo,Rice,0.4,2192.2,27.9,5.56,Loamy,105.1,No,No,Improved,4.11
Ondo,Sorghum,3.57,1772.1,29.8,6.65,Loamy,0,No,No,Improved,1.29
Adamawa,Cassava,4.52,1209.8,31.5,5.8,Loamy,46.7,No,No,Improved,12.09
Bauchi,Yam,5,705.5,30.9,5.89,Loamy,92.5,No,Yes,Improved,8.29
Kebbi,Rice,1.15,702.7,33.1,5.41,Clay,47.7,No,No,Improved,3.02
Oyo,Yam,1.23,1750.6,23.8,5.46,Sandy,184,Yes,No,Improved,9
Anambra,Yam,1.94,2002,27.9,5.14,Sandy,16.5,Yes,No,Local,8.03
Adamawa,Maize,3.57,1280.1,25.3,5.81,Clay,139.1,Yes,No,Improved,2.74
Zamfara,Yam,7.07,743.2,31.3,7.36,Sandy,18.1,No,No,Local,4.7
Bauchi,Sorghum,0.41,705.4,27.8,5.74,Sandy,99.3,Yes,Yes,Improved,2.12
Abia,Yam,1.45,1711.9,29.2,6.49,Clay,70.5,No,No,Local,7.17
Kwara,Sorghum,1.28,1263.8,29.6,5.39,Loamy,41.4,Yes,No,Improved,1.56
Adamawa,Cassava,1.91,1314.2,27.6,4.98,Sandy,165.1,No,No,Improved,7.76
Bauchi,Yam,0.23,803.7,32.6,7.41,Sandy,83.5,Yes,No,Improved,9.57
Edo,Sorghum,2.84,2332.5,25.6,6.31,Sandy,80.2,Yes,Yes,Local,1.25
Edo,Cassava,2.79,2073.5,22.8,4.64,Clay,119,No,No,Local,2.96
Bauchi,Sorghum,1.72,951,32.9,5.23,Clay,14.9,Yes,No,Local,1.11
Gombe,Yam,1.41,657,27,6.64,Clay,53.3,Yes,No,Improved,10.31
Ogun,Rice,1.23,1579.7,25.1,5.99,Loamy,82.6,No,Yes,Improved,2.97
Oyo,Rice,5.24,1996.7,22.7,5.69,Loamy,121.8,Yes,No,Improved,3.99
Katsina,Rice,1.66,606.8,32.7,5.15,Sandy,153.2,Yes,No,Local,2.23
Yobe,Cassava,3.54,339.7,34.9,6.04,Sandy,57.7,Yes,Yes,Improved,12.57
Akwa Ibom,Maize,0.51,1631.4,25.4,5.5,Loamy,98.5,No,No,Local,1.7
Ogun,Rice,1.49,2432.8,25.4,5.35,Clay,154.9,No,No,Improved,4.01
Sokoto,Rice,3.47,306.2,31.2,5.19,Sandy,136.7,Yes,Yes,Local,3.22
Enugu,Yam,3.13,2225,27.7,7.11,Clay,100.4,No,No,Local,6.4
Osun,Rice,0.72,1632.6,28.4,6.85,Loamy,129.6,No,No,Improved,4.27
Plateau,Rice,1.11,1070.7,30.8,5.79,Loamy,132,No,No,Improved,3.75
Yobe,Maize,0.66,339.4,30.8,5.26,Clay,127.8,No,No,Improved,2.78
Enugu,Sorghum,1.32,2369.2,29.2,5.45,Loamy,18.4,Yes,No,Improved,1.35
Adamawa,Rice,2.03,1329.5,29.2,5.07,Clay,122,Yes,No,Improved,3.55
Oyo,Sorghum,0.67,2038.8,29.4,4.95,Loamy,33,No,No,Local,1.09
Lagos,Maize,2.42,2400.8,25.3,5.07,Sandy,148,No,No,Improved,2.57
Osun,Cassava,1.4,2349.5,26.1,6.1,Sandy,115.4,No,No,Improved,10.8
Lagos,Rice,1.72,2353.7,26.8,5.96,Loamy,79.5,No,No,Local,2.91
Ondo,Maize,0.76,1815.2,24.9,5.1,Loamy,164.3,No,No,Improved,2.1
Plateau,Yam,2.38,1334.2,26.4,7.2,Sandy,106.2,Yes,No,Local,7.1
Osun,Maize,1.33,1794.5,25,6.83,Clay,188.3,Yes,No,Improved,2.2
Ogun,Sorghum,4.48,2454,23.7,6.17,Clay,0,No,No,Improved,1.11
Benue,Sorghum,1.17,1386.8,29,6.88,Loamy,71.2,No,Yes,Improved,1.67
Imo,Yam,1.01,1657.9,28.4,6.8,Clay,88,No,No,Local,7.4
Bauchi,Yam,1.52,961.7,34.4,5.77,Loamy,83,No,No,Local,8.27
Abia,Rice,4.66,2463.7,27.3,4,Loamy,77.5,Yes,No,Improved,3.51
Taraba,Cassava,0.66,1497.2,27.5,5.98,Clay,83.6,No,No,Improved,3.93
Borno,Maize,2.36,517.1,28.8,6.44,Sandy,103.7,Yes,No,Local,2.44
Ogun,Rice,6.15,1754.8,22.2,6.84,Loamy,97.5,No,No,Improved,2.95
Kogi,Maize,0.84,1449,25.8,5.61,Loamy,157.3,No,No,Local,1.75
Benue,Rice,1.14,1058.6,31,5.47,Loamy,90.1,No,No,Local,3.88
Gombe,Sorghum,1.36,819.2,27,6.08,Loamy,129.2,Yes,No,Improved,1.18
Katsina,Cassava,1.65,687.7,31.7,6.69,Clay,85,Yes,No,Local,8.41
Osun,Cassava,2.17,2161.8,28.2,6.75,Loamy,90.2,No,No,Local,8.1
Katsina,Sorghum,2.88,305.8,32.8,5.47,Clay,75.6,No,No,Improved,0.41
Plateau,Yam,0.24,1327.3,27.9,4.99,Clay,107.4,No,No,Local,8.58
Rivers,Cassava,1.35,2477.1,22.1,5.41,Clay,50.9,No,No,Local,6.83
Abia,Rice,0.66,1651.5,27.6,5.74,Loamy,48.7,Yes,No,Improved,4.29
Osun,Sorghum,1.52,2320.8,25.7,5.52,Loamy,142.7,No,Yes,Improved,1.26
Edo,Sorghum,2.09,1811.4,24.7,5.68,Clay,20.3,No,No,Improved,1.49
Nasarawa,Cassava,0.65,1334.6,30.9,5.17,Loamy,144.8,Yes,No,Local,6.16
Niger,Rice,2.51,1157.6,26.6,7.24,Loamy,77.9,No,Yes,Local,2.97
Adamawa,Cassava,2.06,1334.8,29.9,7.21,Clay,47.2,No,Yes,Improved,13.57
Kano,Cassava,4.57,845.2,31.6,6.21,Loamy,84.3,No,No,Improved,12.61
Plateau,Cassava,1.67,1494.5,26.2,6.52,Sandy,139.9,No,No,Local,9.29
Osun,Yam,0.46,1859.3,23.6,6.04,Loamy,69.5,No,Yes,Local,6.96
Oyo,Sorghum,0.73,1834.6,23.7,6.39,Sandy,16.2,Yes,No,Improved,1.34
Borno,Sorghum,1.63,435,31.7,6.81,Sandy,93,No,No,Improved,1.37
Ogun,Rice,3.75,1851.1,26.5,4.53,Loamy,135.2,No,No,Local,2.4
Ebonyi,Cassava,0.78,2036.1,23.7,5.57,Clay,102.7,No,No,Improved,10.64
Enugu,Sorghum,2.48,1696,27.1,5.84,Loamy,94.8,No,Yes,Improved,1.66
Imo,Yam,1.61,1526.6,26.6,5.07,Clay,136.7,No,No,Local,9.35
Oyo,Maize,3.56,2185.2,24.2,6.69,Clay,147.9,No,No,Improved,2.41
Ebonyi,Cassava,1.32,1514.4,23.9,7.01,Loamy,72.4,No,No,Local,8.5
Akwa Ibom,Maize,3.61,1998.5,22.4,6.36,Loamy,62.2,No,No,Local,1.54
Cross River,Sorghum,1.16,2452.2,29.4,6.66,Clay,34.5,No,No,Local,1.09
Edo,Yam,1.05,1968.2,28.1,5.61,Clay,70.5,Yes,Yes,Improved,10.27
Ondo,Rice,0.9,1900.2,28.3,6.09,Clay,106,No,No,Improved,3.4
Abia,Sorghum,1.13,2030.1,26.8,5.61,Loamy,43.5,No,No,Improved,1.31
Nasarawa,Cassava,0.44,1421.2,26.2,5.21,Sandy,57,No,No,Local,3.85
Adamawa,Cassava,1.88,1055.8,26.1,5.99,Clay,31.7,Yes,No,Improved,10.19
Jigawa,Maize,5.2,642.2,29.6,5.93,Loamy,124.1,No,No,Local,2.08
Ebonyi,Cassava,0.73,2340.7,26.6,5.74,Loamy,60.4,Yes,No,Local,8.03
Ebonyi,Rice,5.12,2275.9,27,6.1,Loamy,78.8,Yes,No,Improved,3.34
Rivers,Yam,1.1,1655.3,25.1,6.58,Sandy,92.5,Yes,Yes,Local,9.44
Kaduna,Sorghum,2.05,633.1,30.4,6.02,Sandy,2,Yes,No,Improved,1.46
Osun,Maize,8.09,2039,22.2,6.53,Clay,120,No,No,Local,2.14
Delta,Sorghum,0.2,1657.1,28.8,6.41,Clay,53.7,Yes,No,Improved,1.69
Plateau,Cassava,2.16,1285.9,24.1,5.58,Clay,68.9,No,No,Improved,10.38
FCT,Rice,6.69,1264.9,25.8,5.68,Sandy,80.5,Yes,No,Improved,3.49
FCT,Cassava,1.19,1322.9,30.7,6.88,Clay,124.2,No,Yes,Local,9.45
Kwara,Sorghum,3.2,1470.1,31.3,7.54,Loamy,0,Yes,No,Local,1.15
Cross River,Cassava,1.75,1607.5,24,5.61,Loamy,50.3,Yes,No,Local,8.21
Lagos,Sorghum,1.74,1627.3,25.5,4.26,Clay,124.9,No,Yes,Improved,1.16
Delta,Maize,0.84,2462.1,25.6,6.1,Loamy,157.3,No,Yes,Improved,2.81
Ebonyi,Rice,2.4,2355,24.6,6.09,Loamy,90.8,Yes,No,Improved,4.16
Gombe,Cassava,0.91,724.7,27.2,6.51,Sandy,161,No,No,Local,8.53
Benue,Maize,1.03,1358.7,24.9,5.96,Clay,131.3,No,No,Improved,2.29
Borno,Rice,2.15,375.8,33.3,4.81,Sandy,84.1,No,Yes,Local,2.69
Niger,Yam,10.71,1284.9,29.7,6.54,Loamy,43.7,Yes,No,Local,8.69
Oyo,Yam,2,2127.5,27.7,6.37,Sandy,102.1,No,No,Improved,9.76
Zamfara,Maize,0.76,722.5,27.5,5.71,Sandy,149.5,Yes,No,Improved,2.65
Kano,Sorghum,4.07,683.7,29.7,6.55,Sandy,89.3,No,No,Improved,1.55
Benue,Maize,1.63,1362,26.9,6.16,Loamy,104.3,Yes,No,Improved,3.06
Ebonyi,Cassava,1.44,1948.8,23.3,5.33,Loamy,77.8,No,Yes,Improved,13.78
Zamfara,Sorghum,2.11,983.1,34.9,5.91,Sandy,66.7,No,No,Improved,1.84
Osun,Maize,1.06,2247.3,26.6,7.53,Clay,224.4,No,No,Improved,1.89
Jigawa,Sorghum,6.33,519.3,35.6,8.26,Sandy,85.2,Yes,No,Local,1.28
Akwa Ibom,Rice,0.28,2054.3,25.1,6.97,Loamy,98.6,No,No,Improved,3.38
Bayelsa,Yam,0.38,1696,22.6,6.3,Clay,15.1,No,No,Local,6.39
Kano,Sorghum,0.79,950.7,34.7,5.18,Loamy,8.2,No,No,Improved,1.2
Delta,Cassava,0.37,2345.8,29.4,6.54,Loamy,90.2,No,No,Local,7.41
Sokoto,Maize,0.52,486.2,33.6,6.17,Loamy,140.5,No,Yes,Local,2.2
Plateau,Cassava,4.7,1439.8,25.1,6.24,Loamy,65.4,Yes,No,Local,6.59
Enugu,Cassava,3.15,2286.8,23,6.09,Loamy,215.3,Yes,Yes,Local,7.05
Enugu,Maize,1.02,2137.3,29.5,6.16,Loamy,55.3,No,No,Local,1.73
Ebonyi,Maize,1.2,1743.3,22.4,5.13,Sandy,81.2,No,No,Local,1.8
Kebbi,Cassava,0.43,958.4,31.5,7.11,Clay,160.5,No,No,Improved,8.51
Plateau,Cassava,6.22,1175,29.4,5.02,Sandy,80.8,Yes,No,Local,8.53
Taraba,Sorghum,0.5,1088,28.9,4.27,Sandy,91.8,Yes,No,Improved,1.74
Borno,Rice,3.37,656.7,30.5,5.6,Sandy,113.1,No,No,Local,3.3
Ekiti,Rice,1.1,2246.5,24.6,6.79,Loamy,96.9,Yes,No,Local,2.88
Ondo,Rice,3.3,2346.4,26.6,6.42,Loamy,116.7,No,Yes,Improved,3.89
Bauchi,Sorghum,0.41,684.8,34.1,5.43,Clay,62.6,No,No,Local,1.3
Gombe,Rice,2.64,601.5,29.3,6.02,Loamy,94,No,Yes,Improved,3.84
Gombe,Maize,2.45,875.3,26.1,7.16,Loamy,220.3,No,No,Improved,2.35
Anambra,Maize,1.56,2141.5,24.5,5.38,Clay,144.9,No,No,Local,2.45
Adamawa,Yam,0.37,1042.5,29.8,6.06,Sandy,102,No,No,Improved,11.43
Delta,Cassava,0.43,2288.4,28.6,6.71,Loamy,95,No,No,Improved,9.28
Ogun,Cassava,2.73,2472.3,23.5,5.96,Loamy,94.5,No,No,Improved,8.91
Enugu,Rice,1.18,2189.8,27,5.68,Clay,93.3,Yes,Yes,Improved,4.31
Kaduna,Yam,0.56,827.2,29.6,6.06,Sandy,129.5,Yes,No,Local,7.02
Kwara,Cassava,0.26,1231.4,24.9,5.5,Loamy,94.6,Yes,No,Improved,8.68
Enugu,Sorghum,2.59,2172.1,23.3,6.15,Clay,11,No,No,Improved,0.92
Rivers,Yam,5.33,2179.3,24.1,5.84,Clay,98.2,No,No,Improved,10.07
Zamfara,Yam,1.14,852.9,26.3,6.18,Sandy,133.7,Yes,No,Local,7.38
Bauchi,Maize,0.53,798.5,30.9,7.38,Loamy,115.3,No,No,Improved,2.65
Edo,Maize,0.7,2257.9,25.5,6.87,Loamy,62.5,No,No,Local,1.59
Osun,Sorghum,1.52,1832.8,25.9,5.99,Loamy,66,Yes,No,Improved,1.8
Borno,Maize,3.63,396.4,33.4,5.55,Sandy,176.7,No,No,Local,1.11
Gombe,Maize,6.39,793.8,31.7,5.95,Clay,131.7,No,No,Local,2.06
Kebbi,Yam,1.07,832.6,27.8,7.1,Sandy,154.2,No,No,Improved,8.2
Delta,Maize,1.79,2073.3,22.8,5.36,Loamy,123.5,No,Yes,Local,2.21
Kebbi,Yam,0.9,795.1,30.8,5.14,Loamy,62.5,Yes,No,Improved,9.56
Gombe,Cassava,1.43,934.1,32.9,6.73,Sandy,110.5,Yes,No,Local,11.15
Kogi,Maize,0.5,1429.6,26.5,6.07,Loamy,92.5,Yes,No,Local,0.65
Edo,Maize,2.39,1773.4,29.6,5.64,Clay,105.7,No,No,Local,2.17
Adamawa,Sorghum,1.67,1207.3,30.5,6.39,Loamy,49.5,Yes,No,Improved,1.66
Ondo,Rice,2.19,2241.6,27.5,6.45,Clay,128.7,No,No,Local,2.71
Osun,Cassava,4.63,2186.4,23.5,6.55,Loamy,112.1,No,Yes,Improved,11.15
Kaduna,Maize,1.2,685,27.3,7.81,Sandy,144.4,No,No,Local,1.77
Kogi,Sorghum,0.45,1224.4,25.9,6.62,Loamy,0,Yes,No,Local,1.19
Kebbi,Rice,5,621.3,30.9,5.75,Clay,84.8,Yes,No,Improved,3.21
Rivers,Sorghum,1.93,1962.7,24.5,5.59,Loamy,106.1,No,No,Local,1.05
Kogi,Cassava,0.44,1087.1,29.5,4.31,Sandy,88.8,Yes,No,Local,2.93
Delta,Sorghum,2.06,1694.7,28.5,4.98,Sandy,76.1,No,No,Local,0.96
Gombe,Maize,5.28,631.8,34.9,7.14,Sandy,168.3,No,No,Improved,2.01
Sokoto,Sorghum,0.7,491.4,36.4,6.28,Sandy,61.4,No,No,Improved,2.03
FCT,Yam,0.75,1250.6,24.9,6.28,Loamy,90,No,No,Improved,10.56
Delta,Maize,0.25,1700.1,25.9,6.59,Clay,47.4,No,No,Local,1.63
Kebbi,Cassava,1.01,919.1,29.1,5.25,Loamy,123,No,No,Local,8.08
Plateau,Rice,6.36,1158,30.1,5.33,Loamy,113.5,Yes,No,Local,3.1
Taraba,Cassava,1.32,1353.8,31.6,6.6,Sandy,72.7,No,No,Improved,9.87
Ekiti,Rice,2.54,2415.3,23.5,6.01,Loamy,90.8,No,No,Local,2.61
Ondo,Maize,2.95,2131.5,25.8,6.18,Loamy,142.1,No,No,Improved,2.66
FCT,Yam,0.62,1155,24.9,7.18,Sandy,164.3,No,No,Improved,2.71
Borno,Yam,1.3,401.6,30,5.87,Sandy,170.6,No,No,Local,6.66
Lagos,Sorghum,1,2414.1,30,6.11,Sandy,92.8,No,Yes,Improved,1.5
Rivers,Cassava,4.79,2395.3,23.7,6.43,Clay,67.8,No,No,Improved,10.01
Ekiti,Rice,4.38,1817.2,26.9,6.26,Clay,59.6,No,No,Local,3.02
Taraba,Rice,1.52,1439.7,27.9,5.71,Clay,100.7,No,No,Improved,3.69
Ondo,Yam,0.58,2192.7,23.4,6.88,Clay,63.6,No,No,Local,6.97
Yobe,Rice,4.58,517.6,32.1,5.14,Sandy,135.8,Yes,No,Improved,3.4
Bauchi,Sorghum,1.94,672.3,26.2,5.95,Sandy,48.8,No,No,Local,1.28
Edo,Maize,1.46,1589.2,28.9,5.82,Sandy,107.4,Yes,Yes,Local,2.57
Akwa Ibom,Sorghum,1.76,1695.7,25.1,6.45,Clay,0,Yes,No,Local,1.11
Imo,Rice,0.87,1865.1,22.2,6.12,Sandy,75.6,No,No,Local,2.88
Akwa Ibom,Cassava,7.01,2002.6,24.3,5.76,Clay,53.3,No,No,Local,7.65
Abia,Rice,2.1,2198.7,25.3,5.37,Loamy,87,No,No,Improved,3.26
Gombe,Yam,4.09,630.2,31.3,5.74,Sandy,92.2,Yes,Yes,Improved,14.02
Abia,Cassava,0.88,1903.3,24.9,5.97,Sandy,105.7,Yes,No,Local,9.16
Adamawa,Maize,0.45,1411.3,28.9,6.08,Sandy,91.8,Yes,No,Improved,3.4
Edo,Sorghum,0.42,1686.6,26.9,4.45,Clay,94.2,No,No,Improved,1.54
Anambra,Yam,1.07,2170.7,28.3,5.81,Sandy,22.7,No,No,Improved,7.66
Kebbi,Maize,0.38,757.6,32.8,6.07,Clay,138.4,Yes,No,Local,2.77
Imo,Yam,1.68,2039.9,27.8,7.79,Clay,114.2,Yes,No,Local,8.31
Kwara,Sorghum,3.71,1199.8,31.9,5.88,Loamy,96.7,No,No,Local,1.26
Ekiti,Maize,0.94,1983.4,28,5.69,Clay,120.6,Yes,Yes,Improved,3.09
Bauchi,Rice,3.97,940.6,26.7,7.08,Clay,136.4,No,No,Improved,3.58
Kogi,Rice,2.45,1086.1,29.9,5.26,Loamy,103.3,No,No,Local,3.47
Adamawa,Cassava,2.56,1459.1,26,5.06,Clay,28.8,No,No,Local,8.6
Zamfara,Sorghum,2.4,850.7,26.6,6.98,Sandy,14.7,Yes,No,Improved,1.59
Niger,Sorghum,1.33,1208,26.9,5.1,Sandy,82.5,No,No,Local,1.26
Plateau,Maize,0.64,1095.7,30.9,5.32,Loamy,136.9,No,No,Local,2.27
Abia,Maize,0.73,2413.8,27.5,6.75,Loamy,105,No,No,Improved,2.09
Sokoto,Rice,2.42,391.4,30.6,5.69,Clay,83.3,Yes,No,Local,2.62
Bauchi,Maize,2.2,831.3,33.1,4.87,Clay,171.2,No,No,Improved,1.79
Ondo,Rice,2.33,2171,22.5,6.25,Sandy,82.4,Yes,No,Local,3
Niger,Sorghum,0.57,1121,31.8,6.16,Clay,56,Yes,Yes,Local,1.79
Ekiti,Rice,2.75,2391.4,22.9,6.56,Sandy,47,No,No,Improved,3.88
Edo,Rice,0.77,1513.8,23.3,7.38,Sandy,71.2,Yes,No,Local,3.35
Jigawa,Yam,0.25,454.1,33.5,6.43,Loamy,95.1,No,No,Local,2.73
Adamawa,Cassava,1.9,1010.9,30.4,5.26,Sandy,82,Yes,Yes,Improved,13.33
Delta,Rice,4.33,1722.1,28.2,5.99,Sandy,65.2,No,No,Improved,4.51
Rivers,Rice,2.09,1896.5,23.9,7.67,Loamy,74.9,Yes,No,Local,3.18
Imo,Rice,0.86,1782.4,24.2,6.83,Clay,104.3,No,No,Improved,2.7
Anambra,Maize,0.2,1731.3,29,4.83,Loamy,207.9,Yes,No,Local,2.21
Ekiti,Yam,0.86,2031.9,24.1,6,Sandy,55.9,Yes,No,Local,5.97
Edo,Yam,0.49,2388.6,27.1,6.54,Clay,103.7,Yes,Yes,Local,8.84
Kebbi,Maize,2.8,984,27.7,7.24,Sandy,127.5,Yes,No,Local,2.11
Lagos,Maize,1.06,1908.5,22.5,6.19,Sandy,101.5,Yes,No,Improved,2.29
Rivers,Maize,1.46,1864.2,24.2,6.13,Clay,187.4,Yes,Yes,Local,2.59
Niger,Rice,2.68,1180,28.9,5.5,Clay,81.7,No,Yes,Local,3.75
Kano,Rice,1.5,834.3,33.4,6.27,Sandy,120.4,Yes,No,Local,3.21
Ekiti,Rice,2.7,2031.1,25.9,4.87,Sandy,155.7,Yes,No,Local,2.92
Akwa Ibom,Yam,14.62,1854.4,27.4,5.33,Clay,63.4,No,Yes,Improved,12.42
Rivers,Sorghum,0.67,2185.3,25,7.41,Sandy,89.8,Yes,Yes,Improved,1.75
Gombe,Yam,0.72,876.9,34.4,6.82,Sandy,119,No,No,Local,7.1
Sokoto,Sorghum,0.48,511.6,30.7,5.72,Clay,142.7,No,No,Improved,1.34
Kaduna,Cassava,0.46,748.5,34.6,5.96,Loamy,124.1,No,No,Improved,8.77
Zamfara,Rice,3.49,785.8,27.8,6.14,Sandy,78.7,Yes,No,Local,3.14
Ondo,Cassava,1.47,1810,26.6,5.26,Clay,54.4,No,No,Improved,11.03
Ebonyi,Maize,1.64,2004.3,29.3,6.77,Clay,82.4,Yes,No,Local,2.03
Ekiti,Cassava,1.32,2065,23.4,8.14,Clay,133,Yes,No,Local,8.08
Delta,Cassava,0.63,2273.8,25.4,5.87,Loamy,176.9,No,No,Improved,7.07
Adamawa,Yam,2.38,1002.4,24.4,6.59,Clay,74.4,No,No,Improved,9.53
Jigawa,Cassava,2.57,365.8,33.3,5.84,Sandy,99.5,Yes,No,Local,8.74
Benue,Maize,0.62,1340.7,31.6,5.6,Loamy,92.4,Yes,No,Local,2.19
Zamfara,Rice,0.56,779.7,29,6.05,Sandy,156,No,No,Local,2.73
Bauchi,Rice,4.63,771.7,27.1,5.48,Loamy,74.1,No,No,Local,2.8
Kogi,Yam,6.05,1471.1,24.5,5.98,Loamy,61.2,Yes,No,Local,4.4
Taraba,Maize,5.81,1437.6,28,6.13,Sandy,114.7,Yes,No,Local,2.65
Edo,Yam,0.69,1501.7,23.3,5.69,Loamy,34.7,Yes,Yes,Local,8.94
Adamawa,Sorghum,0.75,1293.7,26.7,6.7,Loamy,84.5,No,No,Local,1.38
Edo,Sorghum,0.76,2418.3,29.4,5.58,Clay,120.7,Yes,Yes,Improved,1.67
Abia,Sorghum,1.48,2053.3,29.4,6.79,Clay,6,Yes,No,Local,1.12
Plateau,Yam,8.28,1006.9,24.7,6.74,Loamy,135.5,Yes,Yes,Local,9.43
Rivers,Maize,2.05,2343.7,22.3,5.57,Clay,130.6,No,No,Improved,2.33
Kano,Maize,1.59,750.2,27.9,5.98,Clay,177.7,No,No,Improved,2.32
Taraba,Sorghum,3.67,1151.1,29.4,5.85,Sandy,69.9,No,No,Improved,1.64
Kano,Sorghum,4.81,670.7,34.6,6.08,Clay,49.1,Yes,No,Local,1.4
Ebonyi,Yam,2.03,2009.9,25.2,7.39,Clay,143.1,No,No,Local,7.44
Cross River,Maize,3.78,1603.1,22.5,7.06,Clay,198.3,Yes,No,Local,2
Kaduna,Sorghum,0.86,635.8,33.7,5.13,Clay,23.3,No,No,Improved,1.24
Osun,Sorghum,1.17,2294.5,24.8,6.01,Loamy,48.1,Yes,No,Local,1.17
Kaduna,Sorghum,2.94,787.8,32.8,5.66,Sandy,59,Yes,No,Local,1.58
Kogi,Sorghum,2.53,1036.9,26.1,6.71,Sandy,28.7,No,No,Local,0.82
Ekiti,Yam,5.44,2366.6,22.6,5.5,Loamy,53.8,No,Yes,Improved,7.45
Kaduna,Maize,0.62,956.5,31.5,5.4,Sandy,152.9,No,No,Improved,2.45
Bayelsa,Maize,1.15,2102.4,28.7,6.13,Loamy,113.2,No,No,Local,1.73
Niger,Maize,7.73,1044.5,28.3,5.86,Loamy,101.2,No,No,Local,1.96
Bayelsa,Rice,0.47,1504.2,24.6,6.58,Sandy,115.6,No,No,Local,3.17
Nasarawa,Yam,0.99,1342,26.3,5.4,Clay,120.5,No,No,Local,8.45
Enugu,Maize,0.76,2195,29.3,6.77,Clay,108,Yes,No,Improved,2.14
Kano,Maize,0.44,711.8,31.6,6.29,Loamy,96,Yes,No,Local,2.49
FCT,Rice,0.54,1330.4,29.9,7.06,Loamy,122.8,No,No,Improved,3.22
Rivers,Sorghum,1.14,1502.4,29.7,4.49,Clay,57.7,No,Yes,Local,1.41
Sokoto,Sorghum,1.72,352.8,35.7,6.81,Sandy,67.7,No,No,Local,1.25
Imo,Yam,2.3,2025.2,25,6.16,Loamy,122.4,Yes,Yes,Local,7.88
Rivers,Sorghum,3.81,2164.1,25.7,6.2,Clay,38.9,No,No,Local,1.06
Imo,Cassava,0.61,2461.8,22.9,7.21,Loamy,131.8,Yes,No,Improved,9.76
FCT,Sorghum,2.59,1181.9,30.6,6.04,Sandy,66.3,No,No,Local,1.43
Taraba,Cassava,1.57,1352.3,29.2,7.18,Clay,72.8,Yes,No,Local,7.67
Ogun,Cassava,1.23,2248.1,22.5,5.08,Sandy,146.7,Yes,No,Local,8.82
Sokoto,Sorghum,0.25,647.3,32.7,6.08,Sandy,18.6,No,No,Improved,1.63
Enugu,Maize,1.83,1764,26.7,5.4,Clay,111.8,Yes,No,Local,2.01
Kaduna,Rice,0.31,773.2,33.3,5.82,Loamy,92.7,Yes,No,Improved,3.98
Kogi,Maize,0.91,1282.9,25.4,5.77,Sandy,153.2,Yes,No,Improved,3.12
Jigawa,Yam,6.59,367.9,34.4,6.05,Sandy,149.4,Yes,No,Improved,8.32
Bauchi,Maize,2.72,741.9,34.8,6.85,Sandy,133.9,No,No,Improved,2.98
Plateau,Sorghum,1.04,1077.4,29,6.17,Loamy,68.1,Yes,Yes,Improved,1.93
Sokoto,Rice,1.35,575,34.4,6.39,Sandy,47.4,No,No,Improved,3.35
Katsina,Cassava,2.79,653.9,28.3,5.76,Sandy,55.8,Yes,Yes,Improved,14.37
Enugu,Cassava,2.33,1944.2,28,5.2,Clay,107,No,No,Local,8.88
Nasarawa,Maize,3.65,1403.9,27.1,5.39,Loamy,111.5,Yes,No,Local,2.28
Delta,Rice,0.85,1666.3,29.8,5.2,Loamy,102.8,Yes,No,Local,1.39
Katsina,Maize,1.85,543,28.7,5.91,Sandy,101.9,Yes,No,Local,2.34
Borno,Maize,0.76,637.3,34.5,6.75,Clay,127.8,No,No,Improved,2.02
Borno,Yam,9.48,494.3,29.5,5.63,Clay,71.6,Yes,No,Local,8.24
Yobe,Yam,0.54,349.1,28.8,6.94,Clay,180.4,Yes,No,Local,5.52
Edo,Cassava,1.93,2301.4,23.4,5.73,Loamy,102.6,No,No,Local,8.03
Taraba,Yam,1.85,1273.5,26.4,5.24,Loamy,171,Yes,No,Improved,8.94
Kano,Yam,3.55,899.3,26.6,6.17,Loamy,158.6,Yes,Yes,Improved,11.01
Sokoto,Cassava,10.49,471.1,35.2,7.11,Clay,166.4,Yes,Yes,Local,7.6
Imo,Maize,2.13,1827,24.5,6.69,Clay,91,No,No,Local,1.72
Enugu,Sorghum,0.66,2257.1,26.7,6.1,Clay,26.9,Yes,No,Local,0.99
FCT,Sorghum,1.95,1468.3,24.3,6.41,Loamy,57.8,Yes,No,Local,1.12
Kebbi,Rice,0.64,835.7,27,6.65,Loamy,117.6,Yes,Yes,Local,2.99
Benue,Sorghum,0.8,1294.6,24.2,6.71,Loamy,60.4,No,No,Improved,1.6
Kano,Sorghum,0.91,980.3,29.3,4.29,Sandy,76.9,No,No,Improved,1.38
Ondo,Sorghum,0.9,2354.2,25.9,6.09,Clay,12.1,No,No,Local,1.27
Benue,Yam,1.78,1241.4,26.7,6.78,Loamy,144.3,Yes,No,Improved,11.7
Yobe,Rice,0.7,486.4,33.2,7.1,Loamy,182.3,No,No,Local,2.48
Kebbi,Sorghum,1.25,792.9,26.6,7.19,Loamy,145.8,No,No,Local,1.06
Bayelsa,Rice,1.81,1763.2,27.3,6.44,Clay,171.8,Yes,No,Local,3.18
Taraba,Sorghum,0.86,1202,27.7,5.72,Clay,185.9,Yes,No,Improved,1.08
Zamfara,Cassava,2.15,858.6,33.5,5.5,Sandy,44.3,Yes,No,Local,8.08
Kaduna,Maize,1,689.9,32.1,6.43,Clay,111.4,No,Yes,Local,2.33
Niger,Yam,4.54,1111.3,26,5.84,Loamy,136.6,No,No,Local,6.6
Bauchi,Yam,2.92,951.7,29.7,6.75,Loamy,94.8,No,No,Local,6.77
Kano,Cassava,5.79,943.7,30.4,6.04,Clay,98.3,Yes,No,Local,10.54
Oyo,Maize,0.92,2143.1,22.1,6.58,Loamy,123.5,No,Yes,Improved,2.74
Osun,Yam,0.73,2051.8,26.8,6.61,Loamy,74.7,No,No,Local,6.33
Zamfara,Cassava,0.78,728,32.3,6.75,Clay,97.7,No,No,Local,7.57
Plateau,Rice,4.34,1385.5,31.4,5.8,Clay,141.4,No,No,Local,3.01
Kebbi,Cassava,0.56,912.5,29.9,4.77,Loamy,89.4,No,Yes,Local,9.83
Plateau,Cassava,2.32,1219.3,29.2,5.58,Loamy,80.2,No,No,Improved,13.58
Delta,Maize,2.86,1768.7,26.7,5.2,Loamy,111,No,No,Local,1.7
Kaduna,Cassava,5.5,863.6,32.8,6.4,Sandy,164.2,No,No,Improved,9.97
Bauchi,Yam,2.81,848.6,26.8,6.28,Loamy,130.1,Yes,No,Local,7.69
Yobe,Rice,2.48,681.5,30.7,5.66,Loamy,72,No,Yes,Local,3.39
Katsina,Cassava,1.09,322,34.7,6.38,Sandy,140.4,Yes,No,Improved,11.72
Borno,Sorghum,2.07,394.3,34,5.99,Clay,59.6,No,No,Local,1.49
Osun,Maize,0.32,1915.8,22.5,6.29,Loamy,142.2,No,No,Local,1.91
Ebonyi,Maize,0.6,2402.6,25,4.13,Clay,83.1,Yes,No,Local,1.77
Ogun,Maize,1.09,1604,28.5,5.99,Clay,111.7,No,No,Improved,1.92
Ebonyi,Rice,7.45,2181.2,24.4,6.39,Loamy,131.1,Yes,No,Improved,3.93
Kwara,Sorghum,1.53,1316,30,6.64,Sandy,35,No,No,Improved,1.48
Ebonyi,Rice,1.55,1608,23.7,4.9,Loamy,100.9,No,Yes,Local,3.15
Zamfara,Cassava,7.35,911.2,31.4,6.14,Clay,106.6,Yes,No,Local,11.74
Ebonyi,Yam,1.13,1770.8,25.5,5.8,Loamy,60,No,No,Improved,10.17
Enugu,Yam,1.53,2456.6,24,5.78,Loamy,74,Yes,No,Local,7.04
Borno,Yam,4.73,361,35.8,6.02,Loamy,117.7,No,Yes,Improved,10.86
Edo,Yam,1.2,1567,29.7,6.21,Loamy,119.3,Yes,No,Improved,12.24
Lagos,Maize,2.02,1793.4,26.2,6.96,Clay,172.5,No,No,Improved,2.27
Cross River,Yam,0.6,1678.3,27.9,6.72,Sandy,66.9,No,Yes,Improved,10.31
Anambra,Maize,2.13,1765.4,27.4,5.75,Clay,41.6,No,No,Improved,2.17
Lagos,Yam,1.49,2399.3,27,6.45,Loamy,93.3,No,No,Improved,9.44
Niger,Sorghum,2.97,1403.7,26.7,6.24,Loamy,117.4,No,No,Local,1.21
Adamawa,Yam,2.32,1433.6,25.9,5.44,Clay,109.3,Yes,No,Improved,9.78
Yobe,Rice,1.79,570.6,29.2,6.15,Loamy,161.4,No,No,Improved,3.6
Cross River,Maize,0.89,2303.1,29.7,6.73,Clay,171.6,No,No,Improved,1.24
Yobe,Cassava,1.52,693.5,36.1,7,Clay,132.9,No,Yes,Local,8.03
Cross River,Sorghum,0.76,1883.4,25.7,6.37,Loamy,125.7,No,No,Local,1.06
Niger,Sorghum,0.78,1167.6,31.5,5.93,Loamy,116.8,Yes,No,Improved,1.44
Ekiti,Cassava,0.42,2115.4,27.7,5.76,Clay,44.5,No,No,Local,5.79
Oyo,Yam,7.86,2298.4,23.8,5.53,Clay,136.9,No,No,Improved,9.11
Nasarawa,Cassava,0.44,1193.2,31.9,5.64,Loamy,18.8,Yes,No,Improved,8.36
Bauchi,Cassava,1.48,626.3,30.3,5.87,Sandy,103.9,No,No,Local,8.58
Kogi,Rice,0.74,1081.7,31,6.83,Sandy,169,No,Yes,Improved,3.55
Borno,Rice,4.43,666.2,37.2,5.31,Sandy,149.5,Yes,No,Local,2.47
Lagos,Sorghum,2.17,2400.2,25.8,4.95,Clay,53.2,Yes,No,Improved,1.45
Jigawa,Cassava,0.48,628.4,30.7,5.64,Sandy,127.5,Yes,No,Local,7.86
Taraba,Yam,2.46,1024.4,30.8,5.8,Clay,47.6,No,No,Local,6.13
Jigawa,Cassava,1.17,497.1,33.8,5.76,Sandy,91.1,No,No,Local,6.42
Kebbi,Sorghum,0.71,648.5,30,5.48,Clay,0,No,No,Local,1.06
Imo,Maize,2.76,1689.7,25.4,6.61,Loamy,138.6,No,No,Improved,2.04
Oyo,Yam,1.53,1795.6,22.5,5.75,Loamy,139.3,No,No,Local,6.39
Sokoto,Maize,3.61,496.8,37.7,5.83,Loamy,27.3,No,No,Local,1.67
Plateau,Rice,1.48,1474.3,30.9,7.91,Clay,128.3,Yes,No,Local,2.66
Kaduna,Cassava,1.8,995,30.7,4.82,Sandy,42.6,Yes,No,Improved,11.07
Ekiti,Maize,0.89,1742,29.1,7.25,Sandy,120.4,Yes,No,Improved,2.93
Imo,Rice,4.35,2327.3,26.8,6.2,Loamy,120.3,No,Yes,Local,3.76
Nasarawa,Maize,2.69,1245.1,24.7,5.74,Clay,155.7,No,No,Improved,2.77
Kaduna,Rice,0.47,703,28.4,4.87,Loamy,60.6,No,No,Improved,2.45
Niger,Maize,7.4,1368.8,27.9,6.27,Sandy,68.8,No,No,Local,2.07
Akwa Ibom,Yam,0.63,2013.4,25.2,5.91,Clay,142.3,No,No,Improved,7.69
Nasarawa,Rice,1.31,1432.3,31.6,5.5,Loamy,115.1,No,No,Local,3.47
Edo,Maize,1.81,1844.2,23,6.5,Clay,126.8,No,No,Local,0.78
Taraba,Rice,0.58,1169.6,26.2,5.99,Loamy,103.6,No,No,Local,3.2
Ondo,Rice,0.83,1849.9,22.8,7.14,Clay,63,No,Yes,Improved,3.47
Yobe,Sorghum,8.43,540.6,33.3,5.98,Sandy,80.6,Yes,No,Improved,1.87
Bayelsa,Rice,1.09,1775.3,23.4,6.72,Loamy,81.5,Yes,Yes,Local,3.41
Borno,Cassava,1.4,330.9,28.8,5.75,Loamy,91.5,Yes,No,Improved,11.43
Delta,Maize,2.05,2074.9,28.2,6.85,Clay,100.4,Yes,No,Local,1.08
Ogun,Maize,0.72,2249.4,26.5,6.18,Clay,169.4,Yes,No,Improved,2.63
Lagos,Yam,1.68,1894,29.6,4.7,Clay,99.7,Yes,No,Improved,9.31
Gombe,Cassava,7.45,963.4,29.9,6.39,Sandy,77.1,No,No,Local,8.9
Bauchi,Yam,3.37,828.2,30.6,6.18,Loamy,203.1,Yes,Yes,Local,8.11
Osun,Rice,3.08,1501.8,29.2,6.6,Loamy,94,Yes,Yes,Improved,4.16
Zamfara,Maize,1.26,646.2,31.9,6.13,Loamy,170,Yes,No,Local,2.47
Borno,Cassava,1.34,620.5,30.8,5.91,Sandy,114.1,Yes,No,Local,7.82
Ekiti,Cassava,1.34,1608.1,23.8,6.46,Loamy,124.7,Yes,No,Local,9.92
Oyo,Rice,1.27,2457.4,24.4,5.66,Clay,109.5,No,No,Improved,3.78
Ekiti,Sorghum,0.87,2074.7,28.3,6.01,Loamy,27.8,No,No,Local,1.18
Kwara,Cassava,5.45,1459.6,25,6.98,Sandy,82.6,No,No,Improved,10.49
Jigawa,Sorghum,0.52,301.1,29.7,5.18,Clay,84.8,No,No,Local,1.19
Zamfara,Cassava,1.44,929,30.4,5.53,Clay,84.9,No,No,Improved,9.21
Bauchi,Rice,1.34,609.5,28.6,5.92,Sandy,155.4,No,No,Improved,2.64
Katsina,Cassava,1.28,628.5,33.6,5.39,Loamy,75.4,No,Yes,Improved,11.16
Sokoto,Sorghum,1.5,304.9,33.5,6.24,Sandy,28,No,No,Local,0.74
Bauchi,Cassava,0.46,905.5,30.9,5.55,Sandy,107.3,Yes,No,Improved,10.44
Bauchi,Cassava,0.99,864.8,34.3,6,Loamy,9.9,Yes,No,Local,7.39
Kano,Rice,1.94,875,32.5,5.98,Loamy,94.9,No,No,Local,2.29
Katsina,Cassava,1.52,404.3,36.3,6.49,Loamy,89.8,Yes,No,Local,9.27
Kogi,Yam,1.8,1351.5,27,5.96,Sandy,129,Yes,No,Improved,9.57
Ogun,Maize,1.08,2366,28.1,6.69,Clay,99,No,No,Improved,2.29
Benue,Rice,1.34,1480.7,31.5,6.34,Clay,111.8,No,No,Local,3.03
Akwa Ibom,Sorghum,0.32,1982.7,29.2,5.53,Clay,109.2,No,Yes,Local,1.41
Ondo,Yam,2.51,1973.5,27.4,4.5,Sandy,29.2,Yes,No,Local,6.66
Ogun,Sorghum,3.01,1956.8,23.3,6.28,Clay,75.6,No,No,Local,1.16
Oyo,Rice,0.98,1983.5,25.8,5.5,Clay,142.9,No,No,Local,2.6
Zamfara,Maize,2.4,898,30,7.41,Clay,154.3,No,No,Local,1.96
Ebonyi,Maize,1.47,2311.5,29.1,6.47,Sandy,114,No,No,Improved,2.64
Ondo,Maize,5.16,1970.5,27.1,7.78,Sandy,72,Yes,No,Local,2.2
Yobe,Sorghum,0.32,564.7,36.9,6.71,Sandy,51.7,Yes,No,Local,1.78
Cross River,Sorghum,1.65,1819.6,29.7,5.77,Clay,82.2,Yes,No,Local,1.36
Ebonyi,Rice,1.62,1578.6,28.2,6.38,Loamy,159.3,No,No,Improved,3.44
Kogi,Rice,1.52,1059.2,29,5.21,Clay,174.9,Yes,No,Local,3.05
Bauchi,Cassava,1.54,868.3,31,5.81,Clay,63.4,Yes,No,Improved,13.76
Bauchi,Yam,2.86,962.7,33.3,6.16,Sandy,102.7,No,No,Local,8.84
Cross River,Rice,1.98,2103,24,6.36,Loamy,94.5,No,Yes,Local,2.89
Lagos,Yam,2.67,2442.5,30,5.99,Loamy,92,No,Yes,Local,6.61
Kaduna,Cassava,3.33,939.1,32.6,5.42,Sandy,25.2,Yes,No,Improved,10.41
Yobe,Cassava,2.1,314.9,38,5.61,Sandy,70.1,No,Yes,Local,8.48
Kano,Yam,0.5,683.8,26.5,4.75,Loamy,151.1,No,No,Local,7.89
Delta,Cassava,0.72,1537.7,25,5.88,Clay,134.9,No,No,Improved,11.13
Katsina,Sorghum,0.2,336.2,33.3,6.04,Sandy,6.9,Yes,No,Local,1.49
Abia,Cassava,3.93,2256.4,27.4,6.74,Clay,113.6,Yes,No,Improved,10.08
Akwa Ibom,Cassava,9.49,2148.8,26.1,5.66,Clay,105.7,No,No,Local,8.34
Imo,Maize,0.2,2124.8,26.1,5.49,Sandy,101.9,Yes,No,Improved,2.35
Kaduna,Maize,1.65,974.3,34.9,6.14,Clay,54,No,No,Local,2.07
Osun,Maize,2.62,1940.2,25.4,6.54,Loamy,90.6,No,Yes,Local,2.24
Benue,Cassava,1.65,1225.8,29.7,5.7,Clay,159.8,Yes,No,Local,9.92
Ogun,Yam,0.47,1743.3,24.1,6.51,Loamy,68.6,No,No,Improved,10.63
Jigawa,Cassava,1.7,359.2,32.9,5.48,Sandy,53.2,No,No,Local,8.13
Bauchi,Cassava,0.53,766.6,32.8,5.89,Clay,59.4,Yes,No,Local,7.49
Imo,Yam,0.35,2464.1,23.7,6.24,Sandy,77,Yes,Yes,Improved,11.28
Plateau,Maize,0.23,1394.4,27.9,7.13,Clay,149.9,Yes,No,Local,2.41
Delta,Sorghum,0.83,2001,28.3,7.35,Clay,92.3,Yes,No,Improved,1.39
Osun,Sorghum,13.18,2290.8,26.7,6.14,Sandy,11.6,No,Yes,Improved,1.38
Benue,Rice,0.71,1449.7,27.5,5.84,Sandy,104.6,Yes,No,Local,3.22
Ondo,Rice,0.51,2068.3,27.3,4.83,Clay,53.3,No,Yes,Local,2.93
Katsina,Sorghum,2.64,582.3,30.5,5.65,Sandy,41.5,Yes,No,Local,1.55
Abia,Sorghum,4.76,2061.1,27.7,5.98,Clay,96.7,No,No,Improved,1.65
Enugu,Maize,1.69,1911.4,29.4,7.67,Clay,111.9,Yes,No,Local,2.01
Borno,Maize,2.74,357.7,33.5,5.71,Clay,86.8,No,No,Local,1.51
Benue,Rice,0.63,1255.3,30.8,5.08,Sandy,87,No,Yes,Local,3.59
Cross River,Maize,2.05,2118.1,25.6,5.46,Clay,68.9,No,No,Improved,2.34
Bauchi,Rice,1.35,936.3,32.8,5.09,Clay,124.2,Yes,No,Improved,3.11
FCT,Sorghum,1.02,1360,29.2,6.53,Sandy,111.7,No,No,Improved,1.45
Bayelsa,Maize,1.58,1873.6,24.9,6.64,Loamy,121.3,No,No,Improved,2.13
Kebbi,Sorghum,0.59,948.3,29.6,7.42,Sandy,123,No,Yes,Local,1.35
Lagos,Sorghum,0.61,2069.2,28.5,6.43,Clay,82.3,No,No,Local,1.05
Katsina,Yam,0.67,526.9,34.7,5.53,Clay,79.7,No,No,Improved,7.34
Ebonyi,Cassava,0.46,1905,25.9,5.83,Clay,157.6,No,No,Local,6.66
Kebbi,Yam,2.69,917.1,32.1,6.14,Clay,52.1,Yes,No,Local,7.3
Abia,Cassava,0.58,1795.1,28.2,5.88,Clay,47.5,No,No,Improved,11.07
Rivers,Maize,4.4,2450.9,29,6.58,Loamy,104.2,No,Yes,Improved,2.58
Imo,Rice,3.26,1903.6,22.7,5.8,Clay,210,Yes,No,Local,2.43
Ekiti,Rice,3.36,2432.7,22.2,6.51,Clay,37.6,No,No,Local,2.14
Kaduna,Yam,8.42,857.2,33.3,5.34,Sandy,126.5,No,Yes,Local,9.86
Nasarawa,Sorghum,1.95,1294.4,25.5,5.23,Sandy,58.7,Yes,No,Local,1.28
Kogi,Cassava,2.07,1449.5,31.3,5.83,Loamy,56.7,Yes,No,Local,6.33
Kano,Yam,0.79,708.7,31.8,7.17,Loamy,90.4,Yes,No,Local,7.59
Anambra,Maize,2.52,2331.6,22.6,5.61,Clay,125.7,Yes,Yes,Local,2.3
Ekiti,Maize,0.56,1915.1,24.5,6.03,Loamy,93.2,No,No,Local,1.7
Akwa Ibom,Yam,0.36,2098.7,25.9,6,Loamy,182.5,No,No,Local,6.3
Zamfara,Sorghum,0.37,611.9,30.3,6.2,Sandy,75.4,No,No,Improved,1.44
Ekiti,Maize,4.15,2113.6,25,7.09,Loamy,68.4,No,No,Local,1.61
Anambra,Rice,5.9,1515.8,24,5.09,Loamy,22.5,Yes,No,Improved,3.03
Kano,Rice,0.84,799,27.4,6.19,Loamy,183.5,No,No,Local,2.73
Kaduna,Cassava,2.57,725,32.7,5.96,Sandy,117.7,Yes,No,Local,5.87
FCT,Maize,0.92,1186.6,25,5.39,Loamy,119.8,No,No,Improved,2.4
Kwara,Sorghum,1.19,1224.7,29.7,7,Clay,61.9,No,No,Local,1.27
Plateau,Rice,5.79,1323.3,27.2,6.49,Clay,171.7,No,No,Improved,3.73
Bayelsa,Sorghum,1.25,2337.9,26.3,6.29,Clay,15.9,No,No,Improved,1.3
Delta,Sorghum,2.18,1547.6,23.6,5.92,Clay,81,No,Yes,Improved,0.62
Enugu,Sorghum,0.49,2371.7,26.4,5.82,Loamy,93.2,No,No,Local,1.25
Ekiti,Cassava,1.2,2185.2,22.2,4.98,Clay,65,Yes,No,Improved,11.01
FCT,Rice,0.83,1316.4,24.3,7.35,Clay,0,No,Yes,Local,0.86
Plateau,Yam,9.28,1116,26.4,6.22,Sandy,96.4,Yes,Yes,Improved,11.52
Lagos,Rice,0.62,2084.1,24.5,4.88,Clay,90.6,No,No,Improved,3.88
Benue,Sorghum,0.65,1142.9,24.2,6.03,Clay,96.4,No,No,Improved,1.59
Ekiti,Cassava,0.37,1561.4,25.4,6.88,Clay,103,No,No,Local,7.4
Lagos,Maize,2.05,2124.8,24,7,Clay,93.8,No,No,Local,1.81
Gombe,Cassava,0.52,825.3,30.8,4.98,Clay,113.8,No,No,Improved,11.61
Kogi,Cassava,1.13,1079.5,29.9,5.97,Loamy,152.5,No,No,Improved,9.08
Niger,Sorghum,4.85,1102.6,27.1,6.18,Clay,77,Yes,No,Local,1.68
Jigawa,Sorghum,2.02,670.2,30.1,6.61,Sandy,86.4,No,No,Local,1.57
Kwara,Yam,3.29,1069.9,24.6,5.32,Clay,97.8,Yes,No,Improved,9.31
Yobe,Sorghum,1.24,477.7,37.3,6.94,Clay,83.7,No,Yes,Local,1.24
Benue,Sorghum,1.1,1461.5,28.3,6.05,Sandy,78.1,No,No,Local,1.11
Sokoto,Cassava,3.27,401.2,35.2,5.85,Sandy,78.2,No,No,Local,8.03
Katsina,Maize,1.52,373.9,34.4,6.39,Sandy,106.4,Yes,No,Local,1.96
Abia,Sorghum,1.14,1664.9,23.3,6.12,Clay,120.1,No,No,Improved,1.03
Imo,Sorghum,2.06,2204,23.8,6.95,Loamy,106.7,Yes,No,Local,1.1
Akwa Ibom,Yam,0.75,1926.2,29.9,6.94,Sandy,86.2,No,No,Local,6.73
Gombe,Maize,1.72,907.7,27.9,5.67,Clay,115.5,Yes,Yes,Local,2.76
Ebonyi,Cassava,7.52,2288.5,28.3,6.85,Loamy,89.2,Yes,No,Improved,10.96
Imo,Rice,4.29,2408,23.4,6.54,Loamy,177.3,Yes,Yes,Improved,4.36
Kano,Maize,0.82,919.1,33.4,6.3,Sandy,117.3,No,No,Local,2.27
Gombe,Yam,0.56,627.8,29.7,6.08,Clay,79,No,No,Local,7.23
Kogi,Maize,0.31,1141.2,24.9,6.57,Loamy,82,No,Yes,Improved,3.13
Borno,Rice,4.08,371.3,33.6,5.73,Sandy,99.2,Yes,No,Improved,3.61
Anambra,Cassava,2.16,1593.1,26.9,6.72,Clay,113.3,Yes,No,Improved,10.93
Abia,Sorghum,3.48,1628.8,25.9,6.34,Clay,0,No,No,Local,0.96
Oyo,Maize,3.01,1780.8,22.4,5.59,Loamy,175.4,Yes,Yes,Improved,3.13
Borno,Sorghum,7,488.6,33.2,5.59,Clay,112.6,No,No,Improved,1.64
Kogi,Rice,1.52,1002.4,29.2,5.51,Loamy,81.6,Yes,No,Local,3.12
Akwa Ibom,Rice,0.68,1877.2,27.3,5.18,Clay,143.1,No,No,Improved,3.91
Katsina,Rice,0.98,320.3,34.2,5.38,Loamy,145.9,Yes,Yes,Improved,3.51
Edo,Rice,0.48,2110.6,23.8,5.96,Clay,116.1,No,No,Improved,3.79
Nasarawa,Yam,0.58,1231.1,30.6,5.87,Loamy,95.9,No,No,Local,7.3
Ondo,Yam,4.64,2196.4,24.3,5.61,Loamy,54.9,No,No,Improved,8.78
Zamfara,Rice,4,633.4,29.7,6.16,Sandy,157.2,No,No,Local,2.94
Sokoto,Rice,1.44,473.1,28.2,5.63,Sandy,64.4,Yes,No,Improved,3.57
Oyo,Rice,3.06,1951.2,26.3,7.69,Loamy,111.3,No,No,Local,2.58
Nasarawa,Yam,2.2,1186.7,28.6,6.08,Clay,69,No,No,Local,8.17
Benue,Maize,1.1,1480.3,26,6.51,Loamy,88,Yes,No,Local,1.93
Ekiti,Sorghum,1.62,1917.7,23.2,5.77,Loamy,42.5,No,No,Improved,1.29
Nasarawa,Rice,1.73,1162.4,26.7,5.33,Clay,128.6,No,No,Local,2.42
Gombe,Yam,3.39,896.8,33.5,5.65,Sandy,81,Yes,No,Improved,10.31
Ekiti,Cassava,1.39,2037.8,23.7,4.48,Loamy,83.7,No,No,Improved,7.89
Ebonyi,Sorghum,1.47,1511.5,24.5,5.04,Loamy,0.1,Yes,No,Local,0.96
Benue,Sorghum,3.06,1035.6,26.6,4.89,Sandy,52.2,No,No,Local,1.29
Cross River,Sorghum,0.5,2268.1,26.2,5.32,Loamy,31.4,No,No,Local,1.1
Benue,Yam,0.3,1017.3,30.7,6.9,Loamy,56.2,No,No,Local,5.03
Bayelsa,Rice,0.91,2191.6,22.8,6.82,Loamy,97.8,Yes,No,Local,2.94
Kwara,Rice,7.63,1380.6,31,6.96,Clay,93.7,No,No,Improved,3.72
Nasarawa,Sorghum,4.15,1176.8,24.4,6.25,Clay,11.1,Yes,No,Local,1.17
FCT,Rice,1.78,1266.2,25.1,6.57,Sandy,42.8,Yes,No,Local,2.81
Edo,Yam,6.91,1705.5,22.1,5.69,Clay,78.4,No,No,Improved,9.33
Ekiti,Maize,1.49,2089.3,24.7,5.64,Clay,79.4,Yes,Yes,Improved,2.98
Zamfara,Maize,1.14,872.1,30.5,5.24,Clay,67.4,No,No,Improved,2.65
Yobe,Maize,2.3,516.1,36.7,5.75,Clay,138.8,Yes,Yes,Improved,2.88
Delta,Sorghum,1.34,2301,22.2,6.79,Clay,0,No,No,Improved,1.03
Bayelsa,Rice,1.04,1982.4,25.4,5.75,Clay,121.4,Yes,No,Improved,4.43
Gombe,Rice,0.76,819.2,27,5.89,Sandy,99.8,Yes,No,Local,2.9
Plateau,Rice,6.57,1122.1,30.7,5.34,Loamy,124.7,Yes,No,Local,2.91
Kebbi,Yam,5.4,865.4,31.5,5.69,Sandy,133.1,Yes,Yes,Improved,12.03
Ogun,Sorghum,3.49,2442.9,23.2,6.58,Loamy,6.1,No,Yes,Local,1.28
Edo,Cassava,1.93,1548,23.1,7.23,Loamy,129.7,No,No,Local,7.93
Nasarawa,Yam,0.57,1351.6,29.6,6.18,Sandy,164,No,No,Improved,7.78
Nasarawa,Yam,2.88,1151.7,26.2,6.28,Loamy,202.4,Yes,No,Improved,9.07
Benue,Sorghum,0.36,1034.6,24,5.35,Loamy,22.2,No,No,Local,1.05
Kogi,Maize,2.14,1433.7,26.8,5.61,Loamy,68.5,No,Yes,Improved,2.92
Bayelsa,Maize,1.49,1578.9,23,5.36,Loamy,89.7,Yes,Yes,Local,2.96
Zamfara,Sorghum,2.64,646.6,31.7,7.13,Loamy,100.8,No,Yes,Improved,1.71
Ogun,Maize,0.91,2249.3,28.3,5.37,Sandy,108.7,No,Yes,Improved,2.77
Bauchi,Cassava,6.68,671.3,26.6,5.47,Loamy,123.3,No,No,Improved,9.45
FCT,Yam,0.55,1069.1,26.7,5.9,Clay,45.1,No,Yes,Local,9.24
Nasarawa,Yam,0.76,1494.7,28.5,5.99,Clay,91.4,Yes,No,Local,8.66
Edo,Cassava,0.84,1962.2,27.6,6.53,Clay,73.7,No,No,Improved,9.78
Sokoto,Yam,1.41,308.4,37.3,5.54,Sandy,60.6,No,No,Improved,5.89
Akwa Ibom,Maize,1.66,1933.4,25.4,5.7,Clay,171.1,Yes,No,Local,1.83
Lagos,Cassava,1.03,1954.4,22.2,6.24,Clay,113.6,Yes,No,Local,9.73
Sokoto,Yam,3.31,534.4,32.2,5.41,Loamy,126,Yes,Yes,Improved,10.66
Sokoto,Maize,1.95,442.7,32.7,5.2,Sandy,165.2,No,No,Improved,2.06
Nasarawa,Maize,0.87,1146.6,29,6.01,Clay,118.7,No,No,Improved,2.64
Borno,Sorghum,6.27,680.1,31,5.39,Sandy,155.3,Yes,No,Improved,1.26
Benue,Cassava,4.48,1391.4,26.9,6.58,Sandy,54.3,Yes,No,Improved,12.24
Imo,Yam,2.35,2127.8,26.1,6.36,Clay,109.5,Yes,No,Improved,10.85
Bayelsa,Sorghum,3.14,1790.2,28.6,4.92,Loamy,19,Yes,No,Improved,1.69
Anambra,Maize,4.11,1990,22.8,5.39,Clay,102.6,No,No,Improved,2.48
Sokoto,Sorghum,0.45,311.6,30,6.23,Sandy,118.5,Yes,No,Local,1.4
Ogun,Rice,3.03,2375.3,23.8,7.89,Loamy,188.1,No,No,Improved,2.79
Kogi,Rice,1.03,1152.6,25.8,5.9,Loamy,119.4,Yes,No,Local,3.61
Benue,Rice,1.45,1400.4,28,5.96,Clay,78.6,No,Yes,Local,3
Oyo,Yam,0.42,1689.3,28.7,5.86,Clay,68.1,Yes,Yes,Local,9.98
Imo,Yam,6.36,1867.1,25.2,6.45,Clay,74.5,Yes,No,Improved,9.2
Kogi,Cassava,0.73,1410.6,29.2,5.04,Loamy,65.6,No,No,Local,8.19
Ekiti,Maize,2.19,2093.5,25.3,6.08,Sandy,91.7,Yes,No,Improved,3.18
Ebonyi,Sorghum,1.05,2444.6,22.1,5.36,Loamy,80.3,Yes,No,Local,1.21
Bauchi,Cassava,2.27,853,26,5.89,Sandy,89.2,No,No,Local,9.52
Kogi,Sorghum,0.54,1077.1,26.6,5.9,Sandy,39.2,Yes,No,Local,1.41
Bauchi,Rice,1.09,917.3,26.9,6.49,Sandy,154.9,No,No,Improved,3.3
Yobe,Maize,4.89,505.9,37.1,6.56,Loamy,117.5,Yes,No,Local,2.15
Plateau,Maize,0.93,1070.6,28.3,6.16,Loamy,151.5,Yes,No,Local,2.31
Niger,Cassava,1.06,1189.6,25.6,6.54,Sandy,103.6,Yes,Yes,Improved,15.92
Cross River,Sorghum,1.75,1837.4,23.4,6.17,Sandy,80.8,No,No,Local,1.16
Anambra,Rice,2.26,2238.1,23.9,6.37,Loamy,134,Yes,Yes,Improved,3.85
Kano,Cassava,0.84,773.7,31.3,6.34,Sandy,119.2,No,No,Local,9.37
Ogun,Cassava,1.44,1504.9,24.8,5.6,Clay,55.4,Yes,No,Improved,10.56
Kano,Sorghum,0.5,729.4,33.7,5.59,Sandy,41,No,No,Local,1
FCT,Yam,1.02,1327.3,29,4.98,Loamy,64.4,No,No,Improved,8.85
Jigawa,Cassava,1.84,532.4,28.6,4.89,Sandy,102.1,Yes,No,Improved,11.36
Ogun,Sorghum,3.43,2349.2,25.7,5.82,Loamy,111.4,No,No,Improved,1.3
Ondo,Rice,0.6,2191,29.9,5.31,Loamy,95.5,Yes,No,Improved,3.98
Akwa Ibom,Maize,0.87,2116.5,29.6,5.62,Loamy,134.8,Yes,No,Local,2.28
Akwa Ibom,Rice,0.41,2011.4,22.2,6.14,Clay,133.2,No,No,Improved,3.86
Kano,Yam,1.8,794.7,34.8,5.79,Clay,138.5,Yes,No,Improved,10.29
Nasarawa,Sorghum,2.86,1056.4,27.5,5.74,Clay,54.8,Yes,No,Local,1.35
Borno,Cassava,0.88,443.2,36.6,6.29,Sandy,146.9,Yes,No,Local,6.07
Nasarawa,Yam,0.91,1145.2,25.3,6.79,Sandy,188,No,No,Local,6.56
Kwara,Maize,0.62,1198.2,28.2,6.51,Sandy,93.4,Yes,No,Local,2.81
Ekiti,Maize,7.03,1956.3,28.7,5.97,Clay,173.8,No,Yes,Local,1.84
Lagos,Sorghum,1.04,2395.7,23.8,4.71,Loamy,32.8,No,No,Improved,1.19
Bauchi,Rice,1.66,853.6,34,5.74,Loamy,78.5,No,No,Local,2.58
Kano,Maize,2.93,627,33.5,4.96,Clay,103.3,No,No,Improved,2.87
Rivers,Sorghum,2.03,2348.1,23.2,6.49,Clay,20.1,Yes,No,Improved,1.4
Katsina,Yam,0.87,629,34.6,6.35,Clay,128.7,No,No,Local,6.51
Niger,Rice,1.54,1187,28.7,6.17,Sandy,72.1,No,No,Local,2.82
Gombe,Sorghum,2.28,659.4,26.3,6.55,Sandy,115.7,No,Yes,Improved,1.96
Nasarawa,Yam,0.23,1314.8,30.1,5.67,Loamy,76.4,No,Yes,Improved,11.79
Ogun,Cassava,1.25,2100.4,23,6.89,Clay,119.8,No,No,Improved,7.92
Anambra,Cassava,0.6,1691,29.2,6.46,Clay,79.4,Yes,Yes,Improved,12.29
Yobe,Maize,1.03,353.4,35.1,6.21,Sandy,98.6,No,No,Local,1.77
Ekiti,Rice,0.51,2195,25.9,4.15,Clay,60.6,Yes,No,Improved,3.15
Katsina,Maize,2.22,368.8,30.5,5.48,Sandy,82,Yes,No,Improved,2.68
Akwa Ibom,Cassava,0.44,1738.2,24.8,7.32,Clay,45.5,No,No,Improved,9.23
Zamfara,Rice,2.66,897.3,29.7,4.93,Sandy,59.1,Yes,No,Local,2.35
Ogun,Sorghum,3.47,2149.7,29.5,6.06,Loamy,62.5,No,No,Local,1.2
Anambra,Maize,0.8,1899.9,23.2,5.97,Clay,116,Yes,Yes,Improved,2.76
Edo,Yam,1.18,2234.6,28.8,6.1,Clay,69.7,No,No,Improved,9.85
Oyo,Rice,1.21,1855.4,23.6,5.26,Loamy,86.3,No,No,Local,2.97
Osun,Yam,2.44,1744.4,23.1,6.69,Clay,188.3,Yes,No,Improved,8.81
Kebbi,Rice,1.59,646.1,27.4,4.03,Loamy,170.2,No,Yes,Improved,3.23
Katsina,Maize,3.73,652.6,29.5,5.94,Clay,205.8,No,No,Local,1.81
Enugu,Rice,2.17,2193.5,28,5.96,Loamy,135.1,No,No,Local,2.77
Kano,Rice,0.6,665.9,30.8,6.56,Sandy,103.6,Yes,No,Improved,3.89
Kebbi,Rice,0.96,701.3,27.4,6.2,Loamy,174.3,No,No,Local,2.53
Gombe,Maize,2.09,819.1,31.7,5.91,Sandy,149.7,No,No,Improved,2.05
Ekiti,Rice,0.93,1670.3,29.8,7.53,Sandy,29.7,Yes,No,Local,3.03
Benue,Sorghum,1.05,1202.5,30.2,5.56,Sandy,54.6,Yes,No,Improved,2.12
Borno,Cassava,1.06,662.2,29.3,5.34,Loamy,0.8,No,No,Improved,8.33
Plateau,Sorghum,3.7,1309,30.6,6.52,Loamy,91.1,No,No,Local,1.19
Lagos,Rice,7.98,2156.3,29.7,5.48,Loamy,95.9,Yes,No,Local,3.46
Anambra,Sorghum,2.88,2097.2,28.2,7.4,Clay,9.8,No,No,Local,1.14
Lagos,Sorghum,2.72,2111.9,28,5.82,Clay,73.4,No,No,Improved,1.2
Sokoto,Yam,1.44,434.2,30.3,6.96,Loamy,151,Yes,No,Improved,7.19
Akwa Ibom,Rice,2.09,2328.3,27.4,5.02,Loamy,135.9,Yes,No,Improved,4.07
Gombe,Yam,1.47,703.7,33.5,6.31,Sandy,122.6,No,No,Local,5.55
FCT,Rice,0.81,1236.1,31.8,5.93,Clay,111.8,Yes,No,Local,3.07
Bayelsa,Cassava,3.33,1961,29.5,5.72,Loamy,84.7,Yes,No,Local,10.45
Edo,Rice,0.46,1568.3,23.5,7.5,Loamy,116.4,Yes,No,Improved,3.25
Ogun,Cassava,1.32,2417.4,23.9,5.55,Clay,44,Yes,No,Local,8.15
Delta,Maize,1.62,1553.2,27.5,4.66,Loamy,51,No,Yes,Local,1.95
Osun,Cassava,1.17,2181.2,24.7,6.51,Clay,111.7,No,No,Improved,11.8
Jigawa,Cassava,0.93,652.4,32.5,6.19,Clay,105,No,No,Local,8.87
Kwara,Rice,0.42,1405.6,28.6,6.64,Clay,132.8,No,No,Improved,3.54
Imo,Rice,0.53,1821.8,26.7,6.16,Sandy,147,No,No,Local,3.64
Benue,Yam,0.3,1242.3,28.4,6.84,Sandy,153.6,No,No,Local,6.55
Bauchi,Sorghum,3.87,842.4,31.4,6.93,Clay,97.1,No,No,Improved,1.74
Imo,Rice,0.24,1763.5,24.5,5.92,Clay,119.2,Yes,No,Improved,4.4
Lagos,Yam,2.12,2389.5,23.8,6.3,Sandy,124.7,No,No,Local,5.82
Ekiti,Maize,3.85,2483,24,6.36,Clay,133.2,No,No,Improved,2.22
Ebonyi,Maize,0.45,2077.9,24.3,6.09,Clay,167.7,No,No,Local,1.97
Zamfara,Maize,1.63,649.7,31,7.16,Sandy,188.1,No,Yes,Improved,2.78
Edo,Maize,2.64,1897,26.5,6.02,Sandy,175.4,Yes,No,Local,2.36
Katsina,Rice,0.66,416.6,34.7,6.37,Sandy,98.3,Yes,No,Local,3.21
Zamfara,Yam,3.26,619.6,31,6.18,Loamy,103,Yes,No,Local,7.96
Oyo,Sorghum,0.6,1789.3,23.3,6.32,Loamy,32.4,No,No,Local,1.2
Gombe,Maize,3,951.2,31,7.1,Sandy,100.5,No,No,Improved,2.68
Nasarawa,Maize,0.22,1202.5,28,5.68,Loamy,159.8,Yes,Yes,Local,3
Imo,Sorghum,1.44,1902.6,24.8,5.18,Loamy,136.1,No,No,Local,0.78
Plateau,Yam,0.58,1498.6,27.5,5.63,Clay,70.4,No,No,Local,7.84
Gombe,Maize,1.55,970.4,27.5,7.42,Clay,107.2,Yes,No,Improved,3.22
Enugu,Rice,0.49,1636.1,22,5.37,Loamy,53.7,No,No,Improved,3.48
Akwa Ibom,Cassava,0.41,2356.1,29.1,6.84,Loamy,116.4,No,No,Local,8.61
Akwa Ibom,Rice,0.72,1979.1,24,6.2,Clay,80,Yes,No,Local,3.64
Benue,Sorghum,2.92,1301.6,28.6,6.27,Loamy,110.9,No,No,Improved,1.11
Niger,Rice,0.62,1215,29.7,4.81,Clay,61.9,No,No,Local,2.43
Osun,Sorghum,0.6,1597.3,26.3,6.52,Clay,73.9,Yes,No,Improved,1.37
Edo,Maize,1.32,1575.3,25,5.68,Clay,167,No,No,Local,2.37
Jigawa,Maize,23.79,658.9,29.8,5.56,Sandy,180.8,No,No,Local,1.89
Borno,Maize,2.26,338,34.5,4.57,Sandy,34.7,No,Yes,Improved,2.37
Akwa Ibom,Maize,7.3,2345,24,5.71,Clay,90.7,No,No,Local,1.99
Ekiti,Cassava,0.82,1885.1,27.6,6.6,Loamy,108.9,No,No,Improved,9.1
Kwara,Maize,1.12,1396.9,27.1,5.01,Loamy,71.5,No,Yes,Local,2.63
Osun,Cassava,0.42,2011.8,23.3,5.32,Sandy,48,Yes,No,Improved,11.16
Sokoto,Yam,1.24,658.6,29,6.88,Loamy,88.6,No,No,Local,7.2
Anambra,Yam,0.83,1948,28.3,7.78,Sandy,139.6,No,Yes,Improved,7.43
Edo,Rice,0.85,1786.2,27,6.91,Loamy,108.9,No,No,Improved,3.33
Imo,Yam,0.3,2319.3,25.3,5.81,Clay,113,Yes,Yes,Local,6.86
Lagos,Rice,0.94,2406.1,24.4,6.36,Clay,95.3,No,No,Local,1.21
Zamfara,Cassava,3.09,616.7,32.2,6.43,Clay,54.8,Yes,No,Improved,8.42
Oyo,Sorghum,0.2,1976.1,23.9,5.77,Clay,77.5,No,No,Improved,1.31
Akwa Ibom,Maize,2.23,1668.1,27.8,5.97,Loamy,90.7,No,Yes,Local,2.14
Ekiti,Rice,0.85,1918.3,27.5,5.97,Loamy,53.8,Yes,No,Improved,3.07
Ekiti,Cassava,3.69,1833.6,26.8,7,Loamy,112.6,Yes,No,Improved,10.21
Kogi,Maize,1,1124.6,32,5.47,Loamy,130.1,No,No,Improved,2.99
Abia,Yam,1.9,1519.9,29.5,5.81,Loamy,105.7,No,No,Local,9.07
Kaduna,Sorghum,1.28,777.3,28.2,5.58,Sandy,97.4,Yes,Yes,Improved,1.63
Niger,Cassava,3.33,1365.3,29.5,6.21,Clay,86.6,No,No,Local,6.18
Akwa Ibom,Cassava,0.56,2131.8,23.6,5.72,Clay,17.7,Yes,Yes,Improved,11.32
Osun,Yam,0.71,2303.5,28,6.24,Loamy,128.4,No,No,Local,8.9
Cross River,Cassava,2.37,2438.1,29.2,5.05,Clay,137.6,Yes,No,Local,7.49
Ogun,Sorghum,0.67,1525,25.4,5.87,Clay,64.8,No,No,Improved,1.27
Akwa Ibom,Cassava,2.29,1898,26,5.93,Loamy,57,No,Yes,Improved,13.07
Bayelsa,Cassava,1.37,2340.2,28.5,6,Clay,82.6,Yes,No,Improved,12.35
Ogun,Cassava,0.42,2019.2,29,5.45,Loamy,142.7,Yes,Yes,Improved,6.43
Borno,Cassava,0.77,340.5,37,6.28,Sandy,98.9,No,Yes,Local,9.12
Ekiti,Rice,0.57,1852.7,22.3,6.17,Loamy,159.5,No,No,Improved,3.94
FCT,Yam,0.62,1369.8,27.3,4.82,Loamy,104.8,No,Yes,Improved,11.59
Bayelsa,Maize,1.69,1920.9,27.5,5.63,Loamy,165.2,Yes,Yes,Improved,3.39
Oyo,Rice,1,1647.4,27.3,5.81,Clay,107.7,Yes,No,Local,3.3
Oyo,Maize,0.97,1875.6,24.3,5.7,Clay,140.4,No,No,Improved,2.93
Edo,Cassava,1.43,1873.7,26.2,6.31,Sandy,71.3,Yes,No,Improved,13.62
Plateau,Maize,2.15,1017.3,26.1,4.84,Loamy,114.2,Yes,No,Local,2.01
Adamawa,Cassava,0.59,1422.9,26.9,6.36,Loamy,79.6,Yes,No,Local,10
Niger,Yam,0.79,1305,30.7,6.05,Clay,130.9,No,No,Local,6.78
Ekiti,Sorghum,0.84,1883.2,22.5,5.57,Loamy,74.1,Yes,No,Improved,1.76
Kano,Cassava,2.49,969.3,28.3,6.7,Loamy,97.3,No,No,Local,9.28
Lagos,Rice,3.88,1924.8,23.8,5.44,Loamy,138.5,Yes,No,Local,2.61
Niger,Sorghum,0.71,1047.8,27.4,5.24,Sandy,92.9,No,No,Improved,1.6
Zamfara,Cassava,1.89,651.9,28.5,5.17,Loamy,29.4,No,No,Improved,10.13
FCT,Maize,1.46,1108.9,24.4,5.72,Loamy,111.4,No,No,Local,2.34
Nasarawa,Rice,10.49,1146.2,31.6,4.89,Loamy,88.9,Yes,No,Local,2.09
Niger,Maize,3.41,1200.5,28.3,6.35,Clay,119.4,No,No,Improved,1.61
Rivers,Rice,1.5,1922.8,24.8,5.9,Loamy,26.6,Yes,No,Improved,3.13
Niger,Cassava,0.45,1372.1,25.7,5.16,Sandy,90.3,No,No,Local,8.07
Abia,Sorghum,5.3,2010.1,26.5,6.41,Sandy,67.6,No,No,Local,1.07
Cross River,Yam,0.52,1896.7,27.7,5.56,Loamy,98.1,No,No,Local,6.89
Adamawa,Yam,5.04,1375.8,24.9,5.81,Loamy,52.2,No,No,Local,6.84
Kano,Rice,0.3,602.7,27.7,5.72,Clay,92.2,No,No,Local,2.98
Bauchi,Cassava,5.83,929.7,33.6,5.94,Loamy,32.1,Yes,No,Improved,12.6
Jigawa,Rice,1.04,582.3,36.9,6.93,Sandy,9.7,Yes,No,Improved,2.62
Bauchi,Yam,7.82,783.3,27.1,6.17,Clay,65.2,Yes,No,Local,6.79
Ogun,Maize,1.92,1692.8,27.5,5.48,Loamy,118.9,No,No,Improved,2.55
Edo,Maize,3.22,2261.4,27.2,5.7,Clay,202.2,No,No,Local,1.68
Rivers,Maize,3.07,2051.5,24.8,5.81,Clay,182.2,Yes,Yes,Improved,2.98
Zamfara,Rice,4.29,973.1,30.4,5.65,Loamy,141.2,Yes,No,Improved,3.79
Oyo,Rice,2.05,2105.5,25.6,6.48,Clay,153.5,No,Yes,Improved,4.32
Sokoto,Yam,1.67,434.2,36.5,6.16,Sandy,124.4,No,No,Improved,7.72
Kwara,Rice,0.97,1386.7,24.8,5.83,Loamy,42.3,Yes,No,Improved,3.62
Ondo,Rice,0.81,1726.2,23.4,6.17,Loamy,56.9,Yes,No,Local,3.07
FCT,Yam,0.85,1276.2,25.9,5.89,Loamy,82,No,No,Local,7.64
Ogun,Cassava,0.55,2098.1,28.6,6.26,Loamy,91,No,No,Local,7.88
Osun,Sorghum,2.02,1675.7,26.1,4.5,Loamy,18.4,Yes,No,Improved,1.4
Imo,Yam,0.31,2093.2,26.4,5.53,Clay,154.4,No,No,Improved,9.15
Kwara,Cassava,2.23,1149.8,29.2,5.95,Sandy,97.4,No,No,Improved,9.44
Enugu,Yam,5.32,2212.7,23,6.11,Clay,151.6,No,No,Improved,8.7
Imo,Yam,1.86,2489.7,29.4,6.17,Loamy,110.4,No,No,Local,8.15
Ogun,Yam,0.82,2342.2,24.3,6.07,Loamy,152.3,No,No,Local,2.56
Ekiti,Maize,3.35,2224.7,22,6.76,Clay,51.6,Yes,No,Improved,2.36
Anambra,Yam,0.93,1609.1,23.7,7.32,Loamy,159.7,Yes,No,Local,6.96
Cross River,Cassava,0.34,2263.2,27.7,6.62,Clay,75.5,No,No,Local,8.71
Niger,Rice,1.99,1050.5,25.5,5.09,Loamy,131.8,No,No,Local,3
Niger,Rice,1.84,1305.9,29.9,6.3,Clay,167.2,Yes,No,Local,3.7
Katsina,Rice,0.2,471.3,33.2,5.91,Sandy,106.6,No,No,Local,2.94
Bauchi,Sorghum,1.13,964.7,29.6,6.04,Sandy,40.5,No,No,Local,1.32
Nasarawa,Rice,0.9,1328.3,31.8,6.31,Sandy,39.4,No,No,Improved,2.91
Rivers,Rice,3.87,1558.9,25.5,6.03,Loamy,105.1,No,No,Local,2.62
Adamawa,Sorghum,0.56,1330,27.4,6.49,Loamy,51.2,Yes,No,Local,1.5
Zamfara,Rice,7.47,707.3,29.5,7.46,Clay,87.9,Yes,Yes,Local,3.07
Taraba,Rice,0.88,1444.8,25.1,6.86,Clay,99.6,No,No,Local,2.48
Bauchi,Rice,0.61,951.3,28.2,5.6,Loamy,128.4,Yes,No,Local,3.57
Kaduna,Sorghum,2.69,670.3,29,5.49,Clay,54.6,Yes,No,Improved,1.89
Kaduna,Rice,1.31,612.2,34.6,4.58,Sandy,124.2,No,No,Local,2.37
Sokoto,Yam,0.2,458.3,31.4,6.92,Loamy,98.9,No,Yes,Local,7.12
Kano,Rice,0.66,689,28.6,6.45,Sandy,148.9,No,No,Improved,3.65
Borno,Cassava,9.77,476.9,37,6.83,Sandy,83.8,No,Yes,Local,9.23
Bayelsa,Rice,1.96,2095.7,27,5.99,Loamy,84.1,No,Yes,Local,2.81
Kwara,Sorghum,2.65,1387,26.8,6.11,Loamy,87.3,No,No,Local,1.33
Delta,Rice,3.05,1730.9,28.2,5.13,Loamy,156.1,Yes,No,Local,2.96
Imo,Yam,1.74,2105.8,26.8,4.92,Sandy,35.8,No,No,Local,7
Imo,Sorghum,0.82,1803.8,26.7,6.87,Clay,55.7,Yes,No,Improved,1.46
Zamfara,Yam,0.42,751.4,30.2,6.54,Sandy,72.6,No,No,Improved,10.16
Abia,Sorghum,0.64,1675.7,23,5.31,Loamy,74.6,Yes,No,Local,1.45
Kogi,Cassava,7.64,1472,28.9,5.1,Loamy,69.4,No,No,Improved,10.08
Lagos,Cassava,0.5,2317.9,26.4,5.39,Sandy,106.7,No,Yes,Local,10.16
Bauchi,Sorghum,0.94,842.2,34.2,5.08,Sandy,28.2,No,No,Local,1.22
Anambra,Cassava,3.11,1848.7,28.3,5.68,Sandy,61.9,No,No,Improved,3.22
Gombe,Cassava,1.53,758.9,27.5,6.02,Sandy,82.9,Yes,No,Local,10.14
Ekiti,Yam,2.49,1995.9,25.5,5.95,Loamy,125.4,No,No,Local,7.07
Abia,Maize,0.24,1595.7,28.1,5.88,Clay,165.8,No,No,Local,1.95
Ebonyi,Rice,1.25,2191.8,24.2,5.55,Clay,77.9,No,No,Local,2.64
Bauchi,Rice,1.85,961.7,32.9,5.29,Sandy,168.5,No,No,Local,2.53
Jigawa,Cassava,1.35,699.2,32.5,6.26,Sandy,99.6,No,No,Local,10.22
Enugu,Yam,2.02,2226.5,22.4,6.12,Clay,169.2,No,No,Improved,7.85
Yobe,Sorghum,3.03,514,34.6,5.98,Loamy,32,No,No,Local,1.19
Kebbi,Maize,15.27,794.3,26,5.04,Sandy,70.1,Yes,No,Improved,2.81
Ondo,Yam,0.53,1699.3,28,5.44,Loamy,150.5,Yes,No,Improved,11.82
Gombe,Yam,2.67,865.3,33.5,5.22,Loamy,102,No,No,Local,7.28
Kaduna,Maize,2.09,783.1,30.3,6.9,Sandy,125.2,No,No,Improved,2.67
Ekiti,Yam,0.93,1790,26.5,6.23,Clay,148.2,No,Yes,Local,9.4
Abia,Maize,3.05,2081,27.3,5.28,Clay,120.6,No,No,Improved,2.48
Kwara,Rice,0.62,1407.3,31.1,5.92,Loamy,115.2,Yes,Yes,Improved,5.63
Jigawa,Sorghum,3.51,386.3,33.4,5.61,Sandy,46.7,Yes,No,Improved,1.58
Bauchi,Yam,2.27,706.7,32.1,7.27,Loamy,99.3,No,No,Improved,9.26
Ebonyi,Yam,1.29,2054.9,30,6.28,Clay,23.1,Yes,No,Improved,9.39
Bayelsa,Cassava,0.63,2387.5,25.5,5.03,Loamy,119.4,No,No,Local,8.85
Osun,Yam,3.51,2328.5,24.3,5.54,Clay,117.7,No,No,Local,4.3
Enugu,Sorghum,1,1922.4,24.2,5.74,Sandy,33.2,No,No,Local,1.13
Kano,Sorghum,1.92,722.3,32.5,5.76,Sandy,55.1,No,No,Local,1.72
Kano,Rice,1.38,952.7,28.9,6.34,Loamy,60.9,Yes,No,Local,3.04
Kano,Maize,2.98,893,30.4,5.75,Loamy,91.6,Yes,No,Improved,1.75
Kebbi,Rice,0.91,896.5,29.6,6.3,Clay,157.7,Yes,No,Local,2.92
Oyo,Cassava,0.68,2124.3,29.7,6.15,Loamy,70.1,Yes,No,Local,9.06
Akwa Ibom,Cassava,2.5,2124.5,29.5,5.49,Sandy,29.2,No,No,Local,8.55
Nasarawa,Yam,0.41,1058.1,27,6.12,Loamy,204.4,No,Yes,Local,7.32
Bayelsa,Sorghum,3.92,2259,24.2,6.28,Sandy,85,Yes,No,Local,1.23
Taraba,Cassava,0.2,1198.8,24.6,5.63,Sandy,131.2,No,No,Improved,10.08
Ebonyi,Sorghum,3.2,1686.5,27.4,6.81,Loamy,44.8,No,No,Improved,1.36
Edo,Sorghum,10.54,1685.9,23.4,5.58,Loamy,39,No,Yes,Improved,0.92
Zamfara,Cassava,0.51,822.2,27.4,6.34,Clay,91,Yes,Yes,Improved,15.19
Plateau,Cassava,0.57,1036,27,5.27,Loamy,55.8,Yes,No,Local,9.12
Kano,Cassava,0.54,852.7,26.9,6.16,Loamy,28,No,No,Improved,8.32
Kano,Yam,2.5,837.6,27.4,5.53,Loamy,79.7,Yes,Yes,Local,11.4
Nasarawa,Yam,2.72,1472.7,27.5,4.92,Loamy,92.7,No,No,Improved,8.21
Lagos,Sorghum,0.78,2153.5,27.6,7.01,Clay,90.3,No,Yes,Local,1.33
Yobe,Sorghum,0.29,476.2,28.7,5.98,Sandy,42.1,No,No,Local,1.65
Niger,Cassava,0.55,1195.7,30.5,5.97,Clay,136.4,Yes,No,Local,8.06
FCT,Yam,2.58,1084.4,30.3,6.05,Loamy,61.3,No,No,Local,7.98
Bayelsa,Sorghum,0.22,1773,25.1,5.55,Clay,22.2,No,No,Local,0.95
Bauchi,Maize,0.61,693.6,32,5.68,Clay,82.7,Yes,No,Improved,2.72
Nasarawa,Cassava,0.55,1404.2,30.5,5.63,Sandy,158.2,No,No,Local,8.07
Cross River,Rice,2.79,1946.1,27.6,5.33,Clay,95.2,No,No,Local,2.86
Bayelsa,Yam,1.24,1938.5,27,5.09,Sandy,89.3,No,No,Improved,9.39
Kano,Yam,2.04,751.7,30,7.07,Clay,159.1,No,No,Improved,7.63
Bauchi,Sorghum,4.21,630.4,29.7,5.84,Clay,28.6,Yes,No,Improved,1.6
Akwa Ibom,Sorghum,1.79,2329.5,22.2,6.66,Loamy,32.9,No,No,Local,0.99
Plateau,Rice,4.28,1030.7,28.1,5.74,Loamy,139.6,Yes,Yes,Local,3.59
Benue,Maize,1.95,1272.3,31.4,6.58,Sandy,114.7,No,No,Local,2.08
Jigawa,Maize,0.7,313.3,32.7,6.16,Sandy,161.6,Yes,No,Local,1.95
Delta,Rice,0.85,2198.6,23.4,6.28,Loamy,83.5,No,No,Local,3.19
Rivers,Cassava,1.49,2107.9,28.5,5.48,Clay,126.4,No,Yes,Improved,13.21
Oyo,Sorghum,1.47,2317.4,26.5,5.75,Sandy,62,Yes,No,Improved,1.63
Lagos,Rice,3.03,2174.7,25.2,5.51,Clay,84.1,Yes,No,Improved,4.01
Lagos,Rice,1.82,1505.6,27.7,6.27,Sandy,87.5,No,Yes,Local,2.33
Katsina,Maize,1.56,415.3,35.2,6.83,Loamy,139.3,No,No,Improved,2.58
Bauchi,Sorghum,1.34,872,34.1,6.5,Clay,76.9,Yes,No,Improved,2.06
Plateau,Yam,0.87,1469.9,25.8,6.18,Clay,104.4,No,No,Improved,11.49
Benue,Sorghum,8.97,1425.4,25.3,6.13,Loamy,0,No,No,Local,1.16
Anambra,Rice,2.34,1931.5,27.7,6.95,Clay,94.5,No,No,Improved,2.83
Zamfara,Rice,3.63,918.7,34.8,7.13,Sandy,113.5,Yes,No,Local,2.4
Yobe,Rice,0.36,429.6,31.3,5.93,Sandy,108.5,No,No,Improved,2.86
Osun,Sorghum,0.56,2333.8,26,6.47,Clay,36.1,Yes,No,Local,1.29
Zamfara,Cassava,4.69,627.5,31.8,5.63,Sandy,128,Yes,Yes,Local,12.28
Borno,Rice,2.68,618.4,33.4,5.89,Sandy,97.5,No,No,Improved,3.3
Ogun,Yam,3.32,1821.7,23.3,6.39,Sandy,56.4,Yes,No,Local,8.07
Abia,Rice,1.65,2180.5,29.9,5.96,Loamy,138,No,No,Improved,3.47
Anambra,Maize,16.71,1668.1,26.4,6.23,Clay,74.1,Yes,No,Improved,2.91
Jigawa,Maize,0.99,358.4,31.3,6.57,Loamy,88.7,No,No,Improved,2.44
Oyo,Sorghum,2.08,2132.2,29.2,6.06,Clay,6.2,No,No,Local,0.94
Enugu,Maize,0.48,1898.7,25.9,6.14,Clay,101.3,No,No,Improved,2.6
Imo,Rice,3.36,2329.8,28.6,6.12,Clay,116.7,Yes,No,Local,3.16
Osun,Sorghum,2.65,1708.9,26.5,7.06,Clay,49.2,Yes,No,Local,1
Kwara,Sorghum,0.73,1244.8,26.2,5.81,Clay,8.6,Yes,No,Local,0.99
Bauchi,Rice,2.98,813.7,29.8,5.82,Loamy,120.6,Yes,No,Improved,1.25
Ondo,Rice,1.93,1572.4,29.1,5.24,Clay,175.3,No,Yes,Local,2.83
Nasarawa,Yam,1.33,1044,29.6,6.21,Loamy,61,Yes,No,Local,8.49
Kaduna,Yam,0.2,611.9,28.7,7.27,Clay,150.4,No,No,Improved,8.65
Imo,Maize,2.07,1990.6,29.1,6.54,Loamy,150.9,No,No,Local,2.03
Bauchi,Cassava,0.63,997.9,29.4,5.59,Clay,46.8,No,No,Improved,10.22
Oyo,Maize,6.17,2495.7,28.3,6,Loamy,176.3,No,Yes,Local,2.39
Borno,Sorghum,1.05,319.4,35.7,5.41,Sandy,63.7,No,No,Local,1.31
Nasarawa,Maize,1.44,1098.6,29.4,6.09,Sandy,133.3,No,No,Local,2.32
Akwa Ibom,Yam,2.35,1819.4,27.5,6.17,Sandy,136.7,Yes,Yes,Improved,11.35
Oyo,Maize,1.98,1755.5,27.7,4.85,Sandy,124.9,Yes,No,Local,2.47
Kano,Maize,0.56,702.2,32.1,6.39,Clay,155.2,No,Yes,Local,2.35
Kebbi,Yam,2.06,928.6,29.8,6.57,Loamy,43.6,No,No,Local,4.98
Sokoto,Rice,2.94,539.1,31.2,7.07,Loamy,172.5,No,No,Local,2.53
Kwara,Cassava,3.65,1402.2,28.2,4.91,Loamy,57.6,Yes,Yes,Local,8.84
Kwara,Maize,1.18,1414.2,30.5,5.76,Loamy,178.7,Yes,No,Improved,2.8
Kebbi,Sorghum,1.45,674.8,27.9,5.81,Loamy,71.3,Yes,No,Improved,2.29
Taraba,Cassava,1.44,1274,29.3,5.22,Loamy,49.5,No,No,Improved,11.7
Taraba,Rice,1.68,1389.2,25.1,5.47,Loamy,112.4,No,No,Improved,3.74
Ebonyi,Maize,7.75,1578.4,26.1,6.33,Clay,167.3,No,No,Local,2.26
Imo,Rice,0.69,2358.7,25.8,5.91,Clay,102.5,No,No,Improved,3.93
Delta,Yam,1.14,2204.5,23.9,5.16,Clay,117.6,No,No,Local,6.55
Bayelsa,Yam,0.79,2429,23.1,5.99,Sandy,83.4,Yes,No,Local,7.8
Ogun,Rice,4.06,1747.3,22.5,4.78,Clay,121.7,No,No,Local,2.49
Bauchi,Yam,4.55,646.2,26.1,5.11,Sandy,85.3,No,No,Local,8.05
Imo,Maize,2.95,2086,30,5.71,Clay,89.3,No,No,Local,1.89
Benue,Rice,1.89,1139,26.9,5.19,Loamy,30.3,Yes,No,Improved,3.33
Kano,Maize,2.69,850.9,28.6,6.72,Loamy,190.4,No,No,Improved,2.67
Bauchi,Sorghum,1.8,629.6,29.8,6.21,Clay,107.5,No,No,Local,1.24
Zamfara,Cassava,1.58,706.5,27.8,7.06,Loamy,74.2,Yes,Yes,Improved,13.17
Taraba,Cassava,1.07,1044.1,28.1,5.91,Sandy,81.3,No,Yes,Local,11.44
Kano,Rice,0.49,926,29,6.61,Loamy,73,No,No,Improved,3.94
Osun,Cassava,3.21,1518.9,27.7,6.34,Loamy,124.6,No,No,Improved,11.16
Delta,Maize,2.63,1964.4,25.1,6.31,Clay,124.7,No,No,Improved,2.23
Plateau,Yam,2.14,1368.1,26.3,6.84,Loamy,193.9,Yes,No,Improved,9.96
Ekiti,Cassava,2.7,1681.3,25.1,7.43,Clay,80.9,No,No,Improved,8.61
Borno,Yam,2.02,359.8,34.2,5.11,Loamy,78.5,No,No,Local,6.44
Edo,Rice,2.11,1763.3,29.9,5.95,Clay,116.2,No,No,Local,2.77
Yobe,Rice,2.87,397.4,29.9,4.64,Sandy,165.6,No,No,Improved,3.29
Ondo,Cassava,2.59,1769.2,27,6.03,Loamy,101,Yes,Yes,Improved,10.78
Kaduna,Maize,0.92,986.8,30.9,6.24,Clay,107.2,No,No,Local,1.68
Plateau,Maize,1.99,1422.6,31.8,6.81,Sandy,116,Yes,No,Local,2.19
Kogi,Yam,4.05,1293.6,31,6.81,Loamy,66.9,No,No,Local,7.2
Zamfara,Rice,2.04,862.4,28.4,5.22,Loamy,144.4,No,No,Local,2.8
Zamfara,Yam,3.08,936.8,31.8,6.15,Sandy,12,Yes,No,Local,6.78
Osun,Cassava,1.06,1810.5,27,6.81,Clay,126.9,No,No,Local,8.51
Cross River,Cassava,3.02,2467.6,24.4,5.96,Loamy,59.8,Yes,No,Local,9.53
Borno,Cassava,1.47,460,30.8,6.26,Loamy,99.5,No,No,Improved,4.69
Enugu,Cassava,0.21,1652.5,25.4,6.2,Clay,97.2,No,No,Improved,13.67
Ekiti,Cassava,2.5,1603.2,23.8,6.09,Sandy,192.6,No,Yes,Local,6.09
Rivers,Sorghum,1.42,2105.9,23.6,5.62,Clay,47.9,Yes,No,Local,1.03
Plateau,Yam,0.5,1409.7,27.9,6.63,Sandy,64,No,No,Local,8.85
Delta,Cassava,0.65,2408.1,28.9,6.78,Clay,98.6,No,No,Improved,11.18
Kebbi,Rice,5,696.1,33.5,7.28,Loamy,160.9,No,No,Improved,3.2
Akwa Ibom,Sorghum,0.57,1911.8,24.4,5.88,Clay,0,No,No,Improved,1.08
Akwa Ibom,Maize,1.91,1946.5,25,7.03,Loamy,156.2,No,No,Local,2.18
Gombe,Sorghum,0.22,685.4,32.1,5.41,Clay,75.2,No,Yes,Local,0.47
Imo,Sorghum,0.47,2296.8,22.9,6.86,Sandy,44.7,Yes,No,Local,1.39
Kano,Cassava,1.01,639.3,30.3,6.13,Sandy,70.5,No,No,Improved,10
Oyo,Sorghum,0.64,2441.3,27.1,6.39,Clay,90.3,No,No,Improved,0.51
Imo,Rice,1.99,2046.7,25.2,6.35,Clay,107.8,No,No,Improved,4.08
Gombe,Rice,1.04,829.2,34.7,5.84,Loamy,143.7,No,No,Improved,3.79
Zamfara,Cassava,0.83,939.4,31.4,6.96,Clay,125.2,No,No,Improved,9.41
Adamawa,Cassava,6.9,1417.3,29.7,5.13,Loamy,82,No,Yes,Improved,12.38
Anambra,Maize,1,2468.5,24.3,6.2,Clay,97.1,Yes,No,Improved,2.4
Enugu,Cassava,2.2,2025.1,29.6,6.57,Loamy,122.5,No,Yes,Improved,10.76
Yobe,Cassava,0.2,329.9,29.1,4.86,Loamy,151.8,Yes,No,Local,6.87
Yobe,Yam,2.83,627.6,37.4,5.76,Loamy,105.3,No,No,Local,6.71
Jigawa,Rice,1.47,441.4,33.6,7.61,Clay,131.3,No,Yes,Local,2.53
Borno,Sorghum,11.82,343,32.8,5.38,Sandy,106.5,No,No,Improved,1.42
Kwara,Maize,7.63,1148.2,31.6,5.65,Clay,200.4,No,Yes,Local,2.04
Lagos,Rice,0.2,1810.2,22.1,6.55,Clay,198.5,No,No,Improved,2.74
Cross River,Rice,1.01,2083.2,29.3,5.42,Loamy,108.2,No,Yes,Improved,2.42
Oyo,Cassava,1.96,1630.7,23.7,5.41,Clay,107.2,Yes,No,Improved,10.47
Delta,Rice,2.04,2497.6,24.1,5.76,Sandy,93.1,Yes,No,Improved,3.95
Imo,Yam,2.61,2379.9,29.3,5.81,Clay,83.7,Yes,No,Local,8
Cross River,Maize,0.47,1554.8,22.5,6.07,Sandy,101.8,No,No,Local,2.19
FCT,Rice,0.28,1473,31,6.72,Sandy,64.1,No,No,Local,2.77
Kano,Rice,3.63,694.5,27,6.58,Loamy,0,Yes,No,Improved,2.49
Kogi,Rice,0.72,1211,31,6.75,Clay,87.2,Yes,No,Local,0.95
Oyo,Cassava,2.9,2259.6,22.9,4.94,Sandy,18.9,No,No,Improved,8.49
Borno,Yam,0.46,563.3,32.1,7.67,Sandy,35.9,No,No,Improved,8.07
Borno,Sorghum,1.81,668,32.4,4.88,Clay,44.7,No,No,Local,1.37
Cross River,Sorghum,1.44,1696.6,25.7,6.68,Clay,21.5,No,Yes,Improved,1.59
Adamawa,Sorghum,9.76,1377.4,28.4,5.82,Clay,104.9,No,Yes,Local,1.25
Edo,Cassava,3.39,2293.8,29.4,7.25,Loamy,93.2,No,No,Local,7.87
Anambra,Cassava,5.01,2309.4,24.1,5.58,Loamy,117.6,Yes,No,Improved,11.85
Katsina,Yam,1.18,477.3,33.1,6.29,Sandy,82.1,No,No,Local,6.92
Jigawa,Sorghum,1.32,469.1,35.3,6.53,Clay,46.1,No,No,Improved,1.24
FCT,Cassava,2.47,1375.3,31.4,6.61,Loamy,51.9,No,No,Improved,12.45
Oyo,Sorghum,0.56,1983.9,24.5,5.49,Clay,80.6,Yes,No,Local,1.51
Lagos,Yam,0.66,1546.1,29.2,5.53,Sandy,88,No,No,Local,9.32
Bayelsa,Cassava,1.7,1652.1,29.1,5.77,Sandy,38.2,No,No,Local,9.54
Rivers,Cassava,0.46,1810.9,26.8,5.87,Sandy,16.2,No,No,Improved,10.11
Gombe,Rice,0.64,709.4,34.1,5.44,Sandy,115.2,No,Yes,Improved,3.77
Delta,Cassava,2.21,2370.4,23.4,6.23,Clay,120.2,Yes,No,Improved,10.87
Oyo,Sorghum,2.81,1590.4,24.2,6.61,Clay,80,No,No,Improved,1.28
Plateau,Rice,0.83,1131.1,29.2,7.08,Loamy,35.1,No,Yes,Local,2.29
Bauchi,Yam,0.31,870.8,29,5.98,Clay,99.1,Yes,No,Local,8.5
Akwa Ibom,Yam,1.5,2355,26,5.5,Clay,113.4,Yes,No,Local,7.89
Anambra,Rice,0.56,1914,29.7,5.93,Clay,153.8,Yes,No,Local,3.45
Anambra,Cassava,0.52,1832,25.8,5.84,Clay,88,No,No,Local,9.79
Ogun,Cassava,0.79,2343.6,26.9,5.31,Loamy,40.3,Yes,No,Improved,12.78
Bayelsa,Maize,2.03,1730.8,26.8,6.77,Loamy,64.9,No,No,Improved,2.61
Jigawa,Maize,0.5,436.8,32.8,6.62,Loamy,115.4,No,No,Local,1.9
Edo,Maize,0.67,2136.4,23.9,6.71,Loamy,142.1,Yes,No,Local,1.68
Jigawa,Rice,0.6,477.4,34.1,6.24,Sandy,74.8,Yes,Yes,Local,3.41
Abia,Maize,0.81,1964.8,25.3,6.05,Sandy,137.6,No,No,Improved,2.68
Nasarawa,Sorghum,1.85,1206.1,27.3,6.03,Loamy,80.1,No,No,Local,1.17
Bayelsa,Sorghum,2.06,1567.5,28.4,6.17,Loamy,78.7,No,No,Improved,1.73
Ekiti,Sorghum,0.77,2414.1,23.4,7.35,Clay,2.4,No,No,Local,0.98
Kogi,Rice,0.38,1326.8,24.9,5.8,Clay,128.3,Yes,No,Improved,3.92
Enugu,Rice,10.49,2201.6,22.3,5.49,Clay,98.5,Yes,No,Local,3.07
Anambra,Sorghum,5.53,1904,22.2,6.46,Sandy,0,No,No,Local,0.88
Jigawa,Yam,3.26,332.9,35.8,6.02,Sandy,88.5,No,No,Local,7.22
Cross River,Rice,0.49,2138.6,28.4,5.9,Clay,34.1,No,No,Improved,3.48
Ondo,Sorghum,6.12,2237.6,27.7,4.46,Clay,56.3,No,No,Improved,1.21
Kogi,Maize,0.84,1479.3,26.1,6.24,Clay,127.2,No,No,Improved,2.91
Katsina,Maize,4.1,431.3,32.7,4.93,Sandy,212.8,Yes,No,Local,1.47
Bayelsa,Rice,1.44,1963,25.3,5.61,Clay,111.3,No,Yes,Local,3.3
Delta,Sorghum,2.6,1687.3,28.1,7.78,Loamy,58.3,No,No,Local,1.22
Kogi,Cassava,3.77,1432.5,28.7,6.56,Clay,0,No,No,Local,7.19
Lagos,Yam,0.76,2368.1,22.6,6.39,Sandy,142.9,Yes,No,Improved,9.5
Taraba,Sorghum,1.14,1301.8,25.9,6.64,Loamy,54.1,No,No,Local,1.52
Oyo,Yam,0.33,2084.7,25.7,6.31,Loamy,149,Yes,No,Improved,8.41
Kogi,Maize,1.13,1166.4,24.2,7.46,Sandy,131.2,No,No,Local,1.97
Imo,Cassava,0.2,1572.4,24.5,5.36,Loamy,65.7,No,No,Local,8.79
FCT,Maize,7.59,1061.3,27.8,5.81,Loamy,146.3,Yes,No,Improved,3.11
Zamfara,Rice,1.04,884,31.9,5.75,Clay,106.7,Yes,No,Local,3.39
Rivers,Cassava,2.96,1569.9,28.4,5.16,Clay,153.9,Yes,Yes,Local,11.11
Gombe,Sorghum,0.53,629,26,5.73,Loamy,7,No,No,Improved,1.46
Imo,Yam,1.48,1727.3,28.1,5.96,Loamy,86.1,Yes,No,Local,9.33
Sokoto,Sorghum,0.93,603.9,31.3,5.43,Loamy,148.3,Yes,No,Local,1.16
Nasarawa,Cassava,2.16,1480.8,25.8,5.44,Clay,49.4,Yes,No,Local,11.13
Ebonyi,Maize,0.94,2164.2,28.1,5.64,Clay,125.2,No,No,Local,1.63
Ondo,Cassava,2.86,1502.9,29.9,6.75,Clay,120.4,No,No,Improved,12.84
Imo,Yam,1.58,2149.7,28.9,7.29,Loamy,64,No,No,Local,6.01
Cross River,Cassava,2.29,1596,22.9,6.41,Sandy,32.4,Yes,No,Local,9.77
Ondo,Cassava,1.53,1642,25.3,5.58,Clay,67.8,Yes,Yes,Improved,10.82
Cross River,Yam,1.26,1850.1,29.4,6.2,Clay,85.3,Yes,Yes,Local,8.76
Adamawa,Cassava,1.38,1084.4,25.2,6.66,Clay,106.9,No,No,Local,8.66
Kebbi,Maize,1.33,603.8,31.7,5.79,Sandy,166.4,No,No,Local,2.04
Adamawa,Rice,0.73,1058.6,27.1,4.69,Sandy,153.7,No,No,Local,2.14
Imo,Rice,1.34,1985.9,26.9,5.57,Clay,159.7,Yes,No,Improved,3.75
Delta,Yam,4.07,2322.6,26.4,5.89,Sandy,56.8,No,No,Improved,8.55
Kano,Sorghum,1.54,758.9,29.2,7.75,Sandy,94.1,Yes,No,Improved,1.72
Borno,Cassava,2.57,681.7,29.8,6.01,Clay,68.1,No,No,Improved,11.49
Delta,Yam,1.47,2024.7,24.4,5.97,Clay,167.1,Yes,No,Local,8.37
Niger,Rice,3.41,1366.7,29.9,6.83,Clay,142.3,No,No,Local,1.07
Sokoto,Sorghum,2.38,685.7,33.5,5.74,Sandy,54.6,No,Yes,Local,1.57
Bayelsa,Maize,0.99,1777.4,22.8,4.08,Clay,123.5,No,No,Improved,2.26
Adamawa,Cassava,2.44,1143.9,26,6.31,Clay,157,No,Yes,Local,7.98
Ebonyi,Sorghum,2.76,2314.3,27.9,4.83,Clay,102.4,Yes,Yes,Improved,1.69
Zamfara,Yam,0.95,688.3,30.8,6.02,Loamy,152.5,No,No,Improved,8.35
Sokoto,Maize,1.82,680.2,30.4,6.1,Clay,121.5,Yes,No,Local,2.44
Cross River,Sorghum,4.04,2111.7,27.5,5.93,Sandy,28,Yes,No,Local,1.27
Imo,Cassava,1.31,1756.7,22.1,5.83,Sandy,99.8,Yes,No,Local,6.85
Anambra,Rice,1.04,2372.8,27.7,6.38,Loamy,99.7,Yes,No,Improved,3.84
Imo,Rice,2.01,2012.6,26.6,5.91,Loamy,69.4,Yes,Yes,Local,2.71
Niger,Cassava,1.43,1173.1,29.8,5.46,Loamy,35.1,Yes,No,Local,9.61
Osun,Sorghum,1.73,1555,23.8,5.38,Loamy,47.7,Yes,No,Local,1.3
Bayelsa,Rice,1.63,2152.9,28.4,5.76,Loamy,129.9,Yes,Yes,Local,3.81
Cross River,Maize,0.69,2100.8,27,7.01,Clay,157.2,Yes,No,Local,2.33
Ebonyi,Sorghum,1.45,1509.3,25.8,5.52,Sandy,91.3,No,No,Improved,1.47
Osun,Maize,1.22,2489,26.7,6.88,Sandy,181.5,Yes,No,Local,2.11
Oyo,Sorghum,2.63,2033.8,23.4,5.45,Sandy,106.1,No,Yes,Improved,1.4
Bayelsa,Cassava,1.01,2416.5,26,5.09,Loamy,100.9,No,No,Improved,12.41
Bayelsa,Cassava,0.97,1619.6,24.8,5.39,Clay,67.1,Yes,No,Improved,8.35
Zamfara,Rice,2.45,981.1,33.1,5.92,Loamy,84,No,No,Local,2.39
Sokoto,Sorghum,1.28,383,31.5,7.44,Sandy,11.5,No,No,Local,1.35
Bauchi,Sorghum,4.01,860,31,7.21,Sandy,3.9,No,No,Improved,1.6
Lagos,Yam,2.17,2149.8,29.6,4.74,Clay,82.2,No,No,Local,7.18
Ogun,Cassava,1.69,1672.7,22.3,6.02,Loamy,91.6,No,No,Improved,10.6
Kano,Maize,0.48,864.6,34.3,6.16,Sandy,102.2,Yes,No,Improved,3.08
Anambra,Cassava,1.13,2477.4,25,5.65,Loamy,49.5,No,No,Local,6.55
Lagos,Rice,3.81,1572,27.2,5.81,Loamy,96.9,Yes,No,Improved,3.78
Gombe,Cassava,2.07,717.6,33.7,4.75,Sandy,89,No,No,Local,7.04
Niger,Yam,0.26,1157.9,26.2,6.43,Clay,69.3,No,No,Local,7.84
Katsina,Rice,1.82,337.4,30.4,5.29,Sandy,171.2,Yes,Yes,Improved,3.16
Nasarawa,Yam,3.56,1287.4,26.8,5.11,Sandy,133.9,Yes,No,Improved,10.98
Sokoto,Rice,3.22,371.1,34.4,4.61,Sandy,62,No,No,Improved,3.17
Ondo,Sorghum,3.19,2046.4,23.8,4.33,Clay,0,Yes,No,Local,1.12
Nasarawa,Sorghum,1.97,1133.9,28.7,4.67,Loamy,79.1,Yes,No,Local,1.39
Delta,Sorghum,2.55,1799.1,24.6,6.41,Loamy,84,No,No,Local,1.34
Akwa Ibom,Cassava,1.51,2480.1,28.6,5.72,Clay,123.5,No,No,Improved,11.23
Kano,Sorghum,1.68,807.8,33.5,6.64,Sandy,124.4,Yes,No,Local,1.17
Yobe,Sorghum,2.99,643.8,34.1,6.99,Loamy,117.8,Yes,No,Local,1
Kwara,Rice,1.23,1204.5,25.8,5.23,Clay,146.3,Yes,No,Local,2.35
Taraba,Cassava,0.75,1397,29.6,7.19,Sandy,27.2,Yes,No,Improved,9.08
Kebbi,Rice,2.42,774.3,34.8,6.14,Loamy,112.8,Yes,No,Improved,3.72
Zamfara,Sorghum,1.03,837.1,27.8,5.96,Clay,0,No,No,Local,1.13
Anambra,Yam,0.33,2079.2,26,6.01,Clay,100.5,No,No,Local,9.6
Lagos,Cassava,0.29,1630,26,7.2,Clay,64.5,No,Yes,Local,7.89
Jigawa,Cassava,3.56,437.1,37.3,6.34,Sandy,101.4,Yes,No,Local,6.68
Akwa Ibom,Yam,21.2,2113.2,29.1,6.06,Loamy,106.9,No,No,Improved,8.6
Ogun,Maize,2.3,2468.3,24.5,5.7,Sandy,178.7,No,Yes,Local,2.44
Niger,Yam,1.81,1244.6,29.2,6.53,Loamy,31.3,No,No,Improved,10.69
Ondo,Yam,1,2373.6,22.3,5.31,Loamy,56.3,No,Yes,Improved,7.61
Cross River,Yam,5.1,2032.5,26.3,7.4,Loamy,117.3,No,No,Local,6.7
Bauchi,Maize,1.63,881.2,26.9,5.7,Sandy,124.1,No,No,Improved,2.91
Akwa Ibom,Sorghum,1.27,1648.4,28.6,5.16,Sandy,73.5,No,No,Improved,1.44
Kaduna,Rice,2.47,980.9,32.7,7.49,Sandy,106.8,No,No,Improved,2.74
Delta,Sorghum,1.53,1512.5,22.9,5.53,Loamy,66.7,No,No,Local,1.22
Zamfara,Sorghum,0.85,642.8,32.5,6.35,Sandy,36.9,Yes,No,Improved,2
Katsina,Maize,6.63,363.8,35.5,6.05,Sandy,84.1,No,No,Local,2.33
Delta,Rice,0.2,2026.9,22.5,6.77,Loamy,126.2,Yes,No,Improved,3.83
Katsina,Yam,1.81,648.5,35.3,6.04,Sandy,84.8,Yes,No,Local,7.98
Taraba,Rice,1.11,1478.2,26.7,5.96,Clay,112.5,No,Yes,Local,3.16
FCT,Maize,1.71,1012.2,31.7,5.77,Clay,118.8,Yes,No,Improved,3.12
Taraba,Sorghum,3.05,1115,31.4,6.3,Loamy,49.7,Yes,No,Improved,2.02
Enugu,Yam,1.32,1608.7,23.1,7.16,Clay,111.9,Yes,No,Local,7.38
Katsina,Rice,4.11,494.8,34.6,7.06,Sandy,98.2,No,No,Improved,3.78
Abia,Maize,3.84,1746.3,29.7,5.66,Loamy,101,No,No,Improved,2.51
Taraba,Yam,1.21,1152,32,6.83,Sandy,74.6,No,Yes,Local,6.94
Bayelsa,Yam,1.28,2166.1,28.6,6.95,Loamy,21,No,No,Improved,6.54
Taraba,Cassava,2.61,1048.3,32,6.63,Sandy,120.9,Yes,No,Local,9.06
Nasarawa,Sorghum,1.01,1136.4,25.9,7.31,Clay,12.2,No,No,Improved,1.63
FCT,Maize,0.92,1164.1,26.4,5.2,Loamy,171.4,No,No,Local,1.79
Katsina,Rice,0.56,497.8,35.8,5.53,Sandy,64.5,No,No,Improved,3.38
Akwa Ibom,Cassava,1.17,2336.4,27.7,6.78,Clay,171.4,No,No,Local,6.31
Imo,Yam,0.41,2421,25.8,6.41,Sandy,197.1,No,Yes,Local,7.31
Yobe,Maize,14.34,484.6,35.8,7.12,Clay,194.4,No,Yes,Local,2.07
Abia,Yam,2.47,1725.1,25.1,6.11,Loamy,110.5,Yes,No,Improved,11.07
Zamfara,Yam,2.73,846.8,32.5,6.54,Sandy,68.3,No,No,Improved,8.37
Abia,Sorghum,1.91,1940.9,29.4,5.84,Clay,82.3,No,No,Improved,1.43
Osun,Sorghum,2.47,2295.5,28.2,5.36,Clay,8.8,Yes,No,Improved,1.37
Kwara,Rice,0.55,1063.6,29.6,5.51,Loamy,140.8,Yes,No,Local,2.73
Kogi,Sorghum,1.86,1483.8,27.3,5.59,Sandy,92.8,No,No,Improved,1.39
Borno,Sorghum,1.69,694.3,33.5,7.75,Sandy,39.7,No,No,Local,1.29
Ogun,Yam,2.26,1969.7,22.4,6.49,Loamy,50.9,Yes,No,Improved,4.59
Ondo,Yam,1.76,1976.1,22.9,5.19,Loamy,166.9,No,Yes,Improved,8.21
Bauchi,Cassava,1.48,943.3,32,6.24,Sandy,34.7,Yes,No,Improved,4.54
Ogun,Sorghum,1.64,1952.5,22.2,5.28,Clay,69.3,Yes,No,Improved,1.67
Plateau,Sorghum,4.19,1196.7,24,6.33,Sandy,90.9,Yes,No,Improved,1.93
Zamfara,Cassava,0.52,638,29,7.4,Sandy,9.2,No,Yes,Local,7.18
Katsina,Sorghum,1.38,655.3,29.5,5.74,Loamy,37.4,No,No,Local,1.51
Katsina,Yam,3.53,630.5,30.2,5.99,Loamy,127,Yes,Yes,Improved,9.28
Kogi,Maize,1.81,1151.3,24.6,6.6,Loamy,139.8,Yes,Yes,Local,2.24
Delta,Cassava,5.04,1706.4,26.3,5.45,Clay,132,Yes,No,Improved,11.25
Rivers,Maize,4.21,2027.3,27,6.23,Loamy,149.1,No,No,Local,2.16
Kano,Yam,1.56,750.7,32.9,6.76,Clay,91,No,No,Local,5.77
Rivers,Sorghum,3.19,2020.9,22.6,6.3,Clay,61.5,No,Yes,Local,1.23
Ondo,Maize,4.65,1627.4,23.5,4.16,Loamy,116.1,No,No,Local,1.57
Cross River,Rice,3.13,1891.7,23.7,7.06,Sandy,80,No,No,Improved,3.07
Niger,Maize,2,1490.3,29.3,6.17,Clay,216.1,No,Yes,Improved,2.9
Plateau,Rice,20.38,1237.9,30.3,5.82,Clay,115.6,Yes,No,Improved,3.26
Ekiti,Maize,0.64,1569.6,24.1,6.15,Sandy,63.8,Yes,No,Improved,2.62
Akwa Ibom,Sorghum,0.75,2361.9,24.9,6.25,Clay,71,Yes,No,Improved,1.52
Sokoto,Rice,0.45,330.1,31,5.67,Sandy,125.5,No,No,Improved,3.82
Borno,Maize,0.75,337.7,37.6,5.89,Loamy,117.6,No,No,Improved,2.47
Kogi,Rice,1.04,1085.9,26.6,5.96,Sandy,120.6,Yes,No,Local,2.51
Enugu,Cassava,1.15,2330.6,27.6,4.75,Clay,137.8,Yes,No,Improved,13.25
Kaduna,Cassava,0.8,901.3,26.9,5.23,Sandy,51.4,No,No,Improved,9.92
Ekiti,Rice,3.41,2018,26.2,6.55,Clay,112.3,No,No,Local,3.16
Imo,Maize,1.54,1871.3,26.8,4.22,Clay,172.2,Yes,No,Local,1.35
Ondo,Rice,7.57,1841.2,26.4,6.19,Sandy,100.1,Yes,No,Local,3.87
Delta,Yam,0.2,2476.4,22.8,6.12,Clay,33.5,Yes,No,Improved,7.31
Kogi,Cassava,5.7,1017.5,26.1,5.39,Sandy,79.2,Yes,Yes,Local,11.41
Kebbi,Maize,0.79,984.9,31.1,6.17,Sandy,100.1,Yes,No,Improved,3.18
Abia,Cassava,0.89,2223.5,23.9,5.71,Clay,171.6,Yes,Yes,Local,9.24
Imo,Maize,0.8,2399,27.5,5.38,Clay,156.9,Yes,Yes,Improved,2.78
Kaduna,Maize,0.38,938.6,29.6,5.01,Loamy,123.6,Yes,No,Improved,2.52
Plateau,Sorghum,3.07,1223.7,25.6,4.94,Loamy,5.4,No,No,Local,1.1
Borno,Maize,0.77,526.1,34,6.55,Loamy,112.2,No,No,Improved,2.24
Imo,Yam,1.55,2193.6,28.8,5.81,Loamy,99.9,Yes,No,Improved,9.14
Yobe,Maize,0.69,461.9,31.2,5.28,Clay,88.3,No,No,Local,1.87
Rivers,Sorghum,0.58,1999.6,29.6,5.76,Clay,89.9,Yes,No,Improved,1.35
Kaduna,Cassava,10.46,635.6,26.7,6.32,Sandy,153.2,No,No,Improved,10.65
Ogun,Cassava,0.93,1526.9,24.9,6.26,Clay,144.4,Yes,No,Local,7.12
Osun,Rice,0.99,2279.3,23.1,4.91,Loamy,200.5,No,No,Local,2.24
Jigawa,Yam,6.19,544.7,31.5,6.08,Sandy,18,Yes,No,Local,5.49
Kogi,Sorghum,2.96,1173.1,28.4,7.15,Clay,55.4,Yes,No,Improved,1.89
Lagos,Maize,0.69,1526.8,26.7,6.49,Clay,145.8,Yes,No,Improved,3.17
Kebbi,Maize,0.86,812.5,31.7,6.47,Clay,103.8,Yes,No,Improved,2.15
Kogi,Cassava,1.7,1077.1,25.4,6.12,Loamy,161.3,Yes,No,Improved,10.27
Kebbi,Maize,1.8,927.6,28.4,6,Clay,63.2,Yes,No,Local,2.31
Oyo,Sorghum,2.6,1877.1,26.7,6.1,Clay,37.8,No,No,Improved,0.84
Kaduna,Cassava,0.62,920,32.2,6.44,Clay,88.6,Yes,No,Local,10.34
Oyo,Sorghum,3.05,1577,26.9,4.9,Loamy,67.3,No,No,Local,1.27
Niger,Rice,0.39,1486.6,26.8,6.09,Loamy,82,No,No,Improved,4.01
Katsina,Maize,0.38,620.5,30.8,5.65,Sandy,130.7,No,No,Local,1.96
Oyo,Maize,4.86,1888.7,25.9,5.78,Clay,126.9,No,Yes,Local,2.7
Benue,Yam,2.4,1168.1,30.5,6.28,Sandy,11,No,No,Improved,3.58
Benue,Cassava,1.66,1286.9,24,5.73,Clay,72.2,No,No,Local,9.23
Lagos,Sorghum,0.97,2051.1,25.1,5,Loamy,120.2,Yes,No,Local,1.09
Abia,Rice,2.76,2212.7,24.1,6.32,Sandy,61.2,No,No,Improved,3.63
Yobe,Cassava,0.57,676.4,35.9,6.05,Sandy,123.3,No,No,Improved,10.26
Nasarawa,Sorghum,0.97,1239.2,27.7,6.75,Clay,28.4,No,No,Improved,1.47
Rivers,Yam,3.55,2307.2,25.3,6.05,Loamy,96.2,No,No,Local,6.77
Nasarawa,Cassava,0.78,1268.3,24.1,5.07,Sandy,127.7,No,No,Local,9.33
Cross River,Rice,0.26,2436.7,23,6.62,Clay,107.9,No,No,Local,3.46
Zamfara,Cassava,1.39,615.3,34.7,7.04,Clay,49.4,No,No,Local,6.32
Lagos,Maize,2.84,1874.2,28.2,6.3,Clay,68.1,Yes,Yes,Local,2.59
Gombe,Sorghum,0.36,936.6,26.2,7.02,Sandy,17.9,Yes,No,Improved,1.49
Kano,Rice,2.62,786.7,29.1,6.57,Loamy,119.1,No,No,Local,2.79
Jigawa,Yam,0.67,613.7,34.7,5.78,Clay,116.3,Yes,No,Improved,10.4
Delta,Maize,0.58,2324.8,23.2,5.76,Clay,50.1,No,Yes,Improved,2.45
Kaduna,Cassava,1.11,668.7,27.4,6.31,Loamy,100.8,No,No,Improved,10.26
Jigawa,Rice,1.17,356.6,37.4,4.44,Sandy,24.9,No,No,Local,1.71
Delta,Rice,0.61,2159.7,24.7,6.31,Clay,73.5,No,No,Local,3.05
Ogun,Rice,0.31,1752.6,25.5,5.64,Sandy,44.3,Yes,No,Local,3.22
Ogun,Rice,0.69,1604.1,28.2,5.79,Clay,63.4,No,No,Local,2.97
Kwara,Sorghum,0.84,1095,24.4,6.24,Sandy,66.8,Yes,No,Improved,1.4
Osun,Sorghum,0.66,1638.9,24.6,6.91,Clay,87.8,Yes,No,Local,1.32
Gombe,Yam,0.83,742.9,28.1,6.44,Sandy,41.5,No,Yes,Improved,10.78
Ebonyi,Cassava,1.65,2124.5,24.6,5.72,Sandy,164.7,No,No,Improved,8.57
Borno,Yam,3.17,302.1,28.4,5.77,Clay,129.9,No,Yes,Local,10.65
Akwa Ibom,Sorghum,1.4,2360.2,25.2,4.62,Loamy,21.8,No,No,Improved,1.27
Nasarawa,Yam,0.79,1308,30.5,5.46,Sandy,0,No,No,Local,6.37
Gombe,Cassava,2.09,911.1,30.8,5.96,Clay,71.8,Yes,No,Improved,10.54
Oyo,Yam,2.24,1968.5,26.1,4.72,Sandy,29.4,No,No,Improved,8.54
Enugu,Maize,3.02,2327.4,23.5,6.8,Loamy,44.9,No,No,Local,1.66
Gombe,Cassava,0.24,941.1,28.4,5.86,Loamy,117.3,No,No,Local,8.64
Kaduna,Rice,2.73,651.2,30,6.56,Loamy,45.7,No,No,Improved,3.25
Niger,Rice,0.45,1064.5,28,5.73,Sandy,66.5,Yes,No,Local,2.97
FCT,Sorghum,1.66,1058.7,27.6,4.78,Loamy,36.4,Yes,No,Local,1.33
Abia,Sorghum,2.81,1909.7,25.4,6.9,Loamy,13.2,Yes,No,Improved,1.36
Ebonyi,Cassava,4.02,2391.4,27,4.28,Clay,172.7,No,Yes,Local,8.15
Kwara,Cassava,0.41,1167.7,30,4.47,Clay,160.8,Yes,No,Local,8.2
Oyo,Cassava,0.85,2143.8,27.1,6.75,Clay,95.8,Yes,No,Improved,7.18
Adamawa,Yam,0.56,1404.1,24.3,5.2,Loamy,125.6,Yes,Yes,Local,7.99
Rivers,Yam,1.48,2293.1,26.4,5.6,Loamy,118.1,No,No,Improved,8.68
Enugu,Yam,0.67,1766.4,25.2,4.81,Loamy,133,No,No,Improved,8.08
Ondo,Cassava,1.51,1943.6,23.5,5.43,Loamy,84.3,Yes,No,Local,9.95
Yobe,Maize,4.17,585.4,28.1,6.56,Sandy,124.7,Yes,No,Local,2.16
Adamawa,Sorghum,1.86,1381.7,29.1,7.24,Sandy,65,Yes,No,Improved,1.86
Ondo,Cassava,0.26,1677.6,29.4,6.42,Loamy,162.9,Yes,No,Improved,9.29
Benue,Maize,1.14,1484.7,29.3,4.82,Loamy,157.9,No,No,Improved,2.1
Kebbi,Maize,1.91,776.8,30.3,6.21,Loamy,161.1,Yes,No,Local,1.9
Gombe,Rice,3.05,876,34,5.48,Clay,130,No,No,Improved,2.89
Kebbi,Cassava,0.77,610.1,27.6,6.72,Sandy,196.4,No,No,Local,6.08
Abia,Rice,1.2,1618.8,27.1,5.81,Clay,80.7,No,No,Improved,3.54
Rivers,Rice,1.67,1960.6,29,5.13,Clay,168.7,No,No,Improved,2.23
Nasarawa,Maize,0.84,1168.7,30.1,5.94,Clay,100.6,Yes,No,Local,2.42
Niger,Sorghum,0.25,1323.3,26,6.05,Loamy,74.7,No,No,Local,1.15
Sokoto,Rice,2.05,668.7,37.3,7.29,Loamy,88.1,Yes,Yes,Local,2.52
Kwara,Sorghum,0.89,1240,26.6,5.78,Loamy,69.2,No,No,Local,1.17
Anambra,Maize,2.8,2006.1,27.6,6.94,Clay,147.4,No,No,Local,2.02
Ondo,Rice,8.19,1841.3,24.4,6.8,Loamy,182.4,No,No,Improved,2.94
Kano,Maize,1.93,803.7,30.5,7.05,Sandy,87.7,No,No,Local,2.08
Kwara,Yam,1.03,1458.7,29.4,5.99,Clay,91.7,Yes,No,Improved,13.59
Kwara,Rice,1.77,1085.1,25.7,5.68,Loamy,144.9,No,No,Improved,3.53
Kebbi,Yam,2.49,812.6,34.5,7.15,Loamy,83.5,No,No,Improved,8.08
Rivers,Rice,0.9,1848.8,24.8,5.83,Clay,96.9,No,No,Local,3.16
Nasarawa,Cassava,0.73,1194.1,28.9,5.22,Clay,129.1,Yes,No,Improved,9.86
Gombe,Cassava,1.36,964.9,26.9,6.44,Loamy,14.5,No,No,Improved,9.7
FCT,Sorghum,0.46,1493.1,28.6,5.62,Sandy,0,No,No,Improved,1.47
Nasarawa,Rice,2.04,1244.2,29,5.71,Loamy,93.8,No,No,Improved,4.09
Oyo,Cassava,0.23,2123.7,25.2,5,Loamy,8.4,No,No,Local,8.19
Nasarawa,Cassava,3.91,1497.4,27.8,5.46,Sandy,0,Yes,No,Improved,8.53
Abia,Rice,1.06,2270,25.7,5.56,Clay,84.4,No,No,Local,2.97
Bayelsa,Maize,0.63,2206.8,24.2,5.42,Loamy,91.7,No,No,Improved,2.12
Adamawa,Maize,5.13,1138.6,24.5,5.78,Clay,54.8,Yes,No,Local,2.29
Jigawa,Cassava,1.91,474,29.6,6,Loamy,92.6,Yes,Yes,Local,11.15
Osun,Sorghum,3.62,1765.1,22.6,7.35,Loamy,42.2,No,No,Local,1.09
Kogi,Sorghum,1.14,1488.3,27.6,5.26,Sandy,145,Yes,No,Local,0.96
Katsina,Sorghum,0.64,301,28.7,5.94,Sandy,53.6,Yes,No,Local,1.41
Adamawa,Sorghum,2.56,1306.4,28.8,5.22,Sandy,118.7,Yes,No,Local,0.96
Kwara,Maize,1.04,1061.5,25.8,5.83,Sandy,147.2,No,No,Local,2.13
Osun,Maize,2.95,2309.3,22.8,6.62,Sandy,151.4,No,No,Local,1.72
Ogun,Sorghum,1.06,1549,27.7,6.86,Loamy,73.2,Yes,No,Local,1.09
Cross River,Sorghum,2.92,2067.7,23.4,5.2,Loamy,76.2,Yes,No,Local,1.1
Katsina,Sorghum,0.91,490,34.8,6.48,Sandy,19.3,Yes,No,Local,1.23
Abia,Maize,0.36,2194.5,24.7,7.4,Clay,89.8,No,No,Improved,2.44
Jigawa,Cassava,2.19,675.2,36.9,7.15,Clay,85.2,Yes,Yes,Local,8.95
Katsina,Maize,0.58,582,34.5,6.46,Clay,97.3,Yes,No,Local,1.96
Nasarawa,Rice,2.64,1058.9,24.1,7.07,Sandy,108.7,No,No,Local,3.1
Ogun,Cassava,5.97,1628.9,26.4,6.35,Sandy,90.4,No,No,Local,9.23
Kebbi,Maize,0.81,980.6,29.7,5.78,Loamy,84.2,Yes,No,Improved,3.27
Delta,Maize,0.57,2261.2,26.3,6.42,Loamy,106.4,No,No,Improved,2.45
Anambra,Cassava,4.76,2249.7,26.2,5.94,Loamy,51.3,No,No,Local,7.34
Niger,Maize,1.94,1383.4,30,6.38,Clay,69.4,Yes,No,Local,2.3
Rivers,Rice,9.51,2458.5,23.9,6.88,Clay,93.6,No,No,Local,2.13
Katsina,Sorghum,2.41,457.7,37.7,6.57,Sandy,41.1,Yes,No,Local,1.45
Enugu,Yam,6.48,2294.9,28.9,6.17,Loamy,129.5,Yes,Yes,Local,10.16
Anambra,Maize,1.92,1665.7,30,6.06,Clay,185.6,No,No,Improved,2.46
Yobe,Sorghum,13.8,425.5,34,6,Sandy,41.9,No,Yes,Local,0.92
Cross River,Maize,1.68,1586.3,25.6,5.26,Sandy,164,Yes,No,Improved,2.54
Abia,Rice,0.81,2017.8,29.1,6.37,Sandy,87.9,No,No,Improved,3.24
Osun,Sorghum,0.52,2451,25.7,5.2,Loamy,77.3,No,No,Improved,1.65
Bayelsa,Maize,2.9,2057.8,25.2,6.77,Clay,121.2,Yes,No,Local,2.4
Kaduna,Maize,1.2,607.5,27,5.35,Sandy,134,Yes,No,Local,1.95
Kano,Yam,0.53,779.7,29.2,5.71,Sandy,122.3,Yes,No,Local,8.85
Kwara,Sorghum,0.2,1243.7,24,6,Loamy,50.7,No,No,Improved,1.43
Kwara,Maize,0.7,1098.5,29.9,4.69,Clay,99.2,No,No,Local,1.75
Sokoto,Yam,6.02,319.2,30.6,6.4,Sandy,118.5,No,Yes,Improved,9.43
Ebonyi,Maize,1.92,2409.1,24.2,6.22,Loamy,147.5,No,No,Local,2.05
Osun,Cassava,1.7,2376.2,25.4,6.28,Clay,0,No,No,Improved,9.98
Niger,Cassava,0.49,1293.8,27.8,6.17,Loamy,35.5,No,No,Local,7.5
Plateau,Maize,0.93,1182.7,31.8,5.79,Sandy,119.1,Yes,No,Local,1.85
Ebonyi,Cassava,0.75,2442.5,23.3,6.29,Sandy,129.8,No,No,Improved,3.34
Kogi,Maize,0.99,1303.8,25.5,5.75,Clay,95.6,No,No,Improved,2.64
Rivers,Cassava,1.33,1909.3,22.5,5.56,Sandy,84.3,No,No,Local,8.12
Ogun,Sorghum,0.72,1763.9,27.9,5.37,Clay,52,No,No,Improved,1.54
Edo,Maize,1.93,1927.6,28.3,6.35,Loamy,130.1,No,Yes,Improved,2.61
Niger,Cassava,2.84,1217.8,30.8,5.65,Loamy,35,No,No,Improved,9.64
Nasarawa,Cassava,1.73,1454,29.8,6.04,Loamy,140.9,No,No,Local,7.31
Rivers,Maize,1.94,1610.1,28.9,6.6,Loamy,81.8,Yes,No,Improved,2.49
Bayelsa,Yam,5.29,2116.2,25.8,5.3,Clay,77.1,No,No,Local,7.13
Ekiti,Rice,2.56,1770.8,27.5,5.71,Clay,130.3,No,No,Improved,3.68
Benue,Sorghum,1.17,1124.5,26,4.98,Loamy,83.5,No,No,Local,1.31
Bayelsa,Sorghum,7.17,2058,26.5,5.75,Loamy,96.2,No,No,Local,1.24
Cross River,Maize,0.33,1633.5,24.3,6.04,Clay,94.5,No,No,Local,1.57
Zamfara,Maize,1.87,972.7,32.2,5.81,Clay,137.6,No,No,Improved,2.56
Ebonyi,Rice,1.3,2203.8,27.8,5.73,Clay,78.6,Yes,No,Local,2.68
Bauchi,Sorghum,1.2,682.1,33,5.66,Clay,0,No,Yes,Local,1.2
Cross River,Sorghum,1.39,1764.2,25.2,6.38,Clay,0,No,No,Local,0.93
FCT,Yam,11.2,1171,24.3,6.23,Clay,115.5,No,Yes,Improved,10.02
Delta,Sorghum,19.62,2436.4,30,5.14,Loamy,48.8,Yes,No,Local,1.06
Adamawa,Yam,1.1,1063.7,30,7.05,Sandy,70.2,No,No,Local,5.36
Katsina,Cassava,0.46,585.4,28.9,5.31,Clay,109.9,Yes,No,Local,10.75
Ogun,Yam,1.37,2327.7,25.2,7.29,Clay,100.5,Yes,No,Improved,11.21
Kano,Maize,0.3,936.2,28.5,6.28,Loamy,193.9,Yes,No,Local,2.12
Kano,Maize,1.39,945.4,31.9,7.25,Sandy,120.8,No,No,Improved,2.54
Kebbi,Yam,0.64,624.1,30.1,6.52,Clay,136.2,No,Yes,Improved,9.59
Taraba,Sorghum,0.25,1040.7,26.3,7.09,Clay,84.7,No,Yes,Improved,1.68
Kaduna,Rice,0.77,865.8,31.9,5.95,Clay,14.8,Yes,No,Local,2.74
Oyo,Sorghum,1.17,1509.8,23.7,5.84,Loamy,52.5,Yes,Yes,Improved,2.2
Oyo,Maize,1.65,1754.8,24.1,5.35,Loamy,106.4,Yes,No,Improved,2.77
Osun,Rice,1.68,1607.4,25.6,6.52,Clay,96.2,No,Yes,Improved,4.02
Taraba,Maize,0.26,1232.6,24.1,6.8,Clay,121.7,No,No,Local,1.64
Kebbi,Maize,2.52,793.8,31.1,6.23,Loamy,112.7,No,No,Improved,2.29
Yobe,Cassava,0.58,347.5,32.8,7.11,Loamy,82.9,No,No,Local,8.2
Kebbi,Sorghum,1.27,961.7,30.1,5.41,Sandy,73,No,No,Local,1.17
Delta,Sorghum,4.69,2135.9,26.2,5.55,Clay,46.7,No,No,Local,1.33
Kano,Maize,0.28,904.1,31.8,5.64,Loamy,124.9,Yes,No,Improved,3.87
Ekiti,Sorghum,1.99,1580.9,26.2,6.3,Loamy,39,No,No,Improved,1.47
Imo,Yam,1.35,2494.2,22.7,7.53,Clay,48.9,No,No,Local,5.59
Enugu,Maize,1.14,1688.2,25.2,6.5,Clay,116.5,Yes,No,Local,2.24
Abia,Cassava,0.94,2132.4,28.2,6.28,Clay,26.4,No,No,Local,7.44
Niger,Cassava,1,1356.1,30.6,6.38,Loamy,79.9,Yes,No,Improved,11.71
Imo,Rice,1.21,1808,26.3,5.89,Clay,155.7,No,No,Local,2.77
Delta,Yam,2.09,2359.9,28.1,5.75,Sandy,194.2,No,No,Local,5.13
Kebbi,Maize,0.73,601.1,30.7,6.03,Clay,125.2,Yes,No,Local,2.34
Nasarawa,Sorghum,15.14,1324.1,31.7,4,Loamy,47.8,No,No,Local,1
Adamawa,Rice,4.68,1459.2,28.6,7.33,Clay,147.6,No,No,Improved,3.48
Adamawa,Maize,17.91,1358.2,28,6.77,Sandy,153.3,No,No,Improved,1.28
Adamawa,Sorghum,0.32,1301.3,25.8,5.41,Loamy,90.2,No,No,Local,1.14
Abia,Maize,0.67,1788.8,23.3,6.58,Loamy,145.9,Yes,No,Local,1.76
Sokoto,Yam,0.69,432.5,28.3,5.6,Sandy,105.7,No,No,Local,8.42
Kaduna,Cassava,0.2,835,34.2,6,Clay,159.1,No,Yes,Improved,12.87
Kebbi,Rice,3.31,751,28.7,6.79,Sandy,120.4,Yes,No,Local,2.99
Borno,Maize,0.63,611.1,37.6,6.64,Sandy,149.5,Yes,No,Local,2.21
Osun,Sorghum,2.02,2233.7,23.2,8.12,Loamy,11.4,No,Yes,Local,0.97
Delta,Yam,1.19,2260.7,30,5.6,Clay,129.5,Yes,No,Local,8.45
Kwara,Maize,0.89,1446.3,31,6.58,Sandy,51.6,No,No,Local,1.99
Kebbi,Yam,2.95,871.7,30.1,5.51,Loamy,190.7,Yes,No,Local,7.69
Sokoto,Sorghum,0.44,622.4,30,4.34,Sandy,33.8,No,No,Improved,1.67
Ekiti,Sorghum,1.24,2186.8,24,6.81,Clay,40.6,No,Yes,Local,1.33
Nasarawa,Rice,25,1006.6,31.9,6.3,Loamy,60.3,No,No,Local,1.32
Bayelsa,Sorghum,1.38,1919.3,28.3,5.83,Clay,45.3,No,No,Improved,1.21
Plateau,Rice,0.75,1295.9,25.3,5.67,Clay,41,No,Yes,Local,2.76
Kebbi,Rice,1.28,840.4,27.5,5.68,Sandy,163.8,No,No,Improved,3.94
Edo,Maize,3.78,2115.7,28.7,6.54,Loamy,119.6,No,No,Local,2.06
Oyo,Cassava,2.26,1611.7,29.8,4.51,Clay,43.2,Yes,No,Improved,12.67
Ekiti,Maize,1.36,2080.9,25.6,7.01,Clay,89.3,No,No,Local,1.34
Oyo,Maize,0.76,1579.8,25.9,5.98,Clay,64.5,No,No,Improved,2.8
Kano,Cassava,1.28,799.7,27.2,5.22,Loamy,134.9,Yes,Yes,Improved,12.93
Zamfara,Rice,1.2,630.4,32.6,6.6,Sandy,85.8,Yes,No,Local,2.38
Kebbi,Yam,0.97,787.6,28.7,5.74,Sandy,58.7,No,Yes,Local,8.31
Bayelsa,Cassava,0.82,2340.4,23.3,5.01,Loamy,82.9,No,Yes,Local,9.61
Yobe,Maize,3.63,470.4,32.8,5.46,Loamy,200.8,Yes,No,Improved,2.78
Borno,Cassava,0.32,511.8,36.8,5.82,Sandy,174.9,Yes,No,Local,5.88
Bayelsa,Cassava,1.98,2460.2,24.8,5.16,Clay,145.9,Yes,No,Local,7.61
Benue,Sorghum,1.39,1298.9,28.6,6.72,Clay,11.9,No,No,Local,0.49
Kebbi,Sorghum,9.55,782.8,30.6,5.06,Loamy,82.6,No,No,Local,1.33
Gombe,Yam,1.11,755.6,28.1,5.37,Loamy,96.9,No,No,Improved,9.76
Kogi,Yam,0.2,1396.4,26.3,5.73,Sandy,102.5,No,No,Improved,9.59
Imo,Cassava,4.25,2366.2,29.2,5.46,Loamy,44.3,No,No,Local,8.36
Nasarawa,Maize,4.51,1057.1,29.4,5.79,Loamy,90.3,Yes,No,Improved,2.68
Lagos,Maize,0.31,1901.3,27.9,6.41,Loamy,71,Yes,No,Improved,2.76
Akwa Ibom,Cassava,1.42,1954.1,26.9,5.85,Sandy,35,No,No,Local,6.78
Oyo,Yam,2.06,2058.7,28.9,5.16,Loamy,93.9,No,No,Improved,10.21
Kaduna,Sorghum,3.56,672.2,28.5,6.92,Sandy,82,No,No,Local,1.36
Enugu,Sorghum,3.64,2446,26.7,5.54,Sandy,31.2,No,No,Improved,1.36
Gombe,Maize,1.58,997.6,32.6,5.46,Loamy,115.9,No,No,Local,1.81
Kano,Yam,0.86,915.1,29.6,6.36,Loamy,28,No,No,Local,6.8
Ogun,Yam,0.35,2417.4,23.5,5.25,Clay,146.8,Yes,No,Improved,9.14
Oyo,Sorghum,2.33,2190.9,28.8,6.81,Sandy,102.2,No,No,Local,0.98
Jigawa,Maize,0.97,673.9,31.3,6.42,Sandy,124.6,Yes,No,Improved,2.78
Taraba,Maize,5.42,1477.2,24.7,5.32,Clay,122.7,Yes,No,Local,2.43
Ebonyi,Yam,1.56,1805.7,23.4,5.11,Loamy,50.6,Yes,No,Local,6.66
Imo,Maize,1.1,1952.2,26.6,6.52,Clay,162.6,Yes,No,Improved,2.83
Yobe,Yam,0.66,338.2,37.2,7.02,Loamy,103.4,Yes,No,Improved,8.71
Yobe,Maize,10.44,649,35.8,6.4,Sandy,104.8,Yes,No,Local,2.18
Taraba,Sorghum,1.97,1460.2,24.5,6.32,Loamy,28.7,No,No,Local,1.17
Katsina,Yam,5.16,683.5,29.7,5.62,Sandy,85.7,Yes,No,Local,10.57
Bauchi,Sorghum,2.52,980.4,26.5,7.13,Loamy,0,No,Yes,Local,1.49
Yobe,Maize,1.65,454.5,35.9,5.16,Sandy,104.4,No,Yes,Local,1.52
Borno,Cassava,1.41,396.1,34.4,5.77,Sandy,83.1,No,No,Local,8.96
Jigawa,Rice,1.25,563.4,37.9,6.85,Sandy,99.1,Yes,No,Local,2.82
Zamfara,Rice,0.8,819,26.6,6.34,Clay,155.8,No,No,Local,2.67
Kebbi,Rice,5.68,690.7,28.8,6.62,Clay,41.1,Yes,Yes,Local,2.79
Osun,Maize,3.27,2243.2,28.7,6.28,Sandy,58.3,No,No,Local,1.86
Kogi,Yam,3.79,1301.8,24.2,5.25,Loamy,100.7,Yes,No,Local,8.02
Kwara,Maize,0.4,1193.9,27.7,5.57,Clay,159.5,No,No,Improved,2.65
Anambra,Maize,2.06,2049.5,22.7,7.57,Loamy,83.4,No,Yes,Local,2.21
Anambra,Rice,6.82,1863.4,23.3,4.71,Loamy,176.8,No,Yes,Improved,3.43
Kwara,Rice,1.11,1484.5,31.3,6.35,Loamy,72.4,Yes,No,Improved,4.11
Abia,Sorghum,4.57,1987.6,29.7,7.01,Clay,132.9,No,No,Local,1.01
Ondo,Cassava,2.05,2474,26.2,6.74,Loamy,115.1,Yes,No,Local,8.29
Kano,Rice,0.82,866.8,28.9,7.37,Sandy,57.6,Yes,Yes,Local,3.02
Bayelsa,Sorghum,20.01,1919.3,26.1,6.61,Sandy,49.7,No,No,Local,0.97
Osun,Yam,0.43,1998.6,23.7,5.6,Loamy,87.4,Yes,No,Improved,9.76
Ebonyi,Cassava,2.48,2238.7,28.6,6.23,Clay,100.5,Yes,No,Local,8.05
Enugu,Sorghum,1.28,1759.9,23.3,5.29,Loamy,63.3,No,No,Local,1.18
Osun,Sorghum,1.7,2375.7,24.7,6.6,Clay,49,No,No,Improved,1.41
FCT,Maize,0.89,1476.3,25,5.22,Loamy,116.1,Yes,No,Local,1.93
Edo,Maize,1.28,2368.1,29.4,6.62,Loamy,163.3,Yes,No,Local,1.88
Osun,Sorghum,0.46,1524.7,23,6.22,Clay,93.6,Yes,No,Local,1.39
Cross River,Sorghum,0.76,1507.9,25.5,6.78,Clay,21.2,No,No,Local,0.95
Plateau,Sorghum,2.12,1147.4,28,5.08,Loamy,0,No,Yes,Local,1.23
Edo,Maize,3.12,1910.2,24.5,5.87,Sandy,129.4,No,No,Improved,2.15
Benue,Maize,1.45,1107.3,24.3,6.71,Sandy,138.3,No,Yes,Local,2.68
Kano,Yam,2.23,825.1,28.3,7.19,Sandy,101.1,Yes,Yes,Local,8.56
Niger,Maize,1.14,1175.8,26.8,5.62,Sandy,147.3,No,No,Local,2.33
Osun,Rice,3.21,2477.1,26.2,6.61,Loamy,97.4,No,No,Local,3.44
Kaduna,Sorghum,2.69,711.2,26.6,5.76,Sandy,124.7,No,No,Improved,1.84
Enugu,Sorghum,0.98,1684.1,24,6.43,Loamy,41.9,Yes,Yes,Improved,1.87
Yobe,Rice,4.68,323.3,31.3,6.36,Sandy,41.9,Yes,No,Improved,3.42
Bauchi,Rice,0.96,988.7,32.2,6.2,Clay,122,Yes,No,Local,3.33
Zamfara,Yam,2.75,604.6,31.1,4.64,Loamy,51.6,No,No,Improved,6.66
Bauchi,Cassava,3.34,802.8,31.2,6.26,Loamy,65.8,No,No,Local,8.78
Rivers,Cassava,0.72,2278.7,22.6,5,Clay,102.7,No,No,Improved,9.8
Niger,Rice,0.53,1160,25.9,6.99,Clay,28.7,Yes,Yes,Improved,4.07
Enugu,Maize,1.07,1967.2,26.8,4.88,Sandy,87.6,No,Yes,Local,0.54
Kwara,Sorghum,0.63,1074.8,25.7,8.05,Loamy,97.2,No,No,Local,1.25
Nasarawa,Sorghum,1.44,1419.6,31.9,6.5,Loamy,0,No,Yes,Local,1.17
Kebbi,Rice,0.88,708.7,30.4,7.26,Loamy,166,No,No,Local,2.53
Enugu,Sorghum,1.64,1754.6,23.8,5.38,Clay,0,No,No,Local,1.03
Abia,Maize,2.52,1521.4,23.8,7.13,Loamy,219.2,Yes,No,Local,2.08
Anambra,Rice,3.94,1556.2,29.2,5.35,Loamy,77.8,No,No,Local,2.42
Ondo,Yam,3.12,2211.5,28.9,6.81,Clay,74.4,Yes,No,Improved,8.2
Katsina,Rice,2.53,698.8,35.4,6.9,Sandy,79.7,No,No,Improved,2.72
Nasarawa,Rice,0.52,1326.7,25.7,7.46,Loamy,131.2,No,No,Improved,3.01
Plateau,Yam,0.61,1412.9,28.2,6.13,Clay,75.4,Yes,No,Improved,8.39
Enugu,Rice,0.87,1801.2,23.3,5.4,Sandy,137.6,No,No,Local,2.87
Osun,Sorghum,2.53,1500.6,25.2,6.25,Clay,106.2,Yes,No,Improved,1.27
Kaduna,Maize,1.46,659.1,28,5.45,Sandy,12.4,No,No,Local,2.42
Zamfara,Maize,0.44,864.6,28.4,6.33,Loamy,138.7,No,No,Improved,3.21
Ekiti,Cassava,2.22,2157.2,24.2,5.07,Clay,78.6,Yes,No,Improved,12.21
Ekiti,Rice,0.2,1638.8,27.1,6.82,Sandy,84.3,No,Yes,Improved,4.49
Anambra,Maize,1.59,2408.1,28.5,5.62,Clay,145.1,Yes,No,Improved,2.66
Imo,Cassava,1.09,1983.6,28.9,5.53,Clay,90.4,Yes,No,Improved,10.72
Kebbi,Yam,0.89,986.1,29.2,5.21,Sandy,73.5,No,No,Local,8.37
Enugu,Cassava,1.5,1569.5,23.1,5.29,Clay,53.8,No,No,Local,8.51
Adamawa,Maize,10.29,1233.3,31.2,4.98,Sandy,82.9,No,No,Improved,2.82
Zamfara,Yam,1.34,695.1,33.8,5.15,Clay,62.4,Yes,No,Local,6.67
Kebbi,Cassava,0.9,626.4,34.2,4.35,Clay,108.7,Yes,No,Improved,10.5
Lagos,Maize,0.95,2374.1,27.6,6.83,Loamy,184.9,Yes,Yes,Improved,3.14
Rivers,Sorghum,5.6,1843.7,27.9,6.02,Clay,77.2,No,No,Local,1.17
Taraba,Yam,3.09,1030.1,27,7.76,Sandy,83.5,No,No,Improved,8.75
Jigawa,Cassava,1.06,542.9,31.5,5.74,Sandy,73.6,Yes,Yes,Improved,12.02
Imo,Sorghum,2.14,2280.4,23.1,5.81,Clay,75.1,Yes,No,Local,1.4
Borno,Sorghum,3.01,426.8,30.7,7.01,Clay,122.2,Yes,No,Local,1.23
Anambra,Rice,1.55,2122.9,26.4,6.31,Clay,152.6,Yes,No,Local,2.97
FCT,Yam,1.15,1462.7,27.3,6.8,Loamy,117.1,No,No,Local,8.41
Plateau,Cassava,4.16,1459.1,30.4,6.17,Loamy,76,No,No,Local,11.38
Rivers,Cassava,0.51,1864.9,29.5,4.33,Loamy,77.6,No,Yes,Local,10.49
Niger,Cassava,2.08,1071.3,30.1,5.64,Clay,55.6,No,No,Local,7.24
Sokoto,Yam,1.01,567.1,29.7,6.95,Clay,91.2,Yes,No,Improved,11.36
Nasarawa,Rice,0.43,1000.8,24,6.47,Sandy,99.8,No,Yes,Local,3.48
Benue,Rice,9.78,1194.2,30.9,5.31,Loamy,74,Yes,No,Improved,4.13
Zamfara,Cassava,7.74,671.6,26.4,6.44,Loamy,129.8,No,No,Improved,9.91
Sokoto,Rice,1.32,451.5,28.2,7.93,Clay,103,Yes,No,Improved,2.62
Niger,Cassava,0.98,1368,25.7,6.42,Sandy,41.5,Yes,No,Local,7.53
Plateau,Rice,0.35,1294.2,27.8,6.24,Sandy,134.1,Yes,No,Local,3.36
Kwara,Sorghum,1.16,1483.1,27.1,5.42,Clay,89,No,No,Improved,1.4
Cross River,Rice,0.62,1918.7,22.5,7.51,Clay,173.8,No,No,Local,2.4
Zamfara,Yam,0.99,797.9,31.3,6.81,Sandy,77.6,No,No,Local,6.81
Oyo,Cassava,1.98,1746.4,28.8,7.38,Clay,62.1,Yes,No,Local,9.56
Ondo,Yam,0.2,2038,23,5.98,Clay,132.4,No,No,Local,6.37
Lagos,Sorghum,0.5,1954.2,25.1,6.7,Clay,44.2,No,No,Improved,1.3
Kebbi,Maize,0.68,661,33.9,6.49,Sandy,109.1,No,No,Local,1.73
Akwa Ibom,Rice,2.42,1774,29.4,6.98,Clay,126.4,No,No,Improved,2.79
Delta,Rice,0.99,1625.3,29.3,6.03,Loamy,100.7,No,No,Local,2.67
Ekiti,Maize,0.56,1918.7,28.5,5.98,Clay,56.3,No,No,Local,2.09
Edo,Cassava,3.84,2460.1,29.5,6.85,Sandy,68,No,No,Local,7.65
Ogun,Maize,2.73,1641.8,27.7,6.8,Clay,143.7,Yes,No,Local,1.89
Edo,Yam,0.94,2083.5,25.8,5.45,Loamy,132.9,No,No,Improved,7.08
Yobe,Sorghum,0.51,455.4,30.7,6.54,Sandy,18.2,No,No,Local,1.69
Anambra,Cassava,2.28,2211.7,26.6,6.91,Clay,78,No,No,Improved,10.51
Borno,Yam,0.66,423.7,31.4,7.34,Sandy,36,Yes,No,Improved,8.64
Anambra,Yam,0.81,2079.7,25.7,6.19,Clay,11.3,No,No,Improved,7.62
FCT,Cassava,0.46,1427.1,24.1,4.74,Loamy,181.1,Yes,No,Improved,9.9
Bayelsa,Rice,0.23,2085.2,23.3,5.46,Clay,96.4,No,No,Improved,3.58
Adamawa,Sorghum,0.56,1232.8,30.5,5.65,Sandy,24.1,Yes,No,Improved,1.39
Anambra,Rice,0.34,1523.4,28.3,6.7,Clay,130.9,No,No,Local,3.16
Anambra,Sorghum,3.34,1813.8,28.6,5.7,Loamy,110.1,No,No,Local,0.86
Ebonyi,Cassava,1.57,1826.1,26.2,5.63,Clay,49.3,Yes,No,Improved,12.28
Delta,Sorghum,1.18,1935.6,23.4,6.78,Clay,0,Yes,No,Local,0.94
Rivers,Yam,2.22,1618,24,5.8,Sandy,97.1,No,No,Improved,9.89
Imo,Cassava,3.7,2368.2,24.8,5.22,Clay,49.8,No,No,Improved,11.35
Lagos,Rice,1.29,1841.4,29.3,7.13,Clay,113.9,No,No,Local,1.86
Kwara,Yam,2.52,1414.3,31.2,6.09,Sandy,133.7,No,No,Local,6.8
Yobe,Maize,4.92,399.9,36.8,6.63,Clay,135.4,Yes,No,Improved,3.01
Enugu,Yam,1.18,2254.9,24.1,7.21,Clay,60.2,No,No,Local,6.51
Niger,Maize,10.58,1244,31.3,7.19,Sandy,177.4,Yes,No,Improved,2.4
Anambra,Maize,2.02,1591.8,25.1,6.98,Clay,98.4,No,No,Local,2.14
Oyo,Cassava,1.27,2407.5,29.1,6.02,Sandy,122.9,No,No,Improved,12.43
Delta,Sorghum,0.92,2414.9,22.9,8.13,Clay,139.7,Yes,No,Local,0.94
Bauchi,Cassava,0.51,942.8,34.9,5.58,Sandy,50.9,No,No,Improved,8.64
Kwara,Rice,2.79,1480.4,29.8,6.33,Loamy,124.8,No,No,Local,3.35
Lagos,Rice,4.05,2040.4,27.2,5.49,Loamy,119.7,No,No,Improved,3.91
Sokoto,Sorghum,2.28,661.4,28.7,6.64,Sandy,34.2,No,No,Local,1.43
Kaduna,Rice,3.75,827.8,34.9,4.24,Sandy,47.8,No,Yes,Local,2.66
Lagos,Rice,2.14,2345.6,24.3,6.56,Loamy,81,No,No,Local,2.86
Rivers,Yam,0.72,1677.8,28.2,5.9,Clay,90.9,No,No,Improved,9.88
Bayelsa,Yam,0.67,2441.7,27.9,5.21,Clay,112.9,No,No,Local,8.9
Lagos,Cassava,1.54,2417.4,26.5,6.07,Sandy,110,No,No,Improved,10.71
Jigawa,Cassava,1.16,439.4,31.5,5.85,Clay,151.4,No,No,Local,6.49
Rivers,Sorghum,0.72,1501.8,23,5.21,Clay,79.1,Yes,No,Local,1.21
Bayelsa,Rice,6.29,2427.1,24.2,5.63,Loamy,99.4,No,No,Local,2.4
Kano,Cassava,0.76,758.9,29.9,6.19,Sandy,32.5,No,No,Local,8.94
Ogun,Yam,1.03,1502.6,26.8,5.82,Clay,76.5,No,No,Local,8
Bauchi,Cassava,0.42,805.3,29,5.1,Clay,6.3,No,No,Improved,9.79
Ogun,Rice,0.81,2440.4,25.5,6.26,Loamy,84.3,No,No,Improved,2.74
Anambra,Yam,2.99,2192.1,23.7,4.85,Loamy,90.3,No,No,Local,6.53
Kebbi,Cassava,4.09,638.6,27.2,6.13,Sandy,119.8,Yes,Yes,Improved,12.56
Gombe,Maize,3.01,889.5,32.4,6.92,Loamy,118.8,No,No,Improved,2.13
Borno,Cassava,1.83,305.8,37.9,4.64,Sandy,69.1,Yes,No,Local,9.05
Yobe,Rice,15.33,338,31,5.96,Clay,137.5,Yes,No,Improved,3.31
Lagos,Yam,5.78,1733.9,27.7,6.32,Clay,142.7,Yes,No,Local,6.37
Nasarawa,Yam,2.82,1407.3,24.4,6.83,Clay,47.2,Yes,No,Local,6.06
Ogun,Rice,0.63,1650.2,24.7,6.03,Clay,170.3,Yes,No,Local,2.48
Zamfara,Cassava,0.34,929.1,33.6,7.39,Sandy,125.4,No,Yes,Local,8.69
Nasarawa,Cassava,2.13,1233.4,25.2,5.16,Loamy,12.5,Yes,No,Improved,11.96
Ondo,Yam,2.41,2415.3,26.1,5.43,Clay,105.4,No,No,Improved,7.96
Akwa Ibom,Maize,2.58,1754.6,22.5,5.17,Clay,55.2,No,No,Local,1.74
Bauchi,Rice,1.02,668.5,28.9,8.19,Loamy,95.8,Yes,No,Improved,3.59
Rivers,Rice,0.7,2383.5,28.3,6.3,Clay,85.9,Yes,No,Improved,2.02
Ekiti,Sorghum,0.29,2274.8,26.6,5.94,Loamy,119.8,No,No,Local,1.17
Anambra,Sorghum,0.88,1511.8,28.5,6.79,Loamy,99.4,Yes,Yes,Local,1.43
Benue,Sorghum,7.61,1485.4,29.8,5.48,Sandy,50.7,Yes,No,Local,1.2
Cross River,Rice,0.56,2278.7,25.7,6.19,Clay,151.7,Yes,No,Local,3.38
Oyo,Rice,1.73,1630.3,27.4,6.32,Clay,192.9,Yes,No,Local,2.86
Plateau,Sorghum,2.52,1281,25.9,5.82,Loamy,113.3,No,No,Local,1.18
Edo,Sorghum,1.93,1641.7,29.6,6.21,Clay,60.5,No,No,Local,1.07
Abia,Yam,4.83,1669.1,23.5,5.27,Loamy,118.6,Yes,No,Improved,7.81
Zamfara,Rice,1.85,767.3,27,6.07,Sandy,124.4,Yes,No,Local,2.99
Sokoto,Yam,2.21,567.4,30.3,4.38,Sandy,51.8,No,No,Local,6.15
Kebbi,Cassava,0.97,821.7,32.6,4.79,Loamy,83.9,Yes,No,Improved,10.43
Sokoto,Rice,2.71,569.7,31.5,7.24,Sandy,147.2,Yes,No,Local,2.54
Nasarawa,Yam,1.4,1168.4,31.2,5.87,Sandy,70.9,No,No,Local,6.6
Kogi,Cassava,0.95,1307.1,31.7,6,Loamy,100.8,No,No,Local,2.48
Benue,Cassava,6.08,1131,30.6,4.98,Clay,106.2,Yes,Yes,Improved,11.92
Edo,Maize,0.93,2261.7,26.2,6.59,Clay,152.3,No,No,Local,1.9
FCT,Sorghum,0.29,1433.6,27.8,5.47,Loamy,11.2,Yes,No,Improved,1.19
Lagos,Maize,1.18,1927.8,24.5,5.58,Clay,88.8,No,No,Local,0.63
Ogun,Yam,4.99,2144.3,28.9,6.74,Loamy,124.1,Yes,No,Improved,9.79
Abia,Yam,1.99,2056.7,22,5.88,Loamy,130.6,Yes,No,Improved,8.6
Jigawa,Rice,0.67,550.5,37.7,5.83,Loamy,131.1,No,No,Improved,2.8
Anambra,Maize,3.87,1653.6,24.3,5.9,Sandy,29.8,No,No,Local,2.08
Gombe,Maize,6.56,759.7,31.2,6.62,Loamy,128.4,No,No,Improved,2.12
Ebonyi,Yam,2.07,2480,27.4,6.3,Loamy,126.4,No,No,Local,7.95
Lagos,Sorghum,3.23,1956.2,29.6,5.37,Clay,70.2,Yes,No,Improved,1.72
Benue,Rice,0.99,1310.2,31.7,5.63,Sandy,81.6,No,No,Improved,3.78
Benue,Rice,6.29,1236.3,28.7,5.93,Loamy,153.7,Yes,No,Local,2.16
Akwa Ibom,Cassava,0.7,1855.3,22.3,6.75,Clay,151.4,Yes,No,Improved,9.41
Zamfara,Yam,0.83,633.8,34.7,5.2,Clay,100.6,No,No,Improved,6.62
Benue,Maize,2.95,1242.9,25.8,6.53,Loamy,55.9,No,No,Local,1.95
Kwara,Rice,4.85,1246.9,29.6,5.99,Loamy,113.2,No,No,Local,2.95
Plateau,Yam,1.13,1396.7,31.2,5.85,Clay,93.4,Yes,No,Improved,9.91
Katsina,Cassava,2.48,447.2,34.1,4.93,Clay,98,No,No,Improved,10.09
Kogi,Sorghum,0.85,1028.2,30.2,8.01,Loamy,44.2,No,No,Local,1.58
Oyo,Yam,2.69,2486.8,24.5,4.67,Clay,110.2,No,No,Local,6
Adamawa,Maize,0.72,1387.8,26.5,5.41,Clay,134.3,Yes,No,Improved,3.08
Enugu,Cassava,0.39,1982.8,28.4,5.6,Sandy,93.5,No,No,Local,9.54
Kaduna,Cassava,12.55,834,27.4,6.21,Loamy,68.8,No,Yes,Local,9.04
Osun,Cassava,0.53,2218.9,25.8,6.61,Loamy,156.1,No,No,Improved,8.56
Rivers,Rice,0.35,2394.3,23.2,6.6,Clay,97.1,No,No,Improved,3.58
Plateau,Rice,0.74,1275.8,25.2,7,Clay,95.6,Yes,No,Local,2.9
Cross River,Rice,3.16,2332.2,28.9,6.45,Loamy,122,No,No,Local,2.36
Adamawa,Yam,2.16,1138.2,25.4,5.93,Loamy,120.4,Yes,No,Local,9.95
Oyo,Sorghum,4.31,2462.1,23,5.07,Clay,46.4,No,No,Local,1.19
Benue,Maize,0.81,1358.3,31.1,5.28,Loamy,87.6,Yes,Yes,Improved,3.68
FCT,Rice,3.29,1490.5,25.3,6.59,Loamy,72.1,No,No,Improved,3.75
Ondo,Rice,0.68,1644.8,24.2,5.27,Clay,121.1,No,No,Local,2.88
Kano,Sorghum,1.02,970.9,31,6.84,Clay,7,No,No,Improved,1.61
Sokoto,Yam,2.22,475.1,28.6,5.91,Clay,96,No,No,Local,7.5
Delta,Yam,0.72,2282.7,22.1,5.53,Clay,96.4,No,No,Local,6.67
Imo,Maize,1.13,2176.4,28.7,6.56,Loamy,162.3,Yes,Yes,Improved,2.58
FCT,Yam,1.8,1075.2,28,5.07,Sandy,149,No,No,Improved,8.91
Kano,Yam,2,852.8,34.4,5.54,Sandy,66.4,Yes,No,Local,8.66
Oyo,Yam,0.95,2375.9,25.6,5.32,Clay,54.8,No,No,Improved,5.85
Cross River,Rice,2.02,1963.4,26.9,7.92,Clay,106.5,No,No,Local,2.5
Borno,Sorghum,6.87,333.4,37.4,7.22,Sandy,16,No,Yes,Improved,1.63
Sokoto,Sorghum,1.88,364.8,29.1,6.88,Clay,69.3,Yes,No,Improved,1.65
Gombe,Cassava,0.66,895.6,28.9,6.22,Sandy,6.2,No,No,Local,6.43
Gombe,Rice,2.74,681.7,26.8,5.24,Sandy,129.5,No,No,Local,3
Akwa Ibom,Rice,1.02,2436.1,22.8,5.9,Clay,61.7,Yes,Yes,Improved,3.66
Lagos,Yam,0.7,1900.7,28.3,6.87,Sandy,98.3,No,No,Local,3.86
Ogun,Yam,0.41,2271.8,25.2,5.86,Loamy,113.1,Yes,No,Local,5.41
Cross River,Maize,2.26,1790.7,24.8,5.68,Sandy,102.6,No,No,Local,2.49
Ekiti,Cassava,0.56,1773.8,23.3,6.21,Loamy,74.7,No,No,Local,8.1
Nasarawa,Cassava,1.51,1135.2,25.3,5.45,Sandy,97.7,No,No,Local,8.6
Osun,Cassava,3.15,1740.9,24.3,6.86,Clay,62.5,Yes,No,Local,9.85
Gombe,Sorghum,0.52,963.9,31.6,5.25,Sandy,2.3,No,No,Local,1
Ondo,Yam,8.07,2170.1,29.5,5.55,Loamy,106.3,No,No,Improved,10.04
Ekiti,Maize,0.97,1942.7,22.5,5.97,Loamy,125.7,No,No,Improved,2
Edo,Cassava,9.17,1866.2,23.8,7.28,Loamy,41.1,Yes,No,Local,7.59
Niger,Maize,0.34,1010.7,27.3,5.54,Clay,97.8,No,No,Local,2.36
Sokoto,Sorghum,1.82,381.8,30.8,6.43,Sandy,81.3,Yes,No,Local,1.49
Edo,Yam,1.27,2490.1,25.2,5.66,Clay,59.8,No,No,Improved,10.69
Kebbi,Cassava,1.46,788.2,34,5.69,Sandy,84.7,No,No,Local,7.42
Rivers,Sorghum,4.26,1862.8,26.4,6.71,Loamy,142.7,Yes,No,Local,0.87
Rivers,Cassava,0.38,1798.6,25.7,5.94,Sandy,153.7,No,No,Local,7.55
Adamawa,Sorghum,4.02,1249.8,25.1,5.67,Sandy,42.4,Yes,No,Local,1.05
Nasarawa,Yam,0.87,1215.3,26.8,7.19,Sandy,110.8,No,No,Local,7.97
Osun,Maize,2.7,1526,27.9,6.74,Loamy,180.5,No,No,Improved,2.08
Oyo,Rice,3.01,2318.3,29.6,5.19,Loamy,100.1,Yes,No,Local,2.48
Ebonyi,Cassava,0.64,2348.4,25.9,5.93,Loamy,64.9,Yes,No,Local,10.33
Ogun,Maize,2.01,1935.6,23.5,5.39,Clay,121.9,No,Yes,Improved,2.55
Imo,Cassava,1.07,2076.8,26.7,6.25,Loamy,61.1,Yes,No,Improved,5.23
Kano,Maize,0.38,621.1,31.4,6.06,Sandy,74.8,No,No,Improved,2.25
Borno,Rice,1.95,688.8,31.9,5.37,Clay,131,Yes,No,Local,2.88
Rivers,Rice,2.3,2108.8,29.5,6.49,Loamy,42.9,Yes,No,Improved,3.03
Oyo,Rice,0.68,2311.6,26.5,6.31,Clay,19,Yes,No,Improved,3.33
Kogi,Yam,1.06,1449.8,29.5,5.75,Loamy,122.9,No,No,Local,9.21
Ogun,Yam,4.81,1531.3,27.3,5.27,Clay,19.9,Yes,No,Improved,9.86
Benue,Sorghum,0.62,1404.7,27.9,6.93,Clay,35.2,No,Yes,Improved,2.16
Osun,Sorghum,0.74,2067.7,22.4,6.25,Clay,78.8,Yes,No,Local,1.22
Nasarawa,Rice,4.48,1300.2,28.6,4.95,Sandy,205.5,Yes,No,Local,1.95
Ogun,Sorghum,0.71,2418.3,22.4,5.57,Loamy,51.6,Yes,No,Improved,1.58
Zamfara,Sorghum,0.52,666.5,33.8,6.37,Sandy,23.2,Yes,No,Improved,1.76
Adamawa,Rice,1.22,1156.1,26.6,5.8,Sandy,123.8,Yes,Yes,Local,3.9
Akwa Ibom,Maize,2.54,1780.3,27.8,5.81,Loamy,203.4,No,No,Improved,2.04
Kebbi,Maize,4.36,651.9,29.2,5.65,Sandy,80,Yes,No,Local,1.73
Akwa Ibom,Maize,4.6,2203.1,29.8,6.44,Sandy,104.7,Yes,No,Improved,2.83
Edo,Yam,3.45,2395.6,29.6,6.3,Sandy,98.5,No,Yes,Local,8.57
Yobe,Cassava,4.15,501.4,32,6.14,Loamy,45.8,Yes,Yes,Improved,11.13
FCT,Rice,1.83,1070.1,26.1,5.07,Loamy,131.7,Yes,No,Local,2.65
Adamawa,Sorghum,1.41,1083.5,31,5.72,Sandy,0,Yes,No,Local,1.14
Osun,Sorghum,1.19,2415.5,25.1,4.37,Loamy,68.5,Yes,No,Local,1.11
Ekiti,Rice,4.6,2085.8,23.8,4.6,Loamy,109.2,No,No,Local,1.54
Enugu,Sorghum,1,1726,28.3,5.36,Clay,24.8,No,No,Improved,1.48
Imo,Sorghum,4.07,2023.9,29.1,6.16,Clay,48.9,No,No,Improved,1.71
Plateau,Cassava,4.04,1086.3,24.4,6.67,Sandy,69.2,Yes,No,Improved,11.53
Oyo,Cassava,1.28,2136.5,25.7,6.65,Loamy,43.6,No,No,Improved,9.93
Rivers,Maize,0.77,2239.8,26.8,6.57,Loamy,131.7,Yes,No,Local,2.21
Sokoto,Rice,17.41,415.7,33.3,6.71,Clay,105.7,No,No,Improved,2.81
Cross River,Maize,3.69,2154,23.7,6.33,Clay,133.9,Yes,No,Improved,2.57
Yobe,Cassava,3.57,481.7,29.5,7.11,Sandy,79.5,Yes,No,Improved,10.29
Lagos,Cassava,1.31,2171.5,29.1,5.66,Clay,51.2,No,No,Local,7.03
Bayelsa,Sorghum,2.62,2290.3,24,6.68,Loamy,81.5,No,No,Improved,1.46
Bauchi,Sorghum,0.87,988.2,26,5.24,Sandy,49.2,No,No,Local,1.37
Benue,Sorghum,0.2,1231.4,31.8,6.19,Sandy,94.9,No,No,Improved,1.28
Yobe,Sorghum,0.72,380.9,30.8,6.25,Sandy,0,Yes,Yes,Local,1.44
Kebbi,Cassava,1.81,751.7,27,6.28,Sandy,26.5,Yes,No,Improved,11.83
Nasarawa,Yam,6,1398.1,26.5,5.67,Loamy,124.5,Yes,No,Improved,9.97
Abia,Sorghum,1.12,2439.7,29.9,4.96,Clay,68.3,No,No,Local,1.02
Benue,Rice,3.78,1089.9,25.7,5.82,Loamy,78.7,No,Yes,Local,1.22
Gombe,Yam,0.33,668.8,32.7,6.26,Clay,49.6,No,Yes,Local,7.54
Katsina,Rice,15.03,638.3,36.1,6.8,Sandy,116.7,No,No,Local,2.16
Borno,Rice,0.99,682.2,37.3,5.08,Sandy,75.5,Yes,No,Improved,2.89
Kogi,Yam,0.54,1423.4,29.4,6.8,Loamy,95.6,Yes,No,Improved,10.47
Jigawa,Rice,0.78,673.7,36.5,6.62,Sandy,112,Yes,No,Local,2.21
Edo,Cassava,2.26,1624.3,26.6,7.13,Loamy,90.3,Yes,No,Improved,10.91
Katsina,Rice,1.34,452.6,31.3,6.1,Sandy,86.9,Yes,No,Local,3.13
Zamfara,Sorghum,1.29,736.7,29.5,6.85,Loamy,35.6,No,No,Improved,1.63
Kogi,Sorghum,0.51,1121.9,26.1,6.44,Loamy,54.3,Yes,No,Local,1.49
Oyo,Rice,0.31,2153.5,27.9,5.48,Sandy,32,Yes,No,Improved,3.63
Ekiti,Sorghum,0.45,1805.5,25.4,6.96,Clay,30.6,No,No,Local,1.14
Ekiti,Yam,0.85,1725.2,24.1,6.45,Clay,150.6,No,Yes,Improved,7.5
Ekiti,Rice,2.07,2332.7,29.2,5.76,Loamy,57.8,No,No,Local,2.17
Niger,Cassava,0.71,1083.9,27,5.34,Clay,137,Yes,No,Improved,11.78
FCT,Sorghum,0.82,1208.6,27.8,6.49,Clay,95.4,No,Yes,Local,1.43
Edo,Maize,2.3,2095.1,28.2,5.15,Loamy,129.6,No,No,Local,2.05
Rivers,Maize,1.11,2373.2,24.5,6.64,Clay,148.2,No,No,Local,1.79
Abia,Rice,3.36,2157.2,23.3,6.8,Loamy,110.5,Yes,No,Improved,3.35
Delta,Sorghum,5.23,1738,26.6,6.99,Clay,69.6,No,Yes,Local,1.53
Edo,Yam,3.37,2495,27.8,7.27,Loamy,42.3,Yes,No,Local,7.2
Ondo,Maize,0.55,1533.6,26.8,6.16,Sandy,63.3,No,No,Improved,1.97
Katsina,Sorghum,6.39,696.7,36.6,5.16,Loamy,0,No,No,Improved,1.33
Enugu,Maize,1.37,1769.8,27.6,5.37,Sandy,94.5,No,No,Improved,2.62
Niger,Cassava,1.46,1480.3,29.5,6.7,Loamy,44.1,No,No,Local,8.25
Kebbi,Maize,2.09,910.2,29.9,5.43,Loamy,163.1,Yes,No,Improved,2.65
Kogi,Maize,3.72,1090.3,27.9,6.09,Loamy,82.4,No,No,Local,2.52
Rivers,Cassava,1.61,2368.4,29.9,5.85,Clay,123.2,No,Yes,Improved,13.36
Imo,Sorghum,1.49,1591.3,22.2,6.18,Clay,111.1,Yes,No,Improved,1.42
Niger,Cassava,0.79,1270.7,29.7,5.72,Loamy,22.7,Yes,No,Improved,10.53
Benue,Yam,1.15,1294.4,29.3,6.3,Loamy,66.4,No,Yes,Improved,11.4
Sokoto,Yam,0.29,397.8,33.2,7.07,Sandy,119.4,Yes,No,Improved,8.23
Akwa Ibom,Sorghum,1.82,2325.3,25.8,5.83,Loamy,18.1,Yes,No,Local,0.61
Cross River,Yam,2.01,1923.7,25.9,4.95,Clay,83,No,No,Local,9.02
Oyo,Maize,0.93,1703.6,25,5.82,Clay,156.1,No,No,Improved,2.19
Niger,Maize,0.62,1135.3,29,6.56,Loamy,59.9,No,No,Local,2.21
Rivers,Rice,0.73,1943.6,25.9,6.29,Clay,151.5,No,No,Improved,2.8
Bauchi,Maize,3.4,710.5,27.5,5.68,Loamy,185.2,Yes,Yes,Local,2.54
Rivers,Maize,8,2052.2,27,6.45,Loamy,126.2,Yes,Yes,Local,2.88
Lagos,Cassava,1.76,2267.8,26.4,6.82,Sandy,22.1,No,No,Local,6.56
Delta,Cassava,0.74,1907.1,23.7,6.46,Clay,83.7,No,No,Local,7.94
Lagos,Cassava,16.7,1543,26.2,5.67,Loamy,102.6,No,No,Local,8.73
Adamawa,Yam,0.2,1281.2,25.6,6.46,Clay,102.8,No,No,Local,10.25
Kwara,Rice,0.69,1280.1,26.1,6.52,Sandy,49,No,No,Improved,2.56
Osun,Cassava,1.84,2249,30,6.09,Loamy,77.3,No,No,Improved,11
Akwa Ibom,Maize,0.84,1610,25.8,6.29,Loamy,86.7,Yes,No,Improved,2.72
Borno,Rice,0.92,587.3,28.8,4.72,Sandy,187.1,Yes,No,Improved,2.95
Ondo,Maize,1.59,1948.6,24.5,5.5,Clay,77.5,Yes,No,Local,2.06
Sokoto,Sorghum,0.63,383,36.8,5.88,Sandy,31.2,No,No,Local,1.32
Kwara,Yam,1.68,1385.2,26.5,5.15,Clay,148.5,No,No,Improved,8.36
Nasarawa,Maize,1.83,1040.5,25.2,6,Loamy,88.9,No,No,Improved,2.56
Lagos,Maize,1.14,2293.6,25.3,5.01,Loamy,111.9,No,No,Local,1.7
Delta,Rice,0.2,1795.3,28.5,6.98,Loamy,100.7,Yes,No,Local,3.17
Akwa Ibom,Maize,1.18,1524.3,26.7,6.19,Clay,98,No,Yes,Local,3.3
Ekiti,Yam,2.75,2315.5,26.5,6.4,Clay,98.2,No,No,Local,5.08
Edo,Yam,1.51,2013.8,26.5,7.05,Loamy,61.2,No,No,Improved,9.31
Cross River,Yam,1.66,2474.5,29.3,5.56,Clay,83.9,Yes,No,Improved,8.52
Gombe,Maize,0.94,699.9,31.1,6.51,Sandy,115.9,Yes,No,Local,2.35
Sokoto,Rice,1.99,317.7,34.1,6.56,Sandy,132.2,No,No,Local,2.81
Edo,Cassava,5.49,1619.8,29.1,6.15,Loamy,86.2,No,No,Local,8.82
Delta,Sorghum,4.06,1945.6,28.8,5.27,Clay,92.9,No,No,Improved,1.41
Ebonyi,Rice,0.2,2228.4,28.1,5.23,Loamy,109.9,No,No,Improved,3.26
Benue,Maize,0.42,1317.8,30.5,6.08,Clay,55.7,No,No,Local,1.77
Bauchi,Maize,1.38,607.7,26.4,5.38,Sandy,166.9,Yes,No,Improved,2.68
Rivers,Sorghum,2.97,2132.3,25.9,5.4,Clay,82.2,Yes,Yes,Local,1.29
FCT,Sorghum,0.81,1051.2,30,5.78,Loamy,36,No,Yes,Improved,1.75
Bauchi,Rice,4.25,859.6,32,6.02,Loamy,66,No,No,Local,3.13
Kwara,Rice,1.64,1485.4,31.7,5.98,Clay,139.6,No,No,Local,1.91
Zamfara,Yam,1.99,626.2,29,5.86,Loamy,96.4,Yes,No,Improved,10.84
Anambra,Cassava,0.94,2078.1,28.7,7.05,Clay,126.2,No,No,Local,8.06
Yobe,Rice,0.73,641.8,32.8,6.66,Sandy,109.2,Yes,No,Local,2.84
Kogi,Sorghum,0.7,1477.4,24.9,5.41,Clay,117.5,Yes,No,Improved,1.61
Enugu,Rice,3.45,1892.1,25,6.56,Clay,120.4,Yes,No,Local,3.32
Kwara,Cassava,1.03,1100.2,29.1,5.9,Sandy,79.5,No,No,Local,8.31
Abia,Maize,0.66,1745.1,27,6.49,Clay,158.2,No,No,Local,1.93
Abia,Sorghum,0.44,2077.7,26.5,6.39,Clay,0,Yes,No,Local,1.25
Gombe,Sorghum,0.94,981.7,27.1,6.81,Clay,95.1,Yes,Yes,Improved,2.1
Enugu,Maize,0.53,2122.2,22.3,5.59,Clay,104.5,No,No,Improved,2.15
Sokoto,Yam,6.4,573.9,34.1,5.42,Loamy,87.5,Yes,No,Local,8.81
Delta,Yam,1.02,1595.9,29,5.56,Loamy,85.2,Yes,No,Local,11.4
Kogi,Rice,1.89,1020.7,29,8,Loamy,142.7,No,No,Local,2.3
Borno,Sorghum,0.93,460.9,30,4.66,Sandy,67.1,Yes,No,Local,1.44
Lagos,Yam,0.86,2302,23.9,7.48,Loamy,64.2,Yes,No,Improved,7.94
Kano,Cassava,8.51,980,30.9,5.85,Loamy,130.8,Yes,No,Local,11.07
Borno,Sorghum,0.3,408.1,35.6,5.19,Sandy,45.4,No,No,Improved,1.82
Adamawa,Cassava,1.75,1266.5,26.3,5.33,Loamy,98.5,No,No,Improved,10.01
Lagos,Sorghum,1.88,1566.7,28.6,7.17,Clay,62,Yes,No,Local,1.44
Bauchi,Sorghum,1.12,919.3,30.8,7.29,Clay,15,Yes,No,Improved,1.94
Anambra,Yam,4.4,2227.5,28,5.95,Loamy,124.7,No,No,Improved,9.89
Kwara,Cassava,1.17,1204.4,25,6.16,Loamy,71.6,Yes,Yes,Improved,15.45
Taraba,Rice,1.58,1222,26.7,6.04,Loamy,186.6,No,No,Improved,3.58
Edo,Cassava,3.12,1925.2,23,5.89,Clay,92.9,No,No,Local,8.17
Adamawa,Rice,0.43,1425.2,27.9,5.27,Loamy,104.7,No,No,Local,2.81
Kebbi,Cassava,0.46,978.7,28.8,6.71,Sandy,39.1,No,No,Local,8.31
Adamawa,Sorghum,1.13,1400.5,24.7,7.54,Loamy,12.3,No,No,Local,1.14
Sokoto,Cassava,2.46,602.6,36.9,6.79,Loamy,51.9,Yes,Yes,Improved,12.7
Ogun,Sorghum,1.61,2163.1,24.3,6.91,Clay,68.7,Yes,No,Local,1.53
Oyo,Cassava,0.93,1672.6,23.5,6.05,Loamy,84,No,No,Local,10.55
Kebbi,Cassava,6.89,952.7,32.1,5.94,Sandy,144.2,No,No,Local,6.83
Osun,Cassava,1.77,1568.4,26.6,6.21,Clay,15.9,No,No,Improved,9.02
Taraba,Sorghum,0.31,1270.7,30.3,5.55,Loamy,33.2,No,No,Improved,1.42
Kaduna,Maize,0.43,983.2,32.8,6.15,Sandy,58.8,No,No,Local,1.93
Akwa Ibom,Sorghum,1.8,2315.1,22.2,5.79,Loamy,106.9,No,No,Local,0.91
Adamawa,Sorghum,1.29,1399.1,30.2,6.84,Clay,104.5,No,No,Improved,1.6
Plateau,Maize,2.38,1437.7,26.8,6.31,Loamy,147.5,No,No,Local,1.64
Katsina,Sorghum,2.18,561.6,28,6.77,Sandy,124.2,No,No,Improved,1.49
FCT,Sorghum,0.89,1285.8,26.3,6.63,Clay,26,No,No,Improved,1.46
Nasarawa,Yam,1.81,1472.4,24.8,6.03,Clay,24,No,Yes,Improved,13.3
FCT,Rice,2.2,1119.2,31.5,5.36,Loamy,114.2,Yes,No,Improved,3.54
Bayelsa,Maize,1.45,1617.6,29.1,6.52,Clay,156.3,No,No,Local,2.17
Akwa Ibom,Cassava,15.55,1788.9,26.7,6.14,Clay,115.9,Yes,No,Improved,11.96
Jigawa,Cassava,3.81,441.4,29.9,6.18,Sandy,97.1,Yes,Yes,Local,8.79
Katsina,Yam,4.42,490.4,36.8,5.94,Loamy,128.3,No,No,Improved,7.36
Lagos,Sorghum,1.94,2071.1,29.1,5.74,Loamy,55.7,Yes,No,Improved,1.34
Kano,Yam,3.24,704.3,31.2,6.69,Sandy,85.4,Yes,No,Local,7.85
Adamawa,Rice,0.86,1072.5,27.4,6.95,Loamy,82.1,No,No,Improved,2.78
Oyo,Maize,1.36,2314.9,22.2,6.16,Loamy,141.4,No,No,Local,1.42
Niger,Maize,0.45,1452.3,24.7,6.4,Loamy,165.7,No,No,Local,1.57
Ondo,Maize,0.64,2381.4,29.9,6.21,Clay,92.7,No,No,Improved,2.17
Kogi,Cassava,3.71,1318.1,24.9,6.05,Clay,112.4,No,No,Improved,11.13
Niger,Maize,1.98,1090.3,26.5,7.42,Clay,168.1,No,No,Local,2.39
Ondo,Rice,13.21,2422.6,26.8,4.94,Clay,72.9,Yes,No,Local,2.56
Anambra,Sorghum,1.04,1510.2,26.4,6.16,Clay,38.9,Yes,No,Local,1.18
FCT,Yam,1.18,1202.3,29.8,5.59,Clay,131.4,No,No,Improved,10.13
Anambra,Yam,0.76,2431.4,24.9,6.69,Clay,55.1,No,No,Local,7.4
Adamawa,Sorghum,0.84,1382.4,30.8,4.5,Clay,91.3,No,No,Improved,1.19
Enugu,Yam,1.81,1745.5,28.6,5.62,Clay,48.2,No,No,Local,8.41
Rivers,Yam,1.75,1769.3,29,5.24,Clay,114.3,No,No,Improved,9.87
Osun,Cassava,0.6,2428.9,27.7,4.57,Clay,91.3,No,Yes,Improved,9.88
Kano,Cassava,0.36,646.3,30,5.38,Sandy,62.1,No,No,Improved,9.25
Adamawa,Sorghum,0.33,1267.4,26.8,5.41,Clay,92.2,No,Yes,Improved,2.03
Ekiti,Yam,0.85,2411,29,5.38,Clay,90.3,No,No,Local,6.64
Benue,Maize,1.69,1340.1,29.2,6.25,Loamy,191.5,Yes,No,Local,2.24
Abia,Yam,1.1,1544.1,29.1,6.38,Clay,41,No,No,Local,7.06
Ogun,Sorghum,0.2,2022.7,29.6,6.6,Clay,74.4,Yes,No,Local,1.42
Lagos,Maize,5.44,1736.7,22.8,5.53,Loamy,64.1,Yes,No,Local,2.1
Bauchi,Cassava,0.52,953.4,29.6,6.07,Sandy,78.8,Yes,Yes,Improved,13.45
Gombe,Rice,3.48,762.4,33.6,5.95,Clay,132.6,No,No,Improved,2.84
Cross River,Cassava,0.8,1827.6,27.6,5.56,Clay,120.5,Yes,Yes,Improved,12.44
Osun,Cassava,3.1,2359,26.2,5.15,Loamy,67.3,Yes,No,Local,9.19
Taraba,Rice,0.73,1152.5,24.2,6.25,Sandy,74.7,Yes,No,Local,3.07
Ebonyi,Yam,2.11,2209.7,27.3,6.52,Clay,98.5,No,No,Improved,8.85
Nasarawa,Rice,2.81,1430.8,30.3,6.33,Loamy,83,No,No,Local,2.51
Niger,Rice,0.74,1493.1,27.4,6.14,Sandy,97,No,No,Local,3.15
Jigawa,Sorghum,6.43,372.7,32.4,4.92,Loamy,36.2,No,Yes,Improved,1.85
Benue,Sorghum,2.38,1137.9,28.9,6.05,Clay,46.3,No,No,Improved,1.95
Kwara,Cassava,3.75,1227,27.5,6.91,Loamy,107.9,Yes,Yes,Local,9.91
Nasarawa,Cassava,1.19,1271.3,31.9,7.71,Loamy,98.1,Yes,No,Local,8.55
Zamfara,Maize,0.79,760.8,34.5,5.56,Sandy,92.9,No,No,Improved,2.59
Borno,Yam,1.32,405.1,34.5,5.55,Sandy,119,Yes,No,Local,7.89
Anambra,Maize,1.31,1999.6,29.8,6.39,Clay,105,No,No,Improved,2.32
Bauchi,Cassava,6.77,768.4,29.5,5.54,Loamy,167.7,No,No,Local,6.29
Bayelsa,Sorghum,0.7,1846.2,29.3,6.48,Clay,39.1,No,No,Local,1
Cross River,Cassava,1.25,2454.2,24.9,5.36,Clay,106,No,Yes,Improved,9.42
Niger,Sorghum,0.38,1408.6,30.3,5.04,Sandy,11.8,No,No,Local,0.94
Bauchi,Cassava,3.8,638.3,28.4,5.66,Loamy,150.2,No,No,Improved,10.72
Kebbi,Sorghum,0.82,953.7,29.2,6.21,Loamy,116.9,Yes,No,Improved,1.46
Sokoto,Cassava,1.37,671.6,37.1,7.51,Sandy,33.7,No,Yes,Local,6.36
Cross River,Yam,0.6,1970.1,23.9,5.33,Clay,99,Yes,No,Local,8.25
Akwa Ibom,Rice,2.28,2229.6,26.7,5.38,Clay,166.1,Yes,Yes,Local,3.15
FCT,Maize,0.71,1030.3,26.5,5.09,Loamy,0,No,Yes,Improved,2.09
Zamfara,Yam,0.48,990.1,29.4,5.23,Loamy,120.4,No,No,Local,7.67
Rivers,Cassava,2.09,2016.8,25.1,7.54,Clay,49.1,Yes,No,Improved,9.97
Oyo,Yam,0.46,1534.1,23.4,5.77,Loamy,11.1,Yes,No,Improved,8.9
Edo,Cassava,0.98,1791.6,23.8,6.42,Clay,84.5,No,No,Improved,9.58
Rivers,Cassava,1.52,2498.9,22.5,5.94,Loamy,101.8,Yes,Yes,Local,10.34
Ogun,Sorghum,0.88,2297.9,22.6,5.13,Clay,71.8,No,No,Local,0.46
Kebbi,Rice,0.28,668.4,30.1,6.05,Loamy,94,No,No,Improved,3.8
Zamfara,Sorghum,0.71,608,26.6,6.33,Sandy,95.6,Yes,No,Improved,1.88
Ogun,Sorghum,8.25,1637.2,24.4,7.27,Clay,47.8,No,Yes,Improved,1.69
Delta,Yam,0.56,1951.5,27.1,5.96,Loamy,69,No,No,Local,6.54
Niger,Sorghum,1.51,1015.7,27.1,5.04,Sandy,79.3,Yes,Yes,Local,1.71
Bauchi,Maize,1.14,810.5,26.4,5.62,Sandy,132.9,No,No,Local,1.91
Edo,Rice,0.94,1712,27.8,5.97,Sandy,128.5,No,No,Improved,3.27
Adamawa,Maize,0.74,1160.9,30,5.76,Loamy,44.3,No,No,Local,2.23
Ebonyi,Cassava,0.2,1647.9,25,6.55,Clay,202.4,No,Yes,Local,6.91
Edo,Maize,2.61,1870.4,25.8,5.47,Clay,82.6,Yes,No,Local,1.87
Gombe,Yam,0.81,745.9,30.5,7.05,Sandy,162.1,No,Yes,Local,7.43
Abia,Sorghum,4.4,1628.7,26.5,6,Clay,46.4,Yes,No,Improved,1.91
Cross River,Cassava,0.74,2240.6,26.9,6.26,Loamy,116.6,No,No,Local,8.39
Kano,Yam,0.51,824,30.1,6.48,Loamy,151.3,Yes,No,Improved,9.82
Katsina,Cassava,0.44,364,36.3,5.36,Clay,84.1,Yes,No,Improved,7.94
Cross River,Rice,0.47,1545.4,28.7,6.15,Sandy,90.3,No,No,Local,2.61
Edo,Yam,7.61,1953.1,26.7,5.46,Clay,142.6,No,No,Local,7.72
Benue,Rice,0.85,1337.6,26.6,5.86,Loamy,4.6,Yes,Yes,Local,2.68
Bauchi,Maize,2.06,769,30.5,5.1,Loamy,93.7,No,No,Local,2.16
Bauchi,Maize,2.32,981.2,29.4,5.97,Clay,144.6,Yes,Yes,Local,2.22
Kano,Cassava,1.09,886.8,26.8,5.97,Sandy,120,Yes,No,Improved,10.19
Benue,Rice,10.36,1331.8,24.8,5.67,Loamy,41.2,No,No,Local,2.96
Anambra,Cassava,1.29,1943.1,26,6.94,Loamy,148,Yes,No,Improved,9.57
Cross River,Maize,2.16,1528.9,23.6,5.66,Clay,195.7,No,No,Improved,2.49
Lagos,Maize,3.18,1591.6,29,6.89,Clay,181.1,Yes,No,Local,2.07
Adamawa,Sorghum,0.78,1008.7,26.1,6.53,Sandy,121.6,No,Yes,Improved,1.85
Plateau,Sorghum,1.12,1428.3,31.8,5.66,Sandy,115.1,No,No,Local,1.06
Delta,Sorghum,1.25,1914.9,23.6,6.5,Clay,48,No,No,Improved,1.09
Anambra,Maize,3.41,2326.3,24.6,5.44,Clay,155.1,Yes,Yes,Local,2.81
Nasarawa,Sorghum,0.55,1083.2,28,6.43,Clay,103.3,Yes,No,Local,1.5
Osun,Sorghum,0.98,1605.5,25.9,5.27,Loamy,35.6,Yes,No,Local,1.21
Kaduna,Yam,1.21,814.4,26.6,6.74,Clay,90.6,No,No,Improved,8.09
Gombe,Cassava,0.36,830.7,26.8,7.01,Loamy,135.1,No,Yes,Improved,11.13
Imo,Rice,3.4,2208,23.1,5.27,Loamy,205.4,No,Yes,Local,3.02
Oyo,Maize,2.98,2421.8,26.4,6.75,Loamy,125,Yes,No,Improved,2.53
Imo,Cassava,0.95,1914.6,27.5,6.82,Loamy,82.4,No,Yes,Local,9.15
Kwara,Sorghum,2.47,1111.9,31,6.28,Loamy,101.3,No,No,Local,1.23
Ekiti,Rice,0.7,1615.2,24.8,7.31,Loamy,73.9,Yes,Yes,Improved,3.37
Sokoto,Cassava,1.21,673.6,31.1,5.91,Sandy,54.1,Yes,No,Local,8.4
Osun,Rice,4.76,2434.1,28.9,6.33,Clay,157.9,Yes,No,Local,2.49
Adamawa,Sorghum,11.05,1366.6,24.9,4.23,Sandy,99.7,No,Yes,Improved,1.48
Ebonyi,Sorghum,0.68,2372.9,29.6,6.67,Sandy,27.6,Yes,No,Improved,1.59
Bayelsa,Maize,3.27,2118.1,23.1,6.82,Loamy,145.4,No,Yes,Local,1.9
Ekiti,Yam,1.61,1740.4,26.1,6.11,Clay,17.4,No,No,Local,6.48
Gombe,Yam,3.34,869.7,26.1,5.96,Sandy,108,Yes,Yes,Improved,11.81
Ekiti,Rice,0.29,1825.1,25.6,5.99,Sandy,149.7,No,No,Improved,3.71
Kebbi,Cassava,5.22,647.5,31.1,5.57,Sandy,55.5,Yes,No,Local,8.69
Cross River,Cassava,3.27,1707.7,27.7,6.16,Clay,173,Yes,Yes,Local,9.21
Cross River,Cassava,2.81,1812.5,22.2,5.81,Sandy,156.2,No,No,Improved,10.7
Cross River,Rice,1.52,1967.7,23.2,7.37,Loamy,75.5,No,Yes,Local,2.88
Bauchi,Sorghum,2.32,774.6,33,5.37,Sandy,0.8,No,No,Improved,1.32
Delta,Rice,0.42,2062.2,24.1,6.9,Clay,135,Yes,No,Improved,3.82
Borno,Rice,3.29,469.6,33.4,5.43,Loamy,111.5,No,No,Improved,3.02
Ogun,Sorghum,1.27,2229.2,27.4,4.38,Clay,58.3,No,No,Local,1.16
Abia,Sorghum,4.32,2241.9,25.4,4.89,Clay,0,No,No,Improved,0.95
Bauchi,Yam,0.2,794.5,34.1,5.49,Sandy,69.1,No,No,Improved,8.52
Bayelsa,Rice,4.12,2454.3,23.9,5.67,Clay,153.2,Yes,No,Local,2.88
Imo,Rice,1.85,2285.4,25.2,6.76,Clay,77.1,Yes,No,Improved,3.89
Borno,Sorghum,0.61,348.5,36.4,5.14,Sandy,64.9,No,No,Improved,1.14
Zamfara,Yam,3.16,787.6,26.7,5.57,Clay,111.9,No,No,Improved,10.17
Taraba,Rice,5.6,1149.8,29.3,6.17,Loamy,100,Yes,Yes,Improved,4.52
Edo,Cassava,1.55,2070.6,27.8,5.11,Clay,52.2,No,No,Improved,13.24
Lagos,Sorghum,6.03,2449.5,23.7,5.64,Sandy,86.4,No,No,Local,1.03
Ebonyi,Yam,2.2,2363.1,28.6,5.96,Clay,147.6,No,No,Local,7.09
Edo,Rice,0.65,1706.9,29,5.83,Clay,200.8,No,No,Improved,3.14
Borno,Maize,0.22,695.6,36.7,5.53,Loamy,64,No,No,Local,1.58
Enugu,Maize,1.18,1638.7,23.7,6.79,Loamy,165.3,No,No,Improved,2.39
Plateau,Maize,1.65,1348.2,27.4,6.45,Loamy,77,No,No,Local,1.98
Jigawa,Rice,0.91,539.8,33.5,5.62,Sandy,91.6,No,No,Local,2.61
Taraba,Cassava,0.47,1369.4,30.7,7.11,Sandy,93,No,No,Local,8.31
Enugu,Rice,2.01,1670.9,27.7,5.85,Clay,110.9,Yes,No,Local,3.16
Benue,Maize,1.74,1452.6,30.1,6.29,Loamy,135.8,No,No,Local,1.74
Oyo,Sorghum,0.65,2414.6,27.4,5.13,Loamy,0,Yes,No,Improved,1.36
Zamfara,Cassava,1.82,764.7,30.2,5.71,Sandy,128.2,Yes,No,Improved,10.63
Gombe,Sorghum,0.94,738.6,30.5,6.1,Sandy,19.5,No,No,Improved,1.54
Ondo,Maize,0.48,2209.2,27.4,5.74,Sandy,151.7,No,No,Local,1.8
Taraba,Yam,2.25,1312.9,25.3,5.05,Clay,163.4,No,No,Local,7.27
Anambra,Rice,2.24,2100.1,22,5.98,Clay,88.7,No,Yes,Local,2.97
Lagos,Cassava,3.58,1816,29.5,5.2,Clay,98.6,Yes,No,Improved,11.74
Bauchi,Rice,1.11,850.4,34.9,4.98,Loamy,207.7,No,No,Improved,2.67
FCT,Yam,0.73,1365.8,28.8,5.4,Loamy,95.4,No,No,Local,4.39
Yobe,Cassava,5.17,302.5,28.6,6.03,Loamy,57,Yes,No,Improved,7.33
Ondo,Yam,3.01,1905.5,27.7,6.91,Clay,60.3,No,No,Local,8.22
Abia,Maize,1.05,1805.9,27.8,6.13,Loamy,167.3,No,No,Local,2.11
Kebbi,Rice,6.91,966.2,26,6.13,Sandy,176.3,Yes,No,Local,2.42
Ondo,Yam,3.93,2431.6,22.4,5.7,Clay,92.4,Yes,No,Local,7.39
Benue,Cassava,1.4,1292.9,24.8,6.22,Sandy,89.7,Yes,No,Improved,13.61
Ebonyi,Yam,0.42,1994.5,26.2,5.57,Clay,53,Yes,No,Improved,9.7
Cross River,Sorghum,2.5,2207.4,24.2,6.28,Clay,127.3,Yes,No,Improved,1.45
Ondo,Rice,1.79,2237.4,29.2,5.66,Clay,23.7,Yes,No,Improved,3.06
Ekiti,Maize,1.14,1928.4,26.5,4.95,Clay,105,Yes,No,Improved,2.64
Nasarawa,Yam,7.54,1250.4,31.5,5.9,Clay,78.2,Yes,No,Improved,12.13
Abia,Rice,0.54,1737.1,29,5.89,Clay,107.6,No,No,Improved,3.35
Rivers,Sorghum,0.63,2377.7,29.2,7,Loamy,73.5,Yes,Yes,Local,1.49
Cross River,Sorghum,0.52,1926.6,28.2,5.67,Clay,96.8,No,No,Local,0.99
Lagos,Sorghum,1.19,1784.9,24.6,6.72,Clay,27.7,Yes,No,Improved,1.24
Nasarawa,Cassava,1.47,1034,26.1,5.64,Loamy,156,Yes,No,Local,8.95
Kwara,Cassava,1.45,1214.2,31.7,6.26,Loamy,18.6,Yes,No,Improved,10.2
Ondo,Yam,1.92,1799.4,24.7,5.5,Loamy,55,No,No,Improved,7.52
Adamawa,Sorghum,3.09,1340.9,26.5,7.43,Clay,51.5,No,No,Local,1.23
Borno,Sorghum,2.33,646.2,36.3,4.69,Loamy,48.8,No,No,Improved,1.39
Bayelsa,Yam,0.54,2113.4,29.9,6.58,Clay,111.4,No,No,Local,8.23
Niger,Maize,0.95,1338.4,26.6,5.58,Loamy,131.8,No,Yes,Improved,3.53
Delta,Cassava,0.89,1870.1,29.1,6.44,Sandy,145.3,No,No,Local,7.21
Bayelsa,Yam,1.36,2052,23,6.43,Clay,131.9,Yes,No,Improved,9.21
Jigawa,Cassava,4.66,411,28.4,5.8,Sandy,107.2,Yes,No,Local,8.45
Lagos,Maize,0.57,2052.5,23.2,5.71,Clay,91.2,Yes,Yes,Local,2.66
Yobe,Sorghum,2.21,450.9,34.2,6.33,Loamy,77,Yes,No,Local,1.63
Oyo,Rice,2.87,1625.5,24.1,5.78,Loamy,52.7,Yes,No,Improved,3.63
Nasarawa,Sorghum,1.35,1427.7,30.2,7.43,Sandy,22.9,No,No,Improved,1.34
Bayelsa,Maize,2.32,1983.9,27.3,7.38,Loamy,186,Yes,No,Improved,2.58
Adamawa,Rice,1.38,1176.6,30.8,6.15,Loamy,98.3,No,No,Improved,3.15
Taraba,Cassava,1.95,1075.8,28.1,6.5,Sandy,46.1,No,No,Improved,10.13
Borno,Cassava,0.7,480.8,36.8,5.9,Sandy,96.8,No,No,Improved,9.42
Taraba,Yam,0.63,1117.9,24.6,7.19,Clay,78.5,Yes,No,Local,6.85
Bauchi,Yam,1.06,922.9,26.4,5.89,Loamy,53.2,Yes,No,Local,7.21
Adamawa,Sorghum,6.31,1497.8,27.1,5.86,Loamy,128.4,Yes,Yes,Improved,1.31
Bayelsa,Maize,5.95,2291.9,22.2,6.36,Sandy,112.2,No,No,Local,1.58
Akwa Ibom,Sorghum,0.91,2149.9,22.9,4.95,Loamy,72.5,No,No,Improved,1.38
Kano,Rice,5.8,691.7,28.5,5.22,Sandy,20.3,Yes,Yes,Improved,3.58
Rivers,Sorghum,2.65,1576.2,29.9,4.63,Sandy,134.5,No,No,Improved,1.14
Imo,Yam,0.25,1829.8,23.1,6.36,Clay,79.5,Yes,Yes,Improved,12.67
Sokoto,Rice,1.63,572.1,28.5,6.97,Clay,127.1,No,No,Local,2.1
Yobe,Yam,2.3,665,35.1,6.74,Sandy,124.6,Yes,Yes,Improved,11.53
Benue,Cassava,0.24,1218.1,25.4,6.23,Clay,104,Yes,Yes,Improved,12.76
Imo,Sorghum,4.1,1608.4,23.1,5.44,Clay,71,No,No,Local,1.14
Rivers,Yam,0.38,1727,26.7,6.61,Clay,105.8,Yes,Yes,Improved,14.49
Nasarawa,Cassava,1.13,1244.5,30.2,4.97,Clay,94.1,Yes,No,Improved,11.36
Kwara,Sorghum,0.56,1245.4,31,6.93,Loamy,65.2,No,No,Improved,1.4
Ekiti,Maize,2.83,1839.1,27.2,6.75,Loamy,128.2,No,No,Improved,2.25
Edo,Yam,2.93,1954,28.2,5.35,Loamy,74.4,Yes,Yes,Improved,12.21
Bayelsa,Sorghum,0.22,2255.6,25,5.95,Clay,113.5,Yes,No,Local,1.01
Ondo,Cassava,0.49,2207.8,27.3,5.74,Clay,48.1,No,No,Local,9.22
Imo,Cassava,5.89,1938.5,28.6,5.13,Sandy,58.6,Yes,No,Local,8.98
Adamawa,Rice,3.36,1139.7,30.7,5.31,Loamy,69.8,No,Yes,Local,2.56
FCT,Rice,0.75,1385.3,30.7,6.19,Clay,114,Yes,No,Improved,4.42
Adamawa,Yam,6.18,1338.3,27.1,5.97,Clay,104.5,Yes,No,Local,7.47
Osun,Yam,0.73,2354.6,25.7,6.58,Clay,81.4,No,Yes,Local,8.27
Anambra,Sorghum,2.08,2289.1,26.7,6.26,Loamy,23.1,Yes,No,Local,1.44
Plateau,Sorghum,1.99,1363.5,31.8,6.49,Sandy,32.3,No,No,Local,1.19
Rivers,Rice,1.71,2150.8,23.1,7.38,Clay,103.2,Yes,Yes,Local,2.99
Katsina,Sorghum,2.91,454.8,33.6,6.3,Loamy,34.7,Yes,No,Improved,1.76
Bauchi,Maize,0.69,677.6,30.5,5.52,Sandy,116.1,Yes,No,Local,2.19
Oyo,Yam,1.52,2452.7,24.2,6.68,Loamy,105.8,Yes,Yes,Local,9.9
Benue,Yam,1.68,1286.6,24.1,5.8,Loamy,131,Yes,No,Improved,10.28
Sokoto,Rice,1.65,513.8,34,5.64,Clay,151.3,No,Yes,Improved,4.1
Bayelsa,Yam,0.39,1869.5,25.5,5.9,Clay,149.8,No,No,Local,8
Enugu,Maize,0.34,2297.1,29.5,5.57,Clay,62.9,No,No,Improved,2.31
Bayelsa,Sorghum,0.93,1815.9,27.3,6.7,Loamy,65.4,No,No,Improved,1.38
Taraba,Yam,2.09,1259.5,27.9,7.03,Clay,52.3,No,No,Local,6.62
Osun,Rice,0.72,1699.8,25,6.43,Loamy,58,Yes,No,Local,3.39
Cross River,Cassava,0.27,1990.5,23.8,6.53,Clay,48.9,Yes,No,Improved,9.83
Edo,Cassava,1.58,1775.1,24.2,6.09,Sandy,86.1,Yes,No,Local,11.4
Osun,Yam,0.69,1669.9,25.1,5.8,Clay,105,No,No,Local,8.29
Lagos,Rice,1.66,2145.9,23.9,6.68,Clay,89.5,Yes,No,Local,3.01
Kwara,Cassava,1.29,1096.3,29.9,6.37,Clay,102.3,No,No,Improved,12.75
Niger,Rice,0.56,1087.6,25.6,5.72,Loamy,118.7,Yes,No,Improved,4.63
FCT,Yam,1.36,1268.1,26.7,6.72,Clay,169.6,No,No,Improved,8.9
Kwara,Maize,2.18,1342.7,26.8,7.03,Sandy,114.2,No,No,Local,1.85
Niger,Yam,0.66,1420.1,25.5,6.75,Loamy,122.9,No,Yes,Improved,9.79
Osun,Rice,0.58,2353.6,26.5,6.66,Clay,137.4,No,No,Improved,3.46
Enugu,Cassava,3.15,1875.9,25.5,5.77,Loamy,33.9,No,No,Improved,8.16
Rivers,Maize,1.27,1840.4,29.1,5.52,Clay,105,No,No,Improved,2.88
Ondo,Maize,25,2217.8,27.3,5.59,Clay,110.2,Yes,No,Local,2.06
Ogun,Sorghum,2.11,2350.3,27.8,5.74,Clay,72.2,Yes,Yes,Local,1.35
Abia,Sorghum,0.59,2130.1,25.8,7.02,Sandy,97.3,No,No,Local,1.15
Akwa Ibom,Cassava,0.63,2032.8,23.8,6.24,Clay,105.6,No,No,Local,8.59
Edo,Rice,5.04,2213.2,25.8,5.69,Clay,192.2,No,No,Improved,2.96
Taraba,Sorghum,0.95,1349.1,27.7,5.99,Sandy,139.7,Yes,No,Local,0.95
Anambra,Maize,1.27,2343.3,27.1,6.32,Clay,113.2,No,No,Improved,2.31
Katsina,Cassava,0.7,337.2,35.7,7.1,Clay,92.7,No,No,Improved,9.69
Akwa Ibom,Cassava,10.57,2157.2,26.8,6.52,Loamy,123.9,Yes,No,Local,7.94
Enugu,Rice,0.32,1721.2,25,5.89,Clay,149.9,Yes,No,Improved,4.06
Kaduna,Sorghum,2,623.1,27,6.33,Sandy,62.9,No,No,Local,1.57
Sokoto,Yam,0.81,596.8,34.3,5.74,Sandy,81.3,No,Yes,Improved,8.9
Benue,Yam,0.75,1155.8,25.3,5.44,Loamy,98.4,Yes,No,Local,8.93
Niger,Cassava,0.52,1466.3,26.8,5.9,Clay,41.2,Yes,No,Local,8.85
Imo,Maize,4.54,1642,28.3,7.41,Sandy,100,Yes,No,Local,2.28
Nasarawa,Maize,1.24,1074.2,25.3,5.85,Clay,79.6,Yes,No,Improved,2.41
Niger,Yam,14.89,1427.6,25.8,6.53,Sandy,24.5,Yes,No,Local,7
Cross River,Rice,1.15,1617.6,28.2,6.27,Loamy,109.9,Yes,No,Local,3.51
Edo,Rice,3.22,1854.3,25.8,6.78,Clay,95.4,No,No,Local,2.37
Edo,Rice,1.91,1749.2,27.3,6.63,Loamy,142.4,No,No,Local,2.83
Ogun,Cassava,0.52,2229.2,27.6,6.36,Clay,134.9,Yes,No,Local,7.69
Bauchi,Yam,1.43,613.7,31.1,5.88,Sandy,134,No,Yes,Local,5.38
Cross River,Maize,1.59,1589,23.9,7.11,Sandy,156,Yes,No,Local,2.1
FCT,Cassava,3,1175.1,28.9,5.53,Loamy,114.3,Yes,No,Local,10.01
Edo,Yam,0.9,2123.9,29.6,6.34,Clay,69.4,Yes,No,Local,8.67
Sokoto,Yam,1.44,593.2,32.2,5.27,Sandy,104.5,Yes,No,Improved,9.58
Zamfara,Rice,1.8,930.1,29,5.24,Clay,97.3,No,No,Local,2.95
Ekiti,Maize,0.85,1716.9,22.3,6.6,Clay,122.2,Yes,Yes,Improved,2.58
Sokoto,Yam,0.52,419.8,35,6.56,Clay,128.8,Yes,No,Improved,9.99
Akwa Ibom,Sorghum,2.91,1951.4,26.8,6.38,Loamy,39.6,Yes,No,Improved,1.5
Ekiti,Cassava,0.66,1798.5,22.7,6.33,Clay,53.1,Yes,No,Local,6.7
Kwara,Sorghum,0.5,1180.5,30,6.82,Clay,1.3,No,No,Improved,1.46
Edo,Sorghum,3.44,2447.3,27.2,7.07,Clay,32.7,Yes,No,Local,1.2
Delta,Rice,3.35,1942.6,23.9,4.86,Loamy,150.7,Yes,Yes,Improved,3.9
Rivers,Yam,7.02,2123.1,26.2,6.27,Loamy,145.2,No,No,Local,8.18
Yobe,Yam,1.27,390,35.1,5.5,Loamy,46.4,Yes,No,Local,3.11
Taraba,Yam,0.92,1389.3,31,6.03,Loamy,97.8,Yes,No,Local,9.83
Jigawa,Maize,7.54,594.4,30.2,6.73,Sandy,79.4,No,No,Local,1.83
Adamawa,Maize,3.01,1487,29.6,5.63,Sandy,118,No,No,Local,2.34
Katsina,Maize,0.31,382.3,33.5,6,Clay,160.1,Yes,No,Local,2.22
FCT,Maize,0.86,1073.5,30.4,5.69,Loamy,103,No,No,Local,1.77
Adamawa,Rice,2.06,1147.8,27.3,5.63,Loamy,77.7,No,No,Local,2.67
Kaduna,Yam,3.26,969.1,31.7,5.26,Sandy,117.9,Yes,No,Local,7.97
Cross River,Sorghum,2.54,2451.4,29.4,6,Clay,18.5,Yes,Yes,Improved,1.93
Ondo,Rice,0.57,1573.4,24.7,5.96,Clay,111.6,No,No,Improved,3.55
Akwa Ibom,Sorghum,0.4,2203.8,26.3,7,Clay,89.7,Yes,No,Local,1.21
Anambra,Sorghum,1.03,2019.8,23,5.64,Clay,31.6,No,No,Local,1.19
Borno,Yam,1.54,326.9,31.7,4.13,Clay,70.1,Yes,No,Improved,7.23
Taraba,Cassava,3.77,1380.4,30.1,5.69,Loamy,117.2,No,No,Local,4.3
Kaduna,Rice,4.46,936.7,26.2,6.63,Clay,120.6,Yes,No,Local,3.61
Kogi,Yam,3.14,1168.9,27.5,6.52,Loamy,54.6,No,No,Local,7.53
Delta,Sorghum,1.07,1960.6,28.4,6.23,Clay,62.2,No,No,Local,0.94
Taraba,Sorghum,1.69,1394,25.1,6.09,Loamy,0,No,No,Local,1.2
Enugu,Maize,4.97,1821,24,4.42,Loamy,159.3,No,No,Local,1.5
Abia,Maize,0.35,1516,23.3,7.18,Loamy,147.5,Yes,No,Improved,2.52
Rivers,Cassava,0.64,2412,23,4.73,Loamy,130.6,Yes,No,Improved,10.15
Adamawa,Sorghum,2.57,1242.7,24.1,6.29,Loamy,63.8,No,No,Improved,1.38
Jigawa,Sorghum,4.44,655.9,28.2,5.38,Clay,0,No,No,Local,0.94
Oyo,Sorghum,5.37,1621.2,22.3,5.78,Loamy,30,No,No,Local,1.02
Taraba,Sorghum,1.18,1058.4,29.3,5.21,Loamy,70.8,Yes,No,Improved,1.92
Yobe,Rice,1.63,488.7,32.8,6.62,Loamy,134.7,No,No,Local,2.55
Adamawa,Sorghum,0.39,1237.9,25.8,4.13,Loamy,19.6,No,Yes,Improved,1.41
Enugu,Cassava,1.5,2197.5,29.7,4.95,Clay,67.9,No,No,Improved,10.79
Kogi,Rice,2.36,1397.2,29.6,6.29,Clay,139.8,No,No,Improved,3.98
Benue,Sorghum,1.6,1194.6,25.2,6.66,Loamy,0,Yes,No,Improved,1.54
Benue,Rice,2.85,1153.9,28.4,6.07,Loamy,141.3,No,No,Improved,3.83
Rivers,Cassava,3.97,1503.9,22.4,4,Loamy,92.5,Yes,No,Local,8.11
Anambra,Sorghum,2.85,2044.9,24.4,7.11,Loamy,67.3,Yes,No,Local,1.13
Bauchi,Rice,1.47,944.5,34.3,5.49,Clay,86.8,Yes,No,Improved,3.71
Katsina,Rice,8.44,490,36.9,5.61,Sandy,56.2,No,No,Improved,2.42
Gombe,Yam,1.53,617.8,27.3,5.38,Loamy,121.2,Yes,No,Local,7.48
Enugu,Yam,0.83,1959.1,26.9,5.25,Sandy,139.5,Yes,No,Local,7.6
Gombe,Rice,0.4,969.9,32,5.42,Sandy,105.9,Yes,No,Improved,3.8
Kogi,Yam,4.01,1156.1,30.8,5.66,Sandy,73.5,Yes,No,Improved,10.18
Rivers,Yam,1.33,1644.5,25.5,6.37,Loamy,50.4,No,Yes,Local,8.59
Zamfara,Rice,1.61,924.2,34.2,6.66,Loamy,46.2,Yes,No,Improved,3.06
Ebonyi,Sorghum,2.32,2044.2,28.9,6.21,Sandy,88.4,Yes,No,Local,1.44
Nasarawa,Cassava,0.7,1129.6,31.1,6.87,Sandy,166.6,Yes,Yes,Local,10.41
Jigawa,Cassava,1.48,512.1,36.1,6.23,Sandy,115.4,Yes,No,Improved,11.31
Bayelsa,Maize,3.96,1699.4,22.6,6.33,Clay,150.6,No,No,Improved,2.16
Ogun,Rice,0.23,2283.9,26.5,6.11,Clay,83.6,No,No,Local,2.09
Ekiti,Yam,4.9,1800.7,24.7,5.63,Clay,84.5,Yes,No,Improved,9
Rivers,Maize,0.82,1725.2,26.7,6.03,Loamy,153.7,No,No,Local,2.14
Gombe,Maize,1.05,865.3,28.8,6.11,Clay,132.3,No,No,Improved,1.61
Kwara,Rice,6.63,1055.5,26.8,5.75,Loamy,129.4,No,No,Local,2.84
Gombe,Rice,1.12,852.4,33.2,6.27,Sandy,113.8,Yes,Yes,Local,2.47
Anambra,Maize,0.8,1947.6,25.3,5.54,Loamy,134.3,No,No,Improved,2.66
Adamawa,Rice,1.7,1156.5,31.6,6.36,Clay,124.9,No,No,Local,2.37
Delta,Maize,1.76,2169.9,25.9,6.36,Loamy,219.1,No,No,Local,2.2
Bayelsa,Sorghum,3.57,1706.2,26.7,6.44,Sandy,67,Yes,No,Local,1.49
Akwa Ibom,Yam,2.79,2154.5,29.1,5.79,Clay,30.1,Yes,Yes,Local,8.35
Zamfara,Rice,0.56,638.7,30.1,6.68,Loamy,74.3,Yes,No,Improved,3.32
Oyo,Maize,2.33,1774.9,22.4,6.23,Loamy,151.8,Yes,No,Local,2.43
Zamfara,Cassava,5.01,708.1,28.7,5.7,Loamy,5.8,Yes,No,Improved,10.61
Ebonyi,Maize,1.07,1583.8,28.2,5.82,Sandy,102.9,Yes,No,Improved,2.94
Akwa Ibom,Yam,1.45,2380.6,25,6.23,Clay,76.4,No,No,Local,7.56
Yobe,Cassava,5.66,651.4,29.1,5.13,Loamy,79.4,No,No,Local,7.89
Oyo,Yam,5.08,1894.6,29.1,5.1,Loamy,65.1,No,No,Local,6.14
Akwa Ibom,Cassava,2.09,2065,28.5,5.54,Loamy,62.3,No,Yes,Improved,9.98
Yobe,Cassava,0.72,385.3,28.5,5.6,Sandy,159,No,No,Improved,9.36
Oyo,Rice,0.21,2360.8,24.5,6.3,Loamy,117.5,Yes,No,Local,2.78
Adamawa,Cassava,2,1335.1,28.9,6.01,Loamy,101.1,No,No,Local,8.58
Yobe,Rice,1.64,333.9,28.8,4.5,Clay,99.7,Yes,Yes,Improved,3.46
Imo,Maize,1.23,1681,22.7,5.58,Loamy,104.1,No,No,Improved,3.06
Kaduna,Maize,0.98,640.8,28,5.27,Sandy,104.2,No,No,Local,0.94
Ebonyi,Sorghum,1.22,1500.6,26.2,5.66,Loamy,138.8,No,No,Improved,1.31
Akwa Ibom,Yam,1.38,1753.1,28.7,5.47,Clay,74.5,No,No,Improved,9.81
Adamawa,Maize,0.24,1486.1,26.6,5.63,Clay,146,No,No,Local,1.88
Bayelsa,Maize,1.2,1549.3,22.1,5.81,Loamy,175,No,No,Local,0.63
Kwara,Cassava,3.61,1032.8,29.8,5.93,Clay,38.1,No,No,Local,8.34
Edo,Rice,1.14,1582.1,28,7.36,Clay,131,No,No,Local,2.39
Katsina,Cassava,0.57,671.7,31.9,5.61,Sandy,104,No,No,Improved,11.15
Bauchi,Rice,1.8,654.4,34.9,6.88,Sandy,96.2,Yes,No,Local,2.78
FCT,Maize,5.97,1476.1,31.7,6.93,Loamy,127.8,Yes,No,Local,1.82
Taraba,Yam,4.86,1203.8,26.9,5.69,Loamy,54.1,No,No,Improved,8.55
Ogun,Rice,2.73,2106,25.6,5.79,Sandy,120.8,Yes,No,Local,3.09
Abia,Cassava,8.32,2268.6,23.8,6.07,Loamy,97.1,No,Yes,Local,10.01
Borno,Rice,6.84,402,37.6,6.19,Sandy,89.2,Yes,No,Improved,3.43
Sokoto,Rice,1.15,333.4,36.8,6.9,Sandy,160.3,No,No,Local,2.26
FCT,Yam,1.38,1316.8,25.5,7.13,Sandy,86.7,No,No,Improved,10.67
Nasarawa,Maize,0.79,1372,27.4,6.06,Clay,183.3,Yes,No,Local,2.34
Cross River,Maize,0.75,1763,23.5,6.11,Loamy,156.8,No,No,Local,2.2
Gombe,Cassava,25,651.6,27.6,6.1,Sandy,76.4,Yes,No,Local,5.65
Taraba,Yam,1.13,1017.4,29.5,5.92,Clay,182.6,Yes,No,Improved,9.63
Imo,Rice,2.22,1805.3,28.4,6.76,Clay,61.5,No,No,Improved,3.31
Lagos,Maize,1.54,1723.4,22.6,6.77,Loamy,75,No,No,Improved,2.13
Enugu,Rice,1.58,2236.4,23,6.06,Sandy,71.3,Yes,No,Local,3.22
Edo,Sorghum,0.92,1546.4,27.3,6.34,Clay,72.2,No,No,Improved,1.69
Kogi,Sorghum,10.4,1403.8,29.4,4.85,Loamy,23.2,No,No,Local,1.03
Abia,Yam,1.47,2481.5,25.3,5.77,Loamy,98.6,Yes,No,Improved,10.89
Anambra,Rice,2.58,2239.7,26.2,4.51,Clay,68.8,Yes,No,Local,2.82
Bayelsa,Cassava,1.13,1983.5,26,5.05,Sandy,2.3,Yes,No,Improved,11.33
FCT,Yam,1.02,1492,29.3,5.67,Sandy,69.5,No,No,Improved,8.53
Yobe,Yam,3.31,386.7,34.3,5.5,Loamy,85,Yes,No,Local,6.83
Borno,Maize,1.17,519.7,31.7,6.4,Sandy,214.6,No,Yes,Improved,2.57
Ekiti,Maize,1.52,2028.7,22.4,6.66,Loamy,95.7,Yes,No,Local,2.12
Borno,Rice,2.81,581.3,31.9,4.29,Sandy,65.8,No,No,Local,2.3
Kebbi,Sorghum,0.73,921.9,34.9,6.3,Sandy,136.4,No,No,Local,0.98
Abia,Cassava,0.57,2099.2,22.2,6.48,Clay,79.5,No,Yes,Local,8.44
Osun,Sorghum,1.61,1815.2,25.2,5.7,Loamy,56.2,Yes,Yes,Improved,2.13
Abia,Sorghum,0.97,1750.6,29.7,5.8,Loamy,27,No,No,Improved,1.68
Oyo,Yam,1.43,1954.9,25.6,5.27,Loamy,53.6,No,No,Local,6.21
Yobe,Maize,0.6,326.6,29.4,6.46,Clay,161.3,Yes,No,Improved,3.19
Borno,Maize,4.14,380.3,34.9,6.99,Sandy,131.1,No,No,Local,1.92
Borno,Yam,1.18,346.4,36.1,6.37,Sandy,103.9,No,No,Improved,8.14
Ekiti,Sorghum,2.72,2256.4,29.3,5.36,Sandy,18.1,No,No,Improved,1.09
Cross River,Cassava,2.64,2365.2,29.5,5.91,Loamy,10.3,Yes,No,Improved,9.58
Benue,Sorghum,4.04,1016,27.3,6.37,Sandy,6,No,No,Improved,1.6
Bayelsa,Rice,0.64,1958.3,28.8,5.67,Clay,26.4,No,No,Improved,3.21
Jigawa,Rice,0.48,535.7,34.8,5.73,Sandy,99.9,Yes,No,Local,3.12
Delta,Rice,2.17,2354.6,29.2,7,Clay,74.1,Yes,No,Local,2.05
Abia,Sorghum,0.4,1701.2,26.5,6.32,Loamy,64.6,No,No,Improved,1.28
Kano,Sorghum,0.7,942.4,34.1,6.62,Clay,93.6,No,Yes,Improved,1.51
Taraba,Maize,1.5,1483.5,25.9,6.31,Loamy,62,Yes,Yes,Local,2.22
Kaduna,Sorghum,2.49,738.1,30.4,6.73,Loamy,133,No,No,Local,0.68
Kogi,Rice,0.5,1067.6,24.8,4.9,Loamy,90.2,Yes,Yes,Improved,4.59
Kebbi,Rice,5.45,845.1,29.2,6.58,Clay,80.2,No,No,Local,2.9
Niger,Rice,0.95,1335.5,31.1,6.07,Loamy,82.5,No,No,Local,2.45
Jigawa,Cassava,0.96,473.3,29.7,6.2,Sandy,109.9,Yes,Yes,Improved,12.24
Plateau,Yam,2.54,1113.1,28.9,6.31,Loamy,93.6,No,No,Improved,10.03
Edo,Sorghum,16.87,1539.4,29.6,5.64,Sandy,0,Yes,No,Local,1.25
Ekiti,Cassava,0.8,1508.7,23.4,7.11,Sandy,75.2,Yes,Yes,Local,10.99
Sokoto,Sorghum,0.64,482.8,33.1,5.59,Sandy,97.1,No,No,Local,1.49
Bauchi,Maize,0.63,635,31,4.96,Clay,70.2,Yes,No,Local,2.06
Ogun,Sorghum,2.51,2390.4,23,5.75,Clay,91.1,Yes,No,Local,1.12
Cross River,Yam,2.46,2190.4,28.3,5.15,Loamy,87.5,No,No,Improved,7.7
Yobe,Maize,3.69,308.8,30.3,6.05,Sandy,94.8,Yes,No,Local,1.23
Imo,Rice,3.58,1971.2,24,5.37,Clay,51,No,No,Local,2.91
Oyo,Sorghum,1.42,1931.8,26.9,7.78,Clay,0,No,No,Improved,1.03
Yobe,Maize,2.51,481.9,34.5,5.31,Sandy,78,Yes,No,Improved,2.66
Kogi,Sorghum,1.15,1167.8,29.6,5.75,Clay,52.4,No,No,Local,1.51
Lagos,Sorghum,2.18,2437.7,23,5.9,Loamy,101,No,Yes,Improved,1.61
Adamawa,Cassava,0.92,1411.3,31.8,6.24,Clay,75,No,Yes,Improved,10.06
Borno,Cassava,1.09,482.8,35.7,5.32,Sandy,110.6,No,No,Improved,10.36
Anambra,Cassava,0.28,2404.5,24.5,6.21,Loamy,11.3,No,No,Improved,9.53
Plateau,Rice,0.39,1171.6,24.2,5.62,Clay,94.1,No,No,Local,2.87
Delta,Cassava,0.47,1801,26.5,7,Clay,103.9,No,No,Local,8.05
Yobe,Cassava,1.47,663.1,37.6,5.14,Sandy,69.3,No,No,Improved,7.45
Sokoto,Sorghum,1.4,531.8,31.1,5.57,Sandy,6,No,No,Local,1.32
Bauchi,Rice,1.08,861.3,33.1,6.35,Loamy,164.8,No,No,Improved,3.57
Taraba,Sorghum,2.01,1227.3,29.9,5.58,Loamy,78.1,No,No,Local,0.97
Bauchi,Cassava,1.97,823.1,27.1,6.52,Sandy,120.4,Yes,No,Improved,10.06
Benue,Yam,5.65,1191.1,24.9,5.7,Clay,85.9,No,No,Local,6.43
Ogun,Sorghum,0.71,2294.1,24.8,6.27,Clay,32.2,No,No,Improved,1.31
Lagos,Rice,4.22,2327.2,27.8,6.15,Loamy,139.5,Yes,No,Improved,3.52
Kwara,Rice,0.33,1175.6,31.1,5.93,Clay,62.4,No,No,Improved,2.95
Osun,Yam,1.42,1654.9,25.5,4.45,Sandy,134.9,Yes,No,Local,6.03
Benue,Yam,2.13,1460.5,24.2,4.96,Loamy,164.5,No,No,Improved,9.92
Zamfara,Rice,1.01,703.4,32.7,5.47,Loamy,113.4,No,Yes,Local,3.11
Yobe,Yam,0.52,675.6,29.2,6.29,Sandy,81.4,Yes,No,Improved,11.75
Kogi,Yam,0.6,1262.6,29.3,5.35,Sandy,138.5,Yes,No,Local,8
Delta,Rice,5.32,2230.7,22.4,5.81,Loamy,86.1,Yes,No,Improved,2.94
Adamawa,Sorghum,1.28,1424.3,29.1,6.8,Sandy,122.4,No,No,Local,0.96
Bayelsa,Cassava,0.25,1672.4,27.3,6.43,Loamy,103.2,Yes,No,Improved,13.35
Rivers,Cassava,1.86,1502,27.3,6.53,Sandy,95.3,Yes,No,Improved,10.69
FCT,Rice,1.47,1439.5,25.6,5.67,Clay,150.3,No,No,Local,3.21
Imo,Cassava,0.37,1845.5,24.5,5.86,Clay,123.4,No,No,Local,8.91
Ogun,Yam,1.52,1536.2,30,5.76,Loamy,114.2,No,No,Improved,10.31
Anambra,Cassava,1.16,1714.7,24.9,7.54,Clay,144.4,Yes,No,Local,8.56
Lagos,Yam,1.85,1513.8,28.8,5.98,Sandy,206,Yes,No,Improved,8.13
Benue,Yam,2.77,1264,28.2,6.05,Clay,143.8,Yes,No,Local,8.21
Akwa Ibom,Sorghum,1.55,1893.1,25.4,7.03,Clay,1.2,Yes,No,Local,0.95
Imo,Cassava,5.02,1987.7,27,6.96,Loamy,50.2,Yes,No,Local,9.73
Cross River,Sorghum,2.09,2496.4,23.3,6.53,Loamy,0,Yes,No,Improved,1.21
Ekiti,Rice,6.73,2077.5,28,5.77,Clay,107,Yes,No,Local,3.78
Imo,Yam,0.43,1831.5,29,5.88,Loamy,113.4,No,No,Local,8.25
Zamfara,Rice,2.08,834.6,26.7,6.1,Loamy,67.9,Yes,No,Improved,3.32
Sokoto,Yam,0.36,356.6,35.5,5.66,Sandy,94,Yes,No,Improved,8.09
Kwara,Maize,0.57,1089.6,29.1,6.44,Clay,130.6,Yes,No,Improved,2.51
Cross River,Yam,3.14,2101.1,24,5.46,Loamy,143.6,Yes,No,Improved,10.01
Nasarawa,Rice,1.77,1332.2,31.5,4.95,Loamy,114.8,No,No,Improved,3.01
Bayelsa,Yam,0.6,1747.3,29.9,6.47,Loamy,107.4,No,Yes,Improved,12.78
Nasarawa,Maize,1.17,1299.9,24.9,6.68,Sandy,146.4,No,No,Local,2.06
Kaduna,Rice,2.34,948.1,30.4,6.09,Loamy,102.9,Yes,No,Improved,4.07
Plateau,Sorghum,2.08,1004.4,26.9,4.87,Clay,137.6,No,No,Improved,0.96
Adamawa,Sorghum,5.2,1220.9,25.2,5.9,Loamy,139.5,Yes,No,Improved,1.36
Enugu,Sorghum,2.7,2120.1,30,6,Sandy,58.4,Yes,No,Local,0.84
Oyo,Yam,0.69,2075.6,26.2,5.66,Clay,133.2,Yes,No,Improved,12.61
Sokoto,Cassava,4.58,455.5,33.2,6.23,Sandy,60.5,Yes,No,Local,9.09
Borno,Yam,0.69,380.4,31.9,6.01,Sandy,65.2,No,No,Local,7.38
Lagos,Maize,0.6,2487.3,26.4,4.86,Loamy,143.6,Yes,No,Improved,2.44
Abia,Rice,0.56,1887.2,26.6,5.92,Clay,117.7,No,No,Local,2.82
Kogi,Cassava,4.24,1030,24.2,7.17,Sandy,136.4,Yes,No,Improved,10.53
Anambra,Cassava,1.5,1553.3,23.7,6.4,Loamy,105.4,No,No,Local,9.96
Bayelsa,Yam,4.48,1511.1,23.4,6.28,Loamy,83.9,No,No,Local,6.25
Kaduna,Sorghum,0.92,637.2,29.2,5.09,Clay,159.7,Yes,No,Improved,1.22
Edo,Sorghum,2.54,2135.9,23.8,7.25,Loamy,0,No,No,Local,0.98
Ogun,Sorghum,4.65,2457.8,25,6.75,Loamy,62.8,No,No,Improved,1.27
Gombe,Rice,3.05,792.1,26.8,6.52,Sandy,169.6,No,No,Local,2.72
Enugu,Rice,2.09,1811.2,28.2,6.19,Clay,35,Yes,No,Local,2.95
Osun,Maize,0.75,2176,27.3,6.58,Loamy,96.4,No,No,Local,1.95
Akwa Ibom,Yam,2.45,1662.5,25.2,5.38,Loamy,51.4,No,Yes,Local,8.24
Ekiti,Yam,2.52,1854.4,24.6,5.93,Loamy,131.7,Yes,Yes,Local,7.68
FCT,Sorghum,0.63,1397.9,28.2,5.42,Clay,22.3,No,Yes,Local,1.53
Cross River,Maize,1.48,2065,23.8,6.45,Clay,32.3,Yes,No,Local,1.53
Zamfara,Yam,0.39,753.3,34.4,6.22,Sandy,174,Yes,No,Local,6.97
Osun,Cassava,0.96,2462.3,22.6,5.68,Loamy,88.2,Yes,No,Local,8.49
Ebonyi,Cassava,0.84,2338.1,25.1,4.68,Loamy,43.2,No,No,Local,8.24
Borno,Sorghum,4.1,366,30,6.19,Clay,45.6,Yes,Yes,Local,1.55
Kano,Rice,2.35,753.2,30.4,6.1,Loamy,42.9,Yes,No,Local,2.51
Enugu,Sorghum,0.43,2145.8,26.3,6.24,Sandy,146.1,No,Yes,Local,1.01
Enugu,Yam,1.72,1763.1,28,6.89,Clay,117.6,No,No,Local,7.96
Niger,Sorghum,0.69,1105.3,30.6,4.23,Loamy,76.6,No,Yes,Local,1.52
Delta,Cassava,2.91,1566.1,22.1,6.7,Clay,29.7,No,Yes,Local,9.4
Delta,Maize,0.25,1769.4,26.5,6.15,Loamy,173.3,No,No,Improved,2.39
Bauchi,Maize,3.53,763.4,29.2,5.79,Clay,162.2,No,No,Local,2.74
Nasarawa,Cassava,7.92,1366,30.2,6.58,Loamy,153.8,No,No,Improved,9.83
Enugu,Sorghum,1.46,1767.4,23.3,6.41,Clay,60.5,Yes,No,Improved,1.51
Benue,Sorghum,5.58,1390.7,25.5,5.6,Loamy,75.3,No,No,Local,1.22
Taraba,Maize,0.6,1415.9,27.2,5.27,Loamy,151.4,No,Yes,Improved,3.02
Jigawa,Rice,0.53,589.7,34.1,4.38,Sandy,118.2,No,No,Local,2.62
Osun,Rice,1.37,1579.5,24.5,5.53,Sandy,92.4,Yes,No,Improved,1.82
Ekiti,Sorghum,1.29,1882.7,29,6.52,Clay,82.1,No,No,Local,1.18
Ondo,Maize,6.45,1537.8,25.4,6.1,Loamy,119.7,No,No,Local,1.89
Lagos,Rice,2.44,2191.9,25.8,6.92,Clay,140.2,No,No,Local,2.99
Sokoto,Yam,1.31,581.5,28.5,7,Clay,110.2,No,No,Local,6.77
Plateau,Rice,0.94,1265.9,27.6,6.82,Loamy,55.1,No,No,Local,2.61
Kebbi,Yam,0.22,795.8,28.4,6.3,Loamy,122.4,No,No,Local,6.13
Katsina,Rice,9.65,408.8,37.8,5.57,Sandy,150.4,Yes,No,Local,2.54
Akwa Ibom,Rice,6.82,1691.6,24.4,6,Clay,118.8,No,No,Improved,3.99
Kwara,Maize,6.87,1202,27.6,7.04,Sandy,181.9,No,No,Improved,2.46
Katsina,Yam,1.66,660,30.5,5.11,Sandy,78.4,No,No,Local,6.07
Ogun,Sorghum,0.47,2362,29.3,7.43,Sandy,108.5,No,No,Improved,1.36
Sokoto,Rice,0.66,439.3,28.5,7.3,Sandy,145.2,Yes,No,Improved,2.99
Zamfara,Cassava,2.28,738.1,33.8,5.98,Sandy,103.6,Yes,No,Improved,12.94
Jigawa,Cassava,1.23,552.3,32.5,5.8,Loamy,133.5,No,No,Improved,9.25
Bauchi,Cassava,2.32,602.8,31.5,5.61,Loamy,76.3,No,Yes,Local,9.09
Nasarawa,Yam,0.99,1116.7,30.6,5.83,Sandy,181.4,Yes,No,Improved,8.73
Borno,Maize,5.05,595.7,30.1,4.52,Loamy,112,No,No,Improved,2.53
Zamfara,Sorghum,1.77,803.3,31,4.94,Clay,55,Yes,No,Local,1.29
FCT,Rice,0.97,1245.6,26.9,5.66,Loamy,128.7,No,No,Local,2.73
Borno,Rice,0.66,549.3,35.9,6.72,Loamy,45.3,Yes,No,Improved,3.3
Lagos,Maize,1.84,1831.7,24.4,5.34,Loamy,101.3,No,Yes,Local,2.21
Delta,Rice,2.69,2465.6,28.1,5.44,Loamy,153.2,No,No,Local,2.93
Kano,Cassava,4.04,937.3,28.4,6.13,Clay,188.4,No,No,Local,7.46
Bayelsa,Rice,1.31,2071.5,22.7,6.94,Clay,60.5,No,No,Local,2.06
Oyo,Rice,0.31,1543.8,22.6,7.25,Clay,131,No,No,Improved,3.42
Yobe,Yam,1.87,392.3,35.8,6.38,Loamy,0,Yes,Yes,Improved,8.07
Sokoto,Maize,0.8,449,33.3,6.57,Sandy,158,Yes,No,Local,1.9
Imo,Sorghum,1.45,1921.7,28.8,6.59,Loamy,0,Yes,No,Local,1.41
Taraba,Yam,0.27,1073.9,26.8,5.77,Clay,122.4,Yes,No,Improved,8.91
Imo,Yam,5,2295.2,28.4,5.47,Loamy,132.6,Yes,No,Improved,9
Edo,Sorghum,0.94,1813.4,26.3,6.79,Sandy,0,No,No,Improved,1.47
Anambra,Yam,8.51,1899.7,26.4,6.29,Loamy,111.7,No,No,Local,7.33
Jigawa,Rice,1.31,511.8,29.7,4.98,Sandy,75.7,No,Yes,Improved,3.73
Yobe,Rice,3.38,536.6,32.9,6.34,Sandy,131.6,No,No,Improved,2.81
Borno,Yam,2.54,434.4,34.1,5.35,Sandy,123.2,No,No,Improved,4.44
Jigawa,Cassava,0.79,636.3,33.7,5.98,Sandy,112.4,Yes,No,Improved,9.78
Kaduna,Rice,3.09,632.6,28.8,5.14,Loamy,69.3,Yes,No,Improved,3.29
Akwa Ibom,Yam,0.44,1520.7,28.7,5.64,Loamy,68.4,No,No,Local,7.12
Bauchi,Yam,3.54,889.7,32.8,7.05,Sandy,67.3,Yes,No,Local,7.76
Gombe,Yam,0.39,917,32.9,5.38,Loamy,79.1,No,No,Improved,8.47
Enugu,Sorghum,1.66,1917,26.1,5.09,Sandy,134.4,Yes,No,Local,0.94
Kebbi,Maize,0.63,811.4,27.9,6.65,Clay,132.2,No,No,Local,2.12
Jigawa,Cassava,4.43,436.4,29.6,6.6,Loamy,37.2,No,No,Improved,11.84
Nasarawa,Maize,7.55,1182.1,27.2,6.25,Clay,74.7,Yes,No,Local,2.31
Ebonyi,Maize,0.51,2478.7,23,6.2,Clay,91.1,No,Yes,Improved,2.55
Jigawa,Rice,1.73,649.9,36.5,6.6,Sandy,145.4,No,No,Improved,3.2
Kwara,Maize,0.61,1101,24.5,5.78,Loamy,66.9,No,No,Local,2.21
Imo,Sorghum,1.57,1793.2,26.7,6.37,Sandy,60.3,No,No,Local,1.62
Kaduna,Yam,0.26,803.6,27.2,6.1,Sandy,108.8,Yes,No,Local,8.92
Oyo,Yam,0.32,1974.1,23.6,6.09,Clay,133.4,No,Yes,Local,8.85
Cross River,Yam,0.85,2238.7,28.4,4.62,Loamy,99.8,Yes,No,Local,5.74
Edo,Maize,4.82,1930.5,29.8,5.23,Loamy,156.2,Yes,No,Improved,2.75
Oyo,Maize,0.92,1659.4,24.6,6.97,Clay,201.7,No,Yes,Improved,2.25
Imo,Sorghum,3.26,2481.4,24.9,7,Clay,92.1,No,No,Local,0.39
FCT,Sorghum,1.22,1472.2,27.4,5.03,Clay,114.4,Yes,No,Improved,1.34
Jigawa,Sorghum,6.96,592.6,34.5,6.54,Loamy,44.1,Yes,No,Local,1.55
Zamfara,Rice,0.71,757.5,31.8,6.09,Clay,168.1,Yes,No,Improved,3.14
Imo,Cassava,0.2,2008.5,23.7,6.71,Loamy,117.9,No,No,Local,7.63
Taraba,Cassava,1.1,1086.5,25.1,6.04,Sandy,46,Yes,No,Improved,10.72
Nasarawa,Maize,3.4,1441.7,29.5,5.36,Clay,158.6,No,Yes,Local,2.35
Delta,Yam,1.13,1580,29.4,6.19,Loamy,64,No,No,Local,7.53
Oyo,Sorghum,0.97,1641.3,24.5,6.89,Loamy,114.2,Yes,No,Improved,1.19
FCT,Sorghum,1.89,1225.8,24,5.25,Sandy,13.3,No,No,Improved,1.05
Kaduna,Maize,4.9,651.4,27.6,5.09,Clay,123.8,No,No,Local,1.76
Ondo,Yam,3.71,1701,27.9,6.1,Clay,130.3,No,No,Local,7.73
Rivers,Maize,0.57,2206.5,24.2,5.8,Clay,189.8,No,No,Local,1.8
Benue,Cassava,8.29,1194.8,24.2,6.45,Loamy,91.1,Yes,No,Local,9.6
Edo,Sorghum,2.22,2252.8,22.4,7.35,Loamy,25.9,Yes,No,Improved,1.24
Yobe,Cassava,1.09,499.8,36.1,7.43,Clay,90.3,Yes,No,Local,6.52
Rivers,Maize,2.63,1824.6,23.2,6.14,Loamy,124.1,No,No,Local,2.51
Ondo,Rice,1.54,2429.3,29,6.09,Loamy,85.7,Yes,No,Improved,4.3
Edo,Yam,1.44,1989.5,24.9,5.4,Clay,110.1,No,No,Improved,8.23
Ogun,Rice,1.62,2432,23.6,5.54,Sandy,89.1,Yes,No,Local,2.64
Enugu,Yam,1.86,1583.5,28.3,6.36,Clay,108.2,No,No,Local,6.95
Enugu,Maize,0.27,2121.2,24.3,7.09,Loamy,150.9,Yes,No,Improved,2.93
Rivers,Maize,1.37,1990.9,27.9,5.52,Clay,149.7,No,No,Local,0.87
Edo,Cassava,3,1733.3,26,5.9,Loamy,168,Yes,No,Improved,9.76
Imo,Rice,2.77,2268.9,24.4,6.45,Clay,110.8,No,No,Local,2.92
Ondo,Rice,0.44,2377.4,23.8,5.96,Clay,48.8,No,No,Local,1.49
Taraba,Sorghum,1.53,1470.2,25.9,6.88,Loamy,104.8,No,No,Local,0.98
Lagos,Rice,0.65,1638.8,29.9,5.34,Sandy,84.8,No,Yes,Improved,3.46
Ekiti,Rice,0.78,2129.9,26.5,6.63,Clay,138.4,No,No,Local,2.67
Nasarawa,Sorghum,6.2,1318,26.1,5.87,Clay,14.7,No,No,Local,0.44
Yobe,Maize,2.19,460.3,31.8,5.7,Clay,152.2,Yes,No,Local,2.17
Delta,Yam,0.8,1537.2,23.8,5.27,Sandy,131.6,No,No,Improved,10.2
Oyo,Yam,1.37,1612.9,29.7,5.91,Loamy,103.4,No,No,Improved,10.42
Cross River,Rice,4.02,2158.5,23.6,6.55,Loamy,49.8,Yes,No,Local,2.78
Taraba,Rice,3.2,1331.1,26.7,5.46,Sandy,32.5,No,No,Local,2.53
Plateau,Cassava,0.98,1020.7,31.5,6.19,Loamy,107.8,No,No,Local,8.53
Adamawa,Sorghum,1.67,1279.7,29.3,6.04,Loamy,97.9,No,No,Local,1.26
Rivers,Maize,2.91,1970.7,24.7,5.97,Loamy,143.8,No,No,Local,2.22
Katsina,Sorghum,2.53,579.9,28,7.34,Sandy,85.7,No,No,Improved,2
Katsina,Sorghum,6.06,494.3,32.9,5.53,Sandy,41.4,No,Yes,Local,1.81
Adamawa,Yam,1.41,1435.4,29.2,7.21,Clay,80.9,No,No,Local,7.43
FCT,Yam,3.3,1319.3,25.8,5.52,Sandy,64.1,Yes,No,Local,10.77
Delta,Maize,8.06,2172.6,26.9,4.34,Loamy,95.1,Yes,No,Local,1.79
Cross River,Maize,0.27,1898.2,25.6,6.43,Sandy,139.1,Yes,Yes,Improved,3.2
Adamawa,Yam,7.66,1044.2,26.9,5.51,Loamy,92.1,No,No,Improved,7.71
Kaduna,Maize,1.1,850,33.2,4.52,Clay,169.5,Yes,Yes,Improved,2.97
Plateau,Maize,1.15,1388.5,27.5,5.98,Loamy,71.9,No,No,Local,2.31
Ogun,Rice,1.99,1918,26.6,7.17,Loamy,101.9,No,No,Local,3.06
Ebonyi,Rice,0.75,2190.5,22.4,5.68,Loamy,100.7,Yes,Yes,Local,3.72
Taraba,Cassava,0.31,1397.8,26.2,4.52,Loamy,105.4,No,Yes,Improved,5.61
Bauchi,Rice,0.41,880,29.9,4.99,Clay,93,No,No,Local,2.59
Bauchi,Cassava,0.92,650,32.4,6.64,Loamy,46.1,Yes,No,Improved,12.44
Sokoto,Cassava,8.37,378.6,32.9,5,Sandy,66.6,No,Yes,Improved,11.55
Ekiti,Yam,1.03,1757.8,26.2,5.85,Loamy,77.7,No,No,Local,7.48
Taraba,Rice,0.77,1482.2,27.5,5.67,Loamy,117.7,No,Yes,Improved,3.7
Yobe,Cassava,5.67,612.7,33.9,5.61,Sandy,81.7,No,No,Local,6.91
Niger,Yam,1.6,1030.6,30.4,6.89,Loamy,68.7,No,No,Local,5.93
Plateau,Rice,3.71,1357.1,27.4,6.65,Sandy,165.5,No,No,Local,2.47
Abia,Cassava,0.99,1809.3,25,6.32,Sandy,136.3,No,No,Local,7.04
Ondo,Rice,2.56,1638.2,23.4,6.21,Clay,124.6,Yes,No,Improved,3.16
Rivers,Sorghum,2.45,2075,30,7.36,Loamy,70.8,No,Yes,Improved,1.72
Abia,Maize,4.41,2009.5,25,5.78,Loamy,124.3,No,No,Local,2.09
Niger,Cassava,0.41,1290.9,30.4,4.69,Sandy,112.1,No,No,Improved,7.09
Gombe,Sorghum,1.2,930.9,29.7,6.69,Clay,112.7,Yes,No,Improved,1.72
Niger,Yam,1.63,1127.9,31.1,6.97,Loamy,109.1,No,Yes,Improved,11.26
Anambra,Yam,2.9,2076.6,29.3,6.35,Clay,131.1,No,No,Improved,9.74
Delta,Yam,0.25,2149.4,28.8,5.46,Loamy,142.1,Yes,No,Improved,11
Rivers,Yam,3.35,2118.3,25.3,4.93,Loamy,65.8,No,No,Local,5.89
Ekiti,Sorghum,2.19,1786.2,29.7,6.4,Sandy,58.8,No,No,Local,1.43
Bayelsa,Cassava,2.69,2325.7,27.7,5.87,Loamy,160.9,No,No,Improved,9.05
Niger,Maize,3.17,1376.4,28.6,5.91,Sandy,184.8,No,No,Improved,2.28
Niger,Rice,0.37,1386.7,26.4,5.9,Sandy,134.3,No,No,Local,3.03
Zamfara,Rice,3.68,953.7,30.4,5.24,Clay,111.7,No,No,Local,2.41
Kebbi,Rice,0.65,984.7,28.7,4.91,Sandy,155.5,No,No,Local,1.9
Jigawa,Rice,0.2,379.7,28.2,5.61,Sandy,73.7,Yes,No,Improved,3.62
Bauchi,Maize,5.77,748.1,27,5.93,Clay,129.8,No,No,Local,2.33
Yobe,Maize,1.3,448.1,36.5,5.96,Sandy,46.4,No,No,Improved,1.82
Adamawa,Maize,3.13,1491.1,28.5,6.08,Sandy,125.3,No,No,Improved,2.28
Benue,Rice,3.02,1192.1,26.7,4.67,Sandy,92.1,No,No,Improved,2.5
Kogi,Sorghum,1.35,1001.4,29,6.03,Clay,0,Yes,No,Improved,1.73
Edo,Sorghum,0.77,2196.5,27.3,5.51,Clay,20.5,No,No,Local,1.13
Ondo,Sorghum,0.6,1532.1,27.1,6.29,Loamy,95.2,Yes,No,Local,1
Yobe,Cassava,0.2,618.3,36.3,6.38,Loamy,62.7,No,Yes,Local,10.22
Rivers,Cassava,0.67,1897.7,23.5,5.42,Sandy,153.4,Yes,No,Local,8.12
Kebbi,Maize,1.83,910.2,26.6,7.43,Sandy,107.6,No,No,Local,2.16
Enugu,Maize,0.47,1511.3,28.7,5.89,Loamy,51.3,Yes,No,Local,2.06
Borno,Sorghum,0.49,363.1,33.1,5.22,Clay,88.9,No,No,Improved,1.84
Cross River,Maize,2.4,1913.4,23.1,6.95,Clay,207,No,Yes,Local,1.48
Ebonyi,Yam,0.65,2209.1,28.2,5.74,Loamy,113.3,No,No,Local,7.84
Abia,Maize,0.56,1544.7,24.9,5.91,Loamy,107.1,Yes,Yes,Improved,3.11
Osun,Yam,4.92,1563.3,23.2,5.71,Loamy,60,Yes,No,Improved,8.96
Kebbi,Cassava,1.14,741.5,33.4,6.36,Clay,85.3,No,No,Improved,11.23
Akwa Ibom,Cassava,0.54,2486,24.3,6.06,Clay,117.4,No,No,Improved,10.68
Adamawa,Cassava,1.68,1296.4,26.9,4.61,Loamy,78.1,No,No,Local,9.78
Borno,Yam,1.75,671,35.8,5.26,Loamy,76.8,No,No,Local,6.52
FCT,Sorghum,5.63,1226,26.8,6.71,Loamy,10,Yes,No,Improved,1.65
Osun,Cassava,0.58,1858.9,27.1,5.33,Loamy,68,Yes,No,Local,9.51
Borno,Yam,3.82,507.3,36.6,6.04,Loamy,162.3,Yes,No,Local,6.85
Rivers,Cassava,1.94,2125.5,29.7,5.79,Sandy,104.3,No,No,Local,7.57
Anambra,Cassava,1.86,2102.1,24,6.66,Sandy,86.8,No,No,Improved,11.9
Niger,Rice,13.03,1493.9,30.3,6.78,Clay,117.8,Yes,Yes,Local,3.52
Borno,Maize,2.33,473.6,34.4,7.08,Sandy,105.1,Yes,No,Local,2.24
Ogun,Rice,1.2,1771.9,25,4.42,Clay,70.8,No,No,Local,2.32
Bauchi,Maize,0.63,866.6,30.6,5.81,Sandy,158.4,Yes,No,Local,2.15
Rivers,Sorghum,0.6,2222.7,22,5.97,Sandy,23.5,No,No,Local,0.97
Nasarawa,Maize,0.92,1428.8,30.2,6.19,Loamy,105.9,No,No,Improved,2.83
Adamawa,Sorghum,0.94,1490.8,27.5,5.6,Loamy,96.7,No,No,Local,1.27
Edo,Maize,4.13,1990.8,27.3,5.75,Sandy,179.8,No,No,Local,1.98
Osun,Maize,2.19,2054.4,24.1,5.39,Loamy,203.9,No,Yes,Local,1.46
Kwara,Cassava,2.51,1026.3,30.4,5.44,Sandy,177.6,No,Yes,Improved,6.06
Zamfara,Cassava,0.76,957.5,34.2,6.17,Sandy,90.7,Yes,No,Local,10
Osun,Cassava,0.41,2286.8,24.4,5.23,Clay,105.4,No,No,Local,6.7
Edo,Rice,0.24,2149.7,28.4,5.85,Clay,98.6,No,No,Local,2.84
Bayelsa,Yam,1.28,1586.6,28.4,7.03,Clay,78.1,No,Yes,Improved,10.21
Benue,Rice,0.51,1401,28.9,6.08,Loamy,126.1,Yes,Yes,Improved,4.38
Kaduna,Rice,1.21,886.3,33.8,5.47,Loamy,69.1,No,No,Improved,3.37
Yobe,Rice,1.71,444.2,36.4,5.58,Sandy,141.4,Yes,No,Local,2.93
Rivers,Cassava,0.72,2232.2,22.8,5.43,Clay,155.2,No,No,Improved,8.7
Adamawa,Sorghum,3.71,1318.2,26.4,5.96,Sandy,97.1,No,No,Local,0.82
Kogi,Sorghum,2.5,1070.4,27.8,5.28,Sandy,47,No,No,Improved,1.88
Imo,Cassava,0.86,2274.1,23,6.55,Clay,57.2,No,Yes,Local,12.24
Ekiti,Yam,0.26,1627.5,28.5,5.87,Clay,14.7,No,No,Local,7.31
Osun,Maize,6.49,2380.7,25.2,7.51,Loamy,107.8,No,No,Local,1.64
Ebonyi,Sorghum,0.33,2105.9,22.2,6.43,Clay,66.9,No,No,Improved,1.39
Osun,Cassava,1.42,1951.3,24,6.57,Clay,126.5,No,No,Improved,9.93
Delta,Yam,2.48,1728.7,27.2,6.02,Sandy,81.5,No,No,Improved,8.92
Plateau,Rice,0.49,1291.4,24.6,4.62,Sandy,69.7,No,No,Improved,3.16
Niger,Cassava,2.44,1374.6,30.1,6.21,Loamy,104.7,No,No,Improved,11.38
Akwa Ibom,Sorghum,4.26,2275.8,22.9,6.74,Loamy,113.7,Yes,No,Local,1.01
Imo,Maize,1.78,1781,23,5.55,Loamy,100.1,No,Yes,Improved,2.32
Sokoto,Maize,0.45,530.2,31.5,5.52,Sandy,115,Yes,No,Local,2.27
Bayelsa,Maize,2.37,2067.1,22.4,6.48,Clay,172.2,Yes,No,Local,2.09
Sokoto,Rice,1.08,452.6,32.2,5.14,Sandy,152.8,No,No,Local,2.53
Gombe,Sorghum,1.96,964.4,27.5,6.29,Clay,94.9,No,No,Improved,1.44
Kwara,Yam,2.91,1419.4,27.7,5.34,Loamy,79.7,No,Yes,Local,8.46
Enugu,Rice,0.91,2010.4,25.3,5.82,Clay,86.6,Yes,No,Improved,3.75
Jigawa,Cassava,1.58,488.1,38,6.65,Sandy,158.2,No,No,Local,6.91
Edo,Sorghum,0.58,1727.3,27.5,4.43,Clay,97,No,No,Improved,1.21
Kwara,Maize,1.11,1369,26.4,6.93,Loamy,58.3,Yes,No,Improved,2.85
Katsina,Rice,0.74,441.4,32.2,6.83,Sandy,99.1,No,No,Improved,3.6
Cross River,Rice,1.87,2173.3,28.1,5.91,Clay,100.5,Yes,No,Improved,4.09
Borno,Sorghum,1.38,469.2,33.3,4.82,Sandy,133.7,No,No,Local,0.97
Kano,Yam,0.56,766.1,34.5,6.15,Loamy,133.5,No,No,Local,7.04
Gombe,Yam,2.4,734.7,27.3,6.57,Loamy,93.6,No,No,Local,6.62
Plateau,Cassava,1.13,1032.3,26.2,5.92,Sandy,93.5,No,No,Local,9.68
Ekiti,Sorghum,3.12,1657.4,27.3,5.24,Clay,120.7,Yes,No,Local,0.54
Benue,Maize,2.02,1135.8,31.8,6.2,Clay,82.7,No,No,Local,1.85
Edo,Cassava,0.37,2148.9,24.5,5.79,Clay,79.8,No,No,Improved,9.75
Enugu,Maize,0.74,2069.9,27.9,5.38,Clay,85.4,No,No,Local,2.04
Niger,Yam,1.35,1385.2,26.1,5.99,Sandy,141.4,No,No,Improved,11.69
Rivers,Maize,3.21,1918.1,22.3,7.61,Clay,96.9,Yes,No,Improved,2.32
Ondo,Sorghum,0.65,1637.7,27,6.86,Loamy,115.7,Yes,No,Local,1.17
Ekiti,Rice,1.88,1823.1,23.3,6.32,Loamy,152.6,Yes,No,Local,3.11
Kano,Cassava,1.78,661.4,32.5,5.92,Loamy,119.6,No,No,Local,6.21
Plateau,Rice,0.99,1052.6,30.1,6.21,Clay,169,Yes,No,Local,3.07
Edo,Sorghum,2.1,2143.7,26.5,6.56,Loamy,65.2,Yes,No,Local,1.41
Borno,Cassava,2.06,605.7,33,5.72,Sandy,41,No,Yes,Improved,12.87
Ebonyi,Rice,0.97,2053.4,29.9,5.96,Loamy,26.8,No,Yes,Local,3.29
Niger,Rice,0.86,1110.9,27.8,5.99,Clay,74.1,No,No,Improved,4.11
Niger,Maize,1.73,1150.2,27.5,5.78,Loamy,160,Yes,No,Improved,2.59
Kogi,Maize,0.5,1085.9,25.3,5.24,Sandy,104.4,No,Yes,Local,2.86
Gombe,Rice,7.61,786.4,29.4,6.49,Clay,120.1,Yes,No,Local,2.49
Taraba,Maize,2.76,1037.1,24.4,6.59,Sandy,120.6,No,No,Local,2.37
Imo,Yam,6.11,2124.9,26.8,5.7,Loamy,42.5,No,No,Local,4.95
Adamawa,Sorghum,0.34,1427.9,28.9,5.61,Loamy,54.7,No,No,Local,1.33
Borno,Yam,0.69,329.9,32,6.98,Sandy,116.3,Yes,Yes,Local,7.97
Abia,Yam,0.26,1653.9,28.9,6.48,Clay,104.9,Yes,No,Improved,11.99
Sokoto,Rice,1.47,539.1,32.8,5.51,Loamy,77.2,No,No,Local,2.84
Ekiti,Cassava,3.41,1849.8,22.9,5.35,Loamy,0,Yes,No,Local,6.42
Kebbi,Yam,5.77,712.3,31.9,5.93,Sandy,123.3,Yes,No,Improved,10.94
Ebonyi,Rice,2.15,1937.4,22.1,5.05,Loamy,59.5,Yes,No,Local,2.96
Benue,Maize,0.78,1034.8,27.7,6.62,Clay,98.1,No,No,Local,2.07
Edo,Yam,2.67,1603,27.7,5.92,Loamy,40,No,Yes,Local,9.12
Plateau,Rice,1.19,1428.8,24.8,6.03,Clay,83.4,No,No,Local,0.86
Abia,Rice,0.31,2008.5,22.3,5.72,Loamy,217.8,No,No,Improved,2.9
Oyo,Yam,1.19,2324.6,27.1,6.56,Clay,95.3,No,No,Improved,10.34
Rivers,Yam,1.49,2302.1,27.6,6.26,Clay,72,No,No,Local,6.46
Ekiti,Sorghum,0.32,2200,23.9,5.66,Loamy,0,No,No,Local,1.01
Osun,Cassava,0.37,2087.1,28.7,5.92,Loamy,93.6,No,No,Local,8.3
Kebbi,Yam,2.57,656,32.9,4,Clay,74.8,Yes,No,Local,5.15
Adamawa,Cassava,0.92,1168.5,31.7,7.72,Loamy,120.5,No,No,Improved,10.84
Enugu,Maize,1.76,1582.4,29.9,6.09,Sandy,168.7,No,No,Local,2.02
Cross River,Yam,3.68,2340,29.6,6.63,Sandy,127.1,Yes,Yes,Local,9.34
Ebonyi,Rice,1.79,1762.6,23.6,5.55,Loamy,70.8,No,No,Improved,2.15
Borno,Sorghum,1.08,640.3,37.1,5.64,Sandy,108.1,No,No,Improved,1.52
Adamawa,Maize,3.99,1468,27.6,6.5,Loamy,86.2,No,No,Improved,2.39
Benue,Sorghum,1.15,1186.9,28.6,5.7,Sandy,197.4,No,No,Local,0.84
Edo,Yam,0.24,1952,22.7,5.13,Loamy,66,Yes,No,Local,6.42
Taraba,Yam,1.05,1278.4,27.4,6.07,Clay,145.4,Yes,No,Improved,8.17
Borno,Yam,5.56,525.8,35.2,5.66,Sandy,151.4,No,No,Improved,7.74
Yobe,Sorghum,0.69,339.5,31,6.06,Sandy,84.2,No,No,Local,1.25
Rivers,Cassava,0.3,2323.5,22.6,7,Clay,118.5,No,No,Improved,10.28
Edo,Rice,0.87,2447,29.2,4.52,Clay,74.7,No,No,Improved,3.52
Lagos,Cassava,1.11,2465.3,25,6.55,Clay,0,No,No,Improved,9.41
Ogun,Rice,1.39,1953.7,23.3,5.17,Sandy,42.2,No,No,Local,2.34
Kaduna,Rice,3.96,732.5,34.1,6.72,Loamy,112.1,Yes,No,Local,2.64
Kaduna,Rice,1.45,957.8,30.1,6.43,Clay,92.3,Yes,No,Improved,4.04
Katsina,Maize,1.49,646,34.8,5.4,Sandy,125.3,Yes,No,Improved,2.19
Nasarawa,Cassava,1.27,1435.5,25.8,5.34,Loamy,50.3,No,Yes,Improved,16.17
Sokoto,Sorghum,0.73,613.3,33.2,6.59,Loamy,56.1,Yes,No,Improved,2.16
Oyo,Cassava,6.31,1907.7,24.8,5.71,Loamy,0,Yes,No,Local,6.91
Bauchi,Maize,1.89,871.9,28.5,7.55,Sandy,101.8,No,No,Local,2.09
Bauchi,Cassava,1.84,689,27.1,5.77,Sandy,94,Yes,No,Improved,13.18
Zamfara,Cassava,1.02,611.4,33.7,5.67,Sandy,82.1,No,No,Local,9.26
Taraba,Yam,0.43,1491.3,26.3,5.62,Sandy,117.9,No,Yes,Local,7.48
Plateau,Maize,3.1,1380.4,24.5,7.9,Sandy,131.5,No,No,Local,2.05
Kwara,Yam,0.86,1104.5,25,5.65,Sandy,130.1,No,No,Local,7.08
Akwa Ibom,Maize,1.5,1969.1,25.9,4.52,Clay,136.9,No,Yes,Local,2.12
Lagos,Maize,2.24,2048.3,26,5.32,Loamy,190.9,Yes,No,Local,1.84
Kwara,Cassava,0.8,1419.1,31.7,5.16,Clay,119.1,No,No,Local,8.56
Ogun,Yam,4.28,2001.2,25.8,5.97,Sandy,74.7,No,No,Local,8.54
Yobe,Cassava,0.82,672.8,30.3,5.89,Sandy,165.3,Yes,No,Local,9.67
Katsina,Maize,2.51,570.9,30.9,5.82,Sandy,89.9,No,No,Local,2.62
Ebonyi,Rice,2.19,2190.2,28.9,4.47,Loamy,35.2,Yes,No,Local,2.51
Ekiti,Cassava,0.29,2195.9,25.7,5.19,Sandy,55,Yes,No,Local,10.96
Enugu,Cassava,1.35,1719.1,28.7,6.13,Sandy,16.3,No,Yes,Improved,12
Benue,Sorghum,3.28,1280.3,26.6,5.56,Clay,17.7,Yes,Yes,Improved,1.67
FCT,Cassava,1.59,1260.8,28,5.55,Sandy,121.8,Yes,No,Local,9.27
Delta,Cassava,1,1887.1,25.6,6.13,Sandy,29.9,No,No,Improved,11.61
Kano,Rice,1.18,744.5,34.7,5.49,Clay,98.6,Yes,No,Local,2.3
Imo,Cassava,2.56,2483.2,29.4,6.07,Clay,117.1,Yes,No,Local,8.5
Bauchi,Sorghum,1.12,845.5,30.5,4.69,Loamy,16.3,No,No,Local,1.07
Ondo,Yam,3.23,2459,28.1,6.28,Clay,104,Yes,No,Improved,5.81
Lagos,Yam,2.71,1814.3,28.2,5.66,Clay,137.9,No,Yes,Local,8.32
Yobe,Cassava,1.7,351.9,34.6,4.92,Sandy,27.6,Yes,No,Improved,8.89
Enugu,Rice,0.59,2290.3,27.6,5.5,Loamy,41.9,No,No,Local,2.8
Jigawa,Sorghum,0.85,365.8,36.3,7.22,Clay,113.7,Yes,Yes,Improved,1.6
Ondo,Yam,0.61,2262,28.9,5.01,Clay,80.7,Yes,No,Local,7.6
Cross River,Sorghum,1.81,1541.7,23.1,6.2,Loamy,48.9,No,No,Improved,1.37
Ogun,Maize,0.73,1630.4,26.2,5.34,Loamy,130.1,Yes,No,Local,1.96
Ebonyi,Yam,0.9,1791.6,26.8,5.81,Clay,105.5,Yes,No,Improved,11.58
Borno,Rice,1.3,645.3,29.5,6.03,Loamy,122.8,Yes,No,Local,2.89
Abia,Rice,0.36,1944,28.8,4.96,Loamy,89.6,No,No,Local,2.88
Imo,Sorghum,0.61,1618.9,29.3,5.76,Clay,108.3,Yes,No,Local,0.98
Kwara,Rice,2.42,1021.6,27.1,6.27,Clay,150,No,No,Improved,4.38
Bauchi,Rice,0.38,784.8,33.3,5.26,Loamy,38.6,No,No,Local,2.21
Ogun,Maize,1.2,2299,23.5,7.02,Sandy,54.1,No,No,Improved,2.56
Sokoto,Cassava,2.77,385.6,36.9,5.4,Clay,69.7,No,No,Local,7.82
Akwa Ibom,Sorghum,0.94,2134.7,23.8,6.66,Clay,96.2,No,Yes,Improved,1.56
Edo,Yam,2.98,1563.1,29.6,5.23,Loamy,84.5,No,No,Local,7.86
Kaduna,Yam,2.06,632.6,34.6,5.94,Loamy,51.7,Yes,No,Local,6.95
Rivers,Maize,2.17,2467.7,23.4,6.72,Sandy,85.4,Yes,No,Local,2.08
Rivers,Sorghum,1.53,1808.1,27.7,7.19,Clay,90.6,No,No,Local,1.16
Katsina,Rice,2.56,306,34.5,6.18,Sandy,108.1,No,No,Improved,2.95
Kaduna,Yam,0.99,614.9,28.7,6.41,Loamy,200.7,Yes,No,Improved,8.2
Taraba,Sorghum,0.34,1366.2,30.3,5.03,Loamy,100.7,Yes,Yes,Improved,1.86
Nasarawa,Rice,1.93,1389.5,28.6,6.97,Sandy,110.7,No,No,Local,3
Adamawa,Rice,3.23,1057.6,29.1,6.09,Loamy,155.2,No,No,Improved,3.43
Sokoto,Yam,1.85,394.2,37.7,5.37,Sandy,84.2,No,No,Local,5.46
Nasarawa,Yam,0.59,1281,26,5.71,Loamy,56,Yes,No,Local,8.97
Katsina,Maize,1.46,506.9,36.7,6.03,Sandy,91,No,No,Local,1.79
Adamawa,Maize,1.25,1215.4,26.4,4.91,Clay,86.1,No,No,Local,2.16
Delta,Cassava,0.67,2135.2,25.7,6.92,Loamy,115.1,No,No,Local,7.79
Imo,Sorghum,0.95,2287.8,28.4,5.55,Loamy,110.9,No,No,Local,0.92
Jigawa,Sorghum,1.02,448.6,37.2,5.15,Sandy,96.8,No,No,Local,1.03
Kogi,Rice,1.47,1027.1,27.2,5.41,Sandy,82.6,No,No,Improved,3.5
FCT,Sorghum,0.84,1060.6,29.5,7.28,Sandy,19.4,Yes,No,Improved,1.61
Osun,Cassava,3.9,2096.5,25.8,6.95,Loamy,68.2,No,No,Improved,10.14
Rivers,Rice,0.75,1588.1,28.8,6.66,Loamy,73.5,No,No,Local,2.94
Yobe,Sorghum,2.81,574.3,34.7,5.27,Sandy,166.7,No,Yes,Local,1.2
Borno,Maize,1.26,339.7,32.3,6.13,Sandy,122.9,Yes,No,Improved,2.37
Ogun,Sorghum,2.21,2235,29.2,6.59,Clay,96.8,No,No,Local,1.17
Borno,Rice,0.62,684.1,36.5,5.17,Clay,121.5,No,No,Local,2.47
Ondo,Yam,0.79,1921.5,25.7,7.12,Clay,74.4,Yes,Yes,Improved,12.18
Zamfara,Yam,0.82,861.8,27.9,7.7,Loamy,5.9,No,No,Local,6.2
Ondo,Maize,6.86,2094.8,27.7,4.99,Clay,0,No,No,Improved,1.26
Ondo,Cassava,3.99,2462.5,29.9,5.72,Sandy,153,Yes,No,Local,7.96
Niger,Rice,3.78,1210.2,27.3,4.37,Sandy,125.8,No,Yes,Improved,4.18
Enugu,Rice,1.58,2266.8,23.3,6.31,Loamy,89.8,Yes,No,Improved,3.51
FCT,Rice,1.12,1490,27.8,6.36,Sandy,43.3,Yes,No,Improved,3.16
Kano,Cassava,2.72,708.7,31.2,5.47,Loamy,117.3,No,No,Improved,10.39
Bauchi,Cassava,1.22,945.2,34.5,5.54,Loamy,111.4,Yes,No,Improved,8.65
Enugu,Rice,6.17,1826.2,28.7,6.14,Loamy,92.8,Yes,No,Local,2.91
Oyo,Sorghum,2.09,2253.8,25,7.16,Clay,79.6,Yes,No,Local,1.36
Sokoto,Rice,3.71,378.9,33,7.54,Sandy,69.3,Yes,No,Local,2.18
Delta,Sorghum,3.55,2407.2,29.7,4.99,Loamy,77.5,No,No,Local,1
Imo,Maize,9.99,2022,26.3,5.81,Loamy,170.2,No,No,Improved,2.15
Ondo,Cassava,1.53,1585.9,27.4,5.18,Loamy,85,Yes,No,Local,9.06
Ogun,Sorghum,1.6,1650.4,26.1,6.92,Sandy,18.1,Yes,No,Local,1.32
Kwara,Maize,3.06,1337.8,26.2,7.42,Loamy,179.1,No,No,Local,2.07
Yobe,Cassava,1.15,493.8,29,5.92,Clay,88.3,No,No,Local,9.18
Imo,Yam,1.47,1758.3,23.1,5.55,Clay,43.8,No,No,Local,7.24
Taraba,Cassava,2.15,1008.9,28.3,5.09,Clay,84.5,No,No,Local,8.63
Adamawa,Cassava,3.5,1370.9,26.7,5.96,Loamy,146.4,No,No,Local,7.15
Edo,Sorghum,1.47,1802.8,28.8,6.23,Sandy,113.9,Yes,No,Local,1.14
Niger,Sorghum,1.74,1075,24.9,6.5,Clay,111.6,Yes,No,Local,1.19
Borno,Maize,1,333.6,29.6,6.55,Clay,151.7,No,No,Improved,2.57
Imo,Rice,0.92,1550.8,26.8,5.32,Clay,134.1,Yes,No,Improved,3.63
Zamfara,Maize,0.67,717.1,27.9,4,Clay,191.3,No,Yes,Improved,2.18
Oyo,Cassava,5.27,1881.2,25.1,5.97,Clay,107.4,No,Yes,Local,11.59
Zamfara,Maize,4.91,976.3,33.1,5.04,Sandy,165.4,No,No,Improved,2.3
Akwa Ibom,Cassava,0.28,2375.3,29.8,5.9,Clay,182.5,No,No,Local,6.76
Bauchi,Sorghum,0.56,782,33.6,6.25,Sandy,67.8,Yes,No,Local,1.49
Delta,Cassava,2,1978.7,24.6,5.6,Loamy,65.7,No,No,Local,7.91
Akwa Ibom,Maize,0.73,2284.7,29,5.97,Loamy,67.1,Yes,Yes,Improved,3.1
Plateau,Maize,1.27,1232.2,30.9,5.22,Loamy,86.9,Yes,No,Local,2.3
Borno,Maize,7.25,326.2,33.5,6.57,Clay,87.2,No,No,Local,1.75
Edo,Maize,0.72,2494.9,24.6,7.43,Loamy,161.7,Yes,No,Local,2.14
Katsina,Maize,0.85,547.2,31.5,6.66,Clay,116.9,Yes,No,Local,1.93
Edo,Rice,4.51,2393.5,26.5,6.68,Clay,167.4,No,No,Improved,1.62
Katsina,Maize,1.25,681.6,30.9,6.11,Clay,196.6,No,No,Local,1.23
Bayelsa,Maize,1.12,2388.1,28.8,5.32,Clay,119.1,Yes,No,Local,1.87
Oyo,Sorghum,2.58,2319.5,28.9,6.34,Loamy,78.3,Yes,No,Improved,1.8
Akwa Ibom,Yam,1.77,1807.8,28.7,5.99,Loamy,139.6,Yes,No,Improved,10.94
Benue,Maize,0.63,1163.7,27.3,6.61,Loamy,148.8,Yes,No,Local,2.19
Imo,Sorghum,2.65,1800,26.9,4.58,Clay,28.2,Yes,No,Improved,1.4
Edo,Sorghum,1.88,2128.7,27.9,5.63,Clay,82.2,Yes,No,Local,1.22
Zamfara,Sorghum,1.21,610.1,29.7,6.67,Clay,14.3,Yes,No,Improved,1.62
Adamawa,Maize,1.63,1143.6,30.5,6.96,Loamy,162.3,No,No,Local,2.31
Ondo,Rice,5.37,1518,27.8,6.07,Loamy,90,No,Yes,Improved,5.21
Imo,Yam,4.71,1925.4,30,4.83,Loamy,67.2,No,No,Local,5.9
FCT,Sorghum,1.33,1398.1,28.4,5.61,Clay,94.4,No,No,Improved,1.52
Kano,Sorghum,1.41,855.5,28.6,5.3,Sandy,57.6,No,No,Local,1.33
Plateau,Maize,2.73,1304.7,27.7,5.32,Loamy,175.6,Yes,No,Local,1.88
Abia,Cassava,2.67,2127.7,29,5.94,Clay,30.4,No,No,Local,9.15
Delta,Yam,1.92,1924.2,29.5,6.17,Loamy,78.2,No,No,Improved,10.35
Ondo,Sorghum,0.93,2400.2,27.6,6.43,Sandy,0,Yes,No,Local,1
Rivers,Cassava,0.75,1565.3,22.2,6.17,Loamy,85.3,Yes,No,Improved,11.23
Kano,Sorghum,1.07,698.4,30.6,5.03,Sandy,23.6,Yes,Yes,Local,1.35
Gombe,Rice,2.1,888.5,31.9,5.38,Loamy,54.4,No,No,Local,2.57
Ebonyi,Cassava,1.46,2053.1,25.7,6.05,Loamy,139.1,No,No,Local,6.66
Cross River,Maize,1.87,2338.9,23.8,7.39,Clay,144,No,No,Local,2.05
Ogun,Yam,2.03,2218.3,27.9,7.09,Sandy,62.3,Yes,No,Improved,9.17
Osun,Yam,0.22,2047.1,22.6,5.85,Clay,72,Yes,No,Local,7.06
Ekiti,Cassava,6.57,1845.7,29.8,5.88,Loamy,72.2,Yes,No,Local,10.16
Kogi,Maize,1.02,1149.8,27.6,7.27,Loamy,121.1,Yes,No,Local,1.92
Anambra,Yam,1.16,2323,23.6,4.73,Loamy,85.1,Yes,No,Local,8.32
Imo,Sorghum,1.95,1818.8,26.5,6.14,Loamy,54.6,No,No,Improved,1.48
Rivers,Rice,1.04,2452.8,23.3,5.76,Clay,117.1,No,No,Improved,3.58
Adamawa,Maize,1.1,1091.9,26,5.83,Clay,98.4,No,No,Local,2.28
Bauchi,Rice,2.49,931.3,31.7,4.57,Sandy,39.4,No,No,Local,1.97
Kebbi,Sorghum,1,640.3,34,4.45,Loamy,11.2,No,No,Improved,1.83
Plateau,Yam,1.7,1310.6,28.2,6.9,Sandy,85.7,No,No,Local,8.27
Akwa Ibom,Cassava,1.89,2138.5,25,5.37,Clay,140.5,No,No,Local,8.89
Cross River,Maize,1.04,2074.2,22.2,6.01,Sandy,170.9,Yes,No,Local,1.89
Kogi,Cassava,9.57,1354.5,27.2,6.6,Loamy,130.9,No,No,Local,8.19
Imo,Maize,3.99,1883.5,25.5,6.55,Clay,130.5,Yes,No,Improved,2.72
Zamfara,Maize,11.47,987.4,29,6.32,Sandy,217.8,No,No,Local,1.33
Bauchi,Maize,1.6,817.7,33,6.17,Sandy,135.5,No,No,Improved,2.75
Abia,Cassava,8.05,2032.1,29.1,5.81,Loamy,15.3,Yes,No,Improved,13.31
Ebonyi,Sorghum,2.49,1857.4,28.6,6.91,Loamy,1,No,Yes,Local,1.15
Katsina,Rice,0.32,537.7,33.5,6.01,Sandy,121.1,Yes,No,Improved,3.1
Anambra,Sorghum,0.97,1538.2,24.3,5.8,Sandy,90.6,Yes,No,Improved,1.44
Lagos,Cassava,1.7,2409.2,28.8,6.54,Loamy,127.5,No,No,Local,8.17
Nasarawa,Rice,2.16,1263.2,31.2,5.96,Clay,110,No,No,Improved,3.84
Niger,Maize,1.96,1150.5,24,5.72,Sandy,142.7,No,No,Improved,2.91
Benue,Yam,2.52,1178.3,31.5,5.13,Loamy,36.9,No,No,Local,6.27
Rivers,Sorghum,2.17,2279.2,28.3,6.6,Clay,55.9,No,No,Local,1.18
Ondo,Rice,20.95,1733.9,26.9,5.17,Clay,140.3,Yes,Yes,Local,3.47
Taraba,Sorghum,0.96,1269.9,31.3,5.69,Clay,51.1,Yes,No,Improved,1.94
Borno,Yam,3.23,611.8,30.4,6.88,Clay,100.9,Yes,No,Local,7.88
Anambra,Sorghum,0.79,2362.3,26.2,6.37,Sandy,0,Yes,No,Local,1.03
Ebonyi,Maize,1,2174.1,26.9,5.48,Clay,94,Yes,Yes,Improved,3.17
Delta,Sorghum,6.5,2462.3,26.9,6.69,Clay,73.8,Yes,No,Local,1.13
Anambra,Yam,5.03,2318.4,29.1,5.53,Loamy,131,No,No,Local,7.35
Kano,Rice,2.67,705.6,34.2,7.07,Sandy,65.9,Yes,No,Improved,3.68
Enugu,Rice,0.46,1649,24.9,5.42,Clay,147.5,Yes,No,Local,3
Kebbi,Rice,0.97,611.7,31.1,6.05,Loamy,117.5,Yes,No,Local,2.69
Plateau,Cassava,0.79,1020.6,26.4,6.59,Clay,83.3,Yes,No,Local,10.81
Anambra,Sorghum,5.69,2467.5,24.7,6.13,Sandy,33.5,Yes,No,Improved,0.9
Akwa Ibom,Yam,0.76,1815.5,22.1,4.22,Sandy,56.8,Yes,No,Improved,9.09
Kwara,Sorghum,1.69,1391.8,28.2,6.4,Clay,61.5,Yes,No,Local,1.28
Gombe,Maize,5.09,630.8,26.5,6.87,Loamy,112.6,Yes,No,Improved,2.34
Cross River,Sorghum,5.31,1838.2,24.6,7.42,Clay,90.2,Yes,No,Improved,1.51
Anambra,Cassava,0.96,2185.9,27.3,6.59,Sandy,109.9,No,No,Local,9.36
Kogi,Maize,1.76,1497.5,25.5,5.06,Loamy,161.4,No,No,Local,2.21
Bayelsa,Rice,3.09,1986.6,29.5,6.49,Loamy,119.3,No,No,Improved,3.59
Zamfara,Sorghum,0.39,725.8,32.7,5.47,Sandy,58.4,Yes,No,Improved,1.92
Kaduna,Yam,0.31,786,30,7.92,Loamy,87.5,Yes,No,Local,8.39
Kaduna,Maize,1.34,721,32.9,5.59,Loamy,162.3,Yes,No,Improved,3.03
Yobe,Sorghum,4.32,306.1,36.7,5.65,Clay,55.8,No,No,Improved,1.78
Enugu,Cassava,1.3,2340,27.4,6.15,Clay,132.3,No,No,Local,6.26
Kano,Yam,1.99,729.3,26.7,6.53,Loamy,92.2,Yes,Yes,Improved,9.79
Bayelsa,Cassava,0.83,1649.1,24.5,5.32,Clay,70.2,Yes,Yes,Local,11.8
Delta,Yam,1.89,1504,27.7,6.35,Loamy,103.8,Yes,Yes,Improved,10.6
FCT,Maize,1.89,1294.3,27.5,5.38,Sandy,181.9,Yes,No,Local,2.38
Bauchi,Cassava,2.18,885,30.7,5.17,Sandy,77.7,No,No,Local,9.11
Ogun,Yam,1.16,1888.4,28.2,5.91,Loamy,73.6,No,Yes,Local,9.53
Niger,Rice,6.11,1079.9,26.3,4.56,Loamy,111.7,No,No,Improved,3.31
Adamawa,Maize,2.57,1075.4,25.6,6.19,Loamy,82.2,Yes,No,Improved,2.66
Abia,Yam,0.84,1870.9,28.4,6.15,Sandy,80.1,No,No,Local,7.6
Delta,Yam,1.51,2165.2,25.9,6.61,Clay,125,No,No,Improved,8.78
Abia,Maize,0.41,1571.5,25.8,6.65,Clay,114.9,No,No,Improved,3
Anambra,Sorghum,0.46,2050.7,27.3,5.52,Clay,58.7,No,No,Local,1.41
Abia,Rice,1.1,1929.3,27.3,5.53,Clay,101.3,Yes,No,Local,3.43
Sokoto,Cassava,1.92,512.5,31,6.59,Sandy,93.8,Yes,No,Improved,10.49
Akwa Ibom,Cassava,2.18,2006.6,23.7,6.49,Clay,146.6,No,No,Improved,10
Imo,Rice,0.38,2281.2,29.5,6.03,Clay,155.7,No,No,Improved,4.11
Niger,Cassava,5.88,1255.1,29.2,6.18,Sandy,34.8,Yes,No,Local,3.8
Yobe,Maize,7.68,440.5,28.9,5.98,Loamy,71.1,No,No,Local,1.94
Ogun,Yam,0.26,2408.3,26.3,6.64,Loamy,25.8,No,No,Improved,8.33
Edo,Maize,1.55,1670,26.1,5.77,Loamy,221.3,No,Yes,Local,2.21
Imo,Rice,0.2,1571.2,27.6,5.48,Loamy,158.4,No,No,Local,3
Bauchi,Rice,0.86,779.4,31,5.9,Sandy,115.5,No,No,Local,2.55
Cross River,Yam,1.71,1620.1,23.3,5.97,Loamy,142,No,No,Local,5.75
Kaduna,Rice,0.58,600.7,27.4,5.7,Sandy,173.3,No,No,Local,2.71
Rivers,Rice,19.27,1518.4,28.2,6.44,Clay,143.2,No,No,Improved,2.92
Ekiti,Maize,0.31,2113.3,26.2,6.32,Sandy,28,No,No,Local,1.62
Yobe,Sorghum,0.64,666.8,38,6.52,Sandy,128.4,No,No,Local,0.91
Enugu,Sorghum,0.72,1704.2,29.8,6.49,Clay,93.7,Yes,No,Improved,1.63
Kano,Cassava,1.17,914.9,30.4,5.93,Sandy,48.9,No,No,Local,6.69
Anambra,Sorghum,1.04,2316.9,27.4,5.99,Loamy,84.7,Yes,Yes,Local,1.52
Benue,Sorghum,3.36,1102.7,25.2,6.99,Clay,58,No,No,Improved,1.97
Rivers,Yam,0.84,2196.4,26.7,5.47,Clay,120.6,No,No,Improved,9.51
Kebbi,Cassava,1.31,703.5,32.6,5.47,Clay,51.7,No,No,Improved,9.86
Akwa Ibom,Cassava,0.6,2370.1,28.2,5.83,Loamy,85.8,Yes,No,Improved,13.5
Bauchi,Rice,2.72,649.3,29.5,6.11,Sandy,129.9,No,No,Local,2.26
Anambra,Rice,1.26,1702.4,25.3,6.95,Loamy,155.7,No,No,Improved,3.43
Enugu,Sorghum,1.06,1954.7,27.6,5.69,Loamy,97.7,Yes,No,Improved,1.24
Cross River,Yam,0.51,2492.5,22.6,6.85,Loamy,67.7,Yes,No,Local,5.64
Edo,Maize,0.98,2359.7,26.6,6.56,Clay,63.6,No,No,Improved,1.86
Kaduna,Maize,3.81,946.6,33.7,4.84,Clay,129.6,No,No,Improved,1.88
Cross River,Rice,4.9,2179.6,24.3,5.37,Loamy,128.5,Yes,No,Improved,3.89
Borno,Rice,1.67,644,33.9,5.41,Sandy,63.7,No,No,Local,2.01
Anambra,Cassava,1.13,1693.3,29.6,4.48,Clay,78.7,No,No,Local,5.39
Anambra,Sorghum,2.73,1900.9,25.8,6.26,Clay,62.1,No,Yes,Local,1.44
Oyo,Sorghum,2.42,1544.5,22.2,6.08,Loamy,65.6,Yes,No,Improved,1.52
Osun,Yam,7.66,2073.3,23.6,5.22,Sandy,130.8,No,No,Local,8.08
Katsina,Sorghum,1.66,353,37.6,5.79,Clay,93.9,Yes,No,Improved,1.56
Kogi,Rice,0.91,1315.5,25.3,5.44,Sandy,135.8,No,No,Improved,3.44
Lagos,Maize,4.23,1642.3,24.1,5.12,Loamy,72.4,No,No,Improved,2.47
Rivers,Rice,1.03,2040.6,24.6,6.29,Clay,87.3,No,No,Improved,3.63
Rivers,Rice,1.83,2432.4,29.5,6.71,Loamy,166.6,No,No,Improved,3.41
Yobe,Cassava,5.94,491.8,30.5,6.37,Loamy,45.6,Yes,Yes,Local,11.31
Akwa Ibom,Sorghum,1.42,1856.4,22.9,4.5,Clay,26.8,Yes,Yes,Local,1.35
Bayelsa,Maize,4.06,1621,23.7,5.51,Loamy,98,Yes,No,Local,1.95
Zamfara,Yam,5.4,934,34,6.5,Sandy,119,No,No,Local,6.59
Taraba,Sorghum,2.18,1036.8,25.7,6.04,Loamy,119.3,No,Yes,Local,0.47
Imo,Sorghum,0.68,2254.1,23.3,5.4,Loamy,132.7,No,No,Local,0.94
Yobe,Yam,6.9,315.8,29.2,6.27,Sandy,71.1,No,No,Local,7.24
Niger,Maize,2.38,1104.9,29,4.77,Loamy,136.4,No,No,Local,1.9
Abia,Maize,2.44,2041.7,29.5,5.52,Loamy,120.5,No,No,Improved,2.52
Enugu,Cassava,0.73,2263.9,24.3,6.55,Loamy,81.5,No,No,Improved,7.49
Zamfara,Yam,0.59,942.7,27.1,5.52,Sandy,105.6,No,No,Local,7.09
Jigawa,Rice,1.29,399,29.3,5.76,Sandy,148.5,No,No,Local,2.69
Ekiti,Cassava,2.46,2013.4,24.9,5.5,Sandy,58.4,No,No,Local,7.91
Borno,Cassava,1.8,624.3,29.6,5.61,Sandy,94.3,Yes,No,Improved,12.31
Kaduna,Sorghum,1.52,875.4,27,5.32,Clay,57.6,No,Yes,Local,1.87
Enugu,Cassava,0.48,2464.6,23.9,5.94,Clay,89.4,No,No,Improved,10.89
Plateau,Rice,1.87,1427.9,31.3,5.66,Clay,124.3,No,No,Improved,3.52
Katsina,Rice,1.62,576.8,37.1,5.47,Loamy,128.5,Yes,No,Improved,3.32
Kogi,Rice,0.58,1135.3,26.4,6.59,Sandy,135,No,No,Local,2.87
Niger,Rice,4.22,1471.4,28.7,6.1,Loamy,154.8,No,No,Local,2.7
Ondo,Rice,2.75,2179.4,22.4,6.46,Clay,206.3,No,No,Local,2.61
Rivers,Rice,1.18,1727.8,26.1,7.1,Loamy,125.3,No,No,Improved,4.01
Cross River,Yam,5.24,2489.8,27,6.2,Clay,102.2,No,No,Improved,10.6
Gombe,Yam,0.48,810,26,6.15,Clay,76.4,No,No,Improved,10.68
Plateau,Yam,2.46,1361.2,31.5,5.64,Sandy,172.4,Yes,No,Local,8.01
Nasarawa,Maize,0.74,1468.2,26.7,6.43,Sandy,18,No,No,Local,1.64
Delta,Sorghum,0.6,2349.1,27.3,5.88,Loamy,53.5,Yes,No,Improved,1.49
Akwa Ibom,Yam,1.94,1570.1,26.6,6.43,Sandy,6,No,No,Improved,7.84
Zamfara,Sorghum,2.97,678.3,32.5,5.82,Loamy,52.1,No,No,Improved,1.53
Kogi,Sorghum,5.82,1012.4,26.2,7.11,Clay,80.2,No,No,Improved,1.71
Osun,Yam,1.56,2078.8,24.1,7.2,Loamy,4,No,Yes,Local,8.04
Taraba,Maize,1.18,1403.3,27.1,5.56,Sandy,60.2,No,No,Improved,2.51
Ondo,Yam,4.15,2417.4,27.2,6.11,Clay,96.8,Yes,No,Improved,8.73
Katsina,Yam,2.66,610,30.7,7.03,Sandy,147.8,No,Yes,Local,6.61
Adamawa,Sorghum,1.44,1151.8,26.9,6.41,Sandy,53.5,Yes,Yes,Local,1.98
Anambra,Maize,0.62,1605.8,26.6,5.55,Loamy,53,Yes,Yes,Improved,2.79
Edo,Maize,0.6,1602.6,23,4.41,Loamy,103.1,Yes,No,Improved,2.42
Enugu,Yam,1.94,2106.4,24.1,6.56,Clay,78.5,No,Yes,Improved,10.91
Zamfara,Maize,0.9,638.8,28.6,6.24,Sandy,50,No,No,Local,1.96
FCT,Rice,1.53,1422.1,24.6,5.74,Loamy,100.7,No,No,Local,2.78
Anambra,Cassava,0.89,1772.4,22.6,5.73,Loamy,133,Yes,No,Local,10.09
Osun,Maize,0.81,2236.6,23,7.65,Clay,47.8,No,No,Improved,2.33
Anambra,Yam,0.59,1785.2,29.9,4.81,Loamy,124.3,Yes,No,Improved,10.3
Taraba,Yam,3.75,1205.2,25.3,6.03,Clay,95.4,No,No,Local,10.15
Edo,Yam,2.43,2255.3,29.2,7.42,Clay,151.9,No,No,Local,6.55
Gombe,Sorghum,1.23,653.1,31.6,6.46,Loamy,36.2,No,Yes,Local,1.32
Yobe,Rice,0.9,694.8,32.8,6.23,Sandy,57.9,No,No,Local,2.65
Gombe,Rice,0.74,870,31.1,5.69,Clay,125.9,Yes,No,Improved,4.63
Delta,Cassava,0.99,2384.8,28.1,5.36,Clay,148.4,No,No,Local,4.32
Zamfara,Yam,0.76,673.3,27.6,6.02,Clay,118.1,No,No,Local,7.16
Imo,Rice,0.83,1590.6,26.4,5.18,Clay,81.5,No,No,Local,2.95
Imo,Maize,0.32,1909.2,25.1,5.58,Loamy,127.5,No,No,Improved,2.82
Anambra,Rice,0.27,1728.8,27.9,6.06,Clay,92.3,No,No,Improved,3.48
Katsina,Maize,1.97,316,35.4,4.66,Loamy,120.1,No,No,Local,1.8
Adamawa,Yam,1.09,1141.8,29,6.78,Loamy,85.2,No,No,Local,8.46
Benue,Rice,1.73,1006.1,31.5,5.81,Clay,158.3,Yes,No,Local,3.34
Akwa Ibom,Yam,1.31,1657.2,23.4,6.35,Loamy,47.3,Yes,No,Local,6.74
Delta,Yam,2.62,1614,24.7,6.22,Clay,92.5,No,No,Local,7.26
Abia,Maize,0.2,2049.7,22.2,6.04,Loamy,144.7,No,No,Local,1.77
Yobe,Maize,1.6,498.1,33.1,6.03,Loamy,136.5,Yes,No,Local,0.6
Plateau,Rice,1.12,1223.7,24.1,6.38,Sandy,107.1,Yes,No,Local,3.18
Kogi,Maize,3.72,1346.9,31.7,5.47,Clay,153.8,No,No,Local,1.47
Benue,Rice,1.96,1044.9,29.3,7.78,Loamy,114.1,Yes,Yes,Local,3.53
Kogi,Sorghum,1.1,1053.7,24.7,5.22,Loamy,60.6,No,No,Improved,1.77
Ondo,Yam,3.17,1920.6,28.8,6.21,Loamy,99,Yes,No,Improved,11.27
Sokoto,Maize,0.44,615.9,30.8,7.22,Loamy,81.8,No,No,Local,2.16
Nasarawa,Cassava,0.48,1071,28.7,6.87,Sandy,148.7,No,No,Local,8.67
Anambra,Yam,4.48,2066.8,26.4,5.71,Clay,123,Yes,Yes,Local,9.92
Jigawa,Rice,0.94,638.1,31.1,5.58,Clay,123.3,Yes,No,Local,3.11
Ekiti,Yam,2.45,2391.3,22.1,5.73,Loamy,149.1,No,No,Local,7.73
Kano,Maize,1.13,682.1,27,5.28,Sandy,201.7,No,No,Local,2.26
Edo,Cassava,0.8,1737.6,28.1,5.86,Loamy,44.5,No,No,Improved,8.84
Benue,Cassava,0.47,1304.3,27.6,5.91,Sandy,117.4,No,No,Local,8.34
Abia,Yam,2.24,1675.2,24.2,5.21,Clay,180,No,No,Local,6.38
Kano,Yam,2.48,836.6,31.9,7.13,Loamy,55.6,No,No,Improved,9.09
Abia,Cassava,4.39,1883.8,25.2,5.35,Loamy,102.5,Yes,No,Local,10.69
Sokoto,Maize,1.22,469.1,36.4,5.55,Loamy,97.5,Yes,No,Improved,1.3
Ebonyi,Rice,2.83,1885.4,27.6,6.12,Clay,135.5,Yes,No,Local,3.32
Bayelsa,Sorghum,2.47,2130.8,24.6,5.69,Clay,8.4,No,No,Improved,1.37
Kogi,Yam,0.45,1215.9,26.7,6.51,Sandy,78.9,Yes,No,Local,7.41
Oyo,Maize,2.57,1719.8,27.8,5.4,Clay,110.7,Yes,No,Local,2.2
Jigawa,Maize,2.22,471.3,29.2,5.59,Clay,65,Yes,Yes,Improved,3.03
Kogi,Maize,1.47,1027.2,29,6.67,Loamy,113.5,Yes,No,Local,2.18
Niger,Sorghum,3.63,1152.5,29.6,5.33,Clay,58.6,No,No,Local,1.43
Rivers,Cassava,0.64,2379.2,24.2,5.24,Clay,141.2,No,No,Local,8.15
Niger,Maize,2.99,1374,25.5,7.11,Sandy,116.7,Yes,No,Local,2.15
Rivers,Cassava,5.77,2162.7,25.2,6.22,Clay,19.3,No,No,Improved,9.06
Zamfara,Sorghum,0.34,983.9,34.6,6.1,Sandy,6,Yes,No,Local,1.4
Oyo,Sorghum,1.93,2358.9,24.2,5.33,Clay,94.2,Yes,No,Local,1.17
Anambra,Cassava,1.23,2473.1,28,6.34,Clay,0,No,No,Local,6.12
Ogun,Sorghum,0.64,2461.1,28.5,6.61,Sandy,36.4,Yes,No,Local,1.44
Anambra,Cassava,1.82,2156.6,22.4,6.34,Loamy,107.3,Yes,No,Improved,10.37
Gombe,Yam,1.09,822.5,26.1,6.47,Loamy,142.6,No,Yes,Local,8.19
Borno,Sorghum,0.84,374,28.5,6.56,Sandy,52.1,Yes,No,Improved,1.99
Enugu,Maize,0.74,1727.7,24.8,5.74,Clay,148.2,No,No,Local,1.73
Ebonyi,Maize,2.18,1650.5,28.5,6.14,Clay,194.5,Yes,No,Local,1.65
Oyo,Sorghum,0.27,2042.7,26.1,4.88,Clay,104.5,Yes,No,Improved,0.48
Oyo,Cassava,1.4,2184.6,24.3,5.73,Clay,18.1,Yes,No,Local,8.4
FCT,Sorghum,0.52,1257.5,29.7,6.19,Clay,49.3,No,No,Local,1.16
Lagos,Rice,0.65,2493.4,26.4,6.85,Clay,124.4,Yes,No,Improved,3.42
Abia,Maize,5.06,1506.9,24.8,5.64,Clay,97.6,Yes,No,Improved,2.76
Anambra,Yam,1,1912,29.7,4.85,Loamy,119.6,Yes,No,Local,4.89
Jigawa,Rice,2.59,559.8,30.7,6.57,Sandy,85.7,No,No,Local,2.3
Rivers,Maize,0.34,2244.9,26.1,5.69,Loamy,100.9,No,No,Local,0.9
Rivers,Rice,0.71,2272.8,23,5.89,Loamy,151.7,No,No,Local,2.3
Kogi,Yam,0.2,1232.3,29.1,5.98,Loamy,134.5,No,No,Local,8.78
Abia,Yam,3.65,2313.9,25.6,5.41,Clay,111.7,No,No,Local,6.88
Osun,Rice,2.6,2142.2,28.7,5.9,Loamy,134.8,Yes,No,Improved,3.94
Lagos,Cassava,0.93,2059.6,22.2,6.44,Loamy,64.4,No,No,Local,9.06
Gombe,Cassava,3.82,889.1,30.1,5.35,Sandy,25.5,No,No,Improved,9.63
Plateau,Rice,1.05,1421.2,29.4,5.9,Sandy,161.4,No,No,Improved,3.83
Taraba,Maize,1.64,1249.6,25.4,4.57,Loamy,104.9,No,No,Local,2.48
Kwara,Maize,3.24,1023.8,25.3,6.43,Loamy,67.6,No,No,Improved,2.77
Zamfara,Rice,1.19,795.8,33.4,6.47,Loamy,42.2,Yes,Yes,Improved,3.43
Cross River,Sorghum,4.96,2103.8,23.6,5.43,Clay,0,Yes,No,Improved,1.55
Adamawa,Cassava,0.76,1150.2,27.4,6.19,Loamy,107.8,No,No,Local,8.49
Kogi,Sorghum,0.81,1499.3,30.6,7.95,Sandy,41.7,Yes,No,Local,1.37
Kebbi,Cassava,1.05,716.5,33.5,4.77,Clay,150.7,Yes,No,Local,8.85
Bauchi,Sorghum,0.48,691.6,26.4,7.3,Sandy,81.9,No,No,Improved,1.57
Abia,Sorghum,0.25,2115.3,29.5,6.53,Clay,45.8,No,No,Improved,1.46
Benue,Cassava,6.64,1343.7,30.7,6.57,Clay,127.6,Yes,No,Improved,11.98
Bauchi,Cassava,3.09,610.6,33.1,5.42,Sandy,116,No,No,Improved,13.18
Abia,Maize,0.37,1742.5,26.4,5.98,Sandy,80.6,No,No,Local,2.08
Edo,Maize,1.41,2348,28.9,6.04,Clay,90.2,No,No,Local,1.9
Osun,Cassava,1.11,1531.3,29.9,6.38,Loamy,123.2,Yes,No,Local,10.04
Bayelsa,Sorghum,2.32,1951.4,22.9,6.65,Loamy,96.3,No,No,Improved,1.36
Kaduna,Yam,1.59,675.1,28.3,5.39,Clay,109.1,No,No,Local,7.06
Abia,Rice,1.17,2355.8,22.5,6.78,Loamy,11,Yes,Yes,Improved,3.43
Rivers,Maize,3.72,2397.5,25.2,4.98,Clay,110.6,No,Yes,Improved,2.46
Lagos,Sorghum,2.9,2128.4,26.2,6.19,Clay,128.4,No,Yes,Local,1.01
Ondo,Cassava,5.29,2122.2,23.4,6.05,Clay,112.9,Yes,Yes,Local,10.74
FCT,Yam,4.8,1285.1,27.8,6.27,Loamy,106,Yes,No,Improved,9.94
Taraba,Cassava,1.04,1473.6,30.6,4.89,Clay,74.7,Yes,No,Improved,11.54
Bauchi,Sorghum,1.86,779.9,30.5,6.08,Sandy,37.7,No,No,Local,1.46
Edo,Maize,0.74,2129.1,28.9,5.39,Sandy,106.1,No,Yes,Improved,2.72
Edo,Yam,3.83,2252.8,30,5.87,Clay,155.2,Yes,No,Local,8
FCT,Sorghum,0.6,1033,25.9,5.32,Sandy,55.2,No,Yes,Local,1.61
Benue,Yam,0.56,1367.3,29,6.52,Loamy,119.9,No,No,Local,4.03
Ekiti,Rice,0.99,1877.4,24,5.43,Clay,86.8,Yes,No,Improved,4.08
Ogun,Cassava,8.31,2103.4,29.2,6.81,Loamy,0,No,No,Local,7.8
Plateau,Sorghum,0.21,1014.2,30.6,6.13,Sandy,17.2,No,No,Improved,1.44
Ekiti,Rice,1.4,1987,25.3,5.6,Sandy,110.8,Yes,No,Local,2.49
Nasarawa,Maize,1.05,1399.5,28.9,6.33,Clay,116.8,No,No,Improved,2.93
Jigawa,Rice,2.67,335.7,36.3,6.02,Loamy,52.3,No,No,Local,2.16
Ekiti,Rice,0.2,1812.8,28.2,6.28,Sandy,107.3,No,No,Local,3.07
Osun,Yam,0.58,2378.1,29.1,6.5,Clay,91.8,Yes,No,Local,7.83
Ogun,Maize,1.11,2278.7,23.7,6.89,Sandy,90.4,Yes,No,Improved,2.48
Kaduna,Sorghum,0.73,991.6,28.8,7.58,Loamy,68,Yes,No,Local,1.36
Kogi,Maize,0.63,1206,29.6,6.44,Sandy,183.1,Yes,Yes,Local,2.59
Ekiti,Sorghum,1.41,1951.1,22.2,6.8,Loamy,51.2,Yes,No,Improved,1.83
Yobe,Cassava,0.42,641.9,35.2,5.73,Sandy,166.3,No,No,Local,7.66
Abia,Sorghum,0.2,1784.7,26.6,5.9,Loamy,22.9,No,No,Improved,1.43
Kogi,Cassava,3.8,1374,30,6.27,Sandy,119.7,No,No,Local,8.09
Ekiti,Cassava,1.18,2046.2,23.8,7.08,Clay,15.9,No,No,Improved,8.72
Yobe,Yam,8.35,524.8,34.5,6.05,Sandy,98.9,No,No,Local,6.31
Akwa Ibom,Cassava,1.54,1775.1,26.8,6.39,Loamy,147.7,Yes,No,Improved,11.09
Akwa Ibom,Maize,1.91,2230.8,22.8,5.73,Clay,142.6,No,No,Local,1.66
Kwara,Sorghum,1.19,1016.3,28.6,5.12,Loamy,23.7,No,No,Improved,1.45
Osun,Sorghum,1.72,1585.2,24.9,5.54,Clay,78.7,No,No,Local,1.23
Rivers,Cassava,6.29,2403.6,22.6,6.99,Clay,68.9,Yes,No,Local,9.98
Ogun,Rice,1.16,1624.5,25.2,7,Sandy,114.6,No,No,Local,3.23
Zamfara,Sorghum,2.56,760.7,28,6.85,Sandy,89.3,Yes,No,Improved,1.91
Enugu,Maize,0.7,2162.4,26.8,6.53,Clay,120.9,No,Yes,Improved,3.01
Lagos,Rice,7.76,1800,26.7,5.84,Clay,122.5,No,Yes,Improved,3.87
Katsina,Sorghum,7.71,511.8,35.3,5.56,Clay,76.5,No,No,Local,1.06
Kogi,Maize,3.02,1011.6,26.8,6.25,Clay,120.1,No,No,Local,2.35
Sokoto,Cassava,0.38,489.5,37.5,5.6,Loamy,75.5,Yes,No,Local,10.43
Borno,Maize,2.34,641.1,35.3,6.21,Sandy,137.9,No,No,Improved,2.71
Abia,Cassava,0.32,2283.5,23.6,6.19,Loamy,93.2,Yes,No,Improved,9.38
Anambra,Sorghum,1.37,2055.2,23.9,5.85,Loamy,69.3,No,Yes,Local,0.98
Adamawa,Cassava,0.7,1040.2,31.2,4.6,Loamy,96.2,No,No,Local,9.77
Jigawa,Maize,0.9,368.1,34.4,5.79,Sandy,89.6,Yes,No,Improved,2.65
Oyo,Yam,2.25,2398.4,22.7,6.13,Loamy,91.7,No,No,Local,7.21
Edo,Sorghum,1.15,2119.9,27.6,6.76,Loamy,112.4,No,No,Improved,1.47
Bayelsa,Cassava,0.5,1871.6,23.2,7.02,Loamy,147.1,No,No,Local,6.26
Ekiti,Maize,5.99,2104,23.9,6.94,Clay,142.6,No,No,Improved,2.86
Lagos,Rice,0.52,2440.9,29.4,6.55,Clay,209.2,Yes,No,Improved,3.02
Yobe,Maize,1.4,418.5,34.6,5.64,Loamy,88.8,Yes,Yes,Local,2.96
Jigawa,Yam,0.72,461.3,37.1,4.78,Sandy,73,No,Yes,Improved,9.42
Anambra,Rice,0.93,2317.6,27.5,6.05,Clay,155.5,No,No,Improved,3.77
Katsina,Cassava,0.48,384.2,37.8,4.84,Clay,67,Yes,Yes,Local,8.65
Akwa Ibom,Yam,6.18,2213.3,23.4,7.08,Loamy,84.1,No,No,Local,7.14
Abia,Yam,1.44,2167.3,22.4,5.02,Loamy,70.6,Yes,No,Improved,8.45
Sokoto,Yam,2.15,302.6,29.4,7.3,Loamy,103.6,Yes,No,Improved,10.21
Plateau,Yam,1.08,1253.5,24.6,5.91,Clay,109.8,No,Yes,Local,8.97
Benue,Sorghum,7.05,1134.8,26.3,5.81,Clay,58.1,No,No,Improved,1.88
Adamawa,Rice,1.41,1478.1,26.2,5.76,Sandy,139.1,No,No,Local,2.72
Sokoto,Cassava,1.67,399.4,37.4,6.29,Sandy,65.6,No,No,Local,8.29
Kano,Rice,1.02,625.8,26.3,6.94,Clay,131.7,No,No,Local,2.53
Imo,Yam,3.8,2099.9,24.2,6.45,Clay,90,No,No,Local,9.02
Edo,Rice,7.19,1778,25.5,5.8,Loamy,106.5,Yes,No,Local,3.58
Ogun,Yam,1.25,2456.2,28.5,6.95,Loamy,67.4,Yes,No,Local,8.45
Enugu,Sorghum,2.81,1516.5,23,5.23,Clay,54,Yes,No,Improved,1.46
Enugu,Yam,3.17,2114.5,28,6.44,Loamy,77.6,No,No,Local,6.31
Kogi,Yam,2.83,1310.6,25.7,5.21,Loamy,105.8,No,Yes,Local,8.5
Osun,Cassava,0.31,1806.4,24.3,5.83,Loamy,104,No,No,Improved,10.25
Sokoto,Cassava,2.47,531.7,28.3,5.81,Loamy,125.2,Yes,No,Local,9.77
Osun,Yam,0.56,1996.4,25.3,6.75,Sandy,110.2,No,No,Local,6.69
Lagos,Rice,1.79,2028.6,23.7,4.57,Loamy,93.8,No,No,Improved,2.79
Kaduna,Rice,0.93,941.5,33.6,6.03,Clay,100.7,No,No,Improved,2.77
Kano,Rice,4.33,938,26.7,6.35,Clay,71.6,Yes,Yes,Improved,4.41
Yobe,Maize,0.81,559.5,31.4,6.11,Clay,149.8,No,No,Improved,2.76
Akwa Ibom,Cassava,2.91,1530,28.1,5.57,Clay,77.3,No,No,Improved,11.45
Benue,Maize,1.01,1321.8,31.2,6.57,Sandy,96.2,No,No,Improved,2.69
Kwara,Maize,0.49,1027.8,28,5.4,Sandy,151.8,No,No,Improved,3.17
Imo,Cassava,2.13,2118.3,25.9,6.58,Clay,64.8,Yes,No,Improved,10.41
Edo,Yam,0.26,2006.3,24.5,5.34,Clay,113,No,No,Improved,7.98
Bauchi,Maize,0.86,705.1,31,7.09,Sandy,57.2,Yes,No,Improved,2.73
Akwa Ibom,Cassava,3.55,1520.2,28.2,5.86,Loamy,92.1,Yes,Yes,Improved,16.59
Kebbi,Yam,2.23,932.7,29,5.79,Sandy,50.4,Yes,No,Local,7.5
Delta,Cassava,1.34,1788.2,26.9,5.75,Loamy,96.8,No,No,Improved,9.2
Ekiti,Cassava,2.97,2101.2,22.9,5.96,Clay,58.4,Yes,No,Improved,11.77
Taraba,Yam,3.62,1316.6,30.5,6.82,Sandy,78.3,No,No,Improved,9.76
Sokoto,Sorghum,0.45,670.2,33.4,7.19,Clay,104.5,No,No,Improved,1.61
Ogun,Maize,0.26,1781.2,28,6.67,Loamy,135,No,No,Improved,2.56
Rivers,Sorghum,12.5,2193,26,6.02,Clay,36.3,No,No,Local,0.91
Niger,Rice,1.02,1261.6,24.1,4.52,Sandy,109.9,No,No,Local,2.33
Ekiti,Sorghum,0.2,1821.6,29.7,6.19,Clay,29.5,Yes,Yes,Local,1.42
FCT,Cassava,2.25,1337.9,27.7,6.04,Clay,91.4,No,No,Local,8.15
Imo,Cassava,2.3,1917.9,26.1,5.76,Clay,3.1,No,No,Improved,9.22
Abia,Rice,1.62,2172.6,23.8,6.58,Loamy,97.9,Yes,No,Improved,3.76
Osun,Maize,5.99,1606.7,23,5.7,Clay,141.7,No,No,Improved,2.69
Gombe,Yam,1.88,806,29.9,6.26,Loamy,74.4,No,Yes,Improved,12.36
Yobe,Sorghum,0.54,339.9,28.8,6.4,Clay,18.9,No,No,Improved,1.25
Kano,Yam,0.47,618,31.1,5.79,Sandy,130.2,No,No,Improved,8.01
Benue,Yam,0.71,1159.8,26.2,5.46,Clay,118.5,No,No,Local,7.91
Enugu,Cassava,0.28,1757.6,26.7,5.87,Loamy,52.9,Yes,No,Improved,11.07
Osun,Sorghum,1.03,2018.4,22.3,5.35,Clay,51.1,Yes,No,Local,1.14
Oyo,Sorghum,5.8,2364.1,29.5,4.94,Clay,83.1,No,No,Improved,1.18
Bauchi,Yam,6.72,645.1,34.7,4.61,Loamy,98,No,No,Local,4.83
FCT,Maize,2.36,1327,27.8,5.81,Clay,113.9,Yes,No,Improved,3.26
Adamawa,Yam,0.95,1353.3,26.7,5.44,Loamy,19,No,No,Improved,7.88
Benue,Sorghum,1.92,1198.6,28.7,5.94,Clay,53.2,No,No,Local,1.08
Adamawa,Cassava,3.03,1184.4,28,6.81,Sandy,76.7,Yes,No,Local,9.31
Lagos,Maize,7.34,1953.7,27.7,5.47,Clay,173.6,No,Yes,Local,1.88
Edo,Yam,2.43,2177.3,23.7,5.77,Loamy,166.1,Yes,No,Local,7.43
Jigawa,Yam,2.39,597.7,28.4,5.58,Sandy,139.4,Yes,No,Local,8.22
Enugu,Yam,2.04,2355,24.4,4.43,Clay,31.7,No,No,Improved,6.94
Delta,Sorghum,1.47,1897,26.4,6.69,Clay,74.6,Yes,No,Local,1.12
Oyo,Rice,1.74,2007.5,24.3,6.91,Loamy,97.7,No,No,Improved,3.02
Delta,Cassava,0.57,2039.1,23.4,6.25,Clay,72.6,Yes,No,Improved,13.61
Kebbi,Maize,0.73,912.2,28.2,5.15,Clay,125.4,No,No,Improved,2.47
Gombe,Rice,8.49,721.8,34.2,5.68,Clay,129.1,No,No,Improved,3.71
Jigawa,Sorghum,3.33,426.2,37.5,5.43,Clay,31.2,No,Yes,Improved,1.56
Zamfara,Yam,9.25,719.9,29.4,6.9,Sandy,74.6,No,Yes,Improved,9.21
Niger,Sorghum,2.91,1273.6,30,7.5,Loamy,106,No,No,Improved,1.64
Borno,Rice,0.38,305.8,31.2,5.89,Sandy,123.5,Yes,No,Improved,4.2
Edo,Sorghum,1.53,1968,27.5,5.72,Loamy,31.3,No,No,Local,1.21
Ogun,Rice,1.93,2282,22.7,6.18,Clay,107.1,Yes,No,Local,2.83
Osun,Maize,1.51,2481.8,23.6,5.75,Loamy,129,Yes,No,Improved,2.39
Rivers,Cassava,1.35,2241.9,28.8,5.47,Clay,62.7,Yes,No,Local,9.45
Gombe,Yam,5.71,890.2,26,7.2,Sandy,111.4,No,No,Improved,8.75
Lagos,Maize,0.29,2401.5,28.1,6.63,Clay,173.2,No,No,Improved,1.93
Ogun,Maize,0.49,2021.6,25.5,5.05,Clay,128.5,Yes,No,Local,2.21
Adamawa,Sorghum,1.47,1395.2,26.6,4.82,Clay,54.3,Yes,No,Local,1.29
Niger,Maize,0.2,1026.5,24.7,6.16,Clay,155.5,Yes,No,Improved,2.76
Gombe,Sorghum,1.59,614.6,27.5,5.4,Clay,176.7,No,No,Local,1.03
Niger,Yam,0.79,1118.3,26.3,6.74,Loamy,194.2,No,No,Improved,8.53
Kaduna,Cassava,1.31,669.5,30,6.52,Sandy,71.5,No,No,Improved,9.72
FCT,Sorghum,1.16,1021.4,25.6,5.83,Loamy,82.8,Yes,No,Improved,1.53
Taraba,Cassava,2.14,1218.3,31.1,5.56,Loamy,58,Yes,No,Local,10.36
Gombe,Sorghum,0.69,774.7,26.5,6.5,Sandy,83.9,Yes,No,Local,1.38
Cross River,Maize,2.25,2412.9,25.7,6.01,Loamy,120.4,Yes,No,Improved,3.25
Adamawa,Cassava,0.55,1166.3,24.5,5.66,Loamy,102.1,No,No,Improved,8.46
Katsina,Cassava,0.49,494.7,36,6.23,Loamy,51.7,No,Yes,Local,8.82
Niger,Yam,0.82,1379.9,24.2,6.02,Loamy,149.9,No,Yes,Local,7.36
Abia,Rice,4.03,2269.3,29.3,5.96,Sandy,91,Yes,No,Local,2.96
Oyo,Sorghum,2.07,2180.7,23.1,5.16,Clay,82.6,No,No,Local,1.18
Nasarawa,Yam,0.86,1310.1,28.5,5.46,Clay,101.1,No,No,Local,7.64
Bayelsa,Sorghum,0.78,1614.8,27.4,5.36,Clay,45.8,Yes,No,Local,1.21
Akwa Ibom,Maize,0.76,1821.7,24.5,6.39,Loamy,114.1,Yes,No,Improved,2.62
Yobe,Yam,0.31,496.2,28.9,6.1,Sandy,69.8,No,No,Local,7.62
Bauchi,Sorghum,0.34,645.1,33,5.55,Sandy,25.6,Yes,No,Improved,1.69
Ekiti,Yam,0.79,1786,23.2,6.41,Loamy,76.9,Yes,No,Local,9.63
Gombe,Yam,7.34,871.3,26.3,6.49,Loamy,128.2,Yes,No,Improved,11.14
Nasarawa,Maize,0.64,1367.2,30.1,5.82,Clay,90.9,Yes,No,Improved,3.08
Kogi,Yam,3.46,1185.6,31.1,6.48,Sandy,59.6,No,No,Improved,8.79
Ebonyi,Maize,2.53,2494.6,22.6,7.53,Loamy,134,Yes,No,Improved,2.48
Ekiti,Rice,1.94,2415.3,23.1,5.51,Loamy,114.9,Yes,No,Local,2.71
Oyo,Yam,0.76,2214.3,27.1,6.83,Clay,139.7,Yes,No,Improved,10.15
Delta,Sorghum,1.27,1999.6,24.6,5.06,Loamy,110.7,Yes,No,Local,1
Lagos,Yam,1.49,2374.2,29.7,4.94,Loamy,172.6,No,No,Improved,6.28
Bauchi,Maize,4.3,651.6,30.4,6.12,Sandy,168.8,No,No,Local,1.9
Benue,Cassava,1.45,1161.3,27.1,5.26,Loamy,124.3,Yes,No,Improved,11.39
Kaduna,Sorghum,0.87,759.4,28.6,5.79,Sandy,141.9,No,No,Improved,1.47
Niger,Maize,0.88,1067.9,29.8,5.55,Loamy,83.7,Yes,No,Improved,3.27
Kano,Sorghum,0.3,803.5,29.8,4.94,Clay,62.3,No,No,Local,1.69
Katsina,Cassava,0.61,552.9,35.1,5.94,Sandy,95.7,No,No,Improved,10.7
Kwara,Maize,1.58,1154.1,24.3,5.55,Loamy,115.6,No,No,Local,2.2
Nasarawa,Maize,2.66,1178.1,27.8,6.76,Clay,166.4,Yes,No,Improved,2.72
Delta,Rice,2.74,2016.8,29.8,6.04,Loamy,72.1,Yes,No,Local,3.21
Niger,Maize,0.91,1390.9,30,5.75,Clay,117.3,Yes,No,Local,2.52
FCT,Maize,7.09,1109.1,32,6.28,Loamy,91.1,No,No,Improved,2.74
Kwara,Sorghum,25,1301.6,25.6,5.52,Clay,14.9,No,No,Local,1.14
Edo,Rice,1.56,2489.6,28.5,6.54,Sandy,67.9,No,No,Local,3.51
Imo,Sorghum,0.55,2140.3,26.3,5.55,Clay,0,Yes,No,Improved,1.41
Nasarawa,Cassava,1.75,1401.4,31.7,4.86,Loamy,84.6,No,No,Local,8.14
Sokoto,Sorghum,0.65,504.2,37.4,7.17,Sandy,43.5,No,Yes,Improved,1.89
Enugu,Cassava,1.66,2060.1,27.1,7.04,Clay,42.5,No,No,Local,9.34
Benue,Cassava,0.31,1319.9,25.6,6.19,Loamy,85.2,Yes,No,Local,11.02
Kano,Sorghum,7.21,769.2,31.2,6.77,Sandy,55.5,No,No,Local,1.11
Kaduna,Sorghum,3.44,815.4,30.4,5.78,Loamy,55.7,Yes,Yes,Local,1.99
Bayelsa,Sorghum,0.9,2096.8,28.1,5.89,Clay,37.8,No,No,Improved,1.42
Anambra,Rice,0.59,2104.1,26.2,5.43,Loamy,105.4,No,No,Improved,3.6
Imo,Rice,0.33,1628.7,26.3,6.32,Clay,165,No,Yes,Improved,3.45
Edo,Sorghum,1,2478.6,23,5.67,Clay,115.3,Yes,No,Local,1.04
Sokoto,Cassava,0.38,553.2,37,5.51,Sandy,73.6,No,No,Improved,9.21
Abia,Sorghum,0.57,1822.1,23.8,7.1,Clay,139.7,No,No,Local,0.99
Niger,Rice,1.93,1240.6,24.6,6.51,Loamy,116,No,Yes,Local,3.63
FCT,Cassava,1.13,1282.6,29.6,5.63,Clay,59.1,No,No,Local,8.77
Katsina,Maize,2.27,322.7,29.8,5.45,Sandy,51.9,No,No,Improved,2.08
Adamawa,Cassava,1.14,1369.5,31.8,4.93,Loamy,104.9,Yes,No,Local,9.48
Ondo,Cassava,3.76,2441.4,25,5.21,Sandy,45.1,No,No,Improved,8.21
Taraba,Rice,1.16,1333.3,25.9,6.3,Clay,62,Yes,No,Improved,3.04
Rivers,Maize,2.58,1967.5,29.3,7.15,Loamy,108.4,No,Yes,Improved,3.45
Ondo,Sorghum,1.96,1752.1,24.5,6.02,Clay,89.3,Yes,No,Improved,1.51
Yobe,Yam,1.75,529.2,33.5,5.57,Sandy,140.2,No,No,Local,7.29
Niger,Sorghum,6.86,1115.1,28.6,5.6,Loamy,74.2,No,No,Local,1.4
Abia,Rice,0.39,2421.2,29.4,6.46,Clay,32.2,Yes,No,Improved,3.31
Sokoto,Maize,1.18,473.7,33.1,7.6,Sandy,144.4,No,No,Local,1.93
Imo,Rice,4.41,2275.9,24.8,5.93,Clay,185.7,No,No,Improved,3.18
Kebbi,Sorghum,2.1,905.6,31.5,5.93,Clay,73.9,No,Yes,Local,1.81
Katsina,Yam,8.5,639,31.4,6.11,Sandy,39.2,Yes,No,Local,7.33
Bauchi,Cassava,0.35,790.7,33.5,6.46,Sandy,29.3,No,No,Local,6.71
Kogi,Sorghum,0.62,1462.5,29.5,5.86,Loamy,96.1,No,No,Local,1.1
Oyo,Sorghum,0.37,1710.4,29.9,6.87,Clay,53.4,No,No,Local,1.16
Kebbi,Yam,0.24,733.1,30,6.02,Clay,116,No,Yes,Improved,11.09
Zamfara,Rice,0.88,666.4,26.8,6.07,Sandy,87,Yes,No,Local,2.91
Akwa Ibom,Cassava,1.36,1860.9,27.4,5.08,Clay,44.9,Yes,No,Improved,12.55
Abia,Cassava,0.24,2148.5,24.5,6.41,Clay,43.8,No,No,Improved,7.92
Kaduna,Rice,0.83,954.7,26.2,4.92,Sandy,93.8,No,No,Improved,2.87
Ebonyi,Yam,2.29,2268.2,26.4,5.75,Clay,84.1,No,No,Local,8.91
Ogun,Cassava,2.08,2293.8,28.8,6.35,Sandy,101.5,No,No,Improved,9.38
Ebonyi,Yam,1.82,1757,26.9,6.4,Clay,146.4,No,No,Local,7.74
Bauchi,Cassava,0.95,667.2,34.8,6.07,Sandy,99.8,No,No,Local,7.56
Sokoto,Rice,1.53,368.8,30.3,5.93,Sandy,116.3,No,No,Improved,3.25
Plateau,Cassava,1.14,1251.7,27,5.75,Loamy,181.1,Yes,No,Local,6.3
Benue,Sorghum,2.55,1168.3,31.2,4.74,Loamy,50.8,No,No,Local,0.49
Bayelsa,Yam,1.63,2440.8,26.9,7.26,Clay,54.4,No,No,Local,6.57
Gombe,Rice,4.21,706.3,31.8,6.34,Sandy,130.9,No,No,Local,2.86
Bauchi,Cassava,3.78,838.7,28.4,6.39,Loamy,121.5,No,No,Local,8.29
Oyo,Maize,0.37,2336.3,27.2,6.28,Clay,77.2,Yes,No,Local,2.32
Akwa Ibom,Maize,4.42,2168.3,28.2,6.19,Loamy,111.7,Yes,No,Local,2.15
Akwa Ibom,Sorghum,6.92,1950.3,26.9,6.39,Clay,85.6,No,No,Improved,1.46
Bayelsa,Cassava,2.19,1921,24.2,5.63,Sandy,76.6,Yes,No,Improved,12.85
Benue,Maize,0.91,1300.6,31.2,5.66,Sandy,195.4,No,No,Local,1.91
Plateau,Sorghum,2.78,1388.1,25.5,5.91,Sandy,24.4,Yes,No,Improved,1.3
Kano,Rice,1.3,708.2,31.8,5.71,Clay,69.5,No,No,Improved,2.57
Osun,Yam,0.35,2202.3,25,6.02,Loamy,81.7,No,No,Improved,10.06
Edo,Rice,1.37,2153,29.9,6.14,Clay,46.6,Yes,Yes,Local,3.6
Akwa Ibom,Cassava,1.22,2013.8,22.8,5.93,Clay,67.1,No,No,Local,9.51
Kwara,Yam,1.85,1159.5,30,5.12,Clay,90.5,No,No,Local,6.51
Cross River,Maize,0.33,1565.8,28,6.77,Clay,189.9,No,No,Improved,2.2
Osun,Maize,4.06,1573.7,28.5,7.1,Clay,128.2,Yes,No,Improved,2.08
Katsina,Cassava,1.43,617.5,34.2,6.09,Loamy,116.2,No,No,Local,9.03
Plateau,Cassava,1.21,1303.7,25.1,5.94,Loamy,69.9,No,Yes,Improved,14.2
Kaduna,Cassava,1.68,732.5,32.1,5.48,Sandy,45.2,No,No,Local,8.56
Nasarawa,Sorghum,1.4,1246.7,30.9,5.8,Loamy,78.1,Yes,No,Improved,1.71
Kwara,Maize,0.28,1002.9,28,5.92,Loamy,135.7,No,No,Improved,2.91
Gombe,Rice,6.41,713,30.8,7.43,Sandy,125.5,No,Yes,Local,2.73
Katsina,Rice,0.83,629.9,31.4,5.13,Sandy,147.3,Yes,No,Improved,2.97
Kano,Rice,3.09,647.3,29.8,6.97,Clay,120.6,Yes,No,Local,1.29
Anambra,Cassava,1.35,2432.3,26.8,5.73,Sandy,15.1,No,Yes,Improved,9.85
Zamfara,Cassava,2.17,731.5,34.9,5.85,Sandy,94.5,No,No,Local,7.56
Oyo,Yam,2.6,1700.6,24.9,5.23,Loamy,113.2,No,Yes,Improved,10.24
Ondo,Cassava,1.03,1943.1,23.8,5.17,Loamy,105.1,Yes,No,Local,11.96
Borno,Yam,0.79,487.7,29.1,6.03,Sandy,84.2,No,No,Improved,9.32
Bayelsa,Cassava,1.72,2038.9,29.6,5.66,Clay,120.7,Yes,No,Local,7.39
Jigawa,Rice,1.78,586.6,28.5,5.08,Sandy,69.9,Yes,No,Local,2.93
Edo,Maize,1.06,2120.3,28.9,6.37,Clay,149.2,Yes,No,Local,2.11
Zamfara,Yam,0.53,783.2,29.8,6.25,Loamy,59.5,Yes,No,Improved,8.72
Kano,Cassava,2.53,892.9,27.8,5.9,Loamy,83,No,No,Improved,9.85
Kogi,Cassava,1.18,1027.3,30.1,5.4,Clay,26.4,Yes,No,Local,7.12
Kebbi,Sorghum,4.42,935.3,29.3,6.21,Sandy,48.8,Yes,No,Improved,1.64
Zamfara,Maize,6.44,885.4,34.7,5.52,Loamy,86.2,Yes,No,Local,2.08
Ogun,Sorghum,0.3,2212.4,28.1,6.96,Loamy,98.1,No,No,Improved,1.33
Sokoto,Maize,2.01,306.4,33.3,5.62,Loamy,105.4,Yes,No,Improved,2.58
Bauchi,Rice,7.95,947.6,31.5,6.39,Sandy,100.8,Yes,No,Local,3.27
FCT,Rice,9.68,1371.4,27,6.03,Clay,77.9,Yes,No,Local,3.4
Osun,Yam,0.87,1996.1,27,5.81,Sandy,200.6,No,No,Local,7.58
Ebonyi,Rice,0.43,2318.5,23.1,6.18,Loamy,168.3,Yes,No,Improved,4.01
Plateau,Yam,0.76,1446.5,28,6.85,Clay,139.2,No,No,Local,7.27
Lagos,Rice,5.52,2279.1,23.3,6.27,Clay,143.1,Yes,No,Improved,4.28
Taraba,Maize,1.03,1476.2,24.3,6.66,Clay,66.4,Yes,No,Local,2.02
Taraba,Rice,2.83,1159.2,24.7,6.05,Loamy,46.8,Yes,Yes,Local,3.27
Jigawa,Sorghum,0.62,698,33.3,5.85,Clay,107.4,Yes,No,Improved,1.59
Delta,Rice,1.76,1845.6,27.4,6.61,Loamy,88.2,Yes,Yes,Local,3.59
Benue,Yam,0.47,1221.5,26.5,6.34,Clay,111.3,Yes,No,Local,9.35
Kogi,Sorghum,1.34,1019.3,28.5,6.3,Loamy,90.7,Yes,No,Improved,1.4
Kaduna,Sorghum,8.3,600.5,32.4,6.05,Clay,0,No,No,Improved,1.42
Rivers,Rice,0.84,1807.3,26.1,6.86,Loamy,124.4,Yes,No,Improved,3.09
Kaduna,Maize,2.04,670.2,28.2,6.35,Loamy,52.6,No,No,Local,2.43
Anambra,Yam,0.84,2321.4,24,7,Sandy,111.8,No,No,Improved,9.73
Edo,Sorghum,1.92,1641.2,28.9,5.34,Clay,68.8,No,Yes,Local,0.7
Taraba,Cassava,1.26,1362.1,25.9,5.21,Loamy,100.4,No,No,Local,8.14
Delta,Sorghum,2.75,2182.2,23.1,5.66,Clay,69.3,No,No,Improved,1.27
Anambra,Sorghum,1.23,2187.4,23.8,8.15,Loamy,73.7,Yes,No,Local,1.06
Benue,Yam,2.14,1324.4,31.4,6.06,Loamy,157.7,No,No,Local,6.64
Jigawa,Rice,0.53,387.2,35.4,7.34,Clay,125.3,No,Yes,Local,2.34
Cross River,Sorghum,4.2,2400.7,24.3,6.55,Sandy,53.7,No,No,Improved,1.48
Oyo,Rice,5.17,1799.2,25.4,5.35,Loamy,90.9,No,No,Local,2.57
Anambra,Rice,0.93,2355.2,29.5,5.93,Loamy,86.6,Yes,No,Improved,1.47
Kebbi,Sorghum,3.13,721.3,31.5,6.19,Clay,74.1,Yes,Yes,Improved,2.11
Delta,Rice,2.46,1708.6,26.8,7.37,Loamy,154,Yes,No,Improved,3.98
Borno,Cassava,1.13,526.1,32.8,6.01,Sandy,103.2,Yes,No,Improved,9.91
Kebbi,Yam,1.43,774.3,34.2,6.36,Sandy,42.6,Yes,No,Local,6.12
Kogi,Rice,0.82,1043.4,31.2,5.94,Loamy,137.2,Yes,No,Improved,4.14
Adamawa,Cassava,1.32,1182.4,24.6,5.96,Sandy,104.8,No,Yes,Local,10.43
Adamawa,Yam,2.49,1458.7,28.7,6.4,Loamy,51.7,No,No,Improved,10.22
Sokoto,Sorghum,1.77,566.2,28.5,6.37,Sandy,37.5,Yes,No,Local,1.41
Osun,Sorghum,1.19,2001.8,29.6,6.35,Sandy,70.1,No,No,Local,1.04
Delta,Yam,0.23,2360.7,28.4,5.31,Clay,134.2,No,No,Improved,7
Sokoto,Sorghum,1.48,485.4,29.8,6.49,Sandy,60.8,No,No,Local,1.66
Enugu,Rice,1.78,2066.1,23.7,5.53,Loamy,103.7,Yes,Yes,Improved,5
Abia,Maize,0.39,2203.1,26.7,7.01,Loamy,90.1,No,No,Local,2.1
Kebbi,Rice,1.86,781.3,30,6.08,Loamy,70,No,No,Local,2.69
Katsina,Maize,5.02,431.1,32.7,6.08,Sandy,155.9,No,No,Local,1.37
Bayelsa,Sorghum,15.32,2049.3,30,6.31,Loamy,12.2,No,No,Improved,1.47
Nasarawa,Cassava,1.15,1299.5,24.7,5.56,Clay,51.7,No,Yes,Local,10.16
Benue,Rice,2.55,1415.7,28.2,5.71,Clay,157.4,No,No,Improved,2.98
Enugu,Sorghum,4.15,2013.1,26.1,4.58,Sandy,0,No,No,Local,1.16
Ebonyi,Sorghum,0.81,1599.2,27.7,6.29,Clay,58.6,No,No,Improved,1.64
Lagos,Yam,1.34,1750.6,24.4,6.01,Loamy,159.7,Yes,No,Improved,12.07
Kwara,Rice,1.65,1190.6,31,6.48,Clay,140.8,Yes,No,Improved,5.19
Delta,Cassava,6.46,1989,24.5,6.13,Sandy,59.7,No,No,Local,9.18
Ebonyi,Cassava,2.34,2384.9,28,6,Sandy,69.9,Yes,No,Improved,10.58
Akwa Ibom,Maize,4.48,2311.4,22.8,7.02,Clay,131.6,No,No,Local,1.62
Bauchi,Cassava,4.6,754.7,34.6,6.02,Loamy,134.8,Yes,Yes,Improved,13.24
Kaduna,Sorghum,1.58,923.3,28,6.16,Sandy,0,No,No,Local,0.65
Delta,Maize,0.42,1628.9,29.9,6.52,Loamy,120.5,No,No,Local,1.79
Oyo,Sorghum,3.97,1956,27.1,6.86,Clay,40.6,Yes,No,Local,1.33
Ebonyi,Maize,2.04,1553.2,29.5,7.17,Clay,71.3,No,No,Local,0.72
Jigawa,Sorghum,0.2,458.3,37.4,5.2,Sandy,69.9,No,No,Local,1.18
Delta,Rice,2.46,2492.9,23.1,6.45,Clay,117.3,Yes,No,Improved,3.19
Katsina,Rice,2.04,698.2,36.1,6.62,Sandy,201.9,No,No,Local,2.46
Zamfara,Sorghum,3.32,992.3,32.7,5.15,Sandy,82.4,No,No,Local,1.36
Kaduna,Yam,3.89,692.5,34.7,6.57,Loamy,130.8,Yes,No,Local,6.63
Borno,Rice,1.78,331.3,31,6.42,Clay,11.8,No,No,Improved,2.82
Lagos,Rice,0.23,1754.4,25.8,7.57,Loamy,103.5,Yes,No,Improved,3.91
Ebonyi,Maize,0.41,2416,23.7,6.09,Sandy,160,No,No,Improved,2.33
Ondo,Rice,1.43,1950.3,29.8,6.69,Clay,63.9,Yes,No,Improved,3.87
Kebbi,Maize,1.28,688.8,27.8,6.74,Clay,133.9,Yes,Yes,Local,2.77
Enugu,Yam,0.72,2175.3,25.8,6.81,Clay,49,No,No,Improved,9.7
Bayelsa,Maize,1.09,1982,27.8,5.82,Loamy,123.3,Yes,No,Local,1.63
Kebbi,Sorghum,7.78,910.2,32.7,5.14,Sandy,53.2,Yes,Yes,Local,1.66
Cross River,Yam,0.74,1570.3,26.4,6.18,Clay,159.5,Yes,No,Local,7.27
Borno,Cassava,2.24,495.5,36.1,5.86,Sandy,91.3,No,No,Improved,9.83
Lagos,Cassava,4.64,1693.2,24.3,5.62,Clay,95.8,Yes,No,Improved,14.84
Osun,Rice,1.3,1668.2,23.4,5.87,Clay,60,No,Yes,Improved,3.97
Ondo,Rice,1.88,2282.8,25.9,5.9,Clay,157.2,No,No,Local,2.48
Abia,Cassava,0.7,1982.1,25.1,5.76,Loamy,60.1,Yes,No,Improved,12.46
Osun,Yam,1.59,2295,28.7,6.68,Loamy,85.2,Yes,No,Improved,9.13
Ogun,Yam,1.23,1694.9,26.4,5.67,Clay,9.2,No,No,Improved,7.61
Yobe,Rice,4.32,466.9,36.8,5.89,Loamy,109.6,Yes,No,Local,2.41
Katsina,Maize,2.23,317.7,29.4,6.26,Sandy,68.9,No,Yes,Local,2.75
Borno,Maize,1.06,361.1,28.1,7.12,Sandy,106.6,Yes,Yes,Local,2.6
Ondo,Yam,0.55,1771.6,29.7,6.49,Sandy,78.5,No,Yes,Improved,8.91
Zamfara,Cassava,1.79,719.9,28.4,6.82,Sandy,49.7,Yes,Yes,Local,9.29
Anambra,Cassava,0.99,1735.6,25.6,6.33,Clay,128,Yes,No,Improved,12.86
Kogi,Maize,3.49,1224.3,32,6.51,Clay,122.7,Yes,No,Local,2.36
Cross River,Maize,2.34,1805.7,27.9,4.96,Loamy,106,No,Yes,Local,2.16
Kebbi,Sorghum,1.23,907,29,5.26,Clay,51,No,No,Improved,0.74
Edo,Yam,0.74,1634.6,29.4,6.62,Clay,163,Yes,No,Improved,8
Niger,Rice,1.45,1342.6,26.1,5.67,Clay,107.8,No,No,Local,2.77
Enugu,Cassava,1.21,2172.4,26.7,6.52,Clay,119.1,Yes,No,Local,9.49
Osun,Sorghum,7.83,2291.8,26.2,6.17,Loamy,98.5,Yes,No,Local,1.34
Enugu,Cassava,1.05,1807.5,24.2,4.97,Sandy,117.2,Yes,No,Improved,13.77
Sokoto,Rice,0.71,343.6,36.7,6.41,Sandy,137.9,No,No,Local,2.35
Cross River,Rice,1.63,2492.6,27.4,5.55,Loamy,97.2,Yes,Yes,Local,2.83
Plateau,Yam,2.87,1199.2,26.8,5.01,Sandy,80.8,No,No,Local,7.7
Rivers,Maize,2.76,1649.8,24.6,5.49,Clay,26,No,No,Improved,2.11
Yobe,Yam,1.45,397.5,31.6,5.1,Sandy,85.6,No,No,Local,7.89
Taraba,Maize,2.21,1492.1,25.8,6.38,Loamy,180.8,No,No,Improved,2.57
Borno,Yam,2.79,669.8,33.8,5.56,Loamy,32.2,No,Yes,Local,8.02
Katsina,Sorghum,2.5,579.7,31.6,6.02,Sandy,53.8,Yes,No,Improved,1.99
Anambra,Sorghum,2.86,1597.6,29.3,6.37,Loamy,15.1,No,Yes,Local,1.27
Sokoto,Sorghum,0.93,308,34.1,6.72,Sandy,52.2,Yes,No,Local,1.52
Delta,Cassava,0.28,1543.6,23.2,5.58,Clay,18.3,Yes,No,Improved,10.57
Plateau,Yam,0.56,1292.5,28.9,6.53,Loamy,148.4,Yes,Yes,Local,11.42
Kogi,Yam,4.05,1491.8,24.4,5.75,Clay,108.2,No,No,Local,7.92
Anambra,Cassava,0.72,1564.1,23.7,6.69,Sandy,95.4,No,No,Local,6.43
Nasarawa,Rice,0.2,1332.5,25,6.27,Clay,162.5,Yes,No,Local,3.24
Kano,Rice,1.43,906.6,29.1,8.17,Loamy,108,Yes,No,Local,2.75
Katsina,Rice,1.52,474.7,32.1,4.98,Sandy,107.1,No,Yes,Improved,3.46
Ondo,Cassava,1.65,2408.9,23.5,4.53,Clay,84.8,No,No,Improved,10.58
Gombe,Rice,3.97,649.6,27.3,5.01,Loamy,161.5,No,No,Improved,3.11
Sokoto,Rice,2.21,670.6,28.4,7.26,Sandy,135.9,Yes,No,Local,2.63
Osun,Maize,2.15,1645.7,26.3,6.41,Clay,114.8,No,Yes,Improved,3.27
Lagos,Yam,1.61,1761,28.9,6.88,Sandy,81.7,No,No,Local,8.16
Yobe,Rice,1.5,360.6,34.3,6.47,Clay,144.3,Yes,No,Improved,2.89
Anambra,Maize,2.42,1559.6,26.2,5.7,Clay,60.9,No,No,Local,1.86
Cross River,Cassava,2.94,1562.5,29.7,6.54,Clay,46.8,No,No,Local,9.01
Rivers,Rice,0.93,1966.7,22.5,6.02,Sandy,98.5,Yes,No,Local,3.15
Zamfara,Cassava,2.52,756.8,33.1,5.86,Loamy,74.3,No,No,Improved,10.38
Plateau,Cassava,0.21,1428.5,29.8,4.78,Clay,67,No,No,Local,8.5
Kano,Cassava,2,870,31.1,7.22,Loamy,140.1,Yes,No,Local,10.01
Lagos,Rice,1.12,2130.8,25.6,6.21,Clay,121,Yes,No,Improved,3.95
Delta,Sorghum,0.73,2071.3,24.1,5.39,Sandy,95.9,No,Yes,Improved,1.58
Imo,Sorghum,1.6,2473.7,27.3,5.98,Sandy,65.9,Yes,No,Local,1.35
Oyo,Maize,0.72,1924.5,29.6,6.04,Loamy,80.7,Yes,No,Improved,2.68
Taraba,Yam,0.98,1282.4,31.4,5.73,Sandy,92.7,Yes,No,Improved,11.46
Ekiti,Maize,0.86,2477.6,23.2,5.96,Clay,139.8,No,No,Improved,1.9
Kano,Cassava,2.33,862.3,29.8,5.98,Loamy,83.9,No,No,Local,7.88
Kogi,Maize,0.73,1460.6,30.4,6.78,Loamy,37.3,Yes,No,Improved,1.73
Delta,Cassava,3.17,1617.4,26.9,5.69,Sandy,120.1,Yes,No,Local,8.93
Ekiti,Yam,1.8,1514.5,24,5.54,Clay,142.2,No,No,Improved,8.82
Abia,Cassava,3.1,1537.3,23.3,6.33,Clay,42.7,Yes,No,Improved,8.99
Abia,Sorghum,0.43,2417,24,6.47,Loamy,49.7,No,No,Improved,1.41
Osun,Cassava,0.22,1506.2,23.4,5.35,Loamy,150.2,No,No,Local,6.07
Oyo,Sorghum,0.34,2218,22.2,4.24,Loamy,65.1,No,No,Local,0.34
Adamawa,Maize,0.2,1062.3,29.1,5.81,Sandy,118,No,No,Local,2.16
Imo,Cassava,2.19,1587.2,23.3,7.83,Clay,49.7,No,No,Local,4.78
Kaduna,Yam,1.7,747.9,34.3,5.92,Clay,143.4,No,Yes,Improved,8.66
Niger,Rice,0.56,1196.9,28,7.14,Loamy,103.6,No,No,Improved,3.53
Bauchi,Yam,4.25,722.4,26.5,6.21,Sandy,155.4,No,Yes,Local,7.08
Anambra,Cassava,2.45,2458.5,25.4,6.57,Clay,9.5,No,No,Local,6.04
Akwa Ibom,Rice,0.48,1944.4,24.4,5.79,Clay,138.6,No,No,Local,3.38
Ekiti,Cassava,0.49,2286.5,22.1,5.8,Clay,118.7,No,No,Local,9.41
Osun,Yam,2.23,2346.5,29.5,6.26,Sandy,91.7,Yes,No,Improved,10.43
Anambra,Rice,3.98,1880.3,26.8,6.83,Clay,133.2,Yes,Yes,Local,3.64
Sokoto,Maize,1.68,504.3,33.7,6.08,Sandy,88.3,No,Yes,Improved,2.52
Osun,Cassava,3.01,1500,28.6,6.27,Loamy,167,Yes,No,Local,7.79
Oyo,Sorghum,6.78,1805.4,25.2,6.99,Clay,45.1,No,No,Local,1.1
Ogun,Sorghum,0.99,2403,28,6.2,Loamy,74.8,No,No,Local,1.19
Kaduna,Rice,0.71,884.3,28.1,5.94,Clay,106.7,No,No,Improved,3.8
Kaduna,Cassava,0.72,909.4,34.6,6.53,Loamy,39.7,No,No,Local,7.77
Ebonyi,Maize,2.44,1509.3,23.8,6.65,Clay,141.1,No,No,Improved,2.33
Borno,Sorghum,1.94,323.9,37.1,7.4,Sandy,64.3,No,Yes,Improved,1.58
Cross River,Rice,0.97,1780.2,27,5.34,Clay,143.8,No,No,Local,3
Delta,Yam,1.57,1781,28.8,6.03,Clay,65.7,No,No,Improved,10.93
Enugu,Cassava,0.26,2163,29.9,5.7,Loamy,67,Yes,No,Improved,10.21
Ekiti,Cassava,0.44,1668.6,23.4,6.58,Sandy,78.5,Yes,No,Improved,13.26
Yobe,Cassava,0.78,334.9,32.8,6.4,Sandy,118.5,Yes,No,Local,9.45
Cross River,Rice,1.54,2490.6,24.7,5.66,Clay,119.2,Yes,No,Local,2.87
Imo,Sorghum,7.95,1611.6,24.9,5.97,Loamy,161.8,Yes,No,Local,0.8
Zamfara,Rice,3.37,902.4,32.7,6.27,Loamy,158.6,Yes,No,Local,2.86
Plateau,Sorghum,6.41,1306.2,25.3,5.69,Clay,38.4,Yes,No,Improved,1.78
Borno,Cassava,2.92,503.6,30.7,6.87,Sandy,157.2,No,No,Local,8.33
Niger,Maize,4.19,1209.4,27.8,6.08,Sandy,111.2,Yes,No,Local,2.54
Enugu,Rice,0.67,2259.6,22.1,5.88,Clay,121.6,Yes,No,Local,3.09
Bauchi,Maize,0.97,605.1,33.8,5.65,Loamy,51.7,Yes,Yes,Improved,2.86
Sokoto,Sorghum,4.63,599.2,36.6,5.82,Sandy,10.3,No,No,Improved,1.23
Sokoto,Yam,1.21,390.7,33.8,6.08,Loamy,22.1,No,No,Local,5.01
Zamfara,Sorghum,1.71,885.1,33.4,4.72,Sandy,74,No,No,Local,1.4
Niger,Cassava,2.4,1410.6,30.3,5.53,Loamy,11.7,Yes,No,Local,8.86
Jigawa,Rice,1.52,537.5,34.5,4.77,Sandy,177.6,Yes,No,Improved,2.71
Imo,Maize,0.9,2264.7,25.6,6.06,Sandy,124.6,No,No,Local,1.6
Lagos,Yam,0.84,1680.1,24.5,6.99,Sandy,56.7,No,No,Improved,7.44
Imo,Cassava,0.33,2063.1,26.3,6.38,Clay,129.9,Yes,Yes,Local,11.55
Anambra,Yam,0.88,1748,29.5,5.49,Sandy,134.7,Yes,No,Improved,9.22
Bayelsa,Yam,6.64,2301.9,29.5,6.34,Clay,118.9,Yes,No,Local,8.74
Bayelsa,Maize,0.3,2067.4,24.2,7.3,Loamy,148.9,Yes,No,Improved,2.48
Abia,Cassava,1.76,2419.5,29.1,7.51,Loamy,69.2,No,No,Local,6.85
Katsina,Maize,1.32,404.3,28.3,5.37,Sandy,190.5,Yes,No,Local,1.95
Enugu,Sorghum,0.57,2310.2,28.6,5.01,Clay,138.3,Yes,No,Improved,1.33
Edo,Maize,0.57,1877.1,22.5,6.41,Clay,182,Yes,No,Local,2.18
Delta,Cassava,2.69,2450,29.5,6.2,Sandy,40.2,Yes,No,Local,8.34
Abia,Maize,1.05,2169.2,26.3,5.83,Loamy,84.2,Yes,No,Improved,2.93
Taraba,Sorghum,0.84,1265.3,28.4,5.89,Clay,93.8,Yes,Yes,Improved,1.58
Enugu,Cassava,1.1,2414.8,24.4,5.85,Clay,16.2,Yes,No,Improved,7.47
Plateau,Yam,1.07,1490.3,25,6.48,Loamy,36.7,Yes,No,Local,7.04
Ondo,Rice,1.54,1791.2,28.8,7.19,Clay,123.6,No,Yes,Local,0.74
Adamawa,Rice,0.57,1261.7,29.1,5.67,Clay,100.5,Yes,No,Improved,4.32
Ogun,Maize,1.17,2233.1,29.2,5.19,Clay,108.1,No,Yes,Local,2.31
Kano,Maize,1.13,801.9,31.5,5.54,Sandy,79.5,No,No,Local,2.15
Bauchi,Maize,2.21,988.6,28,5.97,Clay,80.8,Yes,No,Local,2.71
Nasarawa,Cassava,0.76,1214.1,27.8,5.22,Sandy,34.6,No,No,Local,8.67
Plateau,Sorghum,1.33,1323.9,26.3,4.91,Clay,20.5,No,No,Improved,1.45
Katsina,Rice,0.76,637.5,28.9,7.18,Sandy,73.3,No,No,Local,2.32
Akwa Ibom,Rice,0.75,1943.6,25.4,6.11,Loamy,97.8,Yes,No,Improved,3.61
Kaduna,Rice,1.84,951.7,32.7,5.17,Sandy,161.3,Yes,No,Improved,3.32
Gombe,Maize,5.82,817.5,26.5,5.69,Loamy,81,No,No,Local,1.97
Ekiti,Maize,0.39,1906.2,25.5,5.27,Sandy,147.1,No,No,Local,2.07
Bauchi,Rice,0.55,710.8,27.2,5.3,Sandy,102.8,Yes,No,Improved,3.77
Abia,Cassava,1.4,2044.8,27.9,5.48,Clay,131.4,Yes,No,Improved,8.93
Delta,Cassava,4.31,2222.2,24.1,5.8,Loamy,51.1,No,Yes,Local,7.47
Yobe,Maize,3.69,338.5,31.8,6.01,Clay,108.8,No,No,Improved,1.91
Imo,Rice,1.63,1500.3,27.7,6.88,Clay,132.1,No,No,Improved,3.23
Taraba,Rice,0.52,1242.8,26.7,6.21,Loamy,169.4,No,No,Local,2.79
Nasarawa,Rice,1.51,1133.3,29.1,6.5,Clay,134.7,No,Yes,Improved,2.26
Kogi,Cassava,3.28,1216.1,28,6.26,Sandy,69.3,No,No,Local,6.62
Ogun,Maize,0.69,2385.6,26.6,6.15,Sandy,132.6,No,No,Improved,3.17
Ondo,Maize,4.78,1906.7,24.2,6.61,Clay,134.6,No,Yes,Local,2.48
Bauchi,Yam,0.79,973.6,33.6,6.8,Clay,103.3,No,No,Local,7.08
Oyo,Cassava,2.64,1813.6,25.7,6.29,Loamy,94.4,No,No,Local,6.32
Cross River,Cassava,0.66,1744.4,26.2,4.87,Clay,92,No,Yes,Local,10.34
Katsina,Sorghum,2.15,340.3,33.2,5.66,Clay,27,No,No,Local,1.23
Edo,Sorghum,0.52,2182.6,28.9,6.5,Loamy,55.9,No,No,Improved,1.35
Kogi,Cassava,3.23,1385.3,25.1,6.13,Clay,119.8,No,No,Local,8.91
Sokoto,Rice,1.2,576.2,35.9,5.77,Clay,117.7,Yes,No,Improved,3.8
Jigawa,Rice,1.6,560.6,37.6,6.59,Sandy,198.4,No,No,Improved,2.47
Borno,Rice,2.11,641.2,31.1,5.58,Sandy,86.2,No,No,Local,2.29
Gombe,Maize,0.81,867.3,31.3,4.68,Loamy,122.6,No,No,Local,2.16
Kwara,Rice,1.02,1307.3,30.9,6.68,Loamy,133.7,Yes,No,Improved,3.06
Enugu,Cassava,1.87,1822.4,23.3,6.68,Clay,51.1,Yes,No,Improved,12.05
Delta,Maize,4.31,1612,26.1,6.35,Loamy,153.6,No,No,Local,2
Jigawa,Maize,3.61,409.8,36.7,4.87,Clay,115.2,Yes,No,Local,1.76
Jigawa,Rice,1.21,668,32.2,6.38,Sandy,155.2,Yes,Yes,Local,2.42
Kogi,Sorghum,1.83,1288.7,30.1,5.08,Sandy,99.9,No,No,Improved,1.7
Kwara,Yam,1.99,1221,29.1,5.26,Sandy,65.7,Yes,No,Improved,11.05
Niger,Rice,0.86,1498.3,30,6.71,Sandy,105.5,No,No,Local,2.59
Akwa Ibom,Sorghum,1.92,1811.4,27.1,5.96,Clay,85.4,No,No,Local,1.04
Ogun,Maize,9.74,1814.9,28.8,5.7,Clay,159.1,Yes,No,Improved,2.17
Taraba,Sorghum,3.34,1309.1,28.6,6.3,Sandy,43.6,No,No,Local,0.6
Taraba,Sorghum,1.65,1340,26.8,5.93,Sandy,113,Yes,Yes,Improved,1.64
Osun,Rice,1.27,2099.5,25.5,6.26,Clay,54.5,Yes,No,Local,2.77
Nasarawa,Maize,0.53,1422.2,28,7.03,Sandy,162.7,Yes,No,Improved,2.61
Zamfara,Maize,1.29,632.9,30.2,5.66,Sandy,185.5,No,No,Local,2.15
Enugu,Sorghum,1.91,1678.8,26,6.37,Loamy,0,No,No,Improved,1.02
Bauchi,Maize,12.95,778.1,34.9,6.49,Sandy,107,No,No,Improved,2.71
Yobe,Cassava,1.72,313,35.7,5.97,Sandy,81.5,Yes,No,Local,7.79
Sokoto,Maize,0.67,365.3,34.5,6.06,Loamy,121.8,Yes,No,Local,2.12
Ebonyi,Rice,2.1,2381.4,25.3,5.45,Sandy,94.8,Yes,No,Local,3.43
Imo,Rice,2.96,1945.6,24.3,5.56,Loamy,175,Yes,No,Improved,3.49
Imo,Maize,2.45,2265.2,22,6.01,Clay,148,No,No,Local,1.98
Katsina,Yam,1.47,441.2,29.5,5.72,Clay,18.5,Yes,No,Improved,7.95
Niger,Yam,3.02,1442.6,30.9,5.85,Sandy,65.5,No,Yes,Improved,9.15
Adamawa,Cassava,1.25,1151.8,29,4.79,Loamy,11.8,No,No,Local,5.94
Abia,Maize,1.75,2238.6,22.4,6.28,Clay,72.6,Yes,No,Local,1.8
Nasarawa,Sorghum,2.13,1070.8,28.7,6.6,Loamy,60.5,No,No,Improved,1.7
Enugu,Sorghum,4.04,1766,25.3,4.93,Clay,28,No,Yes,Improved,1.52
Akwa Ibom,Sorghum,0.38,2056.7,26.3,4.64,Loamy,23.3,No,No,Improved,0.97
Yobe,Yam,0.56,363.5,30.5,5.67,Clay,124.6,No,No,Improved,8.19
Sokoto,Maize,5.99,370.4,33.6,4.74,Sandy,192.1,Yes,No,Local,1.87
Kogi,Maize,1.72,1492.7,24.2,5.32,Clay,74.7,No,No,Improved,2.21
Ogun,Sorghum,2.74,2063.1,25.2,4.48,Loamy,8.7,No,No,Improved,1.1
Ondo,Cassava,0.52,2149.6,26.9,5.07,Clay,50.5,No,No,Local,8.44
Oyo,Sorghum,2.63,2179,24.6,4.63,Loamy,30.8,No,No,Improved,1.49
Ekiti,Sorghum,0.46,2028.5,27.1,4.78,Clay,118.2,No,No,Improved,1.12
Niger,Sorghum,14.35,1210.4,28.9,6.52,Sandy,54.2,Yes,No,Improved,1.49
Jigawa,Rice,3.08,578.4,35.2,5.76,Loamy,112.1,No,No,Improved,3.43
Adamawa,Yam,3.59,1036.8,30.1,4.81,Sandy,120.9,No,No,Local,7.61
Imo,Cassava,1.48,1780.9,25.9,6.45,Loamy,105.5,No,No,Improved,11.7
Delta,Maize,11.9,1621.5,24.3,6.27,Sandy,164,No,No,Improved,2.83
Bauchi,Yam,3.08,733.5,34.2,5.91,Clay,93.6,No,Yes,Improved,3.19
Anambra,Rice,1.82,1858.3,29.5,7.17,Loamy,125.4,No,No,Local,2.78
Niger,Sorghum,0.57,1008.4,31.7,6.29,Loamy,4.5,Yes,No,Local,1.39
Ogun,Maize,3.65,1726.3,23,6.26,Clay,120.5,No,No,Improved,2.54
Edo,Cassava,1.34,1579.4,28,7.51,Loamy,101.3,Yes,No,Improved,11.98
Borno,Cassava,1.58,683.4,33.3,5.58,Clay,141.6,No,No,Local,7.42
Bauchi,Sorghum,2.85,667.4,26.3,5.53,Clay,115.2,No,No,Improved,1.41
Taraba,Rice,8.09,1487.2,27.3,6.26,Loamy,151.6,No,No,Local,2.88
Niger,Sorghum,0.84,1230.4,26.4,6.44,Sandy,107,No,No,Local,1.36
Edo,Yam,5.19,2262.7,28.8,5.66,Clay,58.5,Yes,No,Improved,8.8
Taraba,Maize,2.79,1143.3,30.6,6.13,Sandy,136.8,No,No,Improved,2.74
Anambra,Sorghum,4.74,1822.3,26.5,5.42,Loamy,44,No,No,Local,1.1
Katsina,Cassava,1.41,665.9,30.3,7.38,Clay,97.8,Yes,Yes,Improved,11.09
Anambra,Cassava,1.33,1674.7,27.2,5.28,Loamy,37.9,No,No,Improved,12.84
Bauchi,Cassava,3.02,680.2,27.1,6.14,Loamy,58.7,Yes,No,Local,7.97
Oyo,Rice,0.94,1822.9,23.8,5.84,Clay,151.1,Yes,No,Local,3.35
Gombe,Maize,1.41,797.9,26.6,5.06,Loamy,228.2,Yes,No,Local,1.9
Benue,Sorghum,5.58,1335.3,29.5,6.75,Sandy,48.3,Yes,Yes,Improved,2.07
Akwa Ibom,Maize,0.88,2071.2,25.2,4.88,Clay,104.4,No,No,Improved,2.48
FCT,Rice,1.4,1496.6,26.7,6.08,Loamy,115.2,Yes,No,Improved,3.03
Oyo,Rice,0.71,2393,26.7,6.75,Sandy,81.1,No,Yes,Local,2.68
Yobe,Rice,0.86,660.7,36.9,5.18,Sandy,71,No,No,Local,2.37
Oyo,Maize,0.38,2111.7,25,6.18,Loamy,43.6,Yes,No,Improved,2.66
Ogun,Sorghum,1.26,1916,28.2,5.83,Loamy,0,No,No,Local,0.91
Ebonyi,Cassava,3.12,2120.1,27.1,6.5,Loamy,150.1,No,No,Improved,9.1
Taraba,Cassava,3.39,1007.7,29.6,6.18,Clay,49.8,No,No,Local,7.45
Ebonyi,Yam,2.17,2499.1,24.7,6.73,Loamy,137.6,Yes,Yes,Local,9.85
Jigawa,Rice,9.72,495.1,33.6,6.38,Sandy,156.2,Yes,No,Local,2.6
Osun,Rice,1.28,2410.2,23.2,6.76,Clay,94.1,No,No,Improved,3.68
Rivers,Cassava,5.71,2058.5,29,6.9,Sandy,62.7,Yes,No,Local,8.55
Borno,Yam,0.72,437.9,34.4,5.45,Sandy,42.9,No,No,Local,5.75
Katsina,Maize,2.05,542.3,29.1,6.19,Sandy,114.5,No,No,Local,2.01
Osun,Maize,0.43,1628.5,25.2,7.58,Loamy,70.6,Yes,Yes,Local,2.28
Sokoto,Cassava,2.82,345.1,30.7,5.6,Loamy,165.4,No,No,Local,6.82
Jigawa,Rice,0.58,337.5,32.7,6.02,Sandy,172.8,Yes,No,Local,2.87
Sokoto,Rice,16.55,600.7,33.5,5.96,Loamy,107.2,Yes,Yes,Local,3.37
Oyo,Maize,0.45,1562.2,23.2,5.25,Loamy,146.3,No,No,Improved,1.9
Jigawa,Sorghum,3.81,515.2,28.8,6.68,Sandy,64.7,No,No,Local,1.29
Sokoto,Maize,3.72,665.9,33.1,5.76,Sandy,183.5,No,Yes,Improved,2.42
Enugu,Maize,1.6,2187.4,28.2,4.58,Loamy,121.1,No,No,Local,1.96
Kwara,Cassava,1.42,1372.8,31.9,5.12,Sandy,107.8,Yes,No,Local,7.71
Akwa Ibom,Rice,1.15,2271.9,28.6,6.33,Sandy,114.3,No,No,Local,2.79
Adamawa,Cassava,1.55,1048.6,31.6,5.86,Loamy,86.1,No,No,Improved,12.31
Anambra,Maize,1.89,2123.3,28.5,5.05,Clay,140.4,No,No,Local,1.01
Edo,Yam,3.25,1881.6,28.3,5.31,Sandy,140.8,Yes,Yes,Improved,11.77
Anambra,Cassava,0.94,2227.9,28.6,6.93,Loamy,29.5,No,Yes,Local,7.31
Katsina,Yam,1.67,622.4,29.2,6.54,Loamy,76.2,Yes,No,Local,8.41
Plateau,Sorghum,1.06,1104.3,24.7,6.71,Loamy,51.7,No,No,Improved,1.45
Adamawa,Yam,6.26,1055.6,30.9,6.19,Clay,134.2,Yes,Yes,Improved,9.9
Kwara,Cassava,2.04,1323,30.3,6.67,Loamy,102.4,No,No,Local,8.93
Bauchi,Cassava,25,782,30,5.29,Sandy,109.2,No,No,Local,7.46
Niger,Yam,0.41,1343.1,24,7.12,Loamy,63.2,No,No,Improved,9.48
Adamawa,Yam,4.67,1153.1,31.1,6.12,Loamy,130.9,Yes,No,Local,9.01
Akwa Ibom,Sorghum,2.96,1772.4,25.3,6.17,Sandy,68.8,No,No,Improved,1.59
Kogi,Maize,1.35,1176.8,24.9,5.99,Loamy,120.6,Yes,No,Local,0.76
Imo,Maize,0.62,1567.5,23.7,6.69,Clay,166.6,No,No,Local,2.45
Jigawa,Rice,0.34,697.3,34.9,5.94,Loamy,92.5,No,Yes,Improved,4.23
Benue,Yam,2.6,1052.9,31.7,6.52,Loamy,93.7,No,No,Improved,9.31
Adamawa,Sorghum,1.24,1250.5,24.1,5.41,Clay,90.3,Yes,No,Local,1.37
Sokoto,Rice,1.41,536.5,35,5.35,Loamy,66,No,No,Improved,3.48
Kaduna,Yam,0.83,822.1,29.2,6.36,Loamy,75.4,No,No,Improved,8.15
Imo,Yam,2.12,2171,27.5,6.55,Clay,46.3,Yes,No,Improved,8.73
Anambra,Maize,0.97,2275,23.7,6.98,Loamy,114.3,No,No,Local,1.84
Bauchi,Rice,1.39,738.6,26.9,5.86,Sandy,162.4,Yes,No,Improved,3.56
Kano,Sorghum,3.79,994.9,32.6,6.31,Sandy,47.3,Yes,No,Local,1.61
Ogun,Sorghum,1.43,1655.1,22.1,5.96,Sandy,91.1,Yes,No,Improved,0.67
Plateau,Maize,1.58,1316.1,28.5,6.14,Clay,133.1,Yes,No,Local,2.14
Kogi,Rice,4.49,1138.1,27.2,6.72,Loamy,118.3,No,No,Improved,3.18
Kwara,Yam,2,1027.4,29.9,6.3,Clay,32.9,No,No,Local,6.96
Oyo,Cassava,2.43,2208,25.5,6.37,Clay,32.2,No,No,Local,7.59
Edo,Sorghum,1.61,1797.1,26.1,5.94,Loamy,46.4,Yes,No,Improved,1.37
Kano,Cassava,2.58,672.7,33,5.89,Sandy,74.2,No,No,Local,7
Edo,Yam,2.09,1865.7,25.8,5.71,Loamy,181.4,No,No,Improved,8.72
Bauchi,Maize,6.95,776.1,31.8,5.3,Loamy,97.9,Yes,No,Local,2.23
Kaduna,Maize,0.62,638.1,34.5,6.31,Sandy,113.6,Yes,No,Improved,2.25
Kano,Rice,1.28,883.4,30.3,5.32,Loamy,120.2,No,No,Improved,3.03
Adamawa,Sorghum,0.33,1396.9,28.3,5.71,Loamy,25.8,Yes,Yes,Local,1.65
Kwara,Yam,3.95,1171.4,29.7,6.45,Clay,170.9,Yes,No,Local,3.24
Gombe,Maize,1.47,744.4,29.6,6.1,Loamy,93.3,No,No,Improved,3.19
Abia,Rice,0.51,1971.6,25.7,5.48,Clay,69.9,No,No,Improved,2.02
Katsina,Rice,1.82,627.7,35.2,4.77,Loamy,81,Yes,No,Improved,1.15
Anambra,Sorghum,5.47,2031.2,27.9,6.3,Loamy,97.5,No,No,Improved,1.58
Niger,Sorghum,2.21,1263.7,31.6,6.06,Loamy,95.1,No,Yes,Improved,2
Rivers,Yam,0.74,2386.1,29.8,5.8,Loamy,38,Yes,No,Improved,8.77
Borno,Cassava,4.55,331.8,30.4,6.46,Sandy,128,No,No,Improved,10.88
Nasarawa,Sorghum,1.47,1082.6,26.6,6.47,Clay,63.4,Yes,No,Improved,1.54
Taraba,Sorghum,8.62,1479.1,31.5,5.37,Loamy,126.1,No,No,Improved,1.1
Benue,Maize,4.38,1468.9,30.2,6.22,Loamy,101.4,No,No,Local,2.23
FCT,Cassava,0.5,1024.7,29.4,6.03,Clay,161.6,No,No,Local,8.32
Kano,Cassava,7.06,697.9,29.2,6.7,Clay,31.1,No,No,Local,7.31
Sokoto,Sorghum,0.2,390.2,29.4,5.98,Loamy,23.9,No,No,Improved,1.69
Delta,Sorghum,1.59,1989.4,23.9,5.32,Loamy,121.8,No,No,Local,1.11
Katsina,Yam,2,610.8,35.5,7.14,Loamy,135.4,Yes,No,Improved,7.63
Kebbi,Cassava,4.82,914.8,30.9,4.86,Sandy,132.9,No,No,Improved,3.96
Taraba,Rice,1.06,1147.4,31,5.41,Clay,111.6,No,Yes,Local,3.47
Kaduna,Rice,3.3,903.3,27.3,6.21,Loamy,126,No,No,Local,2.54
Ondo,Cassava,0.78,2440.2,28.6,6.78,Loamy,102.1,Yes,No,Local,9.56
Rivers,Cassava,2.25,1867.4,26.1,5.39,Loamy,64,No,No,Local,8.7
FCT,Maize,0.91,1262,29,7.13,Loamy,118.8,No,No,Local,2.05
Sokoto,Sorghum,1.25,551.7,36.4,5.99,Sandy,0,No,No,Improved,1.39
Imo,Sorghum,0.92,1571.6,26.9,5.57,Clay,96.5,No,No,Improved,1.68
Bayelsa,Yam,2.56,1928.1,28.8,7.42,Sandy,159.1,Yes,No,Local,7.05
Kano,Maize,1.42,904.9,34.2,6.65,Sandy,124,No,Yes,Improved,2.76
Edo,Maize,1.46,2495.3,29.2,6.24,Sandy,53.4,No,Yes,Improved,2.59
FCT,Cassava,0.84,1207.2,26.4,5.42,Loamy,64.5,Yes,No,Local,9.24
Zamfara,Sorghum,0.76,753,33.2,6.29,Clay,51.3,No,No,Improved,1.95
Jigawa,Cassava,4.04,329.2,29.1,5.65,Sandy,119.8,Yes,No,Improved,9.99
Plateau,Cassava,0.52,1421.9,31.7,4.57,Sandy,82.4,Yes,No,Improved,12.78
Anambra,Yam,1.57,1808.1,24,6.66,Sandy,64.5,No,No,Local,7.51
Zamfara,Sorghum,2.7,1000,33.2,5.3,Sandy,37.1,No,No,Local,1.14
FCT,Yam,3.31,1434.7,30.8,6.63,Loamy,180.1,Yes,Yes,Local,9.27
Jigawa,Sorghum,0.72,545.5,32.5,6.16,Sandy,29.2,Yes,No,Improved,1.61
Akwa Ibom,Rice,0.47,2115.5,27.8,7.09,Clay,92.1,Yes,Yes,Local,3.74
Gombe,Maize,0.4,896.8,35,6.69,Loamy,104.6,Yes,No,Local,2.28
Delta,Cassava,3.41,2157.3,26.4,5.43,Loamy,105.5,No,No,Improved,9.81
Katsina,Maize,2.11,564.5,33.1,5.68,Sandy,138.6,Yes,No,Improved,2.59
Ondo,Rice,0.76,1619.5,26,7.1,Clay,50.8,No,No,Local,2.92
Rivers,Yam,3.81,2271.6,25.6,6.27,Sandy,74.2,Yes,No,Improved,9.46
Delta,Sorghum,3.06,1543.7,22.9,6.73,Loamy,81,Yes,No,Improved,1.72
Kwara,Sorghum,1.71,1462.4,25.6,5.74,Loamy,54.4,No,No,Improved,1.66
Kebbi,Rice,7.33,672.9,32.7,5,Loamy,65.6,Yes,No,Improved,3.54
Oyo,Rice,4.23,2409.8,22.9,5.72,Clay,91.3,No,No,Local,2.81
Edo,Cassava,9.96,1724.4,24.6,6.5,Clay,123.2,No,No,Local,6.88
Bayelsa,Cassava,0.57,2023,27,6.64,Sandy,128.1,No,No,Improved,11.13
Nasarawa,Cassava,0.7,1058.1,28.9,6.8,Loamy,125.6,Yes,No,Local,4.72
Niger,Maize,0.76,1098.6,24,5.84,Clay,104.4,No,No,Local,2.35
Kwara,Maize,0.35,1043.5,29,5.05,Clay,133,Yes,No,Improved,2.26
Gombe,Maize,3.06,767,31,5.37,Sandy,105.6,No,Yes,Local,2.93
Niger,Maize,0.43,1163.2,29.4,4,Loamy,114.7,Yes,No,Improved,3.11
Taraba,Rice,0.93,1133.2,30.2,5.15,Sandy,152.7,Yes,No,Improved,3.81
Bauchi,Sorghum,0.62,791.6,30.4,7.12,Clay,88.6,Yes,No,Local,1.43
Rivers,Yam,0.24,1736.2,27.9,4.45,Clay,114.7,No,No,Improved,7.05
Kano,Rice,0.44,889.5,30.6,5.16,Clay,156.3,No,No,Local,2.58
Kebbi,Maize,0.75,645.6,32.4,6.35,Sandy,123.8,No,No,Improved,2.48
Katsina,Sorghum,2.12,437.3,34.2,6.63,Sandy,0,No,No,Improved,1.58
Kano,Sorghum,0.8,698.9,27.7,5.59,Sandy,28.9,No,No,Local,1.24
Jigawa,Maize,0.66,403.1,32.6,5.8,Sandy,193.5,Yes,No,Improved,2.06
Abia,Sorghum,1.28,1939.6,25.9,5.61,Loamy,79.1,Yes,No,Improved,1.52
Ekiti,Cassava,1.27,2498.4,23.2,6.15,Sandy,107.8,Yes,No,Improved,10.08
Kaduna,Sorghum,0.77,953.3,31.8,5.22,Clay,132.5,No,No,Improved,1.42
Sokoto,Sorghum,1.85,656.8,28,5.91,Sandy,72.3,Yes,No,Improved,1.93
Katsina,Sorghum,2.51,369.8,34.8,6,Sandy,95.6,Yes,No,Improved,1.61
Abia,Sorghum,0.99,2034.8,27.3,7.05,Sandy,44.1,No,No,Improved,1.46
Abia,Cassava,2.04,1839.4,26.4,5.06,Clay,91.7,No,No,Improved,11.04
Rivers,Cassava,3.01,2451.1,29.7,6.72,Clay,124.6,Yes,No,Local,10.45
Bayelsa,Cassava,2.89,2026.4,28.7,4.74,Loamy,54.2,No,No,Improved,10.02
Osun,Maize,7.61,2323.9,29.6,6.57,Loamy,193.8,Yes,No,Local,0.91
Akwa Ibom,Sorghum,10.67,2187.4,27.6,6.53,Clay,32.6,No,No,Local,0.99
Ekiti,Rice,1.55,2335.8,24.1,6.2,Clay,69.3,Yes,Yes,Improved,4.48
Cross River,Cassava,0.5,1543.1,23.7,6.07,Clay,65.4,No,No,Improved,8.95
Kano,Rice,2.54,633.6,34.6,6.67,Sandy,148.5,No,Yes,Improved,2.78
Nasarawa,Cassava,1,1148.7,29.4,5.88,Clay,27.7,No,No,Local,10.21
Adamawa,Cassava,0.54,1168.2,29.2,5.64,Clay,60.2,Yes,No,Local,8.54
Taraba,Rice,3.11,1055.1,25,6.45,Loamy,153,No,No,Improved,3.7
Akwa Ibom,Cassava,3.41,1875.6,26.3,6.51,Clay,104.2,Yes,No,Improved,12.72
Zamfara,Rice,1.55,716.4,33.1,6.76,Sandy,65.7,No,No,Local,2.18
Jigawa,Sorghum,0.67,637.8,36.3,5.7,Loamy,84.2,No,No,Local,1.31
Gombe,Rice,1.36,830.2,33,5.32,Clay,93.2,Yes,No,Local,3.09
Rivers,Maize,8.92,2412.1,28.7,6.34,Clay,94,Yes,No,Improved,2.04
Jigawa,Cassava,11.73,384.8,35.2,5.39,Sandy,160.6,No,No,Improved,8.05
Borno,Yam,1.39,310,28.1,5.95,Sandy,146.8,No,No,Local,8.62
Ebonyi,Yam,0.88,2228.1,25.7,7.39,Loamy,18.9,Yes,No,Local,5.76
Abia,Cassava,2.02,1899.7,22.6,4.86,Sandy,122.1,No,No,Improved,9.33
Katsina,Sorghum,0.51,457.3,29.3,7.6,Sandy,111.3,Yes,No,Improved,1.6
Cross River,Rice,0.91,2418.1,22.9,7.35,Loamy,124.7,No,No,Local,2.48
Delta,Cassava,0.3,2272.8,28.3,8.08,Clay,150,No,No,Local,8.23
Kaduna,Yam,0.62,945.7,31.9,7.07,Sandy,44.1,Yes,No,Improved,9.25
Niger,Rice,0.84,1252.2,27,6.6,Loamy,96.5,Yes,No,Improved,3.87
Kogi,Rice,0.49,1169.4,31.9,5.19,Clay,94,Yes,No,Improved,4.38
Ekiti,Cassava,0.26,2307.2,26.5,6.25,Clay,41.7,No,No,Improved,9.84
Bayelsa,Maize,0.99,2129.1,23.2,6.32,Loamy,29.9,No,No,Local,1.79
Ogun,Maize,1.54,2049.7,22.5,5.94,Sandy,131.7,No,No,Local,1.88
Borno,Yam,1.55,410.4,33.1,7.62,Clay,121.3,No,No,Improved,6.34
Cross River,Yam,2.87,1945,24.8,4.57,Loamy,151.2,Yes,No,Local,7.37
Nasarawa,Yam,3.23,1250.6,27.6,6.65,Loamy,196.5,Yes,No,Local,6.07
Kwara,Cassava,2.81,1280.6,26.3,6.26,Loamy,121.4,No,No,Local,8.63
Borno,Maize,3.46,628.1,33.3,5.39,Sandy,130.4,Yes,No,Improved,2.99
Adamawa,Yam,2.15,1192.6,26.5,5.46,Loamy,143.9,No,No,Improved,7.42
Oyo,Maize,1.58,2089.2,29.5,6.26,Sandy,74.8,No,No,Improved,2.19
Jigawa,Maize,1.28,512.9,31.3,5.6,Sandy,86.6,No,No,Improved,2.65
Ondo,Sorghum,13.09,2050.6,24.5,5.53,Loamy,12.3,No,No,Improved,1.18
Taraba,Sorghum,2.19,1052,25.1,5.36,Clay,64.6,No,No,Improved,1.6
Gombe,Yam,1.59,664.1,28.8,6.07,Sandy,146.4,Yes,No,Improved,11.17
Ekiti,Maize,1.42,1570.7,26,5.86,Clay,127.1,No,No,Improved,2.36
Anambra,Cassava,0.74,1837.8,29.6,6.35,Loamy,144.8,No,No,Improved,11
Ondo,Cassava,1.1,1764.6,24.2,6.53,Clay,134.9,No,No,Local,7.76
Abia,Yam,3.78,2466.3,25.9,6.6,Clay,129.2,No,Yes,Improved,10.24
Ogun,Rice,4.65,2404.1,26,5.75,Clay,118.6,No,No,Improved,2.61
Kebbi,Yam,1.26,800.4,28.5,6.73,Sandy,65.7,Yes,No,Local,6.44
Akwa Ibom,Yam,0.45,2448.4,30,5.76,Loamy,42.4,No,No,Improved,7.86
Bauchi,Maize,1.59,668.9,32.6,6.98,Sandy,141.1,Yes,No,Improved,2.88
Taraba,Yam,0.32,1331.2,26.2,6.48,Loamy,53.8,No,No,Local,8.38
Kaduna,Sorghum,25,834.6,27.9,5.67,Loamy,0,No,Yes,Local,1.33
Ekiti,Yam,2.67,1793.4,27.2,7.61,Loamy,96.6,Yes,No,Local,9.57
Adamawa,Maize,1.8,1279.3,31.8,6.01,Clay,125.6,Yes,No,Improved,2.52
FCT,Maize,1.08,1175.7,25.9,5.57,Sandy,96.3,Yes,No,Improved,3.62
Nasarawa,Yam,1.24,1040.4,31.5,6.21,Loamy,80.4,No,No,Improved,11.29
Lagos,Sorghum,1.03,2484,25.9,6.19,Loamy,107.2,Yes,Yes,Local,1.23
Kano,Rice,12.96,675.7,27.7,6.45,Sandy,84.4,No,No,Local,2.76
Plateau,Sorghum,0.68,1342.7,30.4,6.2,Loamy,88.7,Yes,No,Local,1.47
Ogun,Yam,0.27,2095.7,23,7.51,Clay,165.4,No,No,Improved,8.06
Abia,Maize,1.9,2065,22.3,6.12,Clay,125.8,No,No,Improved,2.85
Plateau,Sorghum,0.32,1337.5,28,4.97,Clay,22.1,No,No,Local,1.06
Gombe,Rice,3.14,684.8,30.5,5.71,Loamy,137.8,No,Yes,Local,3.22
Ogun,Maize,0.49,2171.2,24.2,5.74,Clay,96.6,No,No,Improved,2.25
Delta,Yam,3.18,1507.4,28.7,6.6,Loamy,111.3,Yes,No,Improved,11.4
Kebbi,Rice,2.47,613.5,30.5,6.05,Sandy,135.5,No,Yes,Local,3.85
Kano,Rice,1.54,661.1,27.5,5.75,Sandy,89.1,Yes,No,Improved,3.32
Osun,Cassava,0.46,2311.5,27.7,5.55,Loamy,105.5,No,No,Improved,10.43
Kaduna,Rice,0.3,994.1,28.5,5.94,Sandy,134.2,Yes,No,Improved,3.37
Enugu,Sorghum,1.66,1909.3,25.4,6.04,Loamy,0,No,No,Local,0.3
Akwa Ibom,Maize,1.56,1823.8,23.7,4.8,Sandy,150.6,Yes,No,Improved,2.88
Kogi,Cassava,0.91,1458,25,5.34,Sandy,95.3,Yes,No,Local,8.5
Cross River,Cassava,2.02,1563.2,25.5,5.66,Clay,29.1,No,No,Local,7.56
Ekiti,Rice,1.38,2184.4,22.3,5.14,Clay,104,Yes,No,Improved,3.46
FCT,Maize,1,1316.7,28,5.45,Loamy,127.9,No,No,Local,2.07
FCT,Yam,0.2,1060.1,24,5.95,Sandy,72,No,No,Improved,11.93
Kogi,Cassava,0.64,1391.7,29.9,6.03,Clay,94.2,No,No,Local,8.17
Bauchi,Yam,1.38,810.3,28.6,6.46,Sandy,97.5,Yes,No,Improved,10.08
Kaduna,Sorghum,2.45,776,30.6,5.72,Sandy,0,No,No,Local,0.79
Imo,Rice,0.85,2207.9,25,7.41,Clay,144.3,No,No,Local,2.52
Abia,Cassava,5.1,1654.2,29.8,6.41,Clay,105.8,Yes,No,Local,9.33
Lagos,Yam,5.96,2125.2,28.2,5.67,Clay,114.5,No,No,Local,7.98
Osun,Yam,1.26,1792.2,27.9,5.38,Clay,112.1,No,No,Local,7.29
Ogun,Yam,0.42,2197.8,23.2,6.63,Clay,130.4,No,No,Local,6.95
Oyo,Sorghum,1.21,2103.7,28.5,5.64,Loamy,0,No,No,Improved,1.23
Bauchi,Sorghum,10.09,624.4,33.1,5.52,Sandy,3.3,Yes,Yes,Local,1.51
Kaduna,Yam,2.22,910,29,6.48,Clay,150.2,No,No,Local,8.76
Bayelsa,Yam,3.78,2142,22.1,6.07,Loamy,89.5,No,No,Local,6.75
Akwa Ibom,Maize,0.98,2460.5,22.7,5.3,Clay,115.5,No,No,Local,1.51
Ebonyi,Maize,1.15,1725.1,26.5,6.13,Clay,157.5,Yes,No,Improved,2.51
Akwa Ibom,Cassava,0.39,1588.8,22.1,5.87,Clay,154.1,No,No,Local,7.31
Gombe,Cassava,1.99,865.1,27.3,5.91,Loamy,128,No,No,Local,7.85
Kwara,Sorghum,1.27,1119.2,31.9,6.49,Loamy,87.7,Yes,No,Improved,1.75
FCT,Yam,0.58,1048.2,30.8,5.6,Sandy,63.5,No,No,Local,8.61
Plateau,Yam,2.07,1131.4,28.4,6.87,Loamy,15.2,No,No,Local,7.42
Benue,Maize,0.92,1425.6,30.2,5.99,Clay,106.7,Yes,No,Local,2.57
Nasarawa,Cassava,1.11,1221.7,26.9,5.98,Loamy,90.4,Yes,Yes,Local,11.88
Abia,Cassava,1.91,2048.3,24,5.19,Clay,89.7,Yes,No,Improved,11.13
Osun,Cassava,2.2,2352.4,24.8,5.52,Clay,148,Yes,No,Improved,10.69
Borno,Maize,1.03,598.4,36.7,5.49,Clay,164.2,No,No,Local,1.74
Gombe,Maize,3.29,996,26.6,5.87,Loamy,85.1,Yes,Yes,Improved,2.9
Ogun,Rice,4.37,1720.3,27.1,6.7,Loamy,99.7,No,No,Improved,3.67
Bauchi,Yam,1.72,664.3,29.6,5.21,Loamy,45.7,Yes,Yes,Local,8.07
Benue,Rice,0.46,1241.3,30.5,6.05,Loamy,116.8,No,No,Local,2.28
Bayelsa,Rice,0.37,2386,23.6,6.09,Clay,83.7,No,Yes,Local,3.15
Lagos,Yam,1.56,2067,23.8,7.18,Sandy,60.9,No,Yes,Local,7.61
Kano,Cassava,2.51,753.2,26.4,6.67,Loamy,95.4,No,No,Local,8.75
Osun,Maize,1.48,1770.5,26.5,5.07,Loamy,101.3,Yes,Yes,Local,2.18
Rivers,Sorghum,2.02,2327.6,29.7,5.11,Loamy,36.2,No,No,Local,1.03
Ebonyi,Sorghum,3.6,2338.4,22.4,5.89,Clay,20.7,Yes,Yes,Local,1.26
Edo,Maize,3.19,1704.1,27.2,5.69,Loamy,166.6,No,No,Local,2.21
Kebbi,Cassava,1.6,662.8,33.8,6.81,Sandy,109,No,No,Local,8.23
FCT,Maize,0.94,1084.4,29.1,4.54,Sandy,67.5,No,Yes,Local,2
Niger,Yam,2.42,1017.4,25.1,5.69,Loamy,176.7,No,No,Local,9.23
Taraba,Sorghum,4.57,1104.9,26.5,6.92,Clay,73.9,Yes,No,Improved,1.52
Lagos,Yam,1.04,2188.1,30,5.21,Loamy,80.4,Yes,No,Local,7.59
Ogun,Cassava,18.83,1947.2,29.7,6.48,Clay,94.3,No,No,Local,8.53
Bauchi,Cassava,0.71,900.8,30.6,5.96,Clay,136.1,Yes,No,Improved,9.99
Imo,Maize,1.33,1860.1,25.4,6.23,Loamy,196.9,Yes,No,Improved,2.29
Plateau,Maize,1.21,1195.8,24.8,6.14,Loamy,128.6,Yes,No,Local,2.04
Bayelsa,Yam,1.17,2284.4,27.7,7.55,Clay,128,Yes,No,Improved,9.74
Imo,Yam,1.31,2454.2,27.9,4.86,Sandy,81.7,No,No,Improved,5.11
Gombe,Cassava,1.89,837.1,33.8,5.55,Loamy,105.2,No,No,Local,7.84
Kwara,Rice,4.45,1290.8,31.4,6.45,Sandy,104.7,No,No,Improved,3.87
Kaduna,Yam,0.97,927.4,30,5.98,Clay,79.6,No,No,Improved,9.3
Abia,Maize,0.29,2118.2,23.3,6.21,Sandy,189.2,Yes,No,Local,2.25
FCT,Maize,2.64,1191.6,29.6,4.69,Loamy,170.5,No,No,Local,1.67
Delta,Maize,5.28,1555.5,29.3,6.27,Sandy,204.2,No,No,Local,2.02
Kano,Cassava,0.47,800,26.5,5.57,Loamy,77.4,No,No,Improved,10.28
Oyo,Maize,1.63,2197.6,29.2,8.01,Loamy,139,No,No,Improved,2.12
Niger,Sorghum,1.87,1154.9,31.4,4.83,Sandy,106.6,No,No,Local,1.33
Kogi,Yam,0.49,1185.1,31.7,4.67,Loamy,60.5,No,No,Improved,4.71
Enugu,Maize,2.97,1780.7,22.9,5,Clay,46,No,No,Improved,1.89
Zamfara,Maize,0.56,765.7,28.4,7.33,Clay,97.5,No,No,Local,2.06
Gombe,Cassava,1.94,642.9,31,5.71,Sandy,87.1,Yes,No,Local,7.23
Kano,Maize,1.11,662.8,29.8,6.82,Loamy,90,No,No,Local,2.44
Bayelsa,Sorghum,0.48,1911.7,24.4,6.43,Sandy,59.3,Yes,No,Local,1.36
Niger,Maize,1.16,1039.2,26.6,6.61,Loamy,81.6,Yes,No,Improved,1.21
Akwa Ibom,Sorghum,2.4,2281.3,28.6,6.57,Clay,48.4,No,No,Local,1.45
Sokoto,Sorghum,9.55,475.2,33.8,5.19,Sandy,76.2,Yes,No,Improved,2.01
Akwa Ibom,Sorghum,1.69,2098,26.7,5.95,Loamy,63.4,Yes,No,Improved,1.48
Kaduna,Sorghum,3.2,654,32.8,7.63,Loamy,15.3,No,No,Local,1.4
Abia,Cassava,0.2,1797.4,29.3,6.4,Loamy,20,No,No,Local,7.68
Lagos,Yam,6.77,2221.3,29.2,5.87,Sandy,107.3,No,No,Improved,10.62
Kebbi,Yam,2.44,882.7,32.7,5.27,Loamy,127.9,Yes,No,Local,7.26
Ondo,Maize,0.99,1664.1,27.1,5.84,Loamy,195.4,No,No,Local,1.68
Kebbi,Maize,2.45,877.2,32.3,5.95,Clay,188.5,Yes,No,Local,2.41
Kano,Cassava,1.4,880.5,28.1,4.69,Loamy,82.6,Yes,No,Local,9.25
Osun,Cassava,1.37,2153.8,23.3,6.45,Clay,118.8,No,No,Local,8.53
Ondo,Maize,0.2,2443.2,23.8,5.91,Sandy,89.7,Yes,No,Local,2.14
Bayelsa,Yam,2.51,2268.2,23.9,6.59,Clay,59.4,No,No,Improved,7.49
Ondo,Yam,5.11,1899.9,24.7,4.53,Loamy,28,No,No,Local,6.89
Ebonyi,Rice,0.3,1782.6,23.8,6.64,Clay,113.6,Yes,No,Local,3.16
Kebbi,Maize,0.47,983.1,30.6,5.86,Loamy,74.9,No,No,Local,2.44
Kaduna,Yam,0.47,962,34.6,7.07,Loamy,160.8,No,No,Improved,7.49
Osun,Rice,0.43,2305.8,29.9,6.77,Loamy,81.9,Yes,No,Local,2.96
Edo,Rice,0.97,1726.9,24.6,6.45,Sandy,49.7,Yes,No,Local,2.98
Akwa Ibom,Sorghum,7.45,1952.9,28.5,5.46,Clay,93.6,No,Yes,Improved,1.73
Taraba,Cassava,3.57,1042.3,27,5.62,Loamy,42.2,Yes,No,Local,9.81
Gombe,Rice,0.76,919.7,29.7,5.08,Sandy,41.3,No,No,Local,2.49
Oyo,Maize,2.64,2046.9,22.1,5.8,Clay,126.5,No,No,Local,1.72
Kaduna,Sorghum,0.98,905.3,27.3,5.22,Sandy,87.7,No,No,Improved,1.64
Borno,Yam,4.03,466,34,6.45,Clay,114.8,No,No,Local,7.08
Ebonyi,Maize,1.94,1742.1,25.9,5.87,Clay,116.5,Yes,No,Local,2.27
Abia,Maize,7.93,2210.4,24.3,5.36,Clay,95,Yes,No,Improved,2.21
Zamfara,Maize,0.95,724.5,29.8,6.7,Sandy,74,Yes,No,Improved,2.09
Bayelsa,Cassava,1.8,1586.9,28,6.23,Clay,187.1,Yes,No,Local,8.07
Delta,Yam,2.31,1667.8,28.1,5.62,Clay,91.8,Yes,No,Local,7.86
Bayelsa,Cassava,2.02,1982.3,23.4,4.66,Clay,139.4,No,No,Improved,10.32
Lagos,Yam,0.84,1565.3,28.7,5.74,Sandy,154.7,Yes,No,Local,6.67
Akwa Ibom,Yam,1.35,1940,24.6,4.88,Clay,139.3,No,No,Local,5.15
Imo,Cassava,11.59,2399.2,27.9,6.93,Clay,212.3,No,No,Improved,6.92
Adamawa,Maize,2.04,1216.8,25.3,5.78,Loamy,154.9,Yes,No,Improved,3.2
Anambra,Cassava,1.13,1779.2,27.7,6.12,Loamy,72,No,No,Improved,9.28
Osun,Maize,0.77,1533.5,28.3,6.71,Loamy,113.3,Yes,Yes,Local,2.95
Katsina,Rice,1.51,612.4,37.1,5.67,Sandy,115.1,Yes,Yes,Improved,3.58
Enugu,Rice,2.65,2041,25.5,6.69,Clay,93.4,No,No,Improved,3.54
Bayelsa,Rice,0.2,1510.2,25.3,6.44,Loamy,114.2,Yes,No,Local,3.01
Sokoto,Yam,3.49,380.8,31.7,5.4,Sandy,130.6,No,No,Improved,8.76
Bauchi,Maize,4.26,799.4,27.5,4.55,Loamy,95,Yes,No,Improved,2.74
Imo,Cassava,3.96,1785.9,25.6,5.47,Clay,77.2,No,No,Local,7.44
Borno,Cassava,0.57,507.2,31.5,6.21,Sandy,172.3,No,No,Local,7.85
Taraba,Cassava,3.63,1421.6,24.1,6.12,Clay,72.7,No,No,Local,8.97
Yobe,Rice,0.34,527.5,37.5,6.18,Sandy,52.7,No,No,Improved,3.1
Kaduna,Sorghum,0.46,857.3,31.8,5.76,Sandy,4.2,Yes,No,Improved,1.6
Benue,Sorghum,2.03,1335.4,28.5,6.29,Loamy,66.4,Yes,Yes,Local,1.56
Nasarawa,Sorghum,0.34,1286.5,29.7,5.18,Sandy,0,No,No,Local,1.19
Jigawa,Cassava,7.31,345.9,28.7,6.67,Sandy,57.2,No,No,Improved,9.22
Borno,Yam,0.84,616.3,32.6,6.46,Sandy,94.1,No,No,Improved,9.07
Katsina,Sorghum,0.64,335.8,34.3,5.8,Loamy,69.7,No,No,Local,1.49
Borno,Yam,0.62,450.6,33.8,7.35,Loamy,133.1,Yes,No,Local,4.72
Edo,Rice,0.58,2064.4,28.9,5.87,Clay,83.4,No,No,Local,2.78
Rivers,Rice,0.2,2390.3,26.8,6.56,Sandy,51.6,Yes,No,Local,2.57
Zamfara,Sorghum,1.99,636.9,27.8,5.46,Clay,97.8,Yes,Yes,Local,1.69
Adamawa,Rice,3.18,1352.9,28.6,6.9,Clay,145.6,No,No,Improved,3.2
Plateau,Rice,1.32,1097.4,28.4,5.04,Sandy,109.6,Yes,No,Improved,3.64
Ogun,Cassava,1.21,1622.9,25.9,6.28,Sandy,134.7,No,No,Local,7.36
Ondo,Maize,3,2005.9,23.6,5.68,Clay,89.1,Yes,No,Local,1.92
Ogun,Rice,2.09,2089.8,26,7.07,Loamy,126.3,No,Yes,Improved,3.55
Jigawa,Cassava,4.41,420,37.2,6.98,Loamy,81.3,No,No,Improved,9.8
Ekiti,Maize,1.39,1518.9,23.2,5.43,Loamy,163.2,Yes,No,Improved,1.93
Delta,Sorghum,6.16,1939.4,23.1,4.87,Loamy,43.6,No,No,Improved,1.23
Ogun,Cassava,2,2162.5,24.8,6.67,Clay,51.2,Yes,No,Improved,9.06
Katsina,Yam,0.83,316.4,29.8,6.35,Sandy,109.8,Yes,No,Local,7.09
Oyo,Sorghum,2.61,2152.1,23.6,5.5,Clay,31,No,No,Local,1.01
Yobe,Rice,3.15,480.6,37.5,4.73,Sandy,97.7,No,No,Improved,3.49
Nasarawa,Sorghum,2.17,1255.7,29.3,5.86,Loamy,37.8,No,No,Local,1.3
Borno,Cassava,0.58,408.3,29,6.19,Loamy,145.3,Yes,No,Local,7.82
Imo,Yam,1.1,2367.4,28.5,5.39,Loamy,88.9,No,No,Local,7.58
Enugu,Yam,1.17,2410.9,22.6,6.16,Clay,141.8,Yes,Yes,Improved,10.64
Niger,Sorghum,4.04,1296.8,24.2,6.08,Clay,85.7,No,No,Local,1.32
Zamfara,Cassava,1.31,970.7,31.6,5.97,Sandy,55.2,No,Yes,Local,11.6
Anambra,Rice,2.32,1517.7,30,5.35,Loamy,174.4,Yes,No,Local,2.99
Cross River,Maize,1.93,1790.4,24.6,6,Clay,80.9,No,No,Local,1.85
Katsina,Cassava,1.43,314.1,37.8,6.75,Sandy,40.6,No,Yes,Improved,10.27
Akwa Ibom,Maize,2.2,1780.5,25.9,5.27,Sandy,144.3,No,No,Local,1.58
Imo,Maize,4.19,1660.6,23.8,6.83,Sandy,100.2,Yes,No,Improved,2.81
Jigawa,Maize,0.2,463.7,34.8,5.25,Clay,117.5,No,No,Improved,2.73
Kogi,Rice,0.77,1445.1,27.4,6.56,Clay,190.4,No,No,Improved,3.47
Borno,Cassava,1.21,494.6,36.9,5.52,Loamy,119.3,Yes,No,Local,5.96
Zamfara,Yam,0.73,896.4,29.7,5.95,Sandy,124.3,Yes,No,Local,6.71
Ekiti,Cassava,0.73,2331.4,27.4,4.72,Sandy,59.3,No,No,Improved,9.66
Enugu,Yam,2.45,1558.5,24.7,5.49,Clay,75.7,Yes,No,Improved,9.22
Lagos,Yam,0.71,2107.3,23.3,5.84,Clay,136.5,No,No,Local,7.67
Kaduna,Cassava,2.38,754.3,27.9,6.51,Clay,86.1,No,No,Improved,11.4
Bauchi,Sorghum,0.59,961.6,26.3,7.09,Sandy,11.6,Yes,No,Improved,1.17
Adamawa,Maize,0.56,1430.9,26,5.51,Loamy,177,No,No,Improved,2.81
Edo,Cassava,1.25,1693.3,28.4,5.66,Clay,132.8,No,Yes,Improved,14.03
Osun,Yam,0.55,1558.1,24.2,4.96,Clay,71.7,No,No,Improved,8.23
Akwa Ibom,Maize,3,2004,23,6.33,Sandy,37.2,No,No,Local,1.72
Oyo,Yam,2.48,2259.8,27.6,5.9,Loamy,83.1,No,No,Improved,7.92
Osun,Maize,1.03,2171.6,26.5,5.48,Clay,128.1,No,No,Local,1.79
Enugu,Yam,0.75,1721,27.1,5.44,Clay,44.9,No,No,Local,6.9
Gombe,Sorghum,4.24,738.8,29.4,6.7,Clay,44.7,No,No,Local,1.53
Kano,Yam,2.24,604.5,30.9,5.97,Sandy,84.3,No,No,Local,6.85
Taraba,Sorghum,0.94,1447.6,29.7,8.19,Loamy,99.3,Yes,No,Local,0.93
Borno,Maize,1.09,644.6,28.9,4.92,Sandy,149.6,No,No,Improved,2.24
Oyo,Maize,4.94,2051.6,22.6,7.18,Clay,115,No,No,Improved,2.48
Anambra,Sorghum,5.45,1523.3,23.6,5.87,Sandy,94,Yes,Yes,Local,1.3
Lagos,Yam,2.6,2425.3,29.3,5.59,Loamy,87.5,No,No,Improved,9.26
Bayelsa,Yam,2.04,2280.5,27.8,5.91,Loamy,61.5,No,No,Improved,9.92
Ekiti,Maize,1.85,1670.6,24.5,5.14,Clay,55.7,No,No,Local,0.62
Gombe,Maize,3.46,626,30.3,6.56,Loamy,105.2,Yes,No,Improved,2.69
Osun,Maize,2.04,2212.6,24,6.77,Loamy,139.1,No,No,Local,2.14
Katsina,Sorghum,1.95,393,30.7,4.33,Sandy,60.9,No,No,Improved,1.68
Borno,Maize,1.8,699.7,36.7,5.87,Sandy,106.5,No,No,Local,1.83
Benue,Yam,1.67,1150.3,30.6,5.67,Sandy,108.6,No,No,Improved,10.07
Adamawa,Yam,3.11,1492.6,24.9,5.31,Clay,127.2,No,No,Improved,10.71
Taraba,Cassava,2.4,1248.4,27,5.15,Clay,182,Yes,Yes,Local,7.8
Taraba,Maize,1.6,1124.2,30.7,6.69,Loamy,104.5,No,No,Local,1.99
Enugu,Sorghum,2.07,1858.5,26.1,6.16,Loamy,76.5,Yes,No,Improved,1.62
Kwara,Cassava,1.01,1086.8,28.6,5.9,Clay,59.4,No,No,Improved,11.63
Enugu,Yam,4.27,2261.1,23.2,6.37,Sandy,81.2,No,No,Local,6.56
Osun,Cassava,0.34,1634.8,25.4,5.39,Loamy,99.8,No,No,Local,8.6
Taraba,Sorghum,2.51,1431.6,29.5,6.19,Sandy,54.6,No,No,Improved,1.41
Bauchi,Yam,1.9,947,34.6,6.46,Loamy,116.8,No,Yes,Local,7.58
Adamawa,Yam,4.12,1435.8,31.8,6.58,Sandy,47,No,No,Improved,9.43
Borno,Yam,4.83,685.8,30.2,7.01,Loamy,151.7,No,No,Local,7.39
Ebonyi,Rice,3.38,1876.4,27.8,6.33,Loamy,95.7,Yes,Yes,Local,3.76
Ondo,Rice,0.35,2444.2,29.9,7.16,Clay,71.8,No,Yes,Local,2.5
Niger,Yam,3.68,1398.8,24.6,5.65,Sandy,57.3,Yes,No,Improved,9.57
Rivers,Rice,5.84,1830.3,23.8,5.38,Clay,96,No,Yes,Improved,4.67
Oyo,Cassava,2.97,1606.9,22.1,7.1,Sandy,112,Yes,No,Improved,12.48
Jigawa,Rice,1.32,364.9,36.7,5.85,Sandy,67.3,Yes,No,Improved,3.19
Benue,Rice,2.98,1318.1,24.4,5.19,Loamy,73.1,No,No,Improved,3.64
Sokoto,Yam,0.94,676.3,28.9,5.97,Sandy,120.3,Yes,No,Local,6.6
Taraba,Maize,4.27,1276.7,24.5,6.81,Clay,115.1,No,No,Local,2.04
Sokoto,Maize,1.49,316,37.2,5.47,Loamy,157.7,No,Yes,Local,2.44
Sokoto,Rice,1.58,355.5,32.5,6.18,Clay,113.1,Yes,No,Local,2.55
Edo,Sorghum,4.57,1718,27.2,4.97,Loamy,63.7,No,No,Improved,1.37
Delta,Sorghum,1.15,2283.6,23.2,6.19,Sandy,108,Yes,Yes,Local,1.1
Abia,Sorghum,12.43,2489.9,23,5.76,Loamy,53.8,Yes,No,Improved,1.57
Edo,Maize,0.22,2443.2,26.6,6.18,Clay,124.3,Yes,Yes,Improved,3.42
Niger,Maize,0.96,1015.6,26.2,5.56,Clay,114.8,Yes,Yes,Improved,4.02
Taraba,Cassava,1.67,1067.2,30.9,6.08,Loamy,74.2,No,No,Improved,11.13
Zamfara,Cassava,2.61,742.7,30.9,5.22,Loamy,172.7,No,Yes,Local,9.51
Bauchi,Sorghum,3.07,923.3,34.1,7.5,Sandy,119.9,No,No,Local,1.11
FCT,Yam,0.96,1381.1,30.4,6,Loamy,93,No,No,Local,7.27
Akwa Ibom,Yam,2.33,2019.2,27.4,5.99,Clay,53.7,Yes,No,Local,7.82
Niger,Rice,6,1062.8,25.2,5.35,Clay,172.6,No,No,Improved,3.09
Osun,Yam,2.16,2489.4,28.9,6.12,Loamy,62.6,Yes,No,Improved,8.91
Jigawa,Sorghum,2.68,501.9,33.6,6.07,Loamy,56.4,Yes,No,Local,1.39
Zamfara,Rice,2.88,986.8,33.2,5.81,Loamy,90.1,No,No,Local,2.93
FCT,Sorghum,0.2,1179.2,31.1,5.18,Clay,56,Yes,No,Local,1.41
Imo,Sorghum,1.73,1568,26.9,5.29,Loamy,5.2,No,No,Local,0.93
Oyo,Maize,1.91,2027.5,22.2,6.48,Loamy,52,No,No,Improved,2.2
Cross River,Sorghum,0.69,1673.1,24.8,5.71,Loamy,89.2,No,No,Local,1.39
Gombe,Maize,7.29,845.4,26,6.17,Loamy,116.9,No,No,Local,2.16
Zamfara,Maize,0.48,775.6,31.9,5.72,Clay,58.4,No,No,Improved,0.88
Cross River,Maize,1.06,2280.5,26.3,5.55,Clay,124.6,No,Yes,Improved,3.13
Niger,Maize,0.49,1236,25.8,6.57,Loamy,109.7,No,No,Local,2.21
Delta,Maize,0.36,1522.1,23.9,6.42,Clay,103.3,No,No,Improved,2.68
Delta,Rice,1.69,2064.1,26.2,5.24,Loamy,85.6,Yes,No,Local,2.79
Adamawa,Yam,1.98,1061.4,26.8,6.63,Sandy,93.4,Yes,No,Improved,8.88
Bayelsa,Sorghum,2.24,1781.6,26.3,6.19,Sandy,17.3,No,No,Local,0.93
Osun,Cassava,1.21,1584,29.3,4.53,Clay,143.5,No,No,Improved,8.98
Ekiti,Maize,3.96,1656.9,23.2,6.37,Clay,141,No,No,Local,1.97
Lagos,Rice,2.17,2085.2,25.1,7.53,Sandy,160.5,No,No,Local,2.92
Kano,Maize,0.87,887,32.3,5.81,Sandy,112,No,No,Local,1.99
Delta,Maize,2.02,1770.9,24.8,6.17,Clay,147.6,No,Yes,Local,2.4
Yobe,Yam,1.73,478.7,29,5.75,Loamy,100.3,No,No,Improved,10.25
Rivers,Sorghum,1.84,2316.3,26.7,6.93,Loamy,44.4,No,No,Local,1.06
Gombe,Maize,1.66,771.3,32.5,6.25,Loamy,117.4,No,Yes,Improved,2.83
Plateau,Sorghum,0.5,1129.2,25.2,6.1,Clay,73.2,No,No,Improved,1.5
Ogun,Maize,1.29,1706.3,26.4,5.2,Loamy,132.6,No,Yes,Local,2.35
Katsina,Sorghum,1.62,471.4,30.1,5.96,Sandy,75,No,No,Local,1.55
Jigawa,Sorghum,0.27,510.4,29.1,5.34,Sandy,80.4,No,Yes,Improved,1.95
Enugu,Maize,0.64,1616.3,29.3,7.18,Clay,162.6,Yes,No,Improved,2.91
Katsina,Sorghum,6.3,329.6,34.6,5.82,Clay,24,No,No,Improved,1.54
Kwara,Yam,0.44,1202.3,25.6,5.66,Loamy,101.6,Yes,No,Improved,12.84
Ondo,Sorghum,0.95,2438.4,23.6,5.94,Loamy,18.7,Yes,No,Improved,1.38
Lagos,Cassava,3.71,1874.2,24.3,5.97,Clay,69.3,No,No,Local,8.24
Delta,Rice,1.3,2375.1,22.7,5.46,Clay,80.5,No,No,Improved,3.45
Gombe,Rice,5.63,624.7,27.5,4.81,Sandy,80.6,No,No,Improved,3.2
Borno,Yam,1.21,668.1,36.5,6.6,Sandy,127,No,No,Local,6.79
Cross River,Rice,4.83,2176.6,25.9,5.9,Loamy,77.6,No,No,Improved,3.88
Bayelsa,Cassava,2.82,1798.3,23.1,5.45,Clay,93.8,Yes,No,Local,9.72
Ogun,Yam,1.7,2248.4,28.4,5.52,Sandy,149.2,No,Yes,Local,6.42
Plateau,Maize,1.6,1077.9,26.3,5.67,Clay,94.3,Yes,No,Local,0.65
Jigawa,Cassava,4.45,439,30.6,4.39,Clay,75.5,Yes,No,Local,9.14
Bauchi,Cassava,8.47,964.6,32.1,5.77,Sandy,50.6,No,Yes,Local,9.9
Zamfara,Cassava,0.69,774.5,26.7,6.53,Clay,81.8,Yes,No,Improved,10.67
Delta,Yam,0.44,2296,28.8,5.25,Clay,124.4,Yes,No,Improved,8.19
Ekiti,Rice,0.3,1756.6,22,7.45,Loamy,144.1,No,No,Improved,3.2
Enugu,Cassava,1.73,2128.2,27.3,5.95,Clay,139.7,No,No,Improved,10.78
Akwa Ibom,Maize,1.59,2025.3,25.8,6.25,Clay,83.8,Yes,No,Improved,3.29
Nasarawa,Maize,0.91,1291,30.9,5.46,Clay,125.7,No,No,Local,2.29
Yobe,Maize,1.84,634.7,29.4,6.18,Sandy,65.5,Yes,Yes,Improved,3.65
Edo,Yam,1.67,2199.6,28.5,5.81,Loamy,99.9,No,No,Local,3.78
Rivers,Sorghum,2.18,1696,23.4,5.18,Loamy,74.1,Yes,No,Improved,1.65
Rivers,Maize,1.08,2472.5,24.2,6.11,Clay,102.9,No,No,Improved,2.13
Cross River,Yam,0.77,2481,26,6.47,Clay,97.3,Yes,No,Improved,7.97
Delta,Rice,2.12,1777.1,25.1,6.25,Clay,129.2,No,No,Improved,3.2
FCT,Rice,9.08,1001.7,25.5,5.68,Loamy,65.8,Yes,Yes,Local,3.53
Gombe,Sorghum,2.44,616.6,26.3,5.9,Loamy,0,No,No,Local,1
Borno,Yam,4.33,534.3,36.7,6.37,Sandy,86.6,Yes,No,Local,2.73
Osun,Cassava,0.4,1634.2,29.9,6.18,Clay,128.3,Yes,No,Local,8.91
Bauchi,Maize,3.52,911.5,32.9,5.98,Sandy,132,No,No,Local,1.53
Ebonyi,Maize,1.41,2435.7,25.5,4.64,Loamy,147.1,No,Yes,Local,2.05
Ogun,Cassava,0.27,1767.8,26.9,6.47,Loamy,39.2,No,No,Improved,9.98
Delta,Maize,2.86,1575.8,22.7,5.73,Loamy,185.4,Yes,No,Local,1.87
Ogun,Sorghum,3.32,2277.8,23.2,6.56,Loamy,126,No,No,Local,0.81
Bauchi,Cassava,3.66,736.3,31.8,6.66,Sandy,60.7,No,No,Improved,9.03
Plateau,Sorghum,1.36,1218.7,26,6.3,Loamy,62.8,Yes,No,Improved,1.66
Lagos,Yam,3.51,1526.3,26.1,6.27,Sandy,144.9,No,No,Local,7.83
Ondo,Cassava,3.38,1953.2,27.5,5.3,Clay,142.9,No,No,Local,8.74
Edo,Cassava,2.1,1892.7,26.8,5.55,Clay,178.8,Yes,No,Improved,10.3
Delta,Yam,1.44,2384.7,26.3,6.01,Clay,100.9,Yes,No,Local,7.09
Rivers,Sorghum,1.05,1586.1,28.1,5.51,Clay,151.9,No,No,Improved,1.17
Ondo,Cassava,1.72,1813,27.4,6.32,Loamy,71,No,No,Local,9.09
Zamfara,Maize,0.68,935.7,27.6,6.21,Sandy,101.4,No,No,Local,1.77
Kano,Yam,2.82,642.6,30.8,5.61,Clay,82.3,No,No,Local,7.43
Kano,Yam,1.49,826.5,33.2,6.61,Clay,134.9,No,No,Local,5.67
Rivers,Maize,0.87,2369,22.2,5.8,Clay,120.2,No,No,Local,1.85
Ebonyi,Yam,0.32,2232.8,22.1,5.58,Loamy,78.9,Yes,No,Local,7.28
Akwa Ibom,Maize,1.39,2216.1,27.7,6.7,Clay,82.6,No,No,Improved,2.44
Edo,Maize,0.38,2067.1,25.6,5.47,Clay,135.4,No,Yes,Local,2.05
Ogun,Cassava,11.93,2244.5,28.7,5.44,Clay,135.5,No,No,Improved,8.29
Benue,Maize,1.11,1199,29.5,6.69,Sandy,235.4,Yes,No,Local,2.13
Ekiti,Sorghum,2.02,2287.7,29.6,5.51,Clay,0,No,No,Local,0.86
Kogi,Sorghum,0.79,1269.7,28,4.94,Clay,104.5,No,No,Improved,1.39
Kogi,Yam,1.47,1358.4,30.7,5.81,Loamy,126.1,No,No,Local,7.39
Imo,Rice,1.07,2373.5,24.1,6.59,Clay,101.2,Yes,No,Local,2.91
Borno,Maize,3.63,319.2,35.7,6.51,Loamy,151.4,Yes,No,Local,1.96
Taraba,Maize,0.2,1368.4,24.2,6.05,Clay,109.5,No,No,Improved,2.79
Bayelsa,Rice,0.63,1773.9,26.3,5.16,Loamy,102.1,No,No,Local,3.06
Kwara,Yam,1.39,1426.6,28.3,6.48,Sandy,103.9,No,No,Local,8.75
Ogun,Maize,1.92,2340.9,28,4.94,Clay,123.7,Yes,No,Local,1.87
Kwara,Cassava,1.15,1133.7,28.7,5,Sandy,91,Yes,Yes,Local,11.3
Zamfara,Cassava,2.42,726.5,26.9,5.56,Clay,182.6,Yes,Yes,Local,4.43
Bauchi,Sorghum,1.84,738.6,29.9,5.64,Loamy,35,No,No,Local,1.14
Abia,Sorghum,1.95,2272,22.3,6,Clay,118.5,No,No,Improved,1.03
Anambra,Sorghum,2.75,1967,26.5,5.35,Loamy,34.8,Yes,Yes,Local,1.38
Kaduna,Sorghum,2.6,946.7,27.9,6.44,Loamy,62.8,Yes,No,Improved,1.88
Katsina,Rice,0.86,321.1,32.3,6.48,Sandy,132.2,No,No,Local,2.49
Cross River,Cassava,2.13,1680.5,25.7,6.32,Clay,39.9,No,Yes,Local,11.37
Rivers,Cassava,0.29,2199.6,29.7,6.27,Clay,101.1,No,No,Improved,11.93
FCT,Rice,7.81,1244,26.9,6.26,Sandy,111.1,No,No,Improved,2.98
Plateau,Yam,3.33,1113.2,26.5,6.57,Loamy,136.6,Yes,No,Local,8.89
Ekiti,Maize,2.51,1930.7,28.7,5.46,Loamy,119.9,Yes,No,Local,2.27
Zamfara,Cassava,2.85,691.2,27,6.52,Sandy,0,No,No,Local,8.04
Zamfara,Cassava,0.41,849.6,28.4,6.64,Loamy,33.9,No,Yes,Local,8.38
Ebonyi,Cassava,0.61,2293,29.9,5.29,Clay,99.9,Yes,No,Local,9.02
Niger,Sorghum,0.93,1485.3,27.8,6.31,Clay,11.7,Yes,No,Improved,1.54
Borno,Yam,8.91,310.6,33.5,4.64,Sandy,108.8,No,No,Local,6.23
Kaduna,Cassava,7.96,816.2,28.5,6.86,Sandy,12,No,No,Local,6.56
Bauchi,Sorghum,0.57,768.1,33.9,5.8,Clay,61.4,Yes,No,Local,1.61
Delta,Rice,1.28,2474.8,28.6,5.96,Loamy,120.9,No,No,Improved,3.88
Taraba,Sorghum,1.14,1405.9,25.8,6.44,Loamy,118.8,No,No,Improved,1.08
Bayelsa,Yam,5.11,2490.4,28.8,4.62,Loamy,103.3,No,No,Improved,7.82
Yobe,Maize,0.37,559.3,31.7,4.79,Loamy,102.7,Yes,No,Improved,3
Cross River,Sorghum,1.34,1789.7,26.9,5.31,Loamy,109,No,No,Local,0.94
Enugu,Yam,25,1527.4,22.8,5.99,Loamy,92.6,No,No,Local,6.6
Kebbi,Yam,1.96,892.2,28.4,6.61,Sandy,50.1,Yes,No,Local,6.45
Yobe,Cassava,2.38,460.6,36,5.05,Clay,101,No,No,Local,7.64
Bayelsa,Rice,1.32,1781.1,27,5.7,Loamy,128.7,Yes,No,Local,3.2
Nasarawa,Yam,7.33,1011.2,26.9,5.01,Sandy,96.8,Yes,No,Local,8.49
Abia,Sorghum,1,2437.6,28.6,5.5,Loamy,67.3,Yes,No,Improved,1.65
Edo,Sorghum,0.24,1515.3,26,7.56,Loamy,11.9,Yes,No,Local,1.32
Benue,Sorghum,0.38,1045.3,29.3,5.82,Clay,0,No,No,Local,1.06
FCT,Sorghum,1.06,1411.3,26.6,5.88,Sandy,51.9,No,No,Local,1.26
Bayelsa,Rice,1.51,2295.2,24.5,6.37,Clay,80.2,Yes,No,Local,2.66
Kogi,Maize,2.87,1146.8,28.6,6.87,Loamy,89.9,No,No,Improved,2.13
Ebonyi,Maize,1.25,2137.7,29.8,6.43,Clay,133,Yes,No,Improved,2.53
Katsina,Cassava,2.34,378.4,30.6,6.89,Loamy,65.8,Yes,Yes,Improved,11.43
Akwa Ibom,Yam,4.5,1793.4,25.5,4.51,Clay,128.2,No,No,Improved,8.93
Sokoto,Rice,0.65,531.8,35.7,5.06,Clay,49.8,Yes,No,Local,2.58
Zamfara,Rice,0.87,937.6,33.3,6.72,Clay,157.8,No,No,Local,2.7
Nasarawa,Cassava,0.75,1098.3,26.8,6.77,Loamy,60,Yes,No,Local,8.06
Rivers,Yam,0.92,1552.6,28.7,5.3,Loamy,63.7,No,No,Improved,8.99
Nasarawa,Maize,0.82,1469.4,26.9,5.58,Clay,89.3,Yes,Yes,Local,2.37
Edo,Cassava,1.68,2388.5,28.4,5.77,Loamy,128.4,Yes,No,Local,10.65
Jigawa,Cassava,1.78,392.4,35,6.91,Sandy,81.1,No,No,Local,8.8
Cross River,Yam,1.48,2056.4,22.7,5.28,Loamy,82.5,No,No,Local,7.17
Anambra,Rice,0.55,1656.4,27.4,6.42,Loamy,106.8,No,No,Improved,4.19
Kano,Maize,0.68,995.7,27.3,5.87,Sandy,169.4,Yes,No,Local,2.37
Katsina,Maize,1.94,691,36.7,5.38,Clay,38.9,No,No,Improved,2.06
Ebonyi,Yam,1.33,2465.3,23.2,5.62,Clay,60.5,No,No,Local,6.71
Borno,Cassava,1.28,457,28.9,6.62,Sandy,136.6,No,No,Improved,7.69
Kano,Sorghum,0.43,832,33.2,6.14,Sandy,61.3,Yes,Yes,Improved,2.04
Oyo,Maize,1.7,2067.5,23,6.7,Loamy,140.2,Yes,No,Local,1.78
Rivers,Cassava,2.12,2471.2,24.3,5.69,Clay,94.5,No,Yes,Local,9.84
Adamawa,Sorghum,3.66,1236.6,24.2,5.17,Clay,96.1,Yes,No,Improved,1.43
Nasarawa,Cassava,0.21,1068.3,29,5.45,Sandy,89.1,No,No,Local,8.15
Kaduna,Rice,0.72,946.4,34.1,6.14,Clay,148.3,Yes,No,Local,2.47
Edo,Sorghum,2.24,1644.6,29.2,4.78,Clay,0,Yes,No,Local,0.88
Ekiti,Rice,1.38,1582,22.7,6.48,Clay,67.1,No,No,Local,2.99
Sokoto,Rice,0.2,330.3,30.8,7.17,Loamy,133.2,Yes,No,Local,2.59
Ekiti,Yam,0.52,1841.6,23.1,5.87,Loamy,76.3,No,No,Improved,10.1
Imo,Yam,3.58,1928.2,24.1,5.13,Clay,119.3,No,Yes,Improved,10.94
Rivers,Cassava,3.56,1814.9,24.7,6.61,Clay,91.3,No,No,Local,9.53
Osun,Rice,1.39,1970.1,26.4,7.17,Loamy,172.3,No,Yes,Local,2.88
Kwara,Sorghum,1.62,1324.2,24.9,6.92,Clay,58.7,Yes,Yes,Improved,2
Akwa Ibom,Maize,0.34,2211.8,29.3,5,Clay,87.3,No,No,Local,1.88
Edo,Maize,1.09,2380.9,28.5,4.86,Clay,123.6,No,No,Improved,2.25
Kebbi,Cassava,6.16,832.3,27.3,5.97,Clay,139.5,No,No,Local,8.15
Imo,Maize,0.4,1932.9,22.8,5.07,Loamy,54.5,No,No,Local,1.59
Kebbi,Maize,0.82,643.9,31.5,4.79,Clay,169.3,No,No,Local,1.99
Taraba,Cassava,1.17,1024.6,24.3,5.03,Loamy,195.5,No,No,Improved,9.43
Ekiti,Cassava,1.53,2081.1,28.5,5.95,Sandy,94.9,No,No,Improved,10.07
Taraba,Sorghum,3.34,1058,29.9,7.17,Loamy,121.7,No,No,Local,1.25
Imo,Cassava,2.11,2438.6,27.8,5.2,Loamy,64.8,Yes,Yes,Local,10.11
Zamfara,Sorghum,2.58,928.2,33.7,5.55,Loamy,20.6,Yes,No,Local,1.54
Plateau,Maize,2.48,1305.4,29.6,6.72,Sandy,121,No,No,Local,1.83
Niger,Sorghum,1.55,1143.6,25.7,6.46,Clay,67.4,No,No,Local,1.3
Kaduna,Rice,4.97,638.8,33.5,6.32,Clay,74.5,Yes,No,Improved,3.4
Borno,Rice,3.99,660.8,29.6,4.78,Sandy,107.2,Yes,No,Local,2.77
Delta,Yam,0.81,1609.3,29.5,6.43,Clay,135.8,No,No,Local,7.13
Bauchi,Maize,3.47,941.6,35,7.49,Loamy,167.5,No,No,Local,1.97
Kaduna,Rice,1.59,933.2,31.7,6.21,Sandy,19.4,No,No,Local,1.98
Akwa Ibom,Maize,2.64,2386.4,25.9,5.64,Loamy,161.5,Yes,No,Local,2.22
Kwara,Yam,2.3,1479.3,25.6,6.38,Loamy,96.5,No,No,Local,8.68
Benue,Yam,1.04,1398.9,26.2,5.93,Clay,76.3,No,No,Improved,11.57
Anambra,Yam,0.4,1591.2,26.8,6.28,Sandy,108,Yes,No,Local,7.61
Kwara,Sorghum,2.96,1154.8,28,7.51,Loamy,93.9,No,No,Improved,1.4
Akwa Ibom,Rice,3.92,2457.3,22.9,6.17,Loamy,63.3,Yes,No,Local,2.84
Edo,Yam,0.48,1656.3,23.4,5.3,Clay,100.7,Yes,No,Local,8.98
Ondo,Maize,0.36,1953.1,23.8,5.73,Sandy,125.5,Yes,No,Local,1.96
Ebonyi,Yam,5.76,1606.3,25.3,5.94,Sandy,111.6,Yes,No,Local,9.44
FCT,Sorghum,0.95,1426.4,24.6,6.05,Clay,81,No,No,Local,1.03
Ondo,Sorghum,1.56,1588.4,22.5,5.24,Clay,23,No,Yes,Improved,1.46
Cross River,Sorghum,2.06,2124.8,27.4,5.71,Clay,0,Yes,No,Improved,0.92
Anambra,Yam,4.87,2311.4,29.2,5.75,Loamy,110,No,No,Improved,7.79
Kogi,Maize,5.1,1316.1,25,5.72,Loamy,172,No,No,Improved,1.09
Imo,Sorghum,6.26,1609.4,27,7.14,Loamy,86.4,No,No,Local,1.02
Akwa Ibom,Sorghum,0.83,1719.6,22.4,6.16,Clay,85,Yes,No,Improved,1.36
Sokoto,Cassava,6.02,366.9,32.9,6.21,Sandy,31.3,Yes,No,Local,9.61
Edo,Rice,0.33,2063.8,23.7,5.35,Clay,101,No,No,Improved,3.81
Kano,Cassava,2.51,870.8,31.2,6.21,Clay,56.3,Yes,Yes,Local,12.71
Kwara,Cassava,0.55,1436.5,31.7,6.57,Sandy,0,No,No,Local,8.28
FCT,Yam,4.8,1230.9,30.4,5.78,Loamy,112.7,Yes,No,Local,5.83
Oyo,Rice,0.55,2278.5,28.1,5.47,Sandy,73.8,No,No,Local,2.84
Abia,Rice,17.61,2446.2,27,5.45,Loamy,72.6,Yes,No,Improved,4.09
Delta,Yam,0.35,2282.2,29.7,6.54,Sandy,46.2,No,Yes,Improved,10.46
Cross River,Yam,0.33,1602.9,24.1,5.45,Clay,135.1,No,No,Improved,8.89
Imo,Sorghum,4.45,1972.8,24.9,5.71,Loamy,7.7,No,Yes,Improved,1.48
Katsina,Maize,0.45,693.7,36.2,5.73,Sandy,98.8,Yes,No,Local,2.06
Yobe,Rice,1.23,361.3,34.3,5.38,Sandy,50,Yes,No,Local,2.61
Benue,Rice,1.9,1165.3,30.8,5.5,Loamy,81.6,Yes,No,Improved,4.06
Kaduna,Cassava,1.42,920,34.4,5.57,Loamy,44.1,Yes,No,Improved,11.36
Gombe,Cassava,0.34,696.8,32.1,6.31,Clay,96.2,No,No,Local,9.66
Bauchi,Cassava,2.04,619.3,28,6.01,Sandy,90,Yes,No,Local,9.19
Delta,Sorghum,0.27,1942.4,25.8,6.16,Clay,25,Yes,No,Local,1.18
Zamfara,Yam,3.34,836.5,32.8,5.01,Loamy,135.7,No,No,Local,6.45
Edo,Rice,1.02,1685.3,23.6,6.51,Loamy,138.4,Yes,No,Local,3.2
Kebbi,Rice,5.86,930.7,34.2,6.1,Clay,157.9,Yes,No,Improved,3.07
Katsina,Rice,4.64,301.7,32.1,5.43,Sandy,91.1,Yes,No,Local,2.42
Ekiti,Yam,5.19,1508.5,22.1,6.05,Loamy,88.7,Yes,No,Local,6.87
Ebonyi,Rice,0.92,2206.1,27.6,4.72,Clay,165.4,Yes,Yes,Improved,3.27
Benue,Cassava,0.28,1199.9,29.1,6.32,Loamy,109.6,No,No,Improved,11.22
Cross River,Yam,1.25,1550.5,28.5,6.34,Clay,123.4,No,No,Local,7.79
Edo,Maize,5.28,2107.9,28.4,6.66,Loamy,165.2,Yes,No,Improved,2.71
Abia,Cassava,0.57,2420.4,28.1,6.12,Clay,122,Yes,No,Local,8.83
Oyo,Sorghum,1.24,1695,26.3,6.46,Sandy,99.6,No,No,Improved,1.66
Delta,Yam,2.93,2271.8,29.7,6.1,Sandy,131.6,No,No,Improved,10.95
Kogi,Rice,1.43,1078.9,25.3,7.01,Sandy,58.6,Yes,No,Improved,3.1
Nasarawa,Yam,0.47,1396.9,27.4,5.93,Sandy,88.9,No,No,Local,8.2
Edo,Cassava,2.87,2443,28.4,6.84,Loamy,128,Yes,No,Improved,10.27
Lagos,Cassava,2.35,2108.3,28.1,5.22,Loamy,98,Yes,No,Improved,12.75
Kwara,Maize,5.94,1073.8,29.1,5.38,Loamy,83.9,No,No,Improved,2.4
Kebbi,Cassava,2.65,876.8,31.3,7.33,Sandy,81.5,No,No,Improved,10.94
Ebonyi,Yam,0.55,2409.5,27.5,6,Clay,192.5,Yes,No,Local,6.14
Bayelsa,Cassava,1.08,2093.7,28,6.6,Clay,161.6,No,No,Local,7.46
Ebonyi,Sorghum,0.9,2020.1,25.6,5.36,Clay,60.5,No,Yes,Improved,1.68
Osun,Rice,1.58,2434,25.7,6.96,Loamy,191,Yes,No,Improved,2.91
Oyo,Yam,9.98,2455.6,25.3,6.63,Loamy,70,No,No,Local,6.89
Ebonyi,Sorghum,0.32,2430,24.1,6.11,Clay,121.4,Yes,No,Improved,0.91
Abia,Maize,2.79,2464.8,29.3,5.09,Loamy,113.4,No,No,Local,1.99
Ogun,Maize,7.48,2364.1,29.6,5.62,Clay,110.4,No,No,Local,2.01
Ekiti,Rice,1.27,2134.5,25.4,4.86,Clay,124.7,Yes,No,Local,2.92
Cross River,Maize,2.19,1992.8,25.6,5.94,Loamy,159.8,No,No,Improved,2.39
Jigawa,Yam,5.09,668.7,31.3,6.22,Sandy,53.1,Yes,No,Local,7.17
Kaduna,Cassava,2.11,930.4,26.6,4.77,Clay,101.2,No,No,Improved,11.74
Lagos,Yam,3.48,2286.1,22.6,7.18,Clay,62,No,No,Local,2.27
Ekiti,Maize,0.29,2248.1,24,5.77,Loamy,124.3,No,No,Local,1.82
Gombe,Sorghum,2.95,979,33.3,6.53,Sandy,119.5,Yes,No,Improved,1.38
Bauchi,Cassava,1.69,805.5,28,4.46,Loamy,103.3,Yes,No,Local,8.51
Abia,Cassava,2.01,1701.4,24.5,5.83,Clay,59.2,No,No,Improved,9.88
Jigawa,Cassava,0.65,355.9,29.9,5.64,Loamy,71.4,Yes,No,Improved,12.07
Ondo,Sorghum,0.2,2451.2,27.9,5.65,Clay,68.6,No,Yes,Local,1.34
Kebbi,Cassava,0.49,987.3,34,5.28,Clay,76.6,No,No,Local,8.39
Katsina,Yam,4.75,559.5,31.9,5.97,Sandy,111.7,No,Yes,Improved,10.73
Anambra,Maize,5.25,2203,25.3,6.5,Loamy,136.1,No,Yes,Local,1.89
Kwara,Cassava,2.43,1256.9,28.2,4.93,Clay,34.7,Yes,No,Local,8.08
Cross River,Rice,1.49,1587.7,28.8,6.53,Sandy,19.4,No,No,Local,2.43
Nasarawa,Cassava,5.41,1201.7,31.7,5.91,Loamy,159,No,No,Improved,9.83
Abia,Rice,0.46,1988.3,27.6,6.17,Loamy,208.3,No,No,Local,2.71
Nasarawa,Sorghum,0.87,1381.2,27.8,6.11,Sandy,74.1,Yes,No,Local,1.34
Nasarawa,Yam,0.35,1264.7,27.8,4.85,Loamy,100.8,No,No,Improved,8.26
Oyo,Cassava,1.3,2477.2,29.3,6.85,Loamy,44.2,Yes,No,Local,4
Kwara,Sorghum,7.83,1422.9,28.4,4.82,Clay,75.3,Yes,No,Local,1.18
Taraba,Maize,5.06,1208.1,30.8,5.3,Clay,77.8,Yes,No,Local,2.36
Ebonyi,Yam,2.32,1705.5,26.2,6.22,Loamy,76.5,No,No,Local,6.96
Ekiti,Yam,1.06,1525.3,28.4,5.72,Loamy,39.4,No,No,Improved,6.8
Jigawa,Maize,0.21,397,36.9,6.04,Loamy,159.4,Yes,No,Improved,2.31
Gombe,Sorghum,1.16,783.1,30.2,6.34,Clay,113.5,No,No,Improved,1.32
Bayelsa,Rice,0.98,2242,23.9,6.18,Loamy,130.7,No,No,Local,3
Delta,Maize,0.93,2334.6,25.5,6.38,Clay,114.7,No,No,Improved,2.38
Lagos,Cassava,0.84,2280.1,28.1,4.83,Clay,117.3,No,No,Local,8.18
Abia,Sorghum,0.53,2328,24.6,5.02,Sandy,40.1,Yes,No,Improved,1.05
Katsina,Rice,4.54,442.3,37.5,5.7,Clay,132.3,No,No,Local,2.53
Jigawa,Maize,1.17,485.3,33.2,6.19,Sandy,89.7,No,Yes,Local,2.65
Osun,Sorghum,0.65,2037.6,26.6,5.32,Clay,92.6,No,No,Local,1.2
Kebbi,Maize,1.74,785,26.1,6.29,Loamy,113.1,Yes,No,Local,2.79
Nasarawa,Cassava,0.45,1333.9,30,5.2,Clay,91.1,No,No,Local,8.12
Rivers,Maize,9.03,1532.2,25.4,7.21,Loamy,137.7,No,No,Improved,2.08
Kwara,Cassava,1.27,1270.5,31.8,5.97,Loamy,8.4,No,No,Local,6.91
Ebonyi,Sorghum,2.85,1992.3,28.5,5.78,Loamy,84.8,No,Yes,Improved,1.81
Ekiti,Yam,4.74,1710.1,24.7,6.8,Clay,102.7,No,No,Local,8.22
Rivers,Cassava,0.8,2229.2,23.8,5.44,Clay,61.2,Yes,No,Local,9.38
Kebbi,Cassava,2.49,797.3,30.2,6.06,Sandy,87.5,Yes,No,Local,9.35
Lagos,Maize,1.03,1859.3,30,6.13,Sandy,126.1,No,No,Local,1.84
Rivers,Cassava,8.16,2098,22.3,5.21,Clay,121,Yes,No,Local,8.25
Adamawa,Cassava,1.21,1062.2,30.2,7.53,Clay,135.2,No,No,Local,8.34
Ebonyi,Rice,0.86,2499.3,27.3,7.35,Loamy,103.5,Yes,No,Improved,3.36
Taraba,Rice,0.75,1011.3,30.8,5.74,Sandy,98.9,Yes,Yes,Local,3.78
Kwara,Sorghum,1.35,1089.9,26.5,5.36,Loamy,28.7,Yes,No,Local,1.07
Ondo,Cassava,1.07,1839.5,22.8,5.06,Loamy,65.2,Yes,No,Local,7.19
Anambra,Rice,0.86,1622.1,23.5,6.7,Clay,71.9,No,No,Improved,3.35
FCT,Cassava,1.4,1309.9,29.3,5.47,Clay,65.6,No,No,Improved,10.37
Sokoto,Maize,1.1,641.1,33,6.23,Loamy,134,No,Yes,Local,2.47
Ebonyi,Maize,1.07,2414.2,23.7,6.42,Loamy,162.7,Yes,No,Improved,2.58
Enugu,Sorghum,9.81,1618.8,25.4,6.1,Clay,118.2,No,No,Improved,1.42
Oyo,Cassava,0.73,1706.6,27.5,5.19,Clay,35.6,Yes,No,Local,8.32
Zamfara,Rice,3.5,888.9,32.6,6.4,Loamy,101.9,No,No,Improved,3.54
Lagos,Yam,3.69,2398.2,23.8,5.37,Clay,175.6,Yes,No,Improved,6.88
Ondo,Cassava,2.15,2123.2,22.2,5.51,Clay,123.3,No,No,Local,7.5
Nasarawa,Yam,0.75,1276.3,30,6.23,Sandy,230.2,No,No,Local,6.23
Ondo,Sorghum,1.64,2476.6,25,6.46,Loamy,84.7,No,No,Local,0.98
Oyo,Cassava,1,1772,26.2,4.51,Loamy,109.2,Yes,Yes,Improved,13.47
Bayelsa,Yam,4.02,1586.3,22.9,6.15,Sandy,86.9,No,No,Local,5.72
Kebbi,Cassava,10.75,870.9,32,5.47,Clay,30.2,No,Yes,Improved,12.19
Rivers,Yam,1.63,1839.6,26.3,6.58,Clay,106.4,Yes,No,Improved,9.49
Ogun,Cassava,6.99,2307.9,22.2,5.98,Loamy,55.4,No,No,Local,9.08
Kaduna,Sorghum,5.63,809.3,29.4,6.96,Clay,55.4,No,No,Improved,2.07
Benue,Yam,2.95,1477.5,31.9,4.25,Clay,186,No,No,Improved,8.66
Bayelsa,Yam,2.28,1673.5,27.8,6.15,Loamy,170.9,Yes,No,Improved,10.04
Akwa Ibom,Maize,0.5,2150.4,25.4,6.34,Loamy,157.2,Yes,Yes,Local,2.79
Delta,Yam,3.17,2320.7,28.4,6.35,Clay,111.7,Yes,No,Local,8.25
Benue,Cassava,1.28,1266,30.9,6.3,Sandy,166.3,No,No,Local,7.94
Yobe,Rice,1.57,550.2,30.5,6.5,Sandy,174.4,Yes,Yes,Local,3.44
Ondo,Yam,1.15,1668.5,29.5,5.98,Clay,116.6,Yes,No,Improved,12.03
Imo,Yam,0.49,2056.9,28.6,7.02,Loamy,34.4,No,Yes,Local,9.78
Kebbi,Cassava,1.92,700.6,31.7,6.66,Sandy,108.8,Yes,No,Local,9.94
Sokoto,Rice,5.09,614.2,35.4,5.52,Sandy,73.3,No,No,Improved,3.13
Anambra,Yam,1.2,2304,24.5,6.29,Clay,92.7,No,No,Local,7.44
Oyo,Cassava,4.79,1960.6,23.6,5.79,Loamy,83.6,Yes,No,Local,9.64
Imo,Maize,0.88,1982,29.4,7.16,Loamy,101.9,Yes,No,Local,1.8
Akwa Ibom,Cassava,0.73,1894.4,24.3,6.56,Loamy,121.3,No,No,Local,7.77
FCT,Maize,0.64,1183.2,24.8,6.9,Clay,87.9,No,No,Improved,3.42
Nasarawa,Sorghum,1.74,1126,27,6.34,Loamy,109.9,No,No,Local,1.29
Imo,Maize,1.51,1690.8,24,4.77,Clay,97,No,No,Local,2.13
Anambra,Rice,0.72,1677.7,26.8,5.36,Sandy,184.2,No,No,Local,2.79
Gombe,Yam,1.97,647.8,26.1,6.07,Loamy,63,No,No,Improved,7.17
Bayelsa,Maize,5.28,2038.3,25.2,5.8,Clay,163.8,Yes,No,Local,1.74
Ebonyi,Maize,1.65,2116.9,26.6,6.6,Clay,127.6,No,No,Local,2.27
Ondo,Yam,1.49,1598.6,28.9,5.7,Clay,105,Yes,Yes,Local,9.13
Delta,Rice,14.99,2457.5,23.8,6.08,Sandy,111.5,No,No,Local,3.2
Kaduna,Maize,0.76,890.1,30.8,5.8,Sandy,124.1,Yes,No,Improved,2.72
Kogi,Maize,0.85,1172.3,26.1,5.4,Sandy,156.4,No,Yes,Local,2.85
Niger,Maize,1.18,1248.4,26.3,6.36,Loamy,131.1,Yes,No,Improved,3.02
Kwara,Sorghum,4.61,1291.7,29.9,6.38,Loamy,114.1,Yes,No,Improved,1.66
Bayelsa,Yam,0.97,1917,29.3,5.26,Sandy,99.7,Yes,No,Local,8.45
Ekiti,Rice,3.76,1854.4,28.2,5.59,Clay,105.8,Yes,No,Improved,3.51
Cross River,Sorghum,0.72,1755.7,22.4,6.45,Loamy,8.2,No,No,Local,0.86
Kogi,Cassava,12.68,1220.1,27.2,5.86,Loamy,173,No,No,Improved,10.35
Adamawa,Maize,0.84,1208,28.8,5.97,Clay,106.1,No,Yes,Improved,3.7
Osun,Cassava,0.95,2297.4,24.2,5.62,Sandy,96.1,Yes,No,Local,9.85
Kaduna,Sorghum,1.2,776.9,26.3,6.71,Loamy,0,Yes,No,Local,1.17
Borno,Sorghum,1.07,363.7,32.2,6.29,Sandy,12.1,No,No,Improved,1.57
Yobe,Sorghum,1.83,477.3,32.3,6.58,Sandy,57,No,No,Improved,1.93
Kano,Sorghum,2.34,716.9,32,7.12,Sandy,71.7,Yes,No,Improved,1.99
FCT,Rice,4.62,1329.4,28.8,6.91,Loamy,55.2,Yes,No,Local,2.62
Benue,Sorghum,1.03,1346.1,28.1,5.65,Loamy,118.1,No,No,Improved,1.5
Benue,Rice,0.45,1210.2,28.7,6.35,Loamy,89.3,Yes,Yes,Improved,4.34
Kogi,Cassava,6.26,1101.6,31.2,5.84,Loamy,100.4,No,No,Improved,10.68
Kogi,Sorghum,1.87,1238.6,26.5,6.68,Sandy,52.6,Yes,No,Local,1.38
Lagos,Maize,0.61,2475.9,22.1,5.9,Loamy,126.7,No,No,Local,1.68
Kaduna,Rice,0.77,696.4,29.4,6.31,Clay,112,Yes,No,Local,3.06
Jigawa,Rice,1.42,557.6,32.3,5.44,Clay,119,No,No,Improved,2.73
Bayelsa,Maize,1.25,1592,24.4,8.36,Clay,183.8,No,No,Local,1.64
Ondo,Sorghum,7.51,2097.9,26.9,5.85,Clay,29.8,No,No,Improved,1.42
Borno,Cassava,0.2,681.2,37,6.15,Sandy,175.7,No,No,Local,6.97
Kogi,Rice,1.97,1428.7,29.2,6.93,Sandy,133.9,Yes,Yes,Local,3.38
Jigawa,Maize,2.61,550.5,33.3,5.99,Clay,181.6,No,No,Local,1.62
Benue,Sorghum,0.72,1407,29.7,6.24,Clay,68.8,No,No,Local,1.2
Zamfara,Maize,4.49,972,28.4,5.61,Clay,79.2,No,No,Improved,2.73
Kwara,Yam,1.25,1314.4,30.1,5.87,Loamy,157.5,No,No,Improved,2.65
Kwara,Maize,2.78,1080.4,24.5,4.68,Loamy,149.4,Yes,No,Local,2.09
Kebbi,Cassava,2.23,731.7,31.5,6.7,Loamy,0,No,No,Improved,9.53
Gombe,Cassava,0.64,856.6,29.8,6.17,Clay,58.5,Yes,No,Local,8.54
Ondo,Sorghum,1.81,1887.2,24.9,5.42,Sandy,75.1,Yes,No,Improved,1.81
Anambra,Maize,0.92,1560.1,26,4.5,Clay,88.2,Yes,No,Local,1.53
Rivers,Yam,1.29,1735.6,26.4,5.15,Clay,121.9,No,No,Local,7.74
Ogun,Sorghum,5.2,1927.7,28.4,6.71,Clay,55.5,Yes,No,Local,1.07
Delta,Cassava,1.71,1775.3,26.6,5.7,Clay,136.6,Yes,No,Local,8.38
Ebonyi,Yam,0.84,1756.1,25.6,7.52,Sandy,114.8,No,No,Improved,7.59
Yobe,Sorghum,0.62,586,35.7,6.11,Clay,109.3,Yes,No,Local,1.08
Rivers,Cassava,1.97,2183.7,22.2,6.14,Clay,116.6,Yes,Yes,Improved,14.92
Zamfara,Maize,9.2,843.1,31.5,7.7,Clay,137.4,No,No,Local,2.11
Delta,Maize,1.95,1604.8,23.4,5.64,Loamy,173.5,Yes,No,Improved,3.02
Gombe,Sorghum,1.76,667.3,31.5,5.55,Loamy,52.1,No,No,Improved,1.67
Cross River,Maize,1,2416.3,28.8,5.28,Loamy,172,No,Yes,Local,2
Anambra,Rice,1.3,2133.8,27.1,7.29,Clay,89,Yes,No,Local,2.64
Cross River,Maize,1.15,1820.2,22.1,6.14,Loamy,170.1,No,No,Improved,2.13
Benue,Yam,1.08,1475.5,28,4.89,Loamy,107,No,No,Improved,9.75
Yobe,Yam,2.08,364.3,28,6.13,Sandy,118.1,No,No,Local,8
Bauchi,Yam,3.22,837.4,30.1,4.93,Sandy,82.4,No,No,Local,7.57
Abia,Sorghum,1.28,1755.1,23.7,5.65,Clay,94,No,No,Local,1.2
Kwara,Rice,3.77,1147.9,24.2,6.95,Clay,122,Yes,No,Local,3.16
Kwara,Cassava,1.81,1209.9,30.1,5.87,Clay,121.1,Yes,No,Improved,13.82
Akwa Ibom,Rice,1.09,2287.9,23.4,5.81,Loamy,67.8,Yes,No,Improved,3.56
FCT,Rice,2.08,1206.7,30.9,6.1,Clay,87.1,No,No,Improved,3.31
Rivers,Sorghum,3.12,1714.1,28.1,5.09,Clay,106.3,Yes,No,Local,1.13
Abia,Maize,0.9,1864.1,29.4,5.07,Sandy,137.9,Yes,No,Local,1.93
Ondo,Sorghum,2.21,1920,23.9,6.98,Clay,41.5,Yes,No,Local,1.11
Enugu,Maize,4.31,2361.1,26.4,5.16,Clay,89.4,Yes,Yes,Local,2.39
Kano,Sorghum,1.71,905.6,33.2,6.96,Sandy,71.3,Yes,No,Local,1.48
Bauchi,Rice,1.98,976.9,31.3,6.29,Clay,63.9,Yes,No,Local,2.81
Ondo,Cassava,2.2,2362.8,26.9,6.04,Loamy,146,No,No,Local,6.08
Enugu,Sorghum,1.08,1904.5,23.4,4.73,Loamy,17,Yes,No,Local,1.02
Plateau,Yam,5.19,1260.7,28.8,6.65,Loamy,138.1,Yes,No,Local,8
Imo,Maize,1.19,2438.7,23.4,6.65,Loamy,54,No,No,Improved,1.78
Taraba,Cassava,0.39,1024.3,31.9,6.23,Loamy,118.6,No,No,Improved,10.57
Cross River,Cassava,1.4,1741.7,29.8,6.73,Clay,73.9,Yes,No,Local,7.32
Kaduna,Sorghum,0.54,963.3,31.4,6.07,Sandy,9.9,Yes,No,Local,1.32
Anambra,Rice,1.31,1659.3,22.2,6.19,Loamy,70.2,No,No,Improved,3.8
Osun,Sorghum,0.97,2065.6,25.6,6.47,Loamy,30.4,No,No,Improved,1.41
Zamfara,Rice,6.6,617.2,32,5.92,Clay,149.9,Yes,No,Local,2.83
Sokoto,Rice,1.83,345.3,37.6,6.51,Clay,139.7,No,No,Improved,2.45
Borno,Cassava,4.83,414.5,32.3,6.08,Sandy,60.7,No,No,Improved,10.55
Rivers,Cassava,1.33,2431.8,24.8,6.06,Clay,147.6,No,No,Local,7.66
Bauchi,Cassava,1.12,962.9,34,7.08,Clay,119.4,No,Yes,Local,10.83
Oyo,Sorghum,0.73,1630.9,24.8,7.25,Clay,46.3,Yes,No,Improved,1.49
Enugu,Rice,0.49,2441.6,27.8,5.6,Clay,86.4,Yes,No,Local,2.74
Zamfara,Cassava,1.35,919.3,33.1,5.77,Sandy,101.4,No,No,Improved,11.85
Adamawa,Yam,1.59,1408.4,28.6,5.95,Sandy,152.2,No,No,Improved,9.38
Bauchi,Yam,2.42,986.8,26.5,6.91,Clay,82.1,No,No,Improved,8.58
Adamawa,Cassava,5.12,1372.7,24.7,5.7,Sandy,109.1,Yes,No,Improved,12.99
Sokoto,Yam,1.04,330.3,37.8,5.81,Sandy,64,No,No,Improved,6.82
Lagos,Sorghum,3.04,1944.5,27,6.51,Clay,47.2,No,Yes,Local,1.23
Sokoto,Sorghum,0.45,622.2,28.8,6.35,Sandy,120.3,No,No,Local,1.19
Oyo,Maize,2.93,1610,24.7,6.06,Clay,173.1,No,Yes,Local,2.02
Zamfara,Yam,1.32,937.4,34.8,6.36,Sandy,90.5,No,Yes,Local,6.85
Anambra,Maize,7.45,1617.6,25,4.86,Loamy,103.6,No,No,Improved,2.28
Akwa Ibom,Yam,0.73,1803.7,25.9,5.92,Loamy,109.1,No,No,Improved,7.98
Lagos,Maize,1.18,2487.7,24.9,5.67,Loamy,163.3,No,No,Improved,2.04
Gombe,Cassava,2.89,632.8,31.5,6.56,Clay,48.1,No,No,Improved,8.19
Enugu,Yam,7.02,2122.7,22.2,6.16,Loamy,91.9,No,Yes,Improved,10.99
Gombe,Yam,4.7,705.8,28.4,5.2,Loamy,50.5,No,No,Improved,8.8
Imo,Yam,2.13,2234.1,29.6,6.94,Clay,60.5,No,No,Improved,8.14
Cross River,Rice,1.27,2238,26.1,6.02,Clay,108.6,No,No,Local,2.82
Oyo,Yam,1.42,1548.6,25.2,6.12,Loamy,142.1,Yes,No,Improved,10.49
Niger,Yam,1.44,1062,28.4,5.94,Loamy,0,No,No,Local,7.18
Kebbi,Rice,5.81,653.7,34.1,5.43,Clay,114.6,Yes,No,Local,2.92
Kwara,Maize,0.2,1422.9,28.1,6.83,Loamy,80.4,No,No,Local,1.93
Ekiti,Yam,0.67,1645.8,27.1,5.19,Clay,168.2,Yes,No,Local,6.43
Gombe,Cassava,1.01,848.1,33.8,6.57,Sandy,74,Yes,No,Local,8.5
FCT,Sorghum,5.88,1066.6,27.2,5.16,Loamy,76.1,Yes,No,Local,1.59
Cross River,Maize,8.83,2017.9,22.5,5.08,Clay,177.1,No,No,Improved,2.51
Akwa Ibom,Sorghum,6.11,1754.4,28.9,6.95,Clay,116,Yes,No,Local,1.21
Delta,Cassava,1.15,1681.5,23.3,6.54,Loamy,88,Yes,No,Improved,10.29
Enugu,Maize,2.08,1824.4,23.3,5.79,Loamy,92.7,No,No,Local,1.88
Nasarawa,Yam,17.16,1413.6,28.1,6.33,Loamy,97.8,No,No,Local,7.03
Yobe,Yam,0.5,534.2,37.1,6.46,Sandy,36.3,No,No,Improved,7
Taraba,Yam,1.18,1264.9,28.4,5.77,Loamy,0,No,No,Local,6.4
Ogun,Yam,5.48,1769.1,28.2,7.04,Clay,88,No,No,Local,6.59
Delta,Rice,0.85,2147.7,22.9,7.03,Clay,113.3,No,No,Improved,3.7
Enugu,Maize,0.84,2160.7,23.9,5.58,Sandy,138.5,Yes,No,Improved,2.55
Bayelsa,Sorghum,1.66,1748.7,23.8,6.48,Sandy,36.1,Yes,No,Improved,1.44
Borno,Sorghum,4.14,540.7,38,7,Loamy,0,Yes,No,Local,1.13
Oyo,Maize,3.53,1990.7,27.8,6.43,Loamy,119.9,Yes,No,Local,1.94
Gombe,Cassava,0.26,612.4,33.4,6.66,Sandy,105,No,No,Local,5.14
Ondo,Sorghum,0.82,2192.2,24.7,6.2,Clay,71.7,Yes,Yes,Improved,2.03
Bauchi,Cassava,2.4,659,28.3,4.63,Sandy,92.3,Yes,No,Improved,10.21
Oyo,Sorghum,1.25,2077.9,28.7,4.58,Clay,50.5,Yes,No,Improved,1.55
Bayelsa,Rice,3.6,2404.4,27.1,6.4,Clay,198.9,Yes,No,Improved,3.58
Kebbi,Sorghum,4.15,766.5,30.1,6.01,Loamy,202.3,Yes,Yes,Local,0.79
Plateau,Cassava,0.62,1387.6,27.7,6.09,Loamy,148.3,Yes,No,Improved,11.39
Ekiti,Maize,0.8,1918.2,23,5.32,Clay,74.5,No,No,Improved,2.11
Ogun,Cassava,1.04,1636.5,22.7,6.97,Loamy,109.7,Yes,No,Local,7.69
Benue,Cassava,2.03,1289.6,31.6,5.83,Sandy,24.2,Yes,No,Improved,11.56
Ebonyi,Sorghum,0.36,1993.3,27.4,5.23,Clay,96.4,Yes,No,Local,1.44
Plateau,Maize,1.21,1295,31.1,6.48,Loamy,121.6,Yes,No,Local,2.62
Akwa Ibom,Rice,5.01,1678.3,24.1,5.2,Clay,141.6,No,No,Improved,4.08
Akwa Ibom,Sorghum,0.91,2301.5,26.9,6.92,Clay,48,Yes,No,Improved,1.35
Ondo,Cassava,0.94,1680.3,24.6,5.68,Clay,109.7,No,No,Local,8.87
Akwa Ibom,Maize,1.35,2423.1,29,5.44,Loamy,155.1,No,Yes,Improved,2.12
Nasarawa,Rice,2.62,1145.2,26.7,5.64,Clay,75.7,Yes,No,Local,2.95
Benue,Maize,1.83,1350.3,24.8,5.79,Sandy,73.5,No,No,Local,1.56
Enugu,Maize,1.99,1885.7,24.4,4.9,Clay,84.6,No,No,Local,0.78
Rivers,Yam,1.93,1968.1,24.7,6.18,Sandy,83.6,Yes,No,Local,8.19
Borno,Cassava,1.96,581,37.5,5.82,Sandy,33.3,No,No,Improved,7.43
Zamfara,Cassava,2.68,905.4,33.4,6.3,Loamy,176,No,No,Improved,5.06
Plateau,Rice,0.77,1146.9,31.2,6.45,Loamy,132.9,No,No,Improved,3.63
Ogun,Yam,2.44,1880.3,22.7,5.16,Clay,94.1,No,Yes,Local,8.9
Borno,Sorghum,1.17,331.4,37.9,4.39,Sandy,31.9,Yes,No,Local,1.37
Bauchi,Rice,1.68,827.4,26.8,5.91,Sandy,105.2,Yes,No,Improved,3.94
Taraba,Rice,3.18,1487.3,28.5,6.4,Loamy,126.4,Yes,No,Improved,3.26
Ekiti,Yam,4.52,1533,29.7,6.65,Loamy,142.7,Yes,No,Local,9.83
Jigawa,Cassava,5.64,437.5,28.5,4.98,Sandy,170,No,No,Local,2.38
Rivers,Yam,3.65,1660.5,22.2,4.95,Clay,67,Yes,No,Local,5.89
Rivers,Sorghum,1,2490.9,22.3,6.05,Clay,45.9,No,No,Improved,1.42
Lagos,Cassava,0.71,2292.5,29.6,5.83,Clay,117.3,No,No,Improved,10.32
FCT,Cassava,2.2,1163.5,31.7,6.48,Loamy,111,No,No,Local,8.67
Rivers,Sorghum,4.02,1959.6,24.4,5.24,Clay,50.8,Yes,Yes,Local,1.4
Rivers,Rice,2.72,2430.5,29.1,5.27,Clay,93.4,No,No,Improved,3.56
Kano,Rice,0.43,848.8,31.8,5.24,Sandy,65.3,No,Yes,Local,2.89
Benue,Yam,0.8,1416.6,29,6.85,Loamy,134.1,No,No,Improved,9.54
Taraba,Maize,2.57,1413.1,27.2,6.77,Sandy,54,Yes,Yes,Improved,3
Imo,Yam,1.27,2425.7,22.6,6.76,Clay,5.6,No,No,Local,4.75
Plateau,Yam,9.39,1396.3,29.6,6.77,Clay,80.6,No,No,Local,7.78
Benue,Cassava,0.62,1395.5,24.7,5.87,Clay,108.7,No,Yes,Improved,13.07
Oyo,Cassava,1.01,1753.1,22.2,5.47,Clay,89.2,Yes,No,Local,9.6
Rivers,Yam,2.75,2144,23.6,7.14,Sandy,87.3,No,No,Improved,7.3
Sokoto,Yam,3.08,399.7,32.7,5.93,Sandy,144.6,Yes,Yes,Improved,9.26
Kebbi,Cassava,3.47,999.5,30,6.71,Sandy,8.2,Yes,No,Improved,9.95
Kano,Cassava,6.08,750.1,31.9,5.72,Clay,85.7,Yes,No,Improved,9.88
Plateau,Cassava,4.66,1337.6,31.8,6.18,Loamy,71.6,No,No,Improved,12.77
Anambra,Cassava,1.83,2114.4,25.5,6.84,Clay,87.9,Yes,Yes,Improved,12.08
Nasarawa,Sorghum,1.63,1259.5,27.7,5.29,Loamy,95.7,Yes,Yes,Improved,1.88
Ondo,Rice,1.21,2096.9,23.2,6.8,Clay,63.9,Yes,No,Improved,3.22
Kwara,Yam,0.21,1008.8,26.1,6.13,Loamy,124.5,No,No,Local,6.8
Gombe,Maize,5.5,885.9,26.5,5.71,Sandy,149,No,No,Improved,2.89
Bayelsa,Rice,4.39,2149.8,28.2,6.28,Loamy,110.2,No,No,Local,0.93
Niger,Yam,7.32,1191.5,26.3,5.54,Clay,115.7,Yes,No,Local,9.42
Ebonyi,Rice,1.04,2043.3,24.7,7.13,Loamy,143.4,Yes,No,Improved,4.5
Yobe,Yam,1.06,508.4,35.4,5.67,Sandy,125.5,Yes,No,Local,6.48
Borno,Rice,1.56,452.9,28.1,6.11,Sandy,60.8,Yes,No,Local,2.69
Osun,Sorghum,8.82,1967,29.5,5.67,Loamy,91.3,Yes,No,Improved,1.27
Rivers,Cassava,1.34,2408.9,28.4,6.14,Loamy,70.4,No,No,Local,9.11
Oyo,Maize,1.58,1957.6,28.1,7.02,Clay,123.5,No,No,Local,1.97
Osun,Maize,8.5,1510.7,22.2,5.68,Sandy,155.8,Yes,No,Local,1.85
Niger,Maize,1.01,1309.6,26.4,6.15,Sandy,135,Yes,No,Local,2.24
Zamfara,Cassava,12.65,923.9,28.4,5.23,Sandy,78.3,Yes,No,Local,7.79
Taraba,Cassava,2.59,1335,28.5,5.31,Clay,91.7,No,No,Improved,13.46
Katsina,Maize,4.08,607.1,31.4,7.35,Loamy,146.9,No,No,Local,1.7
Bauchi,Rice,1.01,897.1,33.2,6.65,Loamy,72.6,Yes,Yes,Local,2.97
Nasarawa,Sorghum,1.15,1229.1,28.4,6.47,Loamy,78.6,No,Yes,Local,1.25
Ogun,Sorghum,4.5,2417,23.1,6.51,Clay,100.2,No,No,Improved,1.15
Cross River,Rice,2.44,2042.5,29.6,6.16,Loamy,240.3,No,No,Local,2.08
Bayelsa,Sorghum,1.62,2066.8,28.2,7.35,Loamy,44.4,Yes,No,Improved,1.65
Benue,Yam,0.49,1209.3,31.3,6.83,Sandy,106.5,Yes,No,Local,8
Katsina,Cassava,0.55,677.5,30.8,6.85,Sandy,112.2,No,No,Local,10.24
Katsina,Sorghum,5.16,475.3,33.9,6.26,Sandy,134.3,No,No,Improved,1.3
Rivers,Cassava,1.46,2202.3,24.4,5.24,Loamy,94.6,Yes,No,Local,10.39
Rivers,Sorghum,1.15,2466.6,27.1,5.67,Clay,0,Yes,No,Local,1.08
Taraba,Sorghum,0.2,1222.5,30.4,6.1,Sandy,76,No,No,Improved,1.67
Rivers,Sorghum,1.62,1624.6,27.1,7.73,Clay,128.8,Yes,No,Improved,1.51
Adamawa,Yam,1.14,1254.9,24.4,6.64,Clay,130.7,No,No,Improved,11.39
Ebonyi,Yam,1,2379.3,23.9,5.81,Clay,67.6,Yes,No,Improved,10.84
Benue,Rice,6.36,1040.4,26.6,6.17,Loamy,125.8,No,No,Local,2.89
Rivers,Sorghum,1.16,1840.8,24.9,6.31,Clay,112.1,Yes,No,Local,1.01
Kwara,Rice,0.93,1477.8,24.2,5.72,Clay,106.8,No,No,Improved,3.54
Benue,Maize,1,1081.1,29.5,6.06,Loamy,68.2,Yes,No,Local,2.37
Kano,Maize,2.28,604.6,31,5.38,Loamy,134.1,Yes,Yes,Local,2.12
Sokoto,Yam,2.32,681.5,34.6,5.1,Sandy,132.6,Yes,No,Improved,8.21
Gombe,Rice,1.05,959.8,29.3,6.35,Loamy,196.4,No,Yes,Local,3.37
Kwara,Maize,0.2,1317.2,27.6,5.3,Loamy,148.2,No,No,Local,1.74
Nasarawa,Sorghum,3.47,1206,25.6,6.18,Loamy,73.2,No,No,Local,1.4
Oyo,Sorghum,0.81,1772.9,27.4,5.88,Sandy,56.1,Yes,No,Improved,1.67
Imo,Yam,2.18,1927.8,24.7,4.26,Clay,81.6,No,No,Improved,9.12
Jigawa,Maize,0.46,603,30.2,6.63,Clay,129.3,No,No,Local,2.3
FCT,Yam,0.46,1341.3,24.2,6.37,Clay,91.4,No,No,Local,6.19
Nasarawa,Sorghum,5.52,1148,29.7,6.59,Sandy,52.2,No,No,Improved,1.52
Ebonyi,Rice,0.79,2445.3,29.8,5.92,Clay,110.9,No,No,Local,2.64
Delta,Rice,1.53,2145.3,22.5,5.38,Loamy,77.3,Yes,No,Local,2.68
Gombe,Sorghum,1.6,638.5,33.4,6.88,Loamy,1.3,No,No,Local,1.22
Niger,Maize,1.77,1385.6,28.7,5.89,Clay,124.1,No,No,Improved,2.59
Rivers,Maize,1.8,2145.2,22.5,6.74,Sandy,215.1,No,No,Improved,1.8
Rivers,Sorghum,18.01,1576.2,29.3,5.12,Clay,108.9,No,Yes,Local,1.15
Anambra,Yam,0.9,2398.8,26.9,6.53,Loamy,47.5,No,No,Local,7.88
Borno,Rice,1.89,519.5,38,5.77,Sandy,58.9,Yes,Yes,Local,3.05
Bayelsa,Yam,2.89,2173.7,23.2,5.58,Clay,53,Yes,No,Improved,6.99
Bayelsa,Sorghum,3.55,1878.1,29.8,6.66,Loamy,17.3,No,No,Local,1.13
Kogi,Rice,0.66,1344.2,31.8,5.77,Loamy,94.5,No,No,Improved,3.37
Benue,Sorghum,0.4,1355,30.2,4.63,Clay,87.1,Yes,No,Improved,1.39
Ekiti,Yam,1.02,1714,29.8,6.1,Loamy,119.1,Yes,No,Local,8.2
Cross River,Sorghum,1.1,1586.4,28.8,4.79,Clay,98.2,No,No,Improved,1.31
Edo,Yam,4.26,2023.1,25.5,5.17,Loamy,66.6,No,No,Improved,8.59
Rivers,Rice,9.65,2031.7,27.1,6.15,Loamy,167.9,Yes,No,Local,2.85
Cross River,Sorghum,1.38,1513.4,22.4,5.77,Clay,101.1,No,No,Local,1.1
Niger,Maize,1.47,1045.5,26.5,6.76,Loamy,106.3,Yes,No,Local,2.29
Kaduna,Yam,0.31,877,28.1,6.11,Sandy,100.5,No,No,Improved,11.43
Edo,Cassava,5.46,1510.3,26,6.03,Loamy,99.7,Yes,No,Improved,11.2
Enugu,Cassava,0.32,2082.5,29.3,6.17,Clay,136.3,No,No,Improved,4.51
Ogun,Maize,0.97,2257.8,27.8,5.36,Clay,144.8,Yes,No,Local,2.25
Kebbi,Cassava,5.88,679.6,32,7.07,Clay,133.3,No,No,Improved,8.43
Abia,Sorghum,1.08,2385.3,28.9,5.66,Sandy,46.1,Yes,No,Local,1.13
Edo,Yam,0.61,1504.7,29.1,6.26,Clay,81.2,Yes,No,Local,8.73
Ondo,Cassava,7.39,2337.9,22.5,6.73,Loamy,72.2,Yes,No,Local,8.2
Kaduna,Cassava,0.42,695.9,27.2,6.43,Sandy,71.6,No,No,Local,10.3
Jigawa,Sorghum,8.19,573.2,31.7,5.84,Sandy,117.7,Yes,Yes,Local,1.4
Bayelsa,Maize,2.11,2371.2,23.4,6.32,Clay,147.4,No,No,Improved,2.26
Rivers,Rice,1.41,1674.2,22.1,5.94,Clay,87.2,Yes,No,Improved,2.88
Borno,Rice,0.99,611.4,29.1,5.58,Sandy,238.7,No,No,Local,2.32
Abia,Sorghum,1.32,1610.1,28,6.34,Clay,120.1,Yes,No,Improved,1.44
Osun,Cassava,4.97,2192.7,28,6.93,Clay,69.5,No,Yes,Local,9.84
Gombe,Sorghum,3.21,886.4,30.7,5.34,Clay,25.9,No,No,Local,1.38
Bayelsa,Cassava,5.23,1659.9,28.4,5.47,Loamy,191.1,Yes,No,Improved,7.4
Katsina,Sorghum,2.08,493.5,29.6,6.43,Sandy,79.6,Yes,Yes,Local,1.8
Adamawa,Maize,5.06,1415.2,25.7,6.77,Clay,89.9,No,No,Local,1.61
FCT,Cassava,0.23,1445.1,26.9,4.8,Clay,93.5,No,No,Local,9.38
Kano,Sorghum,0.69,940,27.8,6.23,Loamy,56.6,No,Yes,Improved,1.75
Katsina,Rice,0.64,662.2,34.7,5.89,Clay,58.7,No,Yes,Local,2.67
Lagos,Maize,1.7,1876.4,27.4,6.35,Clay,80,Yes,No,Improved,2.62
Lagos,Yam,2.13,1898.7,23.4,5.67,Clay,37.5,Yes,No,Improved,9.19
Ebonyi,Rice,1.75,2292.6,24.5,6.55,Sandy,113.2,No,No,Local,2.88
Kaduna,Yam,1.61,745.8,28.3,5.2,Sandy,48.4,Yes,No,Local,2.35
Kebbi,Yam,6.45,624.8,32.4,5.43,Sandy,78.8,No,No,Local,6.7
Kano,Yam,0.73,618.6,33.6,5.37,Sandy,79.1,Yes,No,Local,9.52
Enugu,Maize,4.1,2024.6,24.2,6.93,Clay,139.1,No,No,Local,1.89
Imo,Sorghum,2.83,1757.1,25.8,5.73,Loamy,94.8,Yes,No,Local,1.16
Niger,Rice,1.4,1218,31.4,6.2,Loamy,120.9,No,No,Local,4.3
Plateau,Sorghum,1.19,1076.5,27.7,6.52,Sandy,79.6,No,No,Local,1.39
Rivers,Sorghum,0.46,1960.2,27.4,4.91,Clay,101.5,No,No,Local,1.08
Ogun,Rice,1.83,2423.4,29.9,6.04,Clay,125,No,No,Local,2.68
FCT,Yam,17.93,1139.7,26.7,6.31,Loamy,75.5,No,No,Local,8.06
Zamfara,Cassava,1.59,933.3,29.4,5.07,Sandy,144.3,No,No,Local,9.76
Jigawa,Yam,1.69,560.7,30.2,5.81,Loamy,146.7,Yes,No,Local,7.64
Taraba,Maize,0.65,1057.3,27.7,7.59,Clay,115.7,Yes,No,Improved,2.85
Jigawa,Cassava,0.76,531.1,30.4,7.44,Sandy,65.4,Yes,No,Local,9.81
Taraba,Maize,18.62,1159.1,26.4,4.61,Loamy,163.9,No,No,Improved,2.37
Borno,Yam,2.44,369,28.6,6.1,Sandy,141.8,No,No,Improved,10.1
Benue,Rice,1.95,1321.2,25.5,6.8,Clay,160.5,No,No,Local,3.04
Bayelsa,Yam,1.19,1964.9,30,4.89,Clay,176.2,Yes,No,Local,8.09
Kano,Rice,2.28,860.8,26.6,5.22,Sandy,135.6,No,No,Local,2.6
Sokoto,Maize,5.33,312.6,34.1,5.79,Sandy,58.1,Yes,No,Local,2.15
Kwara,Maize,0.52,1163.1,26.9,6.32,Sandy,145.2,Yes,No,Local,2.58
Ondo,Cassava,2.39,2427.8,26.5,5.91,Loamy,6.4,Yes,Yes,Improved,11.17
Rivers,Sorghum,13.16,1641.8,24.6,6.11,Clay,57.3,No,No,Local,1.03
Kaduna,Yam,3.34,765.1,32.9,5.99,Sandy,41.1,No,No,Improved,7.19
Imo,Rice,1.54,1900.8,23.2,6.79,Sandy,82.1,No,No,Improved,3.2
Ondo,Maize,1.58,2341.1,28.7,6.44,Clay,171.5,No,Yes,Local,2.45
Adamawa,Sorghum,10.37,1192.1,31.3,5.62,Loamy,46.8,No,No,Improved,1.55
Katsina,Maize,2.61,343.4,32.7,7.66,Sandy,129.7,Yes,No,Improved,2.08
Delta,Yam,1.21,2157,24.2,6.67,Clay,91.9,No,No,Improved,7.6
Cross River,Cassava,0.67,2126.3,26.5,5.04,Sandy,89.3,No,Yes,Improved,13.48
Bayelsa,Yam,1,1801.5,27.9,6.96,Loamy,146.9,No,Yes,Improved,11.6
Kebbi,Rice,0.84,630.1,32,5.57,Loamy,91.7,No,No,Local,2.27
Enugu,Sorghum,1.25,1635,25.4,5.24,Sandy,97.6,Yes,No,Improved,1.23
Sokoto,Sorghum,5.26,321,35.4,5.45,Sandy,42,No,No,Improved,1.66
Benue,Yam,1.85,1398.3,27.7,6.41,Loamy,71.9,No,No,Improved,9.29
Kaduna,Rice,1.97,613.7,26.8,6.2,Clay,84.6,Yes,No,Improved,4.18
Ekiti,Sorghum,3.65,2115.6,22.9,7.33,Loamy,0,No,No,Improved,1.29
Bayelsa,Yam,3.51,2241.4,23.2,5.81,Clay,107.8,No,Yes,Improved,9.76
Akwa Ibom,Yam,0.83,2263.8,28.8,5.19,Loamy,52.5,No,No,Improved,8.45
FCT,Rice,0.77,1420.3,26.2,5.77,Clay,111.3,No,No,Local,3.5
Taraba,Cassava,0.73,1145.8,29.7,7.11,Sandy,155.5,No,Yes,Local,8.46
FCT,Rice,2.7,1172.1,31.2,6.06,Sandy,164.7,Yes,No,Improved,3.23
Niger,Sorghum,1.07,1142.6,31,6.07,Sandy,52.1,No,No,Improved,1.81
Imo,Cassava,0.58,1988,27.6,6.01,Loamy,134.5,No,Yes,Improved,14.39
Delta,Maize,0.66,1772.2,27.9,5.63,Loamy,85.4,No,No,Improved,2.31
Benue,Yam,5.84,1341.9,24.6,7.61,Clay,110.4,No,No,Local,7.38
FCT,Maize,1.12,1348.1,24.6,6.6,Clay,159,No,No,Local,2.21
Katsina,Cassava,3.44,330,35.5,6.13,Sandy,66.1,Yes,Yes,Local,9.08
Adamawa,Rice,2.79,1260.1,28.4,4.91,Sandy,129.3,No,No,Improved,3.2
Delta,Yam,0.89,2339.6,28.9,4.99,Loamy,57,No,No,Improved,7.16
Benue,Cassava,6.84,1267,28.3,5.73,Loamy,120.6,No,No,Local,6.92
Zamfara,Yam,0.78,780.9,29.8,4.89,Sandy,79.9,Yes,Yes,Local,8.05
Enugu,Sorghum,0.91,2110.5,25.2,5.04,Loamy,56.9,Yes,Yes,Local,1.43
Sokoto,Yam,1.25,580.4,34.9,5.94,Sandy,80.9,No,No,Local,7.87
Kwara,Sorghum,1.88,1185.8,29.7,4.94,Loamy,56,Yes,Yes,Local,1.55
Benue,Yam,1.64,1011.5,28.1,5.52,Clay,140.3,Yes,No,Improved,10.72
Plateau,Maize,1.41,1227,26.2,5.9,Sandy,116.6,No,No,Local,1.4
Niger,Cassava,1.92,1040.7,26.7,6.29,Clay,81.4,No,Yes,Local,9.24
Abia,Rice,0.73,2488.2,29.8,5.87,Loamy,85.4,No,No,Local,3.18
Katsina,Rice,3.33,503.9,32.8,5.63,Sandy,172.2,No,No,Local,2.34
Osun,Maize,6.63,2064,22.6,5.45,Clay,156.2,No,Yes,Improved,2.36
Taraba,Sorghum,0.83,1401.2,26,6.27,Clay,1.8,No,No,Improved,1.37
Lagos,Maize,0.26,1500.6,25.8,6.48,Loamy,114.8,No,No,Local,1.8
Rivers,Rice,0.82,1689.4,24.6,5.03,Loamy,44.5,No,No,Improved,3.41
Ekiti,Rice,2.59,2318.5,27.2,5.02,Loamy,183.7,No,No,Improved,3.12
Oyo,Cassava,0.99,1673.5,26.1,5.87,Loamy,125.6,No,Yes,Local,9.29
Abia,Yam,0.42,2491.5,26.8,7.29,Loamy,73.5,Yes,No,Improved,8.74
Kogi,Maize,1.5,1370.7,31.7,6.66,Clay,130.8,Yes,No,Local,2.33
Cross River,Maize,4.27,1688.2,27.6,6.04,Sandy,90.8,No,No,Local,1.82
Akwa Ibom,Rice,0.78,1658.5,24.8,6.16,Sandy,109.5,No,No,Improved,3.65
Ebonyi,Cassava,5.99,2024.5,29.6,5.37,Loamy,34.5,No,No,Improved,9.73
Oyo,Cassava,3.07,1951,26.1,5.36,Clay,141,No,No,Improved,9.9
Kwara,Sorghum,1.88,1472.6,24.9,5.54,Loamy,15.7,No,No,Improved,1.36
Adamawa,Yam,0.2,1153.9,28.7,6.45,Clay,118.7,Yes,No,Improved,11.61
Kebbi,Cassava,0.65,839.5,31,5.36,Clay,111.4,No,No,Local,8.53
Bauchi,Cassava,2.12,632.3,33.5,6.01,Clay,42.4,No,No,Improved,8.89
Zamfara,Rice,0.85,899.9,34.8,4.94,Sandy,136.6,Yes,No,Local,2.88
Anambra,Rice,1.75,1576.1,24.9,5.64,Clay,67.1,No,No,Local,2.53
Plateau,Rice,23.73,1171,24.8,5.06,Clay,122.5,Yes,No,Improved,4.12
Yobe,Yam,0.49,693.8,32.7,6.57,Clay,7.9,No,No,Improved,7.08
Osun,Sorghum,1.5,1548.5,27.3,6.47,Clay,31.2,No,No,Local,0.9
Jigawa,Maize,0.65,661.9,34.2,5.32,Clay,107.4,No,Yes,Local,2.47
Akwa Ibom,Sorghum,4.65,1709.5,29.8,6.34,Sandy,70.8,No,No,Improved,1.38
Ebonyi,Sorghum,1.29,2169.7,25.9,5.92,Clay,0,No,No,Improved,1.44
Plateau,Cassava,0.52,1359.5,27.7,7.38,Clay,92.5,No,No,Local,7.67
Benue,Rice,1.27,1416.2,29.2,5.5,Sandy,139.5,Yes,No,Local,3.64
Bauchi,Cassava,2.1,692.5,34.3,5.66,Clay,90.3,No,No,Improved,11.63
Gombe,Rice,4.34,934.3,26.1,7.25,Clay,69.9,Yes,No,Local,2.45
Kebbi,Yam,3.83,640.7,34.7,6.29,Loamy,116.6,No,No,Local,6.48
Kebbi,Maize,1.3,638.2,26.1,5.47,Loamy,151.1,Yes,No,Improved,2.4
Ondo,Sorghum,2.31,1610.9,28.1,6.01,Loamy,77.4,No,No,Local,1.25
Edo,Maize,1.24,1509.1,27,6.53,Loamy,139,No,No,Local,1.92
Nasarawa,Rice,0.75,1250.6,30.1,5.1,Sandy,97.3,No,No,Local,2.61
Kano,Rice,1.37,926.8,31.8,6.29,Clay,92.2,No,No,Improved,4.15
Akwa Ibom,Sorghum,3.26,2336.4,24.1,5.9,Clay,57.7,No,No,Local,1.3
Gombe,Yam,2.39,673.7,30.1,5.52,Loamy,124.1,No,Yes,Local,9.24
FCT,Yam,1.72,1048.1,30.4,5.56,Sandy,66.4,No,No,Improved,8.22
Kaduna,Yam,0.91,854.8,34,7.27,Clay,94.2,No,No,Local,5.88
Katsina,Yam,0.26,478.7,30.9,6.25,Sandy,147.8,Yes,No,Local,8.89
Kogi,Cassava,1.02,1242.6,31,5.93,Sandy,33.7,Yes,No,Local,7.75
Benue,Sorghum,1.67,1339.4,24.2,6.68,Sandy,0,No,No,Improved,1.27
Ekiti,Rice,1.27,1836.7,25,6,Loamy,79.1,Yes,No,Improved,3.71
Katsina,Yam,1.97,342.3,35.9,6.9,Clay,82,No,No,Improved,7.93
Nasarawa,Yam,1.83,1429.3,28.6,6.27,Loamy,91,No,No,Local,8.64
Delta,Cassava,5.62,2144.7,23.3,5.58,Clay,54.6,Yes,No,Improved,11.46
Ekiti,Maize,14.63,1527.8,24,6.97,Clay,190.8,No,No,Improved,2.21
Kebbi,Cassava,0.82,820.9,30.5,6.27,Sandy,92.4,No,No,Local,9.4
Sokoto,Maize,1.39,662.4,37.3,6.4,Clay,123,Yes,No,Improved,2.4
Zamfara,Cassava,1.37,902,27.5,5.07,Loamy,93.5,Yes,Yes,Improved,12.64
Kebbi,Yam,2.23,823.2,29.7,7.24,Loamy,125.6,Yes,No,Improved,8.82
Cross River,Yam,1.2,1625.4,22,7.29,Loamy,119.3,No,No,Local,5.21
Lagos,Rice,1.05,1880.3,29.8,5.12,Clay,88.2,Yes,No,Local,3.35
Imo,Sorghum,0.38,2434.1,29.2,4.47,Clay,6.3,No,No,Improved,1.15
Enugu,Maize,0.55,2294.2,23.6,5.95,Sandy,163.2,Yes,No,Improved,2.43
Adamawa,Cassava,0.43,1426.4,25.5,5.61,Loamy,145.6,Yes,No,Improved,10.24
FCT,Cassava,0.42,1144.2,25.1,6.57,Loamy,123.1,Yes,No,Local,7.58
Ondo,Sorghum,0.95,1702.6,27.9,6.66,Clay,29.4,Yes,No,Improved,1.92
Bayelsa,Maize,1.81,2207.9,23,4.38,Sandy,134.4,No,No,Local,1.77
FCT,Sorghum,1.59,1378.8,25.7,6.44,Loamy,44,Yes,No,Local,1.27
Borno,Yam,0.82,534.4,37.4,5.83,Loamy,137.1,Yes,No,Local,5.94
Katsina,Yam,3.06,390.4,36,5.23,Sandy,94.7,Yes,Yes,Improved,9.61
Plateau,Sorghum,6.26,1197.5,27.5,5.19,Sandy,32.8,Yes,Yes,Improved,1.93
Kano,Maize,1.7,619.5,30.7,6.51,Sandy,133.4,No,No,Local,2.16
Ekiti,Maize,0.35,1997.6,26.1,5.66,Sandy,179,No,Yes,Local,1.91
Anambra,Rice,0.8,1631.9,23.8,6.22,Loamy,143.8,No,No,Improved,3.69
FCT,Maize,0.3,1238.5,27.7,5.71,Clay,95.2,No,No,Improved,2.37
Delta,Rice,3.12,2069.9,25.7,5.69,Clay,122.8,Yes,No,Local,3.25
Imo,Yam,2.82,2007.6,29.1,6.65,Clay,110.4,Yes,No,Local,6.95
Lagos,Maize,2.76,2209.5,28.2,5.83,Clay,92.4,No,No,Improved,2.45
Kebbi,Rice,5.48,960.1,28.7,6.59,Loamy,48,No,No,Improved,2.78
Bauchi,Yam,0.42,724.7,28.2,6.09,Loamy,130.2,Yes,Yes,Improved,10.71
Taraba,Maize,3.2,1437.6,25.5,6.69,Loamy,145.1,No,No,Improved,2.57
Sokoto,Sorghum,1.48,486,30.1,6.43,Sandy,140.4,No,No,Local,0.99
Rivers,Cassava,1.33,1943.6,26.8,5.36,Loamy,168.2,No,No,Improved,9.89
Delta,Yam,1.86,2218.1,23.1,5.72,Loamy,93.9,No,No,Local,8.22
Enugu,Maize,1.25,1671.4,24.3,6,Clay,131.4,Yes,No,Local,2.27
Niger,Yam,1.05,1178.3,25.5,4.87,Loamy,31.5,Yes,No,Local,7.14
Akwa Ibom,Rice,0.97,1818.8,26.7,6.44,Clay,144.3,No,Yes,Improved,3.76
Benue,Maize,2.75,1456.9,31.8,4.58,Loamy,61.3,No,No,Local,1.83
Oyo,Rice,1.63,1653.9,28.1,6.35,Loamy,148.4,Yes,No,Improved,3.49
Lagos,Sorghum,1.98,1806.9,25.3,6.43,Clay,119.4,Yes,No,Local,1.06
Kebbi,Sorghum,5.62,896.3,32.4,7.35,Sandy,26.1,No,No,Local,1.52
Zamfara,Maize,2.91,710.2,31.6,6.73,Clay,123.9,Yes,No,Local,2.52
Benue,Rice,0.72,1052.3,25,6.01,Loamy,60.3,No,No,Local,2.87
Gombe,Yam,3.36,820.3,33.4,5.75,Sandy,77.7,Yes,No,Local,7.5
Kano,Yam,2.02,693.1,31.6,6.57,Clay,96.7,Yes,No,Improved,6.01
Benue,Rice,2.43,1456.2,26,5.96,Loamy,83.9,No,No,Local,2.83
Edo,Maize,1.75,1975.7,29.9,6.15,Clay,165.5,Yes,No,Local,1.71
Oyo,Maize,3.98,1541.4,24.1,7.61,Loamy,115.1,Yes,No,Improved,2.66
Oyo,Cassava,4.53,2241.9,29,5.06,Sandy,89,No,No,Improved,9.25
Edo,Rice,2.34,2364.3,22.6,6.58,Clay,52.8,Yes,No,Improved,3.68
Niger,Yam,0.33,1137.2,28.6,5.41,Clay,115,No,No,Local,8.33
Gombe,Rice,6.33,944.9,35,5.27,Loamy,160.7,Yes,No,Local,2.67
Bayelsa,Yam,1.61,2290.1,28.1,6.21,Loamy,160.2,Yes,No,Local,6.76
Lagos,Maize,0.32,1968,22.5,5.88,Clay,67.5,No,No,Improved,2.48
Akwa Ibom,Yam,1.94,1721,26.8,5.84,Clay,88.4,No,No,Improved,9.37
Kwara,Yam,0.2,1108.1,25.2,5.55,Clay,61.1,Yes,No,Improved,10.83
Lagos,Sorghum,2.82,2264.8,28.2,4.99,Clay,0,Yes,No,Improved,1.12
Ogun,Rice,11.24,1979.4,22.7,6.11,Clay,72.8,No,No,Improved,3.67
Oyo,Sorghum,1.02,2288.3,25.4,5.85,Clay,17.4,Yes,No,Local,0.97
Borno,Maize,0.84,559,29.9,5.66,Loamy,209.5,Yes,No,Local,2.54
Anambra,Sorghum,2.16,1888.1,26.1,5.9,Loamy,35.3,No,No,Improved,1.57
Benue,Rice,0.36,1499.7,28.8,4,Loamy,125.2,No,No,Improved,3.33
Taraba,Rice,0.2,1110.5,28.1,5.8,Sandy,95,Yes,No,Local,3.3
Benue,Maize,1.17,1142.4,30.1,6.94,Loamy,128,Yes,No,Local,2.35
Lagos,Maize,3.54,2254.6,23.9,5.47,Loamy,103.3,No,Yes,Local,2.41
Kwara,Yam,0.31,1201.4,30.8,5.97,Sandy,68.1,No,No,Improved,10.08
Niger,Yam,1.33,1054.9,28.8,6.54,Loamy,90.8,Yes,No,Local,8.51
Edo,Rice,1.73,1973.9,23.3,6.06,Clay,124.9,Yes,No,Local,1.78
Kwara,Yam,1.82,1474.8,30.6,5.71,Loamy,128,No,No,Local,6.86
Benue,Sorghum,2.99,1105.2,26,6.05,Sandy,60.8,No,No,Improved,1.8
Ekiti,Maize,2.12,2144.5,25.1,5.95,Sandy,109.9,No,No,Local,2.12
Borno,Maize,0.64,432.2,32.1,5.66,Clay,101.5,No,No,Local,1.11
Akwa Ibom,Rice,0.99,1952.5,24,6.51,Loamy,106.7,Yes,No,Improved,3.69
Taraba,Cassava,8.68,1271,27.4,6.41,Loamy,49.4,Yes,No,Improved,9.22
Benue,Rice,0.45,1138.5,30,5.1,Loamy,123.3,Yes,No,Improved,3.96
Kebbi,Cassava,1.06,620.8,28.6,4.86,Sandy,0,No,No,Local,6.31
Akwa Ibom,Yam,0.61,2426.5,28.1,5.53,Clay,175.8,No,No,Improved,8.19
Edo,Cassava,2.17,2046.9,27.5,5.54,Clay,56.5,No,No,Local,8.05
Akwa Ibom,Rice,4.66,1780,24.9,5.58,Clay,116.8,No,No,Local,3.3
Taraba,Sorghum,0.2,1200.6,27.5,7,Loamy,13.4,No,Yes,Improved,2.12
Katsina,Sorghum,3.73,420.1,33.9,4.96,Clay,49.6,Yes,No,Local,1.29
FCT,Sorghum,2.99,1427.7,25.9,6.7,Loamy,62.6,Yes,No,Local,1.12
Niger,Rice,1.85,1447.3,27.1,6.75,Loamy,117.8,Yes,No,Local,2.71
Katsina,Yam,0.46,351.2,31.6,6.05,Clay,71.7,Yes,No,Improved,10.86
Anambra,Rice,3.28,1569.7,26.6,5.83,Loamy,91.8,No,No,Local,3.55
Sokoto,Yam,0.83,476.1,37,4.84,Loamy,86.7,No,No,Local,5.96
Oyo,Maize,0.88,1548.4,23,5.71,Loamy,111.3,No,No,Local,1.9
Akwa Ibom,Yam,3.7,2000.1,25.6,6.45,Loamy,78.6,No,Yes,Improved,3.14
Delta,Sorghum,3.91,2412.2,22.2,5.84,Clay,142.2,No,Yes,Improved,1.36
Delta,Maize,1.61,2328.7,23.8,6.32,Clay,24.2,No,No,Improved,2.57
Borno,Rice,8.31,615.9,29.2,4.95,Loamy,132.4,No,Yes,Local,3.12
Taraba,Sorghum,1.82,1395.9,31.3,5.45,Clay,50.1,No,No,Local,1.02
Kogi,Yam,4.22,1252.8,32,5.62,Sandy,97.7,No,No,Local,8.49
Bayelsa,Cassava,2.03,1847.4,22.8,6.53,Loamy,117.3,No,No,Local,7.67
Edo,Yam,1.52,1754,25.8,6.16,Loamy,49.1,Yes,No,Local,8.1
Kebbi,Maize,3.84,662.1,26.1,5.25,Sandy,139,No,Yes,Improved,2.95
Bayelsa,Yam,1.07,2263.2,25.5,5.5,Loamy,122.5,Yes,No,Local,8.54
Nasarawa,Cassava,0.65,1399.8,29.7,6.87,Clay,87,Yes,No,Improved,11.56
Ekiti,Maize,1.22,1778.2,23.5,5.89,Loamy,125.2,Yes,No,Improved,2.07
Delta,Rice,0.85,2414.6,25.1,5.23,Clay,106.6,Yes,No,Improved,3.46
Niger,Cassava,4.88,1096.4,30.2,6.39,Loamy,72.1,Yes,No,Improved,11.46
Nasarawa,Rice,2.04,1457.1,30.9,5.73,Loamy,111,Yes,No,Local,2.26
Edo,Cassava,2.6,2085.3,22.7,6.6,Loamy,39.8,No,No,Improved,11.09
Edo,Maize,1.78,1531,29.2,5.3,Clay,78.2,No,No,Local,2.44
Ogun,Cassava,0.88,2330.2,25,7.13,Clay,99.5,Yes,No,Improved,8.7
FCT,Maize,2.87,1129.7,26.4,7.3,Loamy,156,Yes,No,Local,2.43
Oyo,Sorghum,2.58,2113.2,23.8,5.59,Clay,43.2,No,No,Local,1.28
Osun,Cassava,1.26,1852.9,26.9,7.24,Clay,79.4,Yes,No,Local,8.59
Akwa Ibom,Sorghum,8.34,2310.2,29.9,6.54,Clay,70.1,Yes,No,Local,1.24
Akwa Ibom,Sorghum,0.41,2006.2,24.8,5.88,Loamy,71,Yes,No,Improved,1.74
Rivers,Cassava,2.39,1653,27.6,6.38,Clay,137.4,Yes,No,Local,7.03
Bauchi,Maize,3.82,891.4,33.9,5.6,Sandy,108.9,No,Yes,Improved,3.06
Akwa Ibom,Cassava,1.84,2034.6,26.3,5.76,Sandy,142.2,Yes,No,Improved,11.77
Ondo,Yam,0.25,1834.3,25.4,6.17,Sandy,85.4,Yes,No,Local,8.97
Kaduna,Rice,0.22,955.2,30,6.36,Clay,99,No,No,Local,3.07
Cross River,Sorghum,8.53,1662.4,26.4,6.79,Sandy,97,No,No,Local,1.26
Niger,Maize,4.71,1102.2,24.2,5.33,Sandy,135.2,No,No,Local,2.13
Adamawa,Sorghum,1.27,1214.9,26.7,4.96,Loamy,96.7,No,Yes,Local,1.22
Ogun,Maize,1.13,2397.2,28.6,5.57,Clay,87.9,No,No,Local,1.72
Lagos,Rice,2.85,1503.5,22.4,5.58,Clay,64.6,Yes,No,Improved,3.7
Benue,Rice,0.82,1030.2,25,6.09,Loamy,81.5,Yes,Yes,Local,3.52
Oyo,Maize,1.34,2015.2,27.2,5.42,Loamy,109.4,No,No,Local,1.9
Katsina,Sorghum,2.86,564,30.1,6.1,Sandy,52.8,No,No,Improved,1.75
Adamawa,Yam,0.85,1442.4,25.9,5.51,Clay,140,No,No,Local,7.44
Ondo,Sorghum,2.6,1555.8,29.5,5.98,Loamy,37.8,Yes,No,Local,1.52
Ebonyi,Yam,2.3,2264.7,25.2,5.39,Loamy,138.9,No,No,Local,7.63
Plateau,Sorghum,1.5,1220,27.6,5.64,Loamy,33.3,No,No,Improved,1.4
Ebonyi,Yam,6.07,2042.8,29.5,7.03,Clay,112.5,Yes,No,Improved,8.28
Bayelsa,Yam,2.4,2252.9,22.6,5.8,Sandy,82.8,Yes,No,Local,7.82
Sokoto,Yam,0.86,392.9,28.9,6.1,Clay,30.9,No,Yes,Improved,10.88
Edo,Yam,0.82,1995.1,28.1,5.93,Loamy,71.7,No,No,Improved,7.96
Zamfara,Rice,2.62,977,30.9,5.07,Loamy,72.6,Yes,No,Local,2.82
Delta,Maize,0.97,2135.2,24.7,6.42,Sandy,180.1,Yes,No,Improved,2.94
Zamfara,Maize,2.15,618.9,28.2,6.38,Loamy,111.2,No,No,Improved,2.86
Plateau,Yam,3.85,1038.4,26.4,6.66,Loamy,168.8,Yes,Yes,Improved,11.14
Edo,Rice,0.74,1542.3,28.9,6.84,Clay,79.6,No,No,Local,2.66
Gombe,Yam,2.03,714.4,33,6.18,Clay,134.1,Yes,No,Local,5.89
Gombe,Maize,2.58,817.4,27.4,5.97,Sandy,95.2,No,No,Local,0.82
Imo,Maize,0.3,1504.4,27.8,6.54,Loamy,107.7,Yes,No,Improved,2.84
Kwara,Maize,0.29,1025.6,31.6,5.12,Sandy,110.8,No,No,Local,2.38
Kogi,Sorghum,1.54,1111.1,24.6,5.58,Clay,48.4,Yes,No,Local,1.35
Edo,Cassava,1.93,1908.9,24.1,6.84,Clay,88.1,No,No,Improved,10.94
Oyo,Maize,4.01,1896.6,26,6.61,Clay,150.1,No,No,Local,1.71
Taraba,Yam,1.01,1234.7,28.6,6.07,Loamy,181.3,Yes,No,Improved,10.01
Yobe,Cassava,0.65,562,30.3,5.5,Sandy,92.9,Yes,No,Local,7.86
Anambra,Maize,2.24,2383.1,22.6,6.52,Clay,159.1,Yes,No,Improved,2.15
Yobe,Sorghum,3.19,341.2,35,5.79,Clay,79.7,No,No,Improved,1.59
Gombe,Cassava,1.54,907.3,28,4.72,Sandy,38,No,No,Improved,11.4
Cross River,Cassava,7.89,1559.7,23.7,5.39,Clay,73.3,No,No,Improved,7.36
Edo,Maize,2.5,2254.9,23.8,6.23,Clay,136.2,Yes,No,Local,2.31
Anambra,Rice,1.52,2282.4,23.1,5.66,Clay,139.4,No,No,Improved,3.97
Ebonyi,Sorghum,0.64,2330.2,28.3,6.08,Loamy,48,No,No,Improved,1.68
Ebonyi,Rice,0.8,2102.3,28.1,5.85,Loamy,17.9,No,No,Local,2.82
Bauchi,Maize,4.19,991.8,29.1,5.83,Loamy,108.2,Yes,No,Local,2.3
Kano,Sorghum,0.88,746.4,26.5,4.77,Sandy,16.8,No,No,Local,1.3
Bauchi,Rice,5.9,968.3,31.1,5.98,Sandy,54.4,Yes,No,Improved,3.13
Kwara,Sorghum,0.52,1161.2,26.1,6.22,Sandy,52.1,Yes,No,Improved,1.79
Jigawa,Rice,4.06,380.6,31.7,6.05,Loamy,120.2,Yes,No,Improved,3
Kaduna,Yam,4.97,955.7,29.3,5.82,Sandy,84.1,Yes,Yes,Improved,13.69
FCT,Yam,4.61,1453.9,31.4,5.21,Loamy,124.4,No,No,Local,7.46
Taraba,Rice,0.58,1208.8,31.5,7.26,Sandy,133.5,No,No,Improved,3.28
Borno,Maize,0.48,384.5,28.5,5.92,Sandy,177.9,No,Yes,Improved,3.68
Imo,Sorghum,3,2052.1,22.8,4.28,Clay,77.7,Yes,No,Improved,1.35
Edo,Yam,0.72,2320.4,29.8,5.54,Loamy,172.3,Yes,No,Local,5.89
Abia,Sorghum,1.75,2476.2,26,6.43,Clay,56.3,Yes,Yes,Improved,1.94
Imo,Yam,0.78,2048.9,22.2,6.97,Loamy,46.9,No,No,Improved,9.07
Benue,Yam,24.46,1321.3,27.8,6.24,Loamy,61.1,No,No,Local,8.11
Bayelsa,Rice,3.12,1840.2,25.4,4.64,Loamy,126.6,Yes,No,Local,2.73
Kebbi,Cassava,3.36,660,35,4.92,Loamy,224.9,No,No,Local,6.25
Bayelsa,Cassava,0.89,1550.3,24.3,5.77,Loamy,109,No,Yes,Improved,12.23
Kogi,Yam,0.79,1005.5,27.1,5.34,Loamy,122.6,Yes,No,Local,10.04
Kano,Sorghum,11.59,783.6,26.1,6.45,Sandy,73.6,No,No,Local,1.19
Jigawa,Sorghum,1.95,525.2,35.5,6.14,Sandy,0,No,Yes,Local,1.28
Benue,Rice,0.85,1252.4,25.2,6.19,Sandy,175.4,No,No,Improved,3.09
Taraba,Sorghum,1.93,1367.7,27.6,6.59,Loamy,107.9,No,No,Improved,1.45
Yobe,Cassava,2.15,319.2,31.7,5.29,Sandy,78,Yes,No,Improved,10.41
Benue,Yam,1.04,1037.4,24.2,5.87,Sandy,63.4,No,No,Improved,9.03
Enugu,Yam,1.4,2107.7,23.1,6.48,Loamy,47.1,Yes,No,Local,8.36
Benue,Rice,0.64,1142.2,26.1,5.19,Clay,154.8,No,Yes,Local,1.14
Abia,Sorghum,2.12,1723.2,28.4,5.5,Loamy,118,No,No,Improved,1.21
Borno,Maize,0.47,530.1,31.2,5.63,Sandy,224.4,Yes,No,Improved,2.32
Plateau,Maize,0.63,1426.4,26.8,6.57,Sandy,188.1,Yes,No,Improved,2.73
Katsina,Yam,0.65,529.7,37.3,7.02,Sandy,225.9,Yes,Yes,Local,6.58
Jigawa,Maize,2.73,308.9,29.8,5.39,Sandy,94.6,No,No,Local,2.28
Jigawa,Maize,1.12,421.5,36.8,7.12,Sandy,66.4,Yes,No,Local,0.82
Ondo,Cassava,0.72,2476.7,23.9,7.02,Clay,46.9,Yes,No,Local,7.35
Gombe,Rice,0.8,632,34.9,4.78,Sandy,130.3,Yes,No,Local,2.73
Yobe,Cassava,3.65,561.4,28.1,5.21,Sandy,13.5,Yes,Yes,Local,9.38
Kwara,Cassava,0.79,1452.8,25.7,6.44,Loamy,95.8,Yes,No,Improved,10.58
Edo,Sorghum,4.88,1737.9,23.8,6.12,Loamy,46.4,No,No,Local,1.28
Cross River,Sorghum,6.48,1854.4,25.6,6.53,Clay,139,No,No,Local,0.97
Kaduna,Cassava,1.95,802.7,29.1,5.25,Clay,135.9,No,Yes,Improved,12.27
Ekiti,Yam,1.84,1807.6,23,6.22,Sandy,161.4,No,No,Improved,7.93
Ogun,Yam,0.42,2077.3,23.8,6.84,Loamy,148.9,Yes,Yes,Improved,10.55
Ondo,Rice,1.14,2043.8,22,6.4,Clay,121.2,Yes,Yes,Improved,5.06
Benue,Sorghum,5.02,1473.8,25.3,6.52,Clay,78.3,No,No,Local,0.89
Ogun,Sorghum,0.89,1933.6,26.8,4.96,Clay,99.9,No,No,Improved,1.18
Cross River,Sorghum,2.17,2067.3,22.7,5.65,Loamy,1.2,No,Yes,Local,1.46
Enugu,Maize,2.97,1950.6,27.2,6.69,Clay,132.4,No,No,Local,2.27
Jigawa,Yam,0.64,360.5,34.2,5.49,Sandy,114.9,Yes,No,Local,6.23
Imo,Rice,0.95,2047.2,26.3,6.6,Clay,128.7,Yes,No,Local,2.89
Edo,Maize,0.95,1638.3,25.7,5.93,Clay,124.9,No,No,Local,2.13
Niger,Yam,1.09,1062.7,29.3,6.13,Clay,117.8,No,No,Improved,10.18
Yobe,Maize,0.65,520.9,37.1,4.36,Loamy,185.9,No,No,Local,1.8
Yobe,Cassava,1.82,351.6,28.1,6.06,Sandy,74.8,Yes,No,Local,9.18
Cross River,Cassava,1.5,2099,25.9,6.77,Loamy,74.6,No,No,Improved,11.19
Bayelsa,Cassava,2.31,1588,29.5,6.63,Loamy,73.3,Yes,Yes,Local,12.83
Adamawa,Cassava,0.89,1274.4,28.9,6.42,Sandy,54.2,No,No,Local,10.24
Nasarawa,Cassava,1.27,1242.2,31.2,6.72,Loamy,94.1,No,No,Improved,12.35
Benue,Rice,1.95,1097.2,31.8,6.32,Loamy,151.1,Yes,Yes,Local,2.76
Akwa Ibom,Sorghum,3,1949.1,23.8,5.6,Clay,0.6,No,No,Improved,1.34
Delta,Maize,0.28,1698.8,24.5,6.2,Loamy,127.8,Yes,No,Local,2.34
Edo,Yam,1.34,1940.4,28.9,6.4,Loamy,37.4,Yes,No,Improved,10.09
Bauchi,Rice,1.45,850.7,31.5,5.94,Sandy,80.1,No,No,Local,2.84
Oyo,Maize,2.58,1529.8,28.9,5.6,Clay,202.2,No,No,Improved,2.28
Cross River,Maize,0.2,1719.9,23.4,7.49,Sandy,150.5,Yes,No,Local,0.63
Bauchi,Maize,1.76,669.2,32.1,7.09,Loamy,87.1,No,No,Local,2.05
Plateau,Cassava,0.57,1439.9,26,5.21,Clay,100.2,No,No,Improved,8.79
Taraba,Yam,4.6,1189.9,31.9,6.38,Loamy,103.3,Yes,No,Improved,10.55
Bayelsa,Sorghum,1.38,1711.5,22.7,6.51,Clay,17.8,Yes,No,Local,1.29
Nasarawa,Yam,3.75,1170,30.3,6.18,Loamy,147.3,No,No,Improved,11.88
Sokoto,Cassava,0.6,631.9,31.2,6.04,Sandy,79.4,Yes,No,Local,9.45
Jigawa,Cassava,2.18,680.6,33,6.28,Loamy,86.3,No,No,Improved,9.85
Adamawa,Maize,0.53,1044,27.7,6.27,Sandy,115.6,Yes,No,Improved,2.74
Enugu,Yam,1.48,1782.3,27.1,6.07,Clay,149.1,No,No,Local,8.75
Bayelsa,Maize,1.1,1873.6,26.3,6.41,Clay,133.2,Yes,No,Local,2.05
Osun,Yam,1.64,1728.9,29.8,5.71,Loamy,97.9,No,No,Local,2.52
Osun,Rice,3.22,1692.3,24.4,6.75,Clay,128.5,No,Yes,Local,3.31
Nasarawa,Yam,0.39,1152.6,25.3,5.13,Loamy,71.2,Yes,No,Local,6.78
Zamfara,Rice,3.35,839.3,33.7,6.09,Sandy,61.1,No,No,Local,2.77
Taraba,Maize,0.93,1273.7,27.6,6.1,Clay,155,Yes,Yes,Local,2.47
Lagos,Cassava,1.77,1861.5,26.4,4.26,Sandy,111.5,No,No,Local,7.58
Zamfara,Maize,1.19,976.8,30.1,5.92,Sandy,83.5,No,No,Local,2.58
Jigawa,Yam,0.81,697.8,37.9,4.83,Loamy,26.6,No,No,Local,5.42
FCT,Sorghum,6.51,1120.3,26.9,5.66,Loamy,43.3,No,No,Local,1.31
Katsina,Sorghum,4.1,373.2,37,6.21,Loamy,0,No,No,Improved,1.21
Kwara,Sorghum,4.71,1208.4,27.1,6.68,Clay,103.2,No,No,Improved,1.29
Akwa Ibom,Sorghum,0.62,2449.1,27.2,6.81,Loamy,21.1,Yes,Yes,Improved,1.93
Enugu,Sorghum,1.5,1671.3,22.1,5.79,Clay,48.6,No,No,Improved,1.2
Bayelsa,Rice,0.38,1782.9,22.4,5.09,Clay,84.8,No,No,Local,2.83
Adamawa,Cassava,2.65,1015.6,26.8,6.74,Clay,23.5,No,No,Local,8.25
FCT,Yam,0.66,1103.7,27,5.58,Clay,80.1,No,No,Local,8.3
Taraba,Cassava,1.37,1471.5,27.4,5.56,Clay,72,No,No,Local,5.57
Akwa Ibom,Yam,2.48,1839.2,23,6.56,Clay,166.3,Yes,No,Local,7.58
Enugu,Maize,1.7,2467.8,26.5,6.82,Clay,146.5,No,Yes,Local,1.87
Kaduna,Cassava,0.64,713.1,34.8,5.56,Clay,83.1,Yes,No,Improved,11.05
Jigawa,Cassava,0.55,699.3,35.8,7.03,Sandy,126.9,No,No,Local,6.6
Osun,Maize,2.52,2351.5,27.3,6.52,Loamy,184.9,No,No,Local,1.84
Nasarawa,Cassava,3.76,1100.6,27.7,7.27,Sandy,117.6,No,No,Local,9.15
Taraba,Sorghum,1.71,1105.8,29.1,6.53,Loamy,106.1,No,No,Local,1.16
Kebbi,Yam,1.48,727.8,32.7,6.37,Sandy,58.3,No,No,Improved,7.12
Plateau,Maize,4,1014.5,28.9,5.35,Loamy,219.3,No,No,Local,1.87
Ogun,Yam,1.69,1716.1,26.2,6.33,Loamy,72.9,Yes,No,Local,6.79
Adamawa,Cassava,3.51,1431.7,25.5,6.45,Clay,46,No,No,Local,6.68
Sokoto,Sorghum,2.25,399,28.8,5.51,Clay,71.3,No,Yes,Local,1.61
Yobe,Yam,2.48,613,34.7,5.21,Sandy,123.7,Yes,No,Local,8.41
Ogun,Sorghum,3.76,2285.9,29.5,5.2,Loamy,61.8,Yes,No,Local,0.89
Zamfara,Maize,2.37,766.7,33.7,5.31,Loamy,130.5,No,Yes,Local,2.07
Anambra,Yam,1.51,2007.1,26.4,7,Clay,154,No,No,Local,7.62
Akwa Ibom,Rice,0.66,1582.7,26.9,5.67,Clay,113.1,No,No,Improved,3.81
Bauchi,Sorghum,0.3,825.7,32.6,7.33,Sandy,68.6,Yes,No,Improved,1.91
Akwa Ibom,Maize,0.21,1708.1,26.3,6.17,Loamy,123.2,No,No,Improved,0.96
Benue,Maize,16.38,1437.8,29.7,4.81,Loamy,122.6,Yes,No,Improved,2.39
Bauchi,Rice,2.63,900.8,35,7.81,Loamy,96,Yes,No,Local,2.71
Ebonyi,Yam,3.84,2095.6,24.1,6.59,Sandy,67,No,No,Local,6.08
Kebbi,Sorghum,6.25,807.2,30.7,6.51,Sandy,51.7,No,Yes,Local,1.83
Ogun,Yam,0.2,2381.8,30,5.85,Loamy,96.5,No,No,Local,7.97
Kebbi,Cassava,1.08,926.2,33.8,6.6,Sandy,147.4,No,No,Local,8.49
Anambra,Rice,0.27,2100.9,22.2,7.1,Clay,79.6,No,No,Local,2.05
Kaduna,Cassava,6.21,931.9,30.5,6.36,Sandy,167.3,No,No,Local,6.63
Niger,Cassava,2.74,1492.8,29.1,5.42,Loamy,92.3,No,No,Local,7.45
Abia,Cassava,2.46,2215.8,26.2,7.11,Clay,76.9,No,No,Local,8.12
Lagos,Cassava,5.79,1772.8,27,5,Clay,148.9,No,No,Local,9.28
Plateau,Yam,0.55,1045.3,29.4,6.15,Clay,156.1,Yes,Yes,Local,7.31
Nasarawa,Rice,2.03,1249.2,25.4,6.31,Loamy,133.2,No,No,Local,2.98
Jigawa,Sorghum,1.46,528.2,36.6,5.7,Sandy,0,No,No,Improved,1.45
Jigawa,Rice,3.27,667.3,34.4,6.54,Clay,128.7,No,Yes,Improved,3.15
Cross River,Maize,0.43,2200.7,22.9,5.41,Clay,130.1,Yes,No,Local,1.69
Jigawa,Yam,2.08,575.2,33.4,5.92,Sandy,148.9,No,No,Improved,8.25
Akwa Ibom,Rice,7.65,2182.1,27.6,5.09,Loamy,110.3,Yes,No,Improved,4.41
Ekiti,Rice,2.64,2050.4,26,7.27,Loamy,100.2,Yes,No,Local,2.82
Enugu,Maize,2.49,2416.2,24,6.34,Sandy,130.3,Yes,No,Local,1.94
Bayelsa,Cassava,1.2,2141.9,23.7,5.7,Clay,115.8,No,Yes,Improved,10.73
Adamawa,Rice,0.53,1448.5,31.4,7.11,Sandy,149.3,Yes,Yes,Local,3.62
Anambra,Sorghum,5.59,1526.3,28.4,6.42,Clay,36.4,No,No,Improved,1.63
Edo,Maize,1.05,1953.4,24.9,7,Loamy,136.5,No,No,Improved,2.39
Sokoto,Yam,1.11,588,36.7,5.09,Loamy,149,No,No,Local,6.25
Borno,Yam,1.36,686.5,34.7,5.53,Sandy,127.7,No,No,Improved,8.73
Katsina,Rice,1.84,384.7,29.5,5.75,Sandy,180.5,Yes,No,Local,2.56
FCT,Rice,4.95,1437.1,28.1,5.11,Loamy,136.4,Yes,No,Local,2.71
Cross River,Sorghum,1.23,1547.6,24.2,5.23,Clay,29.7,No,No,Improved,1.26
Edo,Sorghum,0.72,1570.7,29.4,6.18,Sandy,68.2,No,No,Local,1.32
Osun,Maize,1.85,1752.7,25.1,8.35,Clay,103.3,No,No,Improved,2.13
Yobe,Yam,1.16,481.6,34.7,5.84,Loamy,61.4,No,No,Local,5.76
Ogun,Rice,1.54,2000.7,29.5,6.32,Loamy,172.9,Yes,No,Improved,3.35
